,Component 1,Component 2,Label,Classification
0,738.6002586532811,1954.5663735638466,1596.253.sbml.csv,Vaginal Probiotic
1,349.0778802685011,2809.2442451043953,1596.253.sbml.csv,Vaginal Probiotic
2,-483.57977150170416,1955.1602627141417,1596.253.sbml.csv,Vaginal Probiotic
3,-237.00406390591093,2510.9611018132423,1596.253.sbml.csv,Vaginal Probiotic
4,-589.389333862166,2247.5813870812735,1596.253.sbml.csv,Vaginal Probiotic
5,-657.9913545076868,1537.9374675312995,1596.253.sbml.csv,Vaginal Probiotic
6,-1041.1193748042335,2321.164613514314,1596.253.sbml.csv,Vaginal Probiotic
7,-1812.58602776668,2375.0963243331894,1596.253.sbml.csv,Vaginal Probiotic
8,-2066.8741190307496,2167.645407746207,1596.253.sbml.csv,Vaginal Probiotic
9,-2458.915611542377,3629.4857784858573,1596.253.sbml.csv,Vaginal Probiotic
10,954.2846714181314,1888.759525638962,1596.253.sbml.csv,Vaginal Probiotic
11,-3330.986472927478,2018.8630980706491,1596.253.sbml.csv,Vaginal Probiotic
12,62.043608983467855,4075.009372968417,1596.253.sbml.csv,Vaginal Probiotic
13,1264.6238245939833,2560.2972669834007,1596.253.sbml.csv,Vaginal Probiotic
14,-1919.3603982785087,2140.4856291069823,1596.253.sbml.csv,Vaginal Probiotic
15,-228.31087014674915,2006.4866730171095,1596.253.sbml.csv,Vaginal Probiotic
16,-1735.204726554436,2112.6167779836383,1596.253.sbml.csv,Vaginal Probiotic
17,-2519.320157311229,2249.357331110845,1596.253.sbml.csv,Vaginal Probiotic
18,-1495.1576336345101,3224.431978408721,1596.253.sbml.csv,Vaginal Probiotic
19,-2481.98070780878,1190.2124401475414,1596.253.sbml.csv,Vaginal Probiotic
20,596.1728688687563,1895.6795611476143,1596.253.sbml.csv,Vaginal Probiotic
21,-916.296967581186,3167.2778583812783,1596.253.sbml.csv,Vaginal Probiotic
22,-97.27092590476302,3389.38785026941,1596.253.sbml.csv,Vaginal Probiotic
23,-818.4983433918426,2269.5669069376886,1596.253.sbml.csv,Vaginal Probiotic
24,579.826131491262,3468.5634853111105,1596.253.sbml.csv,Vaginal Probiotic
25,171.9820313389686,3249.257782761159,1596.253.sbml.csv,Vaginal Probiotic
26,-1601.0580176023072,3178.4684937228226,1596.253.sbml.csv,Vaginal Probiotic
27,1571.8859251100414,1995.9922784762155,1596.253.sbml.csv,Vaginal Probiotic
28,-2665.3012673591516,1827.7879005963316,1596.253.sbml.csv,Vaginal Probiotic
29,-1308.0411992810077,1503.2262986301787,1596.253.sbml.csv,Vaginal Probiotic
30,-1276.4359426760368,2876.566754415673,1596.253.sbml.csv,Vaginal Probiotic
31,-1746.420635419919,2582.1886213774906,1596.253.sbml.csv,Vaginal Probiotic
32,198.57831832773255,3042.895746224429,1596.253.sbml.csv,Vaginal Probiotic
33,-1213.844967982071,1989.4373459112614,1596.253.sbml.csv,Vaginal Probiotic
34,-529.2956025163746,3651.481729867158,1596.253.sbml.csv,Vaginal Probiotic
35,-685.1063495387004,2900.708253060175,1596.253.sbml.csv,Vaginal Probiotic
36,-1579.8410933226253,1868.5164894381671,1596.253.sbml.csv,Vaginal Probiotic
37,-346.5868623570025,3227.2083269315485,1596.253.sbml.csv,Vaginal Probiotic
38,-356.68353088100474,3008.041140194623,1596.253.sbml.csv,Vaginal Probiotic
39,-2844.203018219222,2897.7550815527507,1596.253.sbml.csv,Vaginal Probiotic
40,-1084.0833250935802,2801.8715506153967,1596.253.sbml.csv,Vaginal Probiotic
41,-274.15206473251857,3865.9911249750853,1596.253.sbml.csv,Vaginal Probiotic
42,221.80522192486654,2673.8164256020873,1596.253.sbml.csv,Vaginal Probiotic
43,1138.2240784256826,2591.5646539115064,1596.253.sbml.csv,Vaginal Probiotic
44,-2222.005041326797,1920.488044818722,1596.253.sbml.csv,Vaginal Probiotic
45,-1455.3027866882287,2843.464846002551,1596.253.sbml.csv,Vaginal Probiotic
46,-1793.0767448090473,899.3277244551253,1596.253.sbml.csv,Vaginal Probiotic
47,-2628.278308448651,2121.618248945548,1596.253.sbml.csv,Vaginal Probiotic
48,-2908.761102266715,2625.391668463105,1596.253.sbml.csv,Vaginal Probiotic
49,961.2075185362057,1641.8067641224281,1596.253.sbml.csv,Vaginal Probiotic
50,-1127.3743526025382,2602.875204756346,1596.253.sbml.csv,Vaginal Probiotic
51,415.719975335688,2071.475742690546,1596.253.sbml.csv,Vaginal Probiotic
52,1115.113288556911,2453.9308629688257,1596.253.sbml.csv,Vaginal Probiotic
53,-2161.333986949134,2852.6052927165333,1596.253.sbml.csv,Vaginal Probiotic
54,-1491.4243603142368,1680.612171010907,1596.253.sbml.csv,Vaginal Probiotic
55,-867.2447795596725,3224.3214098152266,1596.253.sbml.csv,Vaginal Probiotic
56,-421.471277971164,3290.16376302468,1596.253.sbml.csv,Vaginal Probiotic
57,-770.7471353024241,3663.3341639035816,1596.253.sbml.csv,Vaginal Probiotic
58,-123.54584222588186,3256.3068216851098,1596.253.sbml.csv,Vaginal Probiotic
59,-560.0813817253725,1675.8103676425965,1596.253.sbml.csv,Vaginal Probiotic
60,-282.34014753676,2513.1840691138696,1596.253.sbml.csv,Vaginal Probiotic
61,-1044.6886696413371,2182.7763406963363,1596.253.sbml.csv,Vaginal Probiotic
62,412.52571139432155,2879.405738143738,1596.253.sbml.csv,Vaginal Probiotic
63,-927.3643945936637,2825.4196020585564,1596.253.sbml.csv,Vaginal Probiotic
64,591.7287062483947,1968.2105354259522,1596.253.sbml.csv,Vaginal Probiotic
65,-2175.934363598836,2412.217678790829,1596.253.sbml.csv,Vaginal Probiotic
66,-462.9634998613135,2795.9935661933887,1596.253.sbml.csv,Vaginal Probiotic
67,-203.4766014477859,2491.5252186683583,1596.253.sbml.csv,Vaginal Probiotic
68,-1088.9712815516637,2298.57602384058,1596.253.sbml.csv,Vaginal Probiotic
69,1378.4578569880525,3060.3323308162057,1596.253.sbml.csv,Vaginal Probiotic
70,-185.63895399413974,3013.3535031718316,1596.253.sbml.csv,Vaginal Probiotic
71,-2103.9532001996326,2920.870256234604,1596.253.sbml.csv,Vaginal Probiotic
72,-2429.5419450010404,2133.2705066936282,1596.253.sbml.csv,Vaginal Probiotic
73,-33.8407808559922,1751.3824315723857,1596.253.sbml.csv,Vaginal Probiotic
74,-1780.8542770167205,2274.6965083352575,1596.253.sbml.csv,Vaginal Probiotic
75,-1348.879823355378,2026.222999481806,1596.253.sbml.csv,Vaginal Probiotic
76,715.1127057091428,2776.8795542797375,1596.253.sbml.csv,Vaginal Probiotic
77,-2112.2616952083,3282.048728176345,1596.253.sbml.csv,Vaginal Probiotic
78,-1300.5334642642797,2480.3892978591402,1596.253.sbml.csv,Vaginal Probiotic
79,-326.03859091909857,524.9725823018559,1596.253.sbml.csv,Vaginal Probiotic
80,178.17952188460018,2249.4021825062187,1596.253.sbml.csv,Vaginal Probiotic
81,-673.2787677747344,1526.976768245697,1596.253.sbml.csv,Vaginal Probiotic
82,-1658.078772081174,1775.5552348026065,1596.253.sbml.csv,Vaginal Probiotic
83,1616.4035042323917,2125.926062164892,1596.253.sbml.csv,Vaginal Probiotic
84,271.9636923673379,1844.60589474629,1596.253.sbml.csv,Vaginal Probiotic
85,931.8674971980251,2147.009107150526,1596.253.sbml.csv,Vaginal Probiotic
86,-44.062155808886025,3272.241634640317,1596.253.sbml.csv,Vaginal Probiotic
87,-478.96449098884557,2180.6550742985373,1596.253.sbml.csv,Vaginal Probiotic
88,733.262786163596,1600.220856751111,1596.253.sbml.csv,Vaginal Probiotic
89,185.467976407054,2088.9130768697373,1596.253.sbml.csv,Vaginal Probiotic
90,-673.0537127536763,2696.8284226573796,1596.253.sbml.csv,Vaginal Probiotic
91,-2718.1123734302614,1511.4988283785867,1596.253.sbml.csv,Vaginal Probiotic
92,-1057.4723167285072,2769.310637307652,1596.253.sbml.csv,Vaginal Probiotic
93,-1825.0916214195588,2611.8736323611265,1596.253.sbml.csv,Vaginal Probiotic
94,-1341.9852180681899,1799.2850424669539,1596.253.sbml.csv,Vaginal Probiotic
95,-219.31409547132827,2964.538297448387,1596.253.sbml.csv,Vaginal Probiotic
96,-1049.2630860710283,2441.17489119833,1596.253.sbml.csv,Vaginal Probiotic
97,568.6163730751396,2806.5038761544497,1596.253.sbml.csv,Vaginal Probiotic
98,-780.705054519879,2745.1386032039686,1596.253.sbml.csv,Vaginal Probiotic
99,47.332852051466546,2992.470543222149,1596.253.sbml.csv,Vaginal Probiotic
100,-231.07034845238505,2133.9335393238966,1596.253.sbml.csv,Vaginal Probiotic
101,-92.37732466246938,2874.2616572318343,1596.253.sbml.csv,Vaginal Probiotic
102,-544.1957072522945,3930.717177121818,1596.253.sbml.csv,Vaginal Probiotic
103,-1539.73210501924,2960.389492867682,1596.253.sbml.csv,Vaginal Probiotic
104,-1856.251069781485,1448.1019345943203,1596.253.sbml.csv,Vaginal Probiotic
105,-2652.3861097879408,2447.5999159959015,1596.253.sbml.csv,Vaginal Probiotic
106,-1365.081345771415,1859.279613276736,1596.253.sbml.csv,Vaginal Probiotic
107,-1496.11571577103,2236.93050723433,1596.253.sbml.csv,Vaginal Probiotic
108,-616.6674424277853,2687.1412279154724,1596.253.sbml.csv,Vaginal Probiotic
109,-2733.222950417619,1710.6937484049151,1596.253.sbml.csv,Vaginal Probiotic
110,-1579.5430108860214,1761.4959447824488,1596.253.sbml.csv,Vaginal Probiotic
111,787.8767637821347,2763.6136719576684,1596.253.sbml.csv,Vaginal Probiotic
112,-1851.4960839133348,2868.816787913208,1596.253.sbml.csv,Vaginal Probiotic
113,-1807.5844077809302,2815.0208700745643,1596.253.sbml.csv,Vaginal Probiotic
114,-1713.8071788804632,1070.4216452920675,1596.253.sbml.csv,Vaginal Probiotic
115,-1790.6041313864441,3651.775993156958,1596.253.sbml.csv,Vaginal Probiotic
116,240.3448119116943,2396.9201920025603,1596.253.sbml.csv,Vaginal Probiotic
117,656.7707974772854,1929.9098619391082,1596.253.sbml.csv,Vaginal Probiotic
118,-3102.015614311221,489.13920564201845,1596.253.sbml.csv,Vaginal Probiotic
119,-1382.9441449376623,2261.443547910279,1596.253.sbml.csv,Vaginal Probiotic
120,-196.2069046503477,3115.011423441475,1596.253.sbml.csv,Vaginal Probiotic
121,-967.6162145439102,3379.560034787904,1596.253.sbml.csv,Vaginal Probiotic
122,-1267.5439487116982,1433.9070237573458,1596.253.sbml.csv,Vaginal Probiotic
123,-2041.4477780066186,3877.116914928067,1596.253.sbml.csv,Vaginal Probiotic
124,270.3548311201762,2561.4113908141176,1596.253.sbml.csv,Vaginal Probiotic
125,-1485.7744783497533,2904.814319936569,1596.253.sbml.csv,Vaginal Probiotic
126,-2670.106525570577,3019.0747327939002,1596.253.sbml.csv,Vaginal Probiotic
127,-247.94445341929605,2134.5893733798325,1596.253.sbml.csv,Vaginal Probiotic
128,-1112.9824901160785,2439.611937472865,1596.253.sbml.csv,Vaginal Probiotic
129,-482.55362069928174,2673.8762545045433,1596.253.sbml.csv,Vaginal Probiotic
130,-653.2603637454201,2612.114600374904,1596.253.sbml.csv,Vaginal Probiotic
131,-798.8312591829854,2559.588959749986,1596.253.sbml.csv,Vaginal Probiotic
132,-1145.866240901224,2745.833764332015,1596.253.sbml.csv,Vaginal Probiotic
133,-982.4056480956126,1990.826649515149,1596.253.sbml.csv,Vaginal Probiotic
134,-1274.6500404721244,2016.6535087469254,1596.253.sbml.csv,Vaginal Probiotic
135,-1632.6503606765325,1560.2484616913514,1596.253.sbml.csv,Vaginal Probiotic
136,-2004.2156158499217,1810.0290252441703,1596.253.sbml.csv,Vaginal Probiotic
137,277.41875827951446,2025.944906771071,1596.253.sbml.csv,Vaginal Probiotic
138,-806.6680822068363,1984.2477933445996,1596.253.sbml.csv,Vaginal Probiotic
139,-471.06783102246584,2143.319065452677,1596.253.sbml.csv,Vaginal Probiotic
140,-2072.6765290694107,2758.634272563263,1596.253.sbml.csv,Vaginal Probiotic
141,1299.2119628899259,2610.208068611223,1596.253.sbml.csv,Vaginal Probiotic
142,-2722.1201097170833,2832.6464144354795,1596.253.sbml.csv,Vaginal Probiotic
143,56.24509825018961,1947.6341365656774,1596.253.sbml.csv,Vaginal Probiotic
144,341.48167732459626,867.9483869152064,1596.253.sbml.csv,Vaginal Probiotic
145,-2000.524209050912,1297.519185501609,1596.253.sbml.csv,Vaginal Probiotic
146,-2783.2155565431476,1856.3382190960722,1596.253.sbml.csv,Vaginal Probiotic
147,-2704.4362760346135,2466.4981397345437,1596.253.sbml.csv,Vaginal Probiotic
148,-827.4348892728547,1379.2860475160498,1596.253.sbml.csv,Vaginal Probiotic
149,335.68144170748894,2641.667654347658,1596.253.sbml.csv,Vaginal Probiotic
150,-1001.0158475590158,2641.248176115126,1596.253.sbml.csv,Vaginal Probiotic
151,220.06910839776032,1701.5093204670404,1596.253.sbml.csv,Vaginal Probiotic
152,-560.0338102043597,3280.6388808671786,1596.253.sbml.csv,Vaginal Probiotic
153,455.5283872127467,3979.1763953590544,1596.253.sbml.csv,Vaginal Probiotic
154,-426.2316512682827,2747.5471700504304,1596.253.sbml.csv,Vaginal Probiotic
155,-1198.6654136453367,3832.1610834246753,1596.253.sbml.csv,Vaginal Probiotic
156,-75.27057436862178,2473.4203604725944,1596.253.sbml.csv,Vaginal Probiotic
157,370.37544021469466,3570.9893589261155,1596.253.sbml.csv,Vaginal Probiotic
158,-1600.1336514758657,2350.071341018579,1596.253.sbml.csv,Vaginal Probiotic
159,-1307.1557926192372,3146.4792147701532,1596.253.sbml.csv,Vaginal Probiotic
160,-1928.2145743231217,2153.318556527319,1596.253.sbml.csv,Vaginal Probiotic
161,-3291.4276999744097,1954.5481796827746,1596.253.sbml.csv,Vaginal Probiotic
162,-2239.1070813611414,2499.6644747560576,1596.253.sbml.csv,Vaginal Probiotic
163,-1204.3393371458599,2957.761172662927,1596.253.sbml.csv,Vaginal Probiotic
164,-203.01077929870587,1926.1329943985704,1596.253.sbml.csv,Vaginal Probiotic
165,-2535.9578106450635,2173.092430538474,1596.253.sbml.csv,Vaginal Probiotic
166,-1230.1481327938197,3013.181870009595,1596.253.sbml.csv,Vaginal Probiotic
167,-175.14116622186796,3496.0316348017955,1596.253.sbml.csv,Vaginal Probiotic
168,-1777.566629355884,2859.953369697162,1596.253.sbml.csv,Vaginal Probiotic
169,-573.6708823746305,1581.3381225712435,1596.253.sbml.csv,Vaginal Probiotic
170,676.209429093378,1863.4771922119041,1596.253.sbml.csv,Vaginal Probiotic
171,-383.76229739235873,2255.1102412107366,1596.253.sbml.csv,Vaginal Probiotic
172,1154.2108424242674,646.9368999317832,1596.253.sbml.csv,Vaginal Probiotic
173,80.37216797690839,1268.2615434050297,1596.253.sbml.csv,Vaginal Probiotic
174,-1004.8011961642037,1232.0314754887993,1596.253.sbml.csv,Vaginal Probiotic
175,1114.0087821313612,2566.8151595795957,1596.253.sbml.csv,Vaginal Probiotic
176,-1872.1034725973989,1952.2246653909867,1596.253.sbml.csv,Vaginal Probiotic
177,-2266.0510723344187,825.4630792791504,1596.253.sbml.csv,Vaginal Probiotic
178,428.3419698657657,3651.192837248401,1596.253.sbml.csv,Vaginal Probiotic
179,-1605.8797626245687,1342.4293775761123,1596.253.sbml.csv,Vaginal Probiotic
180,-2362.0274144030127,1933.468891331134,1596.253.sbml.csv,Vaginal Probiotic
181,-1985.0401733145457,2589.101470384117,1596.253.sbml.csv,Vaginal Probiotic
182,-1623.9358383984427,2915.9791555866395,1596.253.sbml.csv,Vaginal Probiotic
183,-1051.1101841280847,2771.7501863979433,1596.253.sbml.csv,Vaginal Probiotic
184,190.65184243749476,3171.7855354524663,1596.253.sbml.csv,Vaginal Probiotic
185,1951.7742383810873,2617.2680949179085,1596.253.sbml.csv,Vaginal Probiotic
186,-1254.49854962773,1888.3189053206358,1596.253.sbml.csv,Vaginal Probiotic
187,385.3062027401969,3516.1591585007195,1596.253.sbml.csv,Vaginal Probiotic
188,-123.49842134242216,3183.854652180361,1596.253.sbml.csv,Vaginal Probiotic
189,-1144.0779290484163,1050.5151775884217,1596.253.sbml.csv,Vaginal Probiotic
190,-73.42275312619823,3414.747883979463,1596.253.sbml.csv,Vaginal Probiotic
191,-693.9738572546253,2410.7502270929003,1596.253.sbml.csv,Vaginal Probiotic
192,-356.94758396840075,2511.868975611027,1596.253.sbml.csv,Vaginal Probiotic
193,-1552.5746018234008,1657.3765260847488,1596.253.sbml.csv,Vaginal Probiotic
194,673.8134338393911,3446.989633544559,1596.253.sbml.csv,Vaginal Probiotic
195,-415.6409483950388,2373.7478581691607,1596.253.sbml.csv,Vaginal Probiotic
196,286.84916620581566,1335.590368931573,1596.253.sbml.csv,Vaginal Probiotic
197,-976.7268963409592,2303.776540312851,1596.253.sbml.csv,Vaginal Probiotic
198,-434.16512985938687,3425.7840550442547,1596.253.sbml.csv,Vaginal Probiotic
199,-55.31563152036469,3198.7647988239173,1596.253.sbml.csv,Vaginal Probiotic
200,-2354.373593756872,1425.3948098839835,1596.253.sbml.csv,Vaginal Probiotic
201,-1574.407814534597,2843.875158747679,1596.253.sbml.csv,Vaginal Probiotic
202,242.1755758525597,3002.345970445407,1596.253.sbml.csv,Vaginal Probiotic
203,-1005.1212699430628,3563.3333424200123,1596.253.sbml.csv,Vaginal Probiotic
204,1024.7713498508315,1444.5714574575265,1596.253.sbml.csv,Vaginal Probiotic
205,792.8081561944666,1488.3950392850782,1596.253.sbml.csv,Vaginal Probiotic
206,-1188.3479111080965,2025.4358137557103,1596.253.sbml.csv,Vaginal Probiotic
207,-318.9185446692953,1614.6969258426664,1596.253.sbml.csv,Vaginal Probiotic
208,-2445.7429220670333,2690.2981239534843,1596.253.sbml.csv,Vaginal Probiotic
209,-2228.4185545154633,2492.0334177196305,1596.253.sbml.csv,Vaginal Probiotic
210,-3065.5974073420193,2830.165166066513,1596.253.sbml.csv,Vaginal Probiotic
211,-702.1969962910011,2248.4359948306624,1596.253.sbml.csv,Vaginal Probiotic
212,-1661.8680305562452,2968.4778154980545,1596.253.sbml.csv,Vaginal Probiotic
213,-2381.6687009792,2544.665642803773,1596.253.sbml.csv,Vaginal Probiotic
214,-1284.4414217597543,3551.353949912817,1596.253.sbml.csv,Vaginal Probiotic
215,-2620.9922934068104,3184.736153161681,1596.253.sbml.csv,Vaginal Probiotic
216,-1840.0106982042662,1359.589122998689,1596.253.sbml.csv,Vaginal Probiotic
217,-1050.4776028123981,2977.211061479558,1596.253.sbml.csv,Vaginal Probiotic
218,-544.7504616667514,3923.294549123974,1596.253.sbml.csv,Vaginal Probiotic
219,-753.4131912714129,2210.6556335174073,1596.253.sbml.csv,Vaginal Probiotic
220,-156.93996258673633,2038.9261194318863,1596.253.sbml.csv,Vaginal Probiotic
221,83.47671427065485,2862.1907436566244,1596.253.sbml.csv,Vaginal Probiotic
222,-749.992464920588,2503.795642334697,1596.253.sbml.csv,Vaginal Probiotic
223,-1668.370005218045,2335.773901389357,1596.253.sbml.csv,Vaginal Probiotic
224,367.43382801066775,2305.8546176434224,1596.253.sbml.csv,Vaginal Probiotic
225,-1237.9150558336426,1875.107302337239,1596.253.sbml.csv,Vaginal Probiotic
226,-1434.4890323323207,3410.704206460561,1596.253.sbml.csv,Vaginal Probiotic
227,-337.54826799809945,2948.5856984436227,1596.253.sbml.csv,Vaginal Probiotic
228,-61.65469031341371,2775.701313263017,1596.253.sbml.csv,Vaginal Probiotic
229,-74.81889317660746,2555.7943321713833,1596.253.sbml.csv,Vaginal Probiotic
230,-800.4798395027005,4126.842363006412,1596.253.sbml.csv,Vaginal Probiotic
231,-359.74731048038274,2030.0227641598087,1596.253.sbml.csv,Vaginal Probiotic
232,-1312.6273328912796,2335.838214815348,1596.253.sbml.csv,Vaginal Probiotic
233,-2765.915794315721,1129.9883409989723,1596.253.sbml.csv,Vaginal Probiotic
234,-191.3332649775328,2581.084565126365,1596.253.sbml.csv,Vaginal Probiotic
235,-1590.280859531236,2715.8845429770695,1596.253.sbml.csv,Vaginal Probiotic
236,-402.028151841835,3551.987578213249,1596.253.sbml.csv,Vaginal Probiotic
237,-683.0638766749416,2624.7279720312563,1596.253.sbml.csv,Vaginal Probiotic
238,-462.5093364978062,1766.1731091807449,1596.253.sbml.csv,Vaginal Probiotic
239,-2742.8084953550006,2090.784291873,1596.253.sbml.csv,Vaginal Probiotic
240,-1945.4881962080728,1337.1469541777853,1596.253.sbml.csv,Vaginal Probiotic
241,-3266.4266974270404,2481.6693645278283,1596.253.sbml.csv,Vaginal Probiotic
242,-3605.0785509250145,2684.4479887089574,1596.253.sbml.csv,Vaginal Probiotic
243,-405.4841759882331,2981.842679224448,1596.253.sbml.csv,Vaginal Probiotic
244,-509.3398426456541,1602.3287738281226,1596.253.sbml.csv,Vaginal Probiotic
245,-1604.1280954833603,2891.8319637237573,1596.253.sbml.csv,Vaginal Probiotic
246,-2515.227817140923,1660.8002437335156,1596.253.sbml.csv,Vaginal Probiotic
247,-611.948765629518,4009.1784975676733,1596.253.sbml.csv,Vaginal Probiotic
248,-2379.14527818731,2238.6848773861125,1596.253.sbml.csv,Vaginal Probiotic
249,-2222.648102917191,2938.9354646065694,1596.253.sbml.csv,Vaginal Probiotic
250,-1912.9757050122012,-80.97805270296207,1348632.3.sbml.csv,Vaginal Probiotic
251,-1731.255484745158,1211.5026433833393,1348632.3.sbml.csv,Vaginal Probiotic
252,436.913156401316,963.4457468390889,1348632.3.sbml.csv,Vaginal Probiotic
253,-73.51994270683865,-1345.0539781443179,1348632.3.sbml.csv,Vaginal Probiotic
254,-2605.213500624341,-217.7994623262504,1348632.3.sbml.csv,Vaginal Probiotic
255,-1647.438438957205,1076.842166198249,1348632.3.sbml.csv,Vaginal Probiotic
256,-599.9100458918192,559.3138291791514,1348632.3.sbml.csv,Vaginal Probiotic
257,-573.641951465889,-969.3064784310139,1348632.3.sbml.csv,Vaginal Probiotic
258,-1307.1319485160327,990.7566884641117,1348632.3.sbml.csv,Vaginal Probiotic
259,893.9758841782971,652.6564039512194,1348632.3.sbml.csv,Vaginal Probiotic
260,-2269.17341918943,-18.9905508691196,1348632.3.sbml.csv,Vaginal Probiotic
261,-2168.561081306259,-2059.8457647660375,1348632.3.sbml.csv,Vaginal Probiotic
262,-2112.9631264673076,-521.0911785392209,1348632.3.sbml.csv,Vaginal Probiotic
263,993.7636528702258,701.9432406157626,1348632.3.sbml.csv,Vaginal Probiotic
264,-1653.4569207338527,-126.07281193956204,1348632.3.sbml.csv,Vaginal Probiotic
265,-2038.4371330149163,-809.1460120775347,1348632.3.sbml.csv,Vaginal Probiotic
266,352.7823770505683,-528.7201323453124,1348632.3.sbml.csv,Vaginal Probiotic
267,-2225.5209830559606,-210.57642215102393,1348632.3.sbml.csv,Vaginal Probiotic
268,-2076.4943520207203,-621.567979270478,1348632.3.sbml.csv,Vaginal Probiotic
269,-1283.9119694897743,-691.1488849953835,1348632.3.sbml.csv,Vaginal Probiotic
270,-1781.3013142498614,-1354.2348295873628,1348632.3.sbml.csv,Vaginal Probiotic
271,-381.30602361059584,122.61815552907858,1348632.3.sbml.csv,Vaginal Probiotic
272,-367.04921303815985,-817.8820818536125,1348632.3.sbml.csv,Vaginal Probiotic
273,-535.0648507220925,-455.79919911475633,1348632.3.sbml.csv,Vaginal Probiotic
274,378.7924550475214,1078.5996991027898,1348632.3.sbml.csv,Vaginal Probiotic
275,-151.76165705327207,-39.24971177468782,1348632.3.sbml.csv,Vaginal Probiotic
276,-2182.7225126906333,27.714740294077444,1348632.3.sbml.csv,Vaginal Probiotic
277,373.6028667055619,358.7522090331396,1348632.3.sbml.csv,Vaginal Probiotic
278,373.2895816904499,742.0361764839997,1348632.3.sbml.csv,Vaginal Probiotic
279,-686.6979652549528,564.3408418053516,1348632.3.sbml.csv,Vaginal Probiotic
280,-1793.7961748538812,-99.4044660825824,1348632.3.sbml.csv,Vaginal Probiotic
281,-500.7285161815387,-507.1419001263988,1348632.3.sbml.csv,Vaginal Probiotic
282,-1152.8255786182053,-150.2032294377388,1348632.3.sbml.csv,Vaginal Probiotic
283,-1651.1059626493027,248.43720824696413,1348632.3.sbml.csv,Vaginal Probiotic
284,-2133.1113835678507,284.19493493242095,1348632.3.sbml.csv,Vaginal Probiotic
285,-2821.9615611032946,-387.91815686063273,1348632.3.sbml.csv,Vaginal Probiotic
286,-398.09827751308285,247.93865904375917,1348632.3.sbml.csv,Vaginal Probiotic
287,-787.4449949406728,-1012.9545175865993,1348632.3.sbml.csv,Vaginal Probiotic
288,-1827.4867886542825,-295.94162015912053,1348632.3.sbml.csv,Vaginal Probiotic
289,-1424.3968252857712,-922.7733517496829,1348632.3.sbml.csv,Vaginal Probiotic
290,-1766.5437289905888,59.464530002323606,1348632.3.sbml.csv,Vaginal Probiotic
291,-1959.0536601553292,68.42015589547736,1348632.3.sbml.csv,Vaginal Probiotic
292,-2454.2278784791492,-368.86229187311295,1348632.3.sbml.csv,Vaginal Probiotic
293,-1569.431424796047,-435.5313876106572,1348632.3.sbml.csv,Vaginal Probiotic
294,915.7675825419346,296.00020056059606,1348632.3.sbml.csv,Vaginal Probiotic
295,-2227.0790154374045,-83.24230001120704,1348632.3.sbml.csv,Vaginal Probiotic
296,-621.8870050108355,-142.97806437944018,1348632.3.sbml.csv,Vaginal Probiotic
297,-1486.4542025389574,91.38729647117036,1348632.3.sbml.csv,Vaginal Probiotic
298,-2065.2520453280495,-1321.4519515160653,1348632.3.sbml.csv,Vaginal Probiotic
299,-1101.7310923245318,-335.70677793656233,1348632.3.sbml.csv,Vaginal Probiotic
300,-365.0086193197227,-285.26616573260867,1348632.3.sbml.csv,Vaginal Probiotic
301,-1411.1682057596643,-1026.2610558070317,1348632.3.sbml.csv,Vaginal Probiotic
302,718.8821204089661,456.0527237064494,1348632.3.sbml.csv,Vaginal Probiotic
303,961.9445192932608,363.897888595064,1348632.3.sbml.csv,Vaginal Probiotic
304,-1187.1749481582144,-525.9702340804786,1348632.3.sbml.csv,Vaginal Probiotic
305,-1658.8570566392114,964.1108958561915,1348632.3.sbml.csv,Vaginal Probiotic
306,-680.1316842825229,-692.7584171838731,1348632.3.sbml.csv,Vaginal Probiotic
307,-301.38996128601997,1325.0301968556098,1348632.3.sbml.csv,Vaginal Probiotic
308,-97.00496604374185,-506.6758944192078,1348632.3.sbml.csv,Vaginal Probiotic
309,-1356.7095707719739,-371.7729670880839,1348632.3.sbml.csv,Vaginal Probiotic
310,-2942.2406785304806,-1105.7138177068753,1348632.3.sbml.csv,Vaginal Probiotic
311,299.7967375513149,569.6275802801114,1348632.3.sbml.csv,Vaginal Probiotic
312,-1166.799608695288,-865.3127762792684,1348632.3.sbml.csv,Vaginal Probiotic
313,53.62495925486355,-597.9520783512428,1348632.3.sbml.csv,Vaginal Probiotic
314,-2256.4007451829493,-141.75364448388024,1348632.3.sbml.csv,Vaginal Probiotic
315,-509.62766234046154,-1435.39440306868,1348632.3.sbml.csv,Vaginal Probiotic
316,-147.73355237130656,-352.63790328671917,1348632.3.sbml.csv,Vaginal Probiotic
317,-1637.3331219694803,264.3867913285,1348632.3.sbml.csv,Vaginal Probiotic
318,-1213.1491450212663,1182.817483823446,1348632.3.sbml.csv,Vaginal Probiotic
319,-1125.1080500233425,382.54545074785347,1348632.3.sbml.csv,Vaginal Probiotic
320,-1216.301656370568,57.64723569428373,1348632.3.sbml.csv,Vaginal Probiotic
321,-932.4245470662534,228.26514547990422,1348632.3.sbml.csv,Vaginal Probiotic
322,-2781.710930161429,-280.8689162891669,1348632.3.sbml.csv,Vaginal Probiotic
323,-985.3187334601628,-441.573902586986,1348632.3.sbml.csv,Vaginal Probiotic
324,287.09358921988206,805.8725816673993,1348632.3.sbml.csv,Vaginal Probiotic
325,-1716.0231096513078,297.46617054300884,1348632.3.sbml.csv,Vaginal Probiotic
326,-1669.2173957055604,1131.623780137886,1348632.3.sbml.csv,Vaginal Probiotic
327,637.8075495367889,1105.9097934227857,1348632.3.sbml.csv,Vaginal Probiotic
328,-906.9945405526596,-44.33312674383589,1348632.3.sbml.csv,Vaginal Probiotic
329,-540.4892096750689,826.7183048112875,1348632.3.sbml.csv,Vaginal Probiotic
330,-1672.557977055328,232.35067423240946,1348632.3.sbml.csv,Vaginal Probiotic
331,-1177.7366144713217,-505.56701252836626,1348632.3.sbml.csv,Vaginal Probiotic
332,-1160.6186569315714,-555.0471808824034,1348632.3.sbml.csv,Vaginal Probiotic
333,-1895.1990044528943,-997.3953910281123,1348632.3.sbml.csv,Vaginal Probiotic
334,-1886.9659638971646,-34.38619520697422,1348632.3.sbml.csv,Vaginal Probiotic
335,-831.2902853425201,960.5856858996885,1348632.3.sbml.csv,Vaginal Probiotic
336,-1611.8605899774072,-1369.5716142709969,1348632.3.sbml.csv,Vaginal Probiotic
337,755.5437822830957,-762.3229218585656,1348632.3.sbml.csv,Vaginal Probiotic
338,-900.9867176432051,-946.4661418197155,1348632.3.sbml.csv,Vaginal Probiotic
339,-2667.1382297523437,-405.3552957365406,1348632.3.sbml.csv,Vaginal Probiotic
340,-1475.9959062293385,-1794.9862175817532,1348632.3.sbml.csv,Vaginal Probiotic
341,-2966.0231906805434,-719.0911022279777,1348632.3.sbml.csv,Vaginal Probiotic
342,-792.575963524255,-316.89972785553834,1348632.3.sbml.csv,Vaginal Probiotic
343,73.112218048428,-700.579821307107,1348632.3.sbml.csv,Vaginal Probiotic
344,-481.9907171885541,209.83684888656882,1348632.3.sbml.csv,Vaginal Probiotic
345,-1072.6573171318557,-1218.0339956296832,1348632.3.sbml.csv,Vaginal Probiotic
346,-273.42511764285666,-478.81172637051117,1348632.3.sbml.csv,Vaginal Probiotic
347,694.063079569848,236.0053695939099,1348632.3.sbml.csv,Vaginal Probiotic
348,-1558.093499667814,19.190916984219324,1348632.3.sbml.csv,Vaginal Probiotic
349,-1474.7202691822627,-746.8298218666489,1348632.3.sbml.csv,Vaginal Probiotic
350,-1593.3824594728133,-985.3167381697535,1348632.3.sbml.csv,Vaginal Probiotic
351,-760.6387995613115,-629.3287923722291,1348632.3.sbml.csv,Vaginal Probiotic
352,530.4884424080001,-494.0270543401077,1348632.3.sbml.csv,Vaginal Probiotic
353,-1375.1164484986773,1098.3067911391167,1348632.3.sbml.csv,Vaginal Probiotic
354,462.9764335752464,481.6459414469357,1348632.3.sbml.csv,Vaginal Probiotic
355,-1390.470735030898,-122.03817519844945,1348632.3.sbml.csv,Vaginal Probiotic
356,746.3978558415783,225.58080131323226,1348632.3.sbml.csv,Vaginal Probiotic
357,530.5301822749761,-105.50157412318357,1348632.3.sbml.csv,Vaginal Probiotic
358,-956.7320388538928,-159.93180572239055,1348632.3.sbml.csv,Vaginal Probiotic
359,-1616.352133570664,-342.50823013719196,1348632.3.sbml.csv,Vaginal Probiotic
360,-1025.1209063683336,-584.3073002013293,1348632.3.sbml.csv,Vaginal Probiotic
361,-2427.4558875803027,-54.96539271601182,1348632.3.sbml.csv,Vaginal Probiotic
362,285.130002033941,-364.504362005704,1348632.3.sbml.csv,Vaginal Probiotic
363,139.69569893580626,610.0389487705893,1348632.3.sbml.csv,Vaginal Probiotic
364,-1300.9279756453507,-78.36273889805342,1348632.3.sbml.csv,Vaginal Probiotic
365,-33.03271839543621,-1066.6731523269111,1348632.3.sbml.csv,Vaginal Probiotic
366,-2479.571024596323,-226.11168454154566,1348632.3.sbml.csv,Vaginal Probiotic
367,-2068.9266894901825,-807.450692159843,1348632.3.sbml.csv,Vaginal Probiotic
368,-915.4180540066084,-794.1274842231242,1348632.3.sbml.csv,Vaginal Probiotic
369,-1653.879804658266,-268.8575855296488,1348632.3.sbml.csv,Vaginal Probiotic
370,-1661.2444494489444,632.5367293106631,1348632.3.sbml.csv,Vaginal Probiotic
371,-1539.8069389942143,956.6732933329305,1348632.3.sbml.csv,Vaginal Probiotic
372,-1955.2909595609262,25.624409420720784,1348632.3.sbml.csv,Vaginal Probiotic
373,-1706.9231950589242,279.2337919105983,1348632.3.sbml.csv,Vaginal Probiotic
374,-1630.2329838040828,-588.4527572760741,1348632.3.sbml.csv,Vaginal Probiotic
375,-2676.593133554867,-1421.0018800271616,1348632.3.sbml.csv,Vaginal Probiotic
376,-2858.637518264972,-29.258859401284827,1348632.3.sbml.csv,Vaginal Probiotic
377,-1838.5109055855617,-766.385161270931,1348632.3.sbml.csv,Vaginal Probiotic
378,-826.8020279044315,718.8520734632899,1348632.3.sbml.csv,Vaginal Probiotic
379,812.1241842311128,174.04172797099645,1348632.3.sbml.csv,Vaginal Probiotic
380,-2080.5604632179616,276.79744851146717,1348632.3.sbml.csv,Vaginal Probiotic
381,-1348.869852274453,1027.6457445192666,1348632.3.sbml.csv,Vaginal Probiotic
382,-818.9026760093068,261.54547980393124,1348632.3.sbml.csv,Vaginal Probiotic
383,102.72146784131264,832.1526750507606,1348632.3.sbml.csv,Vaginal Probiotic
384,-1053.8111241424308,-679.2766029015596,1348632.3.sbml.csv,Vaginal Probiotic
385,-1769.8980859712046,-835.7078394775407,1348632.3.sbml.csv,Vaginal Probiotic
386,-1456.8644731968918,-589.090101578637,1348632.3.sbml.csv,Vaginal Probiotic
387,-86.0959428798382,-1150.9493825872971,1348632.3.sbml.csv,Vaginal Probiotic
388,-1911.7637977433947,-786.5644823040873,1348632.3.sbml.csv,Vaginal Probiotic
389,-551.5138873091188,1287.2929705877857,1348632.3.sbml.csv,Vaginal Probiotic
390,-1345.7811654547202,-60.719035255723966,1348632.3.sbml.csv,Vaginal Probiotic
391,-1005.6650260522172,-560.4252639256904,1348632.3.sbml.csv,Vaginal Probiotic
392,-1728.2631700344425,941.0378346843482,1348632.3.sbml.csv,Vaginal Probiotic
393,-1479.1147666508746,207.92211730223875,1348632.3.sbml.csv,Vaginal Probiotic
394,-509.459176153237,1161.59471625944,1348632.3.sbml.csv,Vaginal Probiotic
395,-970.0508820339301,796.2925981219373,1348632.3.sbml.csv,Vaginal Probiotic
396,-1273.9443417581128,-449.86932779385614,1348632.3.sbml.csv,Vaginal Probiotic
397,-1857.5665703143645,-1331.8613589892686,1348632.3.sbml.csv,Vaginal Probiotic
398,815.44633791769,158.97650830076347,1348632.3.sbml.csv,Vaginal Probiotic
399,-783.5210108698373,629.1638444150132,1348632.3.sbml.csv,Vaginal Probiotic
400,561.8802457550651,230.89464060440469,1348632.3.sbml.csv,Vaginal Probiotic
401,-279.18300111639485,775.5836671132388,1348632.3.sbml.csv,Vaginal Probiotic
402,-2275.6211348951883,-1229.189595703874,1348632.3.sbml.csv,Vaginal Probiotic
403,-1758.8934972519667,-672.9773642842885,1348632.3.sbml.csv,Vaginal Probiotic
404,-1525.2571047133943,511.10852570673893,1348632.3.sbml.csv,Vaginal Probiotic
405,-1180.8881112737122,-203.74627805250023,1348632.3.sbml.csv,Vaginal Probiotic
406,-2194.1819659671287,1006.3160683387906,1348632.3.sbml.csv,Vaginal Probiotic
407,-125.11206653503366,1124.2139469914293,1348632.3.sbml.csv,Vaginal Probiotic
408,-111.14044934280314,-865.0123754822936,1348632.3.sbml.csv,Vaginal Probiotic
409,-2063.9782555351694,-165.82423672025635,1348632.3.sbml.csv,Vaginal Probiotic
410,-1249.42545860256,-1393.934761165475,1348632.3.sbml.csv,Vaginal Probiotic
411,57.72724908838132,394.93877419901423,1348632.3.sbml.csv,Vaginal Probiotic
412,39.69236416931456,-1309.5216596256553,1348632.3.sbml.csv,Vaginal Probiotic
413,-493.8378333992182,-460.0980078635605,1348632.3.sbml.csv,Vaginal Probiotic
414,446.0715393797448,436.5188002840243,1348632.3.sbml.csv,Vaginal Probiotic
415,-2689.736955259986,-692.0311245152715,1348632.3.sbml.csv,Vaginal Probiotic
416,-183.92259735742573,-1294.451117909293,1348632.3.sbml.csv,Vaginal Probiotic
417,-702.2764266059748,662.248615624445,1348632.3.sbml.csv,Vaginal Probiotic
418,-60.16557287909393,627.3760986839874,1348632.3.sbml.csv,Vaginal Probiotic
419,-2522.108256546627,-294.37593433157616,1348632.3.sbml.csv,Vaginal Probiotic
420,-847.8960510418046,-398.6548430572247,1348632.3.sbml.csv,Vaginal Probiotic
421,620.6633589934515,617.0780973344876,1348632.3.sbml.csv,Vaginal Probiotic
422,-1571.5389249952661,-723.9838531125073,1348632.3.sbml.csv,Vaginal Probiotic
423,-2379.9861230946235,-686.0407663953835,1348632.3.sbml.csv,Vaginal Probiotic
424,-2151.567880643482,-772.8737752892438,1348632.3.sbml.csv,Vaginal Probiotic
425,-1443.4150358833435,56.6806651992282,1348632.3.sbml.csv,Vaginal Probiotic
426,-782.5430395186177,-1150.4904701266184,1348632.3.sbml.csv,Vaginal Probiotic
427,-1395.4517779007253,68.86182457130012,1348632.3.sbml.csv,Vaginal Probiotic
428,-1096.5203484864805,-187.86094733713765,1348632.3.sbml.csv,Vaginal Probiotic
429,-1226.3511848531352,-565.3994217808524,1348632.3.sbml.csv,Vaginal Probiotic
430,-698.7034229974408,-311.4409578448254,1348632.3.sbml.csv,Vaginal Probiotic
431,-2105.3580339678497,1462.321029219441,1348632.3.sbml.csv,Vaginal Probiotic
432,-1339.31756142767,-290.4901983449749,1348632.3.sbml.csv,Vaginal Probiotic
433,-600.6222386569918,-539.341866410424,1348632.3.sbml.csv,Vaginal Probiotic
434,-973.3833646464909,-52.932688667054315,1348632.3.sbml.csv,Vaginal Probiotic
435,-1076.695535965866,-1667.1231249961431,1348632.3.sbml.csv,Vaginal Probiotic
436,-1166.214812968683,557.6085023539362,1348632.3.sbml.csv,Vaginal Probiotic
437,-2015.4745116059337,907.0487760598534,1348632.3.sbml.csv,Vaginal Probiotic
438,-1492.5627329439735,-122.72792597565252,1348632.3.sbml.csv,Vaginal Probiotic
439,-1213.6183641601838,179.67922523748283,1348632.3.sbml.csv,Vaginal Probiotic
440,-159.28509800290425,-262.95861451277466,1348632.3.sbml.csv,Vaginal Probiotic
441,-1437.7788966670366,307.67273536596394,1348632.3.sbml.csv,Vaginal Probiotic
442,-90.86946279953823,755.4792445151231,1348632.3.sbml.csv,Vaginal Probiotic
443,43.46145272385775,-298.3631772445279,1348632.3.sbml.csv,Vaginal Probiotic
444,-982.929515158771,-1209.235849075081,1348632.3.sbml.csv,Vaginal Probiotic
445,227.4453234642897,-89.87405251805636,1348632.3.sbml.csv,Vaginal Probiotic
446,-838.8230339933941,340.715830874594,1348632.3.sbml.csv,Vaginal Probiotic
447,-2160.6460448054863,-114.94934235074653,1348632.3.sbml.csv,Vaginal Probiotic
448,-1540.4311583198407,-145.3791142264294,1348632.3.sbml.csv,Vaginal Probiotic
449,-2235.34377910406,229.99934105369596,1348632.3.sbml.csv,Vaginal Probiotic
450,-330.3878091858773,710.5512319856274,1348632.3.sbml.csv,Vaginal Probiotic
451,-1630.3664090938667,76.26028040068299,1348632.3.sbml.csv,Vaginal Probiotic
452,-1262.4801808763223,-449.6914085917237,1348632.3.sbml.csv,Vaginal Probiotic
453,388.0030266258678,467.94833286418856,1348632.3.sbml.csv,Vaginal Probiotic
454,-1972.483762544861,-1624.3917327775778,1348632.3.sbml.csv,Vaginal Probiotic
455,208.8076491196918,777.9282717489878,1348632.3.sbml.csv,Vaginal Probiotic
456,-1418.1356698906532,1014.1517480060924,1348632.3.sbml.csv,Vaginal Probiotic
457,95.95907800191067,-170.77846371131824,1348632.3.sbml.csv,Vaginal Probiotic
458,-749.068087231301,-610.2914583210023,1348632.3.sbml.csv,Vaginal Probiotic
459,-2304.7052038271763,-1815.0670977448765,1348632.3.sbml.csv,Vaginal Probiotic
460,-1263.0880268326987,-122.04169075436012,1348632.3.sbml.csv,Vaginal Probiotic
461,-86.44067360645069,-579.6180856099116,1348632.3.sbml.csv,Vaginal Probiotic
462,-1892.8979955357786,3.7839912786684424,1348632.3.sbml.csv,Vaginal Probiotic
463,-62.23862887566864,1396.0804483500963,1348632.3.sbml.csv,Vaginal Probiotic
464,-2428.618114987085,-1630.586859164713,1348632.3.sbml.csv,Vaginal Probiotic
465,-478.89903981958037,825.0201602428018,1348632.3.sbml.csv,Vaginal Probiotic
466,-1615.0777154878174,-77.8137459986714,1348632.3.sbml.csv,Vaginal Probiotic
467,-1526.0902713020234,1576.2432735973136,1348632.3.sbml.csv,Vaginal Probiotic
468,-778.9978130026941,-95.34642663228031,1348632.3.sbml.csv,Vaginal Probiotic
469,-2338.4517750844884,-493.8586864545907,1348632.3.sbml.csv,Vaginal Probiotic
470,837.7809765918807,928.3358239730136,1348632.3.sbml.csv,Vaginal Probiotic
471,-505.1482421060836,-400.3094934506579,1348632.3.sbml.csv,Vaginal Probiotic
472,-758.9871204117499,-766.4242398860432,1348632.3.sbml.csv,Vaginal Probiotic
473,-1478.0399297527003,27.39647022701891,1348632.3.sbml.csv,Vaginal Probiotic
474,-648.8589657678151,464.8058938982857,1348632.3.sbml.csv,Vaginal Probiotic
475,256.3652862624175,650.3747705543927,1348632.3.sbml.csv,Vaginal Probiotic
476,-389.5543395224829,579.9271483570626,1348632.3.sbml.csv,Vaginal Probiotic
477,-1832.1926301418066,-745.1940830429556,1348632.3.sbml.csv,Vaginal Probiotic
478,-1578.006555535918,-430.5005791839706,1348632.3.sbml.csv,Vaginal Probiotic
479,-456.2200067435985,-677.9972365823204,1348632.3.sbml.csv,Vaginal Probiotic
480,-963.7007859840221,-634.2068821834007,1348632.3.sbml.csv,Vaginal Probiotic
481,-502.8295372119902,317.35326448652,1348632.3.sbml.csv,Vaginal Probiotic
482,-1770.2933789131384,-792.4083435314266,1348632.3.sbml.csv,Vaginal Probiotic
483,-1705.7447465758971,-1375.376638892936,1348632.3.sbml.csv,Vaginal Probiotic
484,-2153.7132662455465,-792.3897451474552,1348632.3.sbml.csv,Vaginal Probiotic
485,-2284.7463918656795,-697.0772515516917,1348632.3.sbml.csv,Vaginal Probiotic
486,-1841.3878589913463,788.3110275067768,1348632.3.sbml.csv,Vaginal Probiotic
487,-1101.0903635004954,-509.65200328520575,1348632.3.sbml.csv,Vaginal Probiotic
488,-477.57185845208403,-307.13065538480345,1348632.3.sbml.csv,Vaginal Probiotic
489,545.9422209577726,-367.2815059273697,1348632.3.sbml.csv,Vaginal Probiotic
490,-1022.3412283326412,320.3352249559527,1348632.3.sbml.csv,Vaginal Probiotic
491,-1228.8520448516801,-12.467272887045684,1348632.3.sbml.csv,Vaginal Probiotic
492,-1462.452250508853,-288.10002304303777,1348632.3.sbml.csv,Vaginal Probiotic
493,-2404.9534361023434,-834.1893378737956,1348632.3.sbml.csv,Vaginal Probiotic
494,-2133.2138620209435,-1239.6218517722775,1348632.3.sbml.csv,Vaginal Probiotic
495,148.4073862652001,-543.5096481259089,1348632.3.sbml.csv,Vaginal Probiotic
496,-2198.6017033504713,-182.45520130405674,1348632.3.sbml.csv,Vaginal Probiotic
497,896.3768055967844,-431.801757316629,1348632.3.sbml.csv,Vaginal Probiotic
498,-2688.6840394515784,-407.4965282524428,1348632.3.sbml.csv,Vaginal Probiotic
499,-614.6596092817833,-785.920763744668,1348632.3.sbml.csv,Vaginal Probiotic
500,473.97102766992367,1583.4746725975485,109790.33.sbml.csv,Vaginal Commensal
501,-800.3782463298435,2177.2459583195105,109790.33.sbml.csv,Vaginal Commensal
502,20.73161169874195,1465.8008774311577,109790.33.sbml.csv,Vaginal Commensal
503,-1197.5892470629062,2408.304631868113,109790.33.sbml.csv,Vaginal Commensal
504,1077.6971828747937,1878.939033090969,109790.33.sbml.csv,Vaginal Commensal
505,-195.60405393604242,1517.0747619900242,109790.33.sbml.csv,Vaginal Commensal
506,-250.15992801554353,1237.0976956373363,109790.33.sbml.csv,Vaginal Commensal
507,28.165680392672613,2091.4052713957126,109790.33.sbml.csv,Vaginal Commensal
508,1056.8114928162672,2237.169921370816,109790.33.sbml.csv,Vaginal Commensal
509,-67.95240949200621,2328.2283945842883,109790.33.sbml.csv,Vaginal Commensal
510,674.0715119383901,2071.097409232799,109790.33.sbml.csv,Vaginal Commensal
511,1810.2637654176438,1344.632528716322,109790.33.sbml.csv,Vaginal Commensal
512,1102.1043915347277,1526.4976068409871,109790.33.sbml.csv,Vaginal Commensal
513,998.6082544575597,537.5561271392022,109790.33.sbml.csv,Vaginal Commensal
514,901.876960773983,2401.183947985022,109790.33.sbml.csv,Vaginal Commensal
515,-1465.4189581931776,2494.920790191731,109790.33.sbml.csv,Vaginal Commensal
516,1640.4267183630793,1641.1464091283954,109790.33.sbml.csv,Vaginal Commensal
517,-2730.119751731343,2218.542770852979,109790.33.sbml.csv,Vaginal Commensal
518,-1880.5426054005354,2977.7357732642436,109790.33.sbml.csv,Vaginal Commensal
519,1164.7411936342692,1302.6436825756466,109790.33.sbml.csv,Vaginal Commensal
520,-826.5091864454228,2317.40628888624,109790.33.sbml.csv,Vaginal Commensal
521,969.468461078035,1826.4346616667274,109790.33.sbml.csv,Vaginal Commensal
522,-1119.2860297995637,522.4553679925774,109790.33.sbml.csv,Vaginal Commensal
523,-1303.5809918262216,2054.1702825791017,109790.33.sbml.csv,Vaginal Commensal
524,1181.1343367606034,2422.953349834286,109790.33.sbml.csv,Vaginal Commensal
525,-1063.7014578146234,2503.746010864024,109790.33.sbml.csv,Vaginal Commensal
526,-983.0005107155021,1795.6287344694163,109790.33.sbml.csv,Vaginal Commensal
527,2020.2622266564724,1408.5254183378618,109790.33.sbml.csv,Vaginal Commensal
528,946.3993315415482,1308.945549851897,109790.33.sbml.csv,Vaginal Commensal
529,-389.11788493991867,2111.6624564000217,109790.33.sbml.csv,Vaginal Commensal
530,1011.9571641162507,1908.7365883463215,109790.33.sbml.csv,Vaginal Commensal
531,1050.554647042987,1233.3359849564283,109790.33.sbml.csv,Vaginal Commensal
532,1784.8733183691068,578.1970824467558,109790.33.sbml.csv,Vaginal Commensal
533,-2159.3663439102415,2101.284792117567,109790.33.sbml.csv,Vaginal Commensal
534,1133.188371906854,1595.816491359554,109790.33.sbml.csv,Vaginal Commensal
535,-1078.3787836768515,1911.6194060727669,109790.33.sbml.csv,Vaginal Commensal
536,-661.2133166510816,2390.818414802463,109790.33.sbml.csv,Vaginal Commensal
537,-544.7034227874753,1754.1045719120505,109790.33.sbml.csv,Vaginal Commensal
538,1698.1045990669677,1659.4581197494115,109790.33.sbml.csv,Vaginal Commensal
539,-2195.2428825078473,811.0679820154851,109790.33.sbml.csv,Vaginal Commensal
540,116.54065612652393,1312.1764261353521,109790.33.sbml.csv,Vaginal Commensal
541,-526.999014081644,2405.3244773959555,109790.33.sbml.csv,Vaginal Commensal
542,1111.868186137611,1679.003120361834,109790.33.sbml.csv,Vaginal Commensal
543,-14.037765084092708,1664.4787394241541,109790.33.sbml.csv,Vaginal Commensal
544,-1289.158859233175,2208.1876267156854,109790.33.sbml.csv,Vaginal Commensal
545,-795.8041239897138,2296.2603209613612,109790.33.sbml.csv,Vaginal Commensal
546,-1097.1296869814585,2573.918763639864,109790.33.sbml.csv,Vaginal Commensal
547,1405.2812574880863,2188.9229789082356,109790.33.sbml.csv,Vaginal Commensal
548,863.1774486879012,2160.8835545199736,109790.33.sbml.csv,Vaginal Commensal
549,800.0310149266663,2561.290516241329,109790.33.sbml.csv,Vaginal Commensal
550,-202.8424730890048,843.6394377109987,109790.33.sbml.csv,Vaginal Commensal
551,421.30270636103194,2077.893892167384,109790.33.sbml.csv,Vaginal Commensal
552,-28.64879283545075,1979.1360928297547,109790.33.sbml.csv,Vaginal Commensal
553,-8.576035891873811,2351.9535784448112,109790.33.sbml.csv,Vaginal Commensal
554,1013.5281771357432,1901.718963766826,109790.33.sbml.csv,Vaginal Commensal
555,1872.2941341882836,1281.0697193999952,109790.33.sbml.csv,Vaginal Commensal
556,-173.8226933924416,2097.331573525882,109790.33.sbml.csv,Vaginal Commensal
557,507.2074375907147,1879.4340302369621,109790.33.sbml.csv,Vaginal Commensal
558,-1635.0168523004593,2485.5956475841053,109790.33.sbml.csv,Vaginal Commensal
559,-1403.8592446456682,1720.4240021848252,109790.33.sbml.csv,Vaginal Commensal
560,-988.6193240390808,1541.7267904898365,109790.33.sbml.csv,Vaginal Commensal
561,136.0152527334728,2175.499235518523,109790.33.sbml.csv,Vaginal Commensal
562,-2182.9530205695014,1662.5139621018914,109790.33.sbml.csv,Vaginal Commensal
563,270.3266580247162,1725.8899564052883,109790.33.sbml.csv,Vaginal Commensal
564,1464.5851697149235,1954.149232147967,109790.33.sbml.csv,Vaginal Commensal
565,-81.23903739461737,2843.699756117113,109790.33.sbml.csv,Vaginal Commensal
566,-1087.1363768845792,2518.664922908389,109790.33.sbml.csv,Vaginal Commensal
567,944.2434926447334,2064.4031628916246,109790.33.sbml.csv,Vaginal Commensal
568,-1049.5789086771408,2137.81103985462,109790.33.sbml.csv,Vaginal Commensal
569,-1090.185091018321,1887.099154274881,109790.33.sbml.csv,Vaginal Commensal
570,-1206.5357827639739,2332.4109350402805,109790.33.sbml.csv,Vaginal Commensal
571,-726.387637447363,1499.1852699621784,109790.33.sbml.csv,Vaginal Commensal
572,-1650.4657947319906,1593.9646577697538,109790.33.sbml.csv,Vaginal Commensal
573,-1736.45725541705,2593.388811741454,109790.33.sbml.csv,Vaginal Commensal
574,1436.0548694706335,1792.787468966768,109790.33.sbml.csv,Vaginal Commensal
575,-1561.6053396089335,2828.8899846182903,109790.33.sbml.csv,Vaginal Commensal
576,49.02903380586737,1832.1273801821146,109790.33.sbml.csv,Vaginal Commensal
577,-260.1443788936332,936.790753619011,109790.33.sbml.csv,Vaginal Commensal
578,-275.7692789985765,1627.754163063669,109790.33.sbml.csv,Vaginal Commensal
579,-1063.4181579117376,2092.2315383135196,109790.33.sbml.csv,Vaginal Commensal
580,-606.0840874722244,2533.6944655539537,109790.33.sbml.csv,Vaginal Commensal
581,-688.033110335675,1897.333472783793,109790.33.sbml.csv,Vaginal Commensal
582,-793.5753053100398,1621.0526528140101,109790.33.sbml.csv,Vaginal Commensal
583,-865.6630235863634,2238.6052105033946,109790.33.sbml.csv,Vaginal Commensal
584,1174.9620310489506,2270.5149237035976,109790.33.sbml.csv,Vaginal Commensal
585,-1253.5484281497238,58.216467290788636,109790.33.sbml.csv,Vaginal Commensal
586,337.78293218782375,1723.1895605228922,109790.33.sbml.csv,Vaginal Commensal
587,950.5752391758172,1720.2962494363835,109790.33.sbml.csv,Vaginal Commensal
588,925.6185063763432,2368.837458211042,109790.33.sbml.csv,Vaginal Commensal
589,1121.5413931283977,1750.2954578488186,109790.33.sbml.csv,Vaginal Commensal
590,684.8627083016452,2406.6467175975554,109790.33.sbml.csv,Vaginal Commensal
591,-676.0581537933517,2763.2143376066206,109790.33.sbml.csv,Vaginal Commensal
592,1797.8529285026357,1707.0977309540056,109790.33.sbml.csv,Vaginal Commensal
593,1316.8890321221418,2583.390869346155,109790.33.sbml.csv,Vaginal Commensal
594,-1864.6291298968147,1538.0520264191161,109790.33.sbml.csv,Vaginal Commensal
595,-2411.482904109139,1045.3640113351514,109790.33.sbml.csv,Vaginal Commensal
596,-2295.6927118881877,2818.5813468570436,109790.33.sbml.csv,Vaginal Commensal
597,1064.9511651038624,945.076655973296,109790.33.sbml.csv,Vaginal Commensal
598,301.1858913233001,1798.2556132940433,109790.33.sbml.csv,Vaginal Commensal
599,-1585.8822708179614,2471.5947822718686,109790.33.sbml.csv,Vaginal Commensal
600,725.9874297398549,1404.6449797662551,109790.33.sbml.csv,Vaginal Commensal
601,-2074.7990505771086,1175.1714880159723,109790.33.sbml.csv,Vaginal Commensal
602,-721.5580036686781,2229.4330293155535,109790.33.sbml.csv,Vaginal Commensal
603,-88.2885884762069,1468.0684403770495,109790.33.sbml.csv,Vaginal Commensal
604,883.0186854558917,1589.4974367045868,109790.33.sbml.csv,Vaginal Commensal
605,1228.431183387551,2275.161358565168,109790.33.sbml.csv,Vaginal Commensal
606,-2268.952463482224,2387.3732468590524,109790.33.sbml.csv,Vaginal Commensal
607,573.8683086400233,2069.0671004027195,109790.33.sbml.csv,Vaginal Commensal
608,-1092.1491527191606,2731.6888266490705,109790.33.sbml.csv,Vaginal Commensal
609,-345.6446515346908,2580.0222751266065,109790.33.sbml.csv,Vaginal Commensal
610,-1272.7875420617388,1862.465381567907,109790.33.sbml.csv,Vaginal Commensal
611,671.7679960228056,2365.4426711607234,109790.33.sbml.csv,Vaginal Commensal
612,209.25758176616745,1866.3092511801922,109790.33.sbml.csv,Vaginal Commensal
613,-1978.50208748085,1855.2827912129885,109790.33.sbml.csv,Vaginal Commensal
614,469.0160943309728,2461.470806079834,109790.33.sbml.csv,Vaginal Commensal
615,552.7582006003968,2201.2948132260185,109790.33.sbml.csv,Vaginal Commensal
616,1517.3935344163465,609.1050062220978,109790.33.sbml.csv,Vaginal Commensal
617,-1333.5125804603247,1687.826491378263,109790.33.sbml.csv,Vaginal Commensal
618,410.55830383067956,2173.999957421774,109790.33.sbml.csv,Vaginal Commensal
619,-329.1720454422715,1850.2343924118475,109790.33.sbml.csv,Vaginal Commensal
620,-829.6730851914042,2418.8888430409825,109790.33.sbml.csv,Vaginal Commensal
621,-849.6596254598221,2237.4819314561114,109790.33.sbml.csv,Vaginal Commensal
622,-737.8505907189751,1603.0883858219206,109790.33.sbml.csv,Vaginal Commensal
623,941.4406372522405,1991.0062736270868,109790.33.sbml.csv,Vaginal Commensal
624,-1788.0080118999942,1737.0021042220094,109790.33.sbml.csv,Vaginal Commensal
625,-296.8745120687415,2590.128043163849,109790.33.sbml.csv,Vaginal Commensal
626,-851.1084300247335,497.915930548131,109790.33.sbml.csv,Vaginal Commensal
627,-1002.058641140236,2328.198957834169,109790.33.sbml.csv,Vaginal Commensal
628,-440.45736030211384,2559.5966138248805,109790.33.sbml.csv,Vaginal Commensal
629,857.8097249263813,1104.4693785123775,109790.33.sbml.csv,Vaginal Commensal
630,1150.392811138395,2055.6148508922024,109790.33.sbml.csv,Vaginal Commensal
631,-717.1881471826064,1814.0872696669473,109790.33.sbml.csv,Vaginal Commensal
632,-1645.8741481829204,2574.380144513456,109790.33.sbml.csv,Vaginal Commensal
633,484.3158766652804,2367.71173813798,109790.33.sbml.csv,Vaginal Commensal
634,806.7676854402443,2077.8525986503146,109790.33.sbml.csv,Vaginal Commensal
635,-767.1263122333382,768.8760040775123,109790.33.sbml.csv,Vaginal Commensal
636,-483.8337462358193,2017.1027637561376,109790.33.sbml.csv,Vaginal Commensal
637,917.113950349197,1916.9867665814425,109790.33.sbml.csv,Vaginal Commensal
638,942.5176431557231,1833.5078611155807,109790.33.sbml.csv,Vaginal Commensal
639,1329.9054603726756,1466.775749829247,109790.33.sbml.csv,Vaginal Commensal
640,-876.4828589391218,2676.3366702758512,109790.33.sbml.csv,Vaginal Commensal
641,-773.9960878619484,2695.139182378255,109790.33.sbml.csv,Vaginal Commensal
642,-1484.7969128178775,1892.6372679130711,109790.33.sbml.csv,Vaginal Commensal
643,-666.4708942337452,941.303979314378,109790.33.sbml.csv,Vaginal Commensal
644,-119.04525634365164,2631.86619997462,109790.33.sbml.csv,Vaginal Commensal
645,-2141.147303403603,2272.8783759400676,109790.33.sbml.csv,Vaginal Commensal
646,-371.24803561888103,2224.975748479193,109790.33.sbml.csv,Vaginal Commensal
647,-488.31247252695005,2402.279773980173,109790.33.sbml.csv,Vaginal Commensal
648,-2203.210986363909,2182.463342772372,109790.33.sbml.csv,Vaginal Commensal
649,-1027.9237059268007,2133.920076340978,109790.33.sbml.csv,Vaginal Commensal
650,-795.4184565217613,2375.9715142438467,109790.33.sbml.csv,Vaginal Commensal
651,1396.2404202900916,2065.992827206431,109790.33.sbml.csv,Vaginal Commensal
652,141.44705714337866,1793.0424331666006,109790.33.sbml.csv,Vaginal Commensal
653,-1003.1772954593075,2453.8350081096173,109790.33.sbml.csv,Vaginal Commensal
654,-627.6633653394422,1479.673202018222,109790.33.sbml.csv,Vaginal Commensal
655,634.279524017425,2075.4393417200677,109790.33.sbml.csv,Vaginal Commensal
656,-485.88208642864004,1355.2620117203307,109790.33.sbml.csv,Vaginal Commensal
657,-1883.8475137251985,2784.5575931770463,109790.33.sbml.csv,Vaginal Commensal
658,-351.5139492745993,1761.5059162154669,109790.33.sbml.csv,Vaginal Commensal
659,1567.9872801659492,1829.9262068735673,109790.33.sbml.csv,Vaginal Commensal
660,-451.2609522073229,1423.0539212401375,109790.33.sbml.csv,Vaginal Commensal
661,-1191.8598939862206,1526.3550951187865,109790.33.sbml.csv,Vaginal Commensal
662,-1020.0907809193849,2325.3078886497724,109790.33.sbml.csv,Vaginal Commensal
663,-1910.5894332389578,1735.8129071136993,109790.33.sbml.csv,Vaginal Commensal
664,-345.6056077067128,2051.4395222891903,109790.33.sbml.csv,Vaginal Commensal
665,-1108.7859321870778,1928.708443796764,109790.33.sbml.csv,Vaginal Commensal
666,-1086.8117176956437,2098.5582657509835,109790.33.sbml.csv,Vaginal Commensal
667,-1513.0860054986981,2405.312837255998,109790.33.sbml.csv,Vaginal Commensal
668,-1727.7926193771607,1288.1388492229046,109790.33.sbml.csv,Vaginal Commensal
669,-2384.2713661214934,2503.496983339769,109790.33.sbml.csv,Vaginal Commensal
670,-457.8243397805766,2445.5028841245207,109790.33.sbml.csv,Vaginal Commensal
671,2264.68568057469,1134.879707524831,109790.33.sbml.csv,Vaginal Commensal
672,-1786.8797829475695,2553.7290567123296,109790.33.sbml.csv,Vaginal Commensal
673,101.02409317636925,1184.517496782167,109790.33.sbml.csv,Vaginal Commensal
674,-1739.2097284977194,2221.1612657221294,109790.33.sbml.csv,Vaginal Commensal
675,-1223.3802629838603,956.2433137917375,109790.33.sbml.csv,Vaginal Commensal
676,-223.33293579170137,1831.0818665532154,109790.33.sbml.csv,Vaginal Commensal
677,1660.229951254755,1918.6474554637314,109790.33.sbml.csv,Vaginal Commensal
678,149.19276216695266,2102.146107786727,109790.33.sbml.csv,Vaginal Commensal
679,-726.5579799528846,2116.3196642209164,109790.33.sbml.csv,Vaginal Commensal
680,433.86644088065594,3219.92951097611,109790.33.sbml.csv,Vaginal Commensal
681,136.42542949261505,2469.135024386333,109790.33.sbml.csv,Vaginal Commensal
682,263.9154425378417,1282.442240790546,109790.33.sbml.csv,Vaginal Commensal
683,-2538.5073050075666,2901.548156858711,109790.33.sbml.csv,Vaginal Commensal
684,447.8001734476508,2248.554490485773,109790.33.sbml.csv,Vaginal Commensal
685,-1524.5834902644176,2007.5185588711772,109790.33.sbml.csv,Vaginal Commensal
686,-41.203927490880496,2678.790722896219,109790.33.sbml.csv,Vaginal Commensal
687,-1893.8073369040915,1877.0275365806617,109790.33.sbml.csv,Vaginal Commensal
688,-2103.686108494762,1797.6105453221542,109790.33.sbml.csv,Vaginal Commensal
689,35.850310195407374,1308.6347120006305,109790.33.sbml.csv,Vaginal Commensal
690,-148.27453032553484,1875.551982879292,109790.33.sbml.csv,Vaginal Commensal
691,793.9318465036642,1696.997098337514,109790.33.sbml.csv,Vaginal Commensal
692,539.9850578586127,2073.372215728944,109790.33.sbml.csv,Vaginal Commensal
693,1853.66041096232,568.5953265375633,109790.33.sbml.csv,Vaginal Commensal
694,309.7459544353852,2243.6579117417805,109790.33.sbml.csv,Vaginal Commensal
695,-2871.348530713575,1778.4254448077997,109790.33.sbml.csv,Vaginal Commensal
696,30.95458938199215,2541.5263128075644,109790.33.sbml.csv,Vaginal Commensal
697,279.12924981807816,2040.7319319963601,109790.33.sbml.csv,Vaginal Commensal
698,-536.676719471024,1896.7261016872424,109790.33.sbml.csv,Vaginal Commensal
699,-429.65342859083665,928.3415634711963,109790.33.sbml.csv,Vaginal Commensal
700,-1072.1720533292737,1285.6831871703746,109790.33.sbml.csv,Vaginal Commensal
701,684.3109754639868,1228.638921817463,109790.33.sbml.csv,Vaginal Commensal
702,1393.7370285571692,2062.0870583123765,109790.33.sbml.csv,Vaginal Commensal
703,-1200.862855296807,1606.8262155106502,109790.33.sbml.csv,Vaginal Commensal
704,-934.9715462471911,2215.3480077742306,109790.33.sbml.csv,Vaginal Commensal
705,-1013.3688705315749,2484.2995320276764,109790.33.sbml.csv,Vaginal Commensal
706,823.1493815977569,1679.2561145763523,109790.33.sbml.csv,Vaginal Commensal
707,1381.4379636220185,1866.6760780614106,109790.33.sbml.csv,Vaginal Commensal
708,-1744.987830410682,2254.0670885396157,109790.33.sbml.csv,Vaginal Commensal
709,841.2697544444186,1523.5375077568203,109790.33.sbml.csv,Vaginal Commensal
710,962.5243380475345,2327.8503849497138,109790.33.sbml.csv,Vaginal Commensal
711,1021.7658228968872,2008.2888027090846,109790.33.sbml.csv,Vaginal Commensal
712,-250.60619015704145,782.9111579823984,109790.33.sbml.csv,Vaginal Commensal
713,-2082.2393141532352,1432.038916283898,109790.33.sbml.csv,Vaginal Commensal
714,-1263.9786889540248,1588.37870681947,109790.33.sbml.csv,Vaginal Commensal
715,365.2948451813004,1706.4187028891836,109790.33.sbml.csv,Vaginal Commensal
716,-427.57797998887645,1235.5205669529576,109790.33.sbml.csv,Vaginal Commensal
717,172.56506670318905,1120.6390002699661,109790.33.sbml.csv,Vaginal Commensal
718,-221.22374642349084,2305.036350731748,109790.33.sbml.csv,Vaginal Commensal
719,633.6075537374657,1856.9356512145348,109790.33.sbml.csv,Vaginal Commensal
720,1033.2659183552214,1493.971754962137,109790.33.sbml.csv,Vaginal Commensal
721,-2129.7947907128487,2353.407330571327,109790.33.sbml.csv,Vaginal Commensal
722,153.03898014653933,2672.6756715457973,109790.33.sbml.csv,Vaginal Commensal
723,-2020.1222648457383,1448.7226983904682,109790.33.sbml.csv,Vaginal Commensal
724,-726.5662070074586,2144.83775679006,109790.33.sbml.csv,Vaginal Commensal
725,-1263.3155538105339,2186.615121661147,109790.33.sbml.csv,Vaginal Commensal
726,-862.459759067895,1845.1485826250866,109790.33.sbml.csv,Vaginal Commensal
727,-634.3381780689797,1498.3335642017448,109790.33.sbml.csv,Vaginal Commensal
728,-28.199443473041867,1917.6095537965577,109790.33.sbml.csv,Vaginal Commensal
729,132.31522862969555,2752.666208009042,109790.33.sbml.csv,Vaginal Commensal
730,-1104.0298180021468,2042.1539407271378,109790.33.sbml.csv,Vaginal Commensal
731,-532.6928578005566,2719.455176699846,109790.33.sbml.csv,Vaginal Commensal
732,-415.5825742918154,994.1592710554224,109790.33.sbml.csv,Vaginal Commensal
733,-447.36396885396795,2115.3088069562896,109790.33.sbml.csv,Vaginal Commensal
734,-1576.5397123916807,2141.416207005224,109790.33.sbml.csv,Vaginal Commensal
735,-117.61941970883045,2030.977506262873,109790.33.sbml.csv,Vaginal Commensal
736,-754.846016814424,2144.932506717927,109790.33.sbml.csv,Vaginal Commensal
737,376.2453051625654,1956.6567443197953,109790.33.sbml.csv,Vaginal Commensal
738,81.32193312245919,1411.5978816616318,109790.33.sbml.csv,Vaginal Commensal
739,-575.8414287513581,1159.1817145620823,109790.33.sbml.csv,Vaginal Commensal
740,1567.8888884494384,1835.4834487039227,109790.33.sbml.csv,Vaginal Commensal
741,-1071.5126520038932,964.40287419666,109790.33.sbml.csv,Vaginal Commensal
742,-81.99621536131396,1571.8532760250262,109790.33.sbml.csv,Vaginal Commensal
743,-1676.7369431156192,2317.6508428146863,109790.33.sbml.csv,Vaginal Commensal
744,1676.9676195161098,1164.442759089189,109790.33.sbml.csv,Vaginal Commensal
745,1175.6214092807263,2142.3575228386326,109790.33.sbml.csv,Vaginal Commensal
746,-1298.3233163547027,2111.3473339074844,109790.33.sbml.csv,Vaginal Commensal
747,-1539.8084581809069,1587.3845960796937,109790.33.sbml.csv,Vaginal Commensal
748,-2630.0043297147527,1676.4298980546066,109790.33.sbml.csv,Vaginal Commensal
749,908.1493038732549,1634.6179145548838,109790.33.sbml.csv,Vaginal Commensal
750,578.317328766758,730.6634486607811,1393034.3.sbml.csv,Vaginal Commensal
751,-236.93996304631116,-337.1636017609553,1393034.3.sbml.csv,Vaginal Commensal
752,-669.6777071308305,189.07711002086216,1393034.3.sbml.csv,Vaginal Commensal
753,108.84873314987998,283.83192430497235,1393034.3.sbml.csv,Vaginal Commensal
754,1313.093640858004,207.0478530454945,1393034.3.sbml.csv,Vaginal Commensal
755,1741.4182566718682,434.1864627956919,1393034.3.sbml.csv,Vaginal Commensal
756,1232.343135262565,439.654691576769,1393034.3.sbml.csv,Vaginal Commensal
757,-867.5168628648081,1471.8017632635804,1393034.3.sbml.csv,Vaginal Commensal
758,1154.705236827525,858.2546277499915,1393034.3.sbml.csv,Vaginal Commensal
759,1853.7432742557162,1041.5831920951737,1393034.3.sbml.csv,Vaginal Commensal
760,-93.61322875230793,932.7507855610908,1393034.3.sbml.csv,Vaginal Commensal
761,-645.4231266965841,584.2964317103606,1393034.3.sbml.csv,Vaginal Commensal
762,1991.335527952789,634.3501884874258,1393034.3.sbml.csv,Vaginal Commensal
763,495.75686281403193,229.33139453928118,1393034.3.sbml.csv,Vaginal Commensal
764,1618.8388025722168,-64.43572704819465,1393034.3.sbml.csv,Vaginal Commensal
765,-788.8062721832006,-394.6942911854083,1393034.3.sbml.csv,Vaginal Commensal
766,1511.672496504493,409.15324242711165,1393034.3.sbml.csv,Vaginal Commensal
767,1799.5602121366512,647.7155035000237,1393034.3.sbml.csv,Vaginal Commensal
768,4.203974432120097,351.3067316566954,1393034.3.sbml.csv,Vaginal Commensal
769,685.0087734300446,885.9888107235561,1393034.3.sbml.csv,Vaginal Commensal
770,1434.6409838510929,642.6204924864676,1393034.3.sbml.csv,Vaginal Commensal
771,-184.26031719186767,723.2367934359942,1393034.3.sbml.csv,Vaginal Commensal
772,-1251.517036029877,217.26190213087534,1393034.3.sbml.csv,Vaginal Commensal
773,-1108.5984852436256,153.64805229891215,1393034.3.sbml.csv,Vaginal Commensal
774,-193.81925817790744,-384.1951216239429,1393034.3.sbml.csv,Vaginal Commensal
775,669.2328976059263,933.3647965075636,1393034.3.sbml.csv,Vaginal Commensal
776,-320.6738007938064,577.5320970621227,1393034.3.sbml.csv,Vaginal Commensal
777,1601.0500328088235,774.2727145595494,1393034.3.sbml.csv,Vaginal Commensal
778,1806.2647650873655,1056.496209528808,1393034.3.sbml.csv,Vaginal Commensal
779,-338.7168655079444,92.22926885896844,1393034.3.sbml.csv,Vaginal Commensal
780,-261.4238296348393,736.3785685031836,1393034.3.sbml.csv,Vaginal Commensal
781,1757.169922375301,665.3028078024352,1393034.3.sbml.csv,Vaginal Commensal
782,-361.8961786759446,273.0285795590553,1393034.3.sbml.csv,Vaginal Commensal
783,496.98504572401407,1733.912778365326,1393034.3.sbml.csv,Vaginal Commensal
784,-325.35466793539433,191.36964670424476,1393034.3.sbml.csv,Vaginal Commensal
785,863.5867637513243,46.77870338249924,1393034.3.sbml.csv,Vaginal Commensal
786,1650.5397956965844,595.9309064173272,1393034.3.sbml.csv,Vaginal Commensal
787,-1339.1905720286563,-25.34330378633061,1393034.3.sbml.csv,Vaginal Commensal
788,1676.7542814591247,193.6034251917963,1393034.3.sbml.csv,Vaginal Commensal
789,2096.646159570734,717.979637603835,1393034.3.sbml.csv,Vaginal Commensal
790,2002.6424079064598,28.96067066634542,1393034.3.sbml.csv,Vaginal Commensal
791,-378.1841905360197,778.8504872986725,1393034.3.sbml.csv,Vaginal Commensal
792,708.9962073922097,-399.2695063658016,1393034.3.sbml.csv,Vaginal Commensal
793,1047.0924271966799,832.0194613229161,1393034.3.sbml.csv,Vaginal Commensal
794,-784.7855895982376,740.9002658847891,1393034.3.sbml.csv,Vaginal Commensal
795,145.41213226112,115.66979066662937,1393034.3.sbml.csv,Vaginal Commensal
796,-1237.4834289834791,-97.74540528920106,1393034.3.sbml.csv,Vaginal Commensal
797,1153.3182924316536,677.5838873692248,1393034.3.sbml.csv,Vaginal Commensal
798,1113.6639451925719,1105.4238705836763,1393034.3.sbml.csv,Vaginal Commensal
799,1670.4682993102108,981.6514818001697,1393034.3.sbml.csv,Vaginal Commensal
800,1208.638603361615,1075.8967414301515,1393034.3.sbml.csv,Vaginal Commensal
801,919.0817554573449,678.0727296909284,1393034.3.sbml.csv,Vaginal Commensal
802,-345.97020487295975,396.8602549356426,1393034.3.sbml.csv,Vaginal Commensal
803,1290.7713052872891,241.01886558630088,1393034.3.sbml.csv,Vaginal Commensal
804,1460.9661015868517,602.2552617161692,1393034.3.sbml.csv,Vaginal Commensal
805,1725.8634914228874,411.2153210389666,1393034.3.sbml.csv,Vaginal Commensal
806,-364.6745953490058,23.914985029971902,1393034.3.sbml.csv,Vaginal Commensal
807,-466.7461431732664,-58.830665079656974,1393034.3.sbml.csv,Vaginal Commensal
808,779.2539192076446,394.622720083917,1393034.3.sbml.csv,Vaginal Commensal
809,881.6745195069383,577.353372455468,1393034.3.sbml.csv,Vaginal Commensal
810,2089.6818085857763,367.68373347955884,1393034.3.sbml.csv,Vaginal Commensal
811,1499.7624269712135,699.0627618949569,1393034.3.sbml.csv,Vaginal Commensal
812,1370.8810764840348,444.0606631477704,1393034.3.sbml.csv,Vaginal Commensal
813,2073.626042752901,-204.33549817525343,1393034.3.sbml.csv,Vaginal Commensal
814,-107.22033936610596,550.1631496681434,1393034.3.sbml.csv,Vaginal Commensal
815,1143.8137015098669,419.38858663919814,1393034.3.sbml.csv,Vaginal Commensal
816,496.1134304451976,968.0768915591837,1393034.3.sbml.csv,Vaginal Commensal
817,1649.2202008037445,373.4966107766227,1393034.3.sbml.csv,Vaginal Commensal
818,1506.154338152307,477.1795428280594,1393034.3.sbml.csv,Vaginal Commensal
819,1653.001819396444,-96.91258278369371,1393034.3.sbml.csv,Vaginal Commensal
820,1642.7100351991282,510.8127751245125,1393034.3.sbml.csv,Vaginal Commensal
821,832.1772577877848,132.38915050778994,1393034.3.sbml.csv,Vaginal Commensal
822,1997.7425864400466,396.6428818912511,1393034.3.sbml.csv,Vaginal Commensal
823,1322.304694194906,516.390352211746,1393034.3.sbml.csv,Vaginal Commensal
824,1837.7026740240963,814.6478532671213,1393034.3.sbml.csv,Vaginal Commensal
825,1401.4258694424839,130.6474740965384,1393034.3.sbml.csv,Vaginal Commensal
826,1588.4210358961886,885.1856067341741,1393034.3.sbml.csv,Vaginal Commensal
827,-1053.5157936213975,-623.9551163277355,1393034.3.sbml.csv,Vaginal Commensal
828,-863.8572960139413,-17.654070508101032,1393034.3.sbml.csv,Vaginal Commensal
829,1919.1113821548593,1439.8049442619388,1393034.3.sbml.csv,Vaginal Commensal
830,1579.3270797559326,419.91923032463075,1393034.3.sbml.csv,Vaginal Commensal
831,2237.854159654034,1229.569265787559,1393034.3.sbml.csv,Vaginal Commensal
832,544.7202915495812,308.9565287133802,1393034.3.sbml.csv,Vaginal Commensal
833,745.481542655387,1064.7494021843436,1393034.3.sbml.csv,Vaginal Commensal
834,1208.231979204863,903.127280647848,1393034.3.sbml.csv,Vaginal Commensal
835,358.10647378951217,593.8973647205086,1393034.3.sbml.csv,Vaginal Commensal
836,1267.5265392224217,557.2058426072302,1393034.3.sbml.csv,Vaginal Commensal
837,2227.678072883572,-37.780631777543185,1393034.3.sbml.csv,Vaginal Commensal
838,1168.1289021651696,813.0725018320413,1393034.3.sbml.csv,Vaginal Commensal
839,1733.2451563594327,276.9116562501746,1393034.3.sbml.csv,Vaginal Commensal
840,1133.2130226985655,840.8869623562981,1393034.3.sbml.csv,Vaginal Commensal
841,-903.6716566221749,-27.26955078168214,1393034.3.sbml.csv,Vaginal Commensal
842,2061.316171739713,346.95245157846495,1393034.3.sbml.csv,Vaginal Commensal
843,279.2055583401172,407.61113140733295,1393034.3.sbml.csv,Vaginal Commensal
844,1837.305359325134,907.5312789266314,1393034.3.sbml.csv,Vaginal Commensal
845,-646.8294397277481,185.15791082383427,1393034.3.sbml.csv,Vaginal Commensal
846,1922.466529303582,727.2958118392388,1393034.3.sbml.csv,Vaginal Commensal
847,-908.8928428595267,338.5682212285691,1393034.3.sbml.csv,Vaginal Commensal
848,1666.8789575621622,-66.27836457165543,1393034.3.sbml.csv,Vaginal Commensal
849,803.19383206141,405.71522508270914,1393034.3.sbml.csv,Vaginal Commensal
850,352.702695252875,445.9092358803949,1393034.3.sbml.csv,Vaginal Commensal
851,1446.0147774254656,720.0030378252362,1393034.3.sbml.csv,Vaginal Commensal
852,-542.5246322465485,669.8798987989156,1393034.3.sbml.csv,Vaginal Commensal
853,1779.7557330158459,1446.213816227328,1393034.3.sbml.csv,Vaginal Commensal
854,1730.4088416141735,-103.92260577731498,1393034.3.sbml.csv,Vaginal Commensal
855,-475.4663371763024,815.8624842004532,1393034.3.sbml.csv,Vaginal Commensal
856,1972.1246678172117,-186.16659403006173,1393034.3.sbml.csv,Vaginal Commensal
857,1676.9341970663957,-16.263629818192328,1393034.3.sbml.csv,Vaginal Commensal
858,649.1587087901593,509.18719616064743,1393034.3.sbml.csv,Vaginal Commensal
859,1725.1808103591115,796.0260571139517,1393034.3.sbml.csv,Vaginal Commensal
860,1711.080852145664,391.3100056886596,1393034.3.sbml.csv,Vaginal Commensal
861,250.4618419404075,666.2928260334397,1393034.3.sbml.csv,Vaginal Commensal
862,1584.3120552512232,194.63502633527867,1393034.3.sbml.csv,Vaginal Commensal
863,2256.0857348411255,644.8665470254625,1393034.3.sbml.csv,Vaginal Commensal
864,-289.78323270914245,451.57602335787254,1393034.3.sbml.csv,Vaginal Commensal
865,30.890216762648464,610.1926799682947,1393034.3.sbml.csv,Vaginal Commensal
866,2059.4268098913267,-372.5077445754099,1393034.3.sbml.csv,Vaginal Commensal
867,1865.29181995536,630.5093496411627,1393034.3.sbml.csv,Vaginal Commensal
868,967.6113333967052,915.242244292381,1393034.3.sbml.csv,Vaginal Commensal
869,1240.6907541268376,613.5606706717043,1393034.3.sbml.csv,Vaginal Commensal
870,-545.5087366599686,-439.80844468394656,1393034.3.sbml.csv,Vaginal Commensal
871,1938.5291619347033,233.09678807140887,1393034.3.sbml.csv,Vaginal Commensal
872,-238.59314450494813,5.119215935279612,1393034.3.sbml.csv,Vaginal Commensal
873,1550.9614181839963,107.48548071439394,1393034.3.sbml.csv,Vaginal Commensal
874,1620.7917964258845,89.86781924962109,1393034.3.sbml.csv,Vaginal Commensal
875,1150.3291398437402,503.3882391351411,1393034.3.sbml.csv,Vaginal Commensal
876,1242.9849080025238,-75.54758153086293,1393034.3.sbml.csv,Vaginal Commensal
877,747.5162756620402,455.9736013518011,1393034.3.sbml.csv,Vaginal Commensal
878,2023.8385866599501,-70.49220020709423,1393034.3.sbml.csv,Vaginal Commensal
879,-221.58523840975272,412.7937373605449,1393034.3.sbml.csv,Vaginal Commensal
880,2122.0076203303593,335.7375143397915,1393034.3.sbml.csv,Vaginal Commensal
881,935.141041115976,341.84562898989304,1393034.3.sbml.csv,Vaginal Commensal
882,1342.3529733545313,-6.180570925128278,1393034.3.sbml.csv,Vaginal Commensal
883,1631.8970827239614,584.7959241558286,1393034.3.sbml.csv,Vaginal Commensal
884,182.93511673763317,379.14358063236,1393034.3.sbml.csv,Vaginal Commensal
885,372.24463578190455,165.965647667562,1393034.3.sbml.csv,Vaginal Commensal
886,2055.1754153226343,67.6589000441651,1393034.3.sbml.csv,Vaginal Commensal
887,-1294.0665417875498,278.3572290769272,1393034.3.sbml.csv,Vaginal Commensal
888,1083.9120082250352,600.23285323117,1393034.3.sbml.csv,Vaginal Commensal
889,923.0660035704057,-235.64562734603652,1393034.3.sbml.csv,Vaginal Commensal
890,636.7521719555905,1448.5100466540678,1393034.3.sbml.csv,Vaginal Commensal
891,327.69088942390067,366.3670768550678,1393034.3.sbml.csv,Vaginal Commensal
892,-731.2124199469322,649.0802708674562,1393034.3.sbml.csv,Vaginal Commensal
893,-101.82632649121989,693.13284525929,1393034.3.sbml.csv,Vaginal Commensal
894,1026.1051986471098,441.1308770533974,1393034.3.sbml.csv,Vaginal Commensal
895,840.4306378350147,462.83392920957783,1393034.3.sbml.csv,Vaginal Commensal
896,2149.3652987607784,145.2368981335676,1393034.3.sbml.csv,Vaginal Commensal
897,1063.999762536102,1042.2517965255838,1393034.3.sbml.csv,Vaginal Commensal
898,335.89461893052464,686.4183304316738,1393034.3.sbml.csv,Vaginal Commensal
899,1214.765189694592,325.48022356684965,1393034.3.sbml.csv,Vaginal Commensal
900,1154.7577218701645,1357.3574513990004,1393034.3.sbml.csv,Vaginal Commensal
901,537.3623358209667,240.12556326944076,1393034.3.sbml.csv,Vaginal Commensal
902,-978.2374256819554,-657.2732769527772,1393034.3.sbml.csv,Vaginal Commensal
903,-124.18909570762652,624.7694325306844,1393034.3.sbml.csv,Vaginal Commensal
904,1098.9245101355823,507.0712462618338,1393034.3.sbml.csv,Vaginal Commensal
905,-218.70584658141294,1046.25125421367,1393034.3.sbml.csv,Vaginal Commensal
906,1379.184425698307,163.79519589783482,1393034.3.sbml.csv,Vaginal Commensal
907,1358.919422514525,893.8606314321297,1393034.3.sbml.csv,Vaginal Commensal
908,1206.5403819589633,641.6660651685984,1393034.3.sbml.csv,Vaginal Commensal
909,595.9809513090531,396.2813672773024,1393034.3.sbml.csv,Vaginal Commensal
910,-384.08089357773065,872.5454063179834,1393034.3.sbml.csv,Vaginal Commensal
911,2173.5662978364326,-404.1972960011717,1393034.3.sbml.csv,Vaginal Commensal
912,1511.6202520164602,735.4945330020273,1393034.3.sbml.csv,Vaginal Commensal
913,-218.96041411786425,525.5846523690301,1393034.3.sbml.csv,Vaginal Commensal
914,-199.67133345576156,1135.383593000419,1393034.3.sbml.csv,Vaginal Commensal
915,70.55623163762344,988.6893352084829,1393034.3.sbml.csv,Vaginal Commensal
916,1976.9090593962826,790.4157559860611,1393034.3.sbml.csv,Vaginal Commensal
917,-58.14592935860469,361.2064851367707,1393034.3.sbml.csv,Vaginal Commensal
918,1507.6359894471711,637.8250883594332,1393034.3.sbml.csv,Vaginal Commensal
919,-1089.278614291144,-163.55383460924486,1393034.3.sbml.csv,Vaginal Commensal
920,1333.9785883500904,202.73284400373603,1393034.3.sbml.csv,Vaginal Commensal
921,583.8906375596739,695.0198980684163,1393034.3.sbml.csv,Vaginal Commensal
922,1502.7489633102339,505.00723677537036,1393034.3.sbml.csv,Vaginal Commensal
923,1461.497198971912,-44.88358726251854,1393034.3.sbml.csv,Vaginal Commensal
924,1630.718355649334,243.0988321367064,1393034.3.sbml.csv,Vaginal Commensal
925,895.9825225721013,63.12158824719557,1393034.3.sbml.csv,Vaginal Commensal
926,1040.8362375937002,829.0121948798711,1393034.3.sbml.csv,Vaginal Commensal
927,1382.8729415775383,459.47896225095843,1393034.3.sbml.csv,Vaginal Commensal
928,-731.3893189983262,649.4601528219265,1393034.3.sbml.csv,Vaginal Commensal
929,1805.534285748064,734.7613897233064,1393034.3.sbml.csv,Vaginal Commensal
930,-124.95061550882589,865.1921860746115,1393034.3.sbml.csv,Vaginal Commensal
931,-2021.6255713596336,-131.60320650780307,1393034.3.sbml.csv,Vaginal Commensal
932,-108.82458480322823,81.48052837660988,1393034.3.sbml.csv,Vaginal Commensal
933,2032.2806329084615,508.9792940738811,1393034.3.sbml.csv,Vaginal Commensal
934,105.69163667391636,304.90600539934195,1393034.3.sbml.csv,Vaginal Commensal
935,-216.47599563900087,87.93528916429757,1393034.3.sbml.csv,Vaginal Commensal
936,1568.7167315576278,574.7586364176864,1393034.3.sbml.csv,Vaginal Commensal
937,366.4731363599272,989.1448383333963,1393034.3.sbml.csv,Vaginal Commensal
938,1649.667899613834,778.2941285222428,1393034.3.sbml.csv,Vaginal Commensal
939,1669.6207413971165,1324.1221809035535,1393034.3.sbml.csv,Vaginal Commensal
940,1756.8408355872343,-21.939751857888176,1393034.3.sbml.csv,Vaginal Commensal
941,1051.4617325620413,1088.7195314585213,1393034.3.sbml.csv,Vaginal Commensal
942,899.3772546386597,78.80580560678585,1393034.3.sbml.csv,Vaginal Commensal
943,1424.519023846462,945.8524778350907,1393034.3.sbml.csv,Vaginal Commensal
944,2213.4358637382747,1085.1297954390188,1393034.3.sbml.csv,Vaginal Commensal
945,1150.8697718670821,492.02462814754364,1393034.3.sbml.csv,Vaginal Commensal
946,-686.0977019777348,-85.70899482925272,1393034.3.sbml.csv,Vaginal Commensal
947,1111.846662932815,-279.40953930212396,1393034.3.sbml.csv,Vaginal Commensal
948,722.8715860597239,611.8041473008483,1393034.3.sbml.csv,Vaginal Commensal
949,538.7103913691725,1328.507667332742,1393034.3.sbml.csv,Vaginal Commensal
950,214.60379659605815,312.59632674502893,1393034.3.sbml.csv,Vaginal Commensal
951,1876.9387794626473,690.2945910706037,1393034.3.sbml.csv,Vaginal Commensal
952,1306.5573674939853,345.71871163804093,1393034.3.sbml.csv,Vaginal Commensal
953,1639.8084771473948,623.7110860692425,1393034.3.sbml.csv,Vaginal Commensal
954,1459.5253266107811,384.1750131499693,1393034.3.sbml.csv,Vaginal Commensal
955,1531.1016089907782,744.2192122171532,1393034.3.sbml.csv,Vaginal Commensal
956,2149.8035070679994,767.1490902813066,1393034.3.sbml.csv,Vaginal Commensal
957,1254.2275904368194,1035.444087743402,1393034.3.sbml.csv,Vaginal Commensal
958,1703.360451498578,1278.8384531359686,1393034.3.sbml.csv,Vaginal Commensal
959,2282.680562918486,642.3990993600449,1393034.3.sbml.csv,Vaginal Commensal
960,1687.2238567728928,476.1921838459311,1393034.3.sbml.csv,Vaginal Commensal
961,-39.579657326616335,-411.1139528462106,1393034.3.sbml.csv,Vaginal Commensal
962,-1313.8536933533883,386.01046500789,1393034.3.sbml.csv,Vaginal Commensal
963,1424.141102481053,333.7361845289391,1393034.3.sbml.csv,Vaginal Commensal
964,1492.8783498377984,510.0348695760932,1393034.3.sbml.csv,Vaginal Commensal
965,2390.34632299409,360.2844551216426,1393034.3.sbml.csv,Vaginal Commensal
966,1079.3511021511881,360.3554853760983,1393034.3.sbml.csv,Vaginal Commensal
967,1226.8173151103217,284.7956887560199,1393034.3.sbml.csv,Vaginal Commensal
968,1413.9341906819504,291.4489647495201,1393034.3.sbml.csv,Vaginal Commensal
969,1278.5387747945667,-562.3391851756749,1393034.3.sbml.csv,Vaginal Commensal
970,-1213.6710659636485,9.958649951042062,1393034.3.sbml.csv,Vaginal Commensal
971,2567.5149933899283,244.656089188444,1393034.3.sbml.csv,Vaginal Commensal
972,909.2904431418497,-409.095463497226,1393034.3.sbml.csv,Vaginal Commensal
973,-1212.4662295818493,-118.36159239967036,1393034.3.sbml.csv,Vaginal Commensal
974,1271.9197155651432,1205.3689096524001,1393034.3.sbml.csv,Vaginal Commensal
975,1383.2350883228708,71.83404347632006,1393034.3.sbml.csv,Vaginal Commensal
976,1724.1697722825702,623.1551261214601,1393034.3.sbml.csv,Vaginal Commensal
977,1204.7126248631607,654.609629773607,1393034.3.sbml.csv,Vaginal Commensal
978,175.15246904355917,825.287305362563,1393034.3.sbml.csv,Vaginal Commensal
979,-778.6076075806351,441.65952594137184,1393034.3.sbml.csv,Vaginal Commensal
980,1640.030221621994,877.9457048434718,1393034.3.sbml.csv,Vaginal Commensal
981,891.4966357897121,284.87211900218244,1393034.3.sbml.csv,Vaginal Commensal
982,622.6180098581588,790.7119056592209,1393034.3.sbml.csv,Vaginal Commensal
983,-1333.5940972850733,-283.896085058925,1393034.3.sbml.csv,Vaginal Commensal
984,-841.5597550579431,1370.1165762988128,1393034.3.sbml.csv,Vaginal Commensal
985,-113.2210712181408,745.017874883806,1393034.3.sbml.csv,Vaginal Commensal
986,686.9870374148978,803.6933688758755,1393034.3.sbml.csv,Vaginal Commensal
987,1685.0032509821458,370.22462501567105,1393034.3.sbml.csv,Vaginal Commensal
988,1448.2195211520095,297.9861666291296,1393034.3.sbml.csv,Vaginal Commensal
989,1788.7944816665176,1446.6879470574297,1393034.3.sbml.csv,Vaginal Commensal
990,1791.8598466332778,961.3533132108184,1393034.3.sbml.csv,Vaginal Commensal
991,2238.6858274132665,625.991307113534,1393034.3.sbml.csv,Vaginal Commensal
992,71.66173652439626,1199.302502435168,1393034.3.sbml.csv,Vaginal Commensal
993,1688.1814828817508,184.2383757757182,1393034.3.sbml.csv,Vaginal Commensal
994,31.901353492620828,1146.6683145386548,1393034.3.sbml.csv,Vaginal Commensal
995,2383.2296944204336,431.6926265323586,1393034.3.sbml.csv,Vaginal Commensal
996,2104.5698582270415,836.1769952966887,1393034.3.sbml.csv,Vaginal Commensal
997,1923.3695965526827,-272.27068839988516,1393034.3.sbml.csv,Vaginal Commensal
998,574.2128140801805,941.8485415088879,1393034.3.sbml.csv,Vaginal Commensal
999,1532.6805879932724,15.942035426144377,1393034.3.sbml.csv,Vaginal Commensal
1000,1128.0150024654001,-280.9625710935226,1852390.3.sbml.csv,Vaginal Commensal
1001,-1794.4622475995975,-447.95679513760655,1852390.3.sbml.csv,Vaginal Commensal
1002,527.0663360781261,-1534.1312974970235,1852390.3.sbml.csv,Vaginal Commensal
1003,-1033.764185677411,-1911.3097128514416,1852390.3.sbml.csv,Vaginal Commensal
1004,-253.74358188584694,-1567.7122366509063,1852390.3.sbml.csv,Vaginal Commensal
1005,741.3494889444189,-1503.834170968235,1852390.3.sbml.csv,Vaginal Commensal
1006,1604.7331750647493,-660.5795313633931,1852390.3.sbml.csv,Vaginal Commensal
1007,260.3782403033882,-737.9172236108255,1852390.3.sbml.csv,Vaginal Commensal
1008,-332.3955064817337,-1043.784318098718,1852390.3.sbml.csv,Vaginal Commensal
1009,711.539327051126,-1285.5663302852965,1852390.3.sbml.csv,Vaginal Commensal
1010,1688.278707554935,-1962.0930652356353,1852390.3.sbml.csv,Vaginal Commensal
1011,1071.7969123213277,-2294.1171191401295,1852390.3.sbml.csv,Vaginal Commensal
1012,364.0791967448555,-2690.6794560800904,1852390.3.sbml.csv,Vaginal Commensal
1013,28.923666849917865,-1752.8950237431457,1852390.3.sbml.csv,Vaginal Commensal
1014,-1265.960498121209,-1479.471940615903,1852390.3.sbml.csv,Vaginal Commensal
1015,-397.17214409567134,-2995.406632058428,1852390.3.sbml.csv,Vaginal Commensal
1016,814.5259402810955,-1398.9361298720282,1852390.3.sbml.csv,Vaginal Commensal
1017,-978.8308502560795,-2638.0616107220008,1852390.3.sbml.csv,Vaginal Commensal
1018,-179.98850548711468,42.04446279528401,1852390.3.sbml.csv,Vaginal Commensal
1019,1036.167032274802,-1629.1515285590299,1852390.3.sbml.csv,Vaginal Commensal
1020,2438.360007812802,-976.7105648191459,1852390.3.sbml.csv,Vaginal Commensal
1021,78.57081039694772,-816.9833044504709,1852390.3.sbml.csv,Vaginal Commensal
1022,1519.1865455051586,-1693.1637546241084,1852390.3.sbml.csv,Vaginal Commensal
1023,581.499368073677,-2906.576877025631,1852390.3.sbml.csv,Vaginal Commensal
1024,807.2067699734898,-1344.5123430677188,1852390.3.sbml.csv,Vaginal Commensal
1025,1635.5327652911315,-1400.0832196356137,1852390.3.sbml.csv,Vaginal Commensal
1026,-1373.9563077027365,-1640.514141163529,1852390.3.sbml.csv,Vaginal Commensal
1027,718.0091869137851,-912.7767350215644,1852390.3.sbml.csv,Vaginal Commensal
1028,1188.4945211685626,-1405.3295963120734,1852390.3.sbml.csv,Vaginal Commensal
1029,-649.7455816149301,-318.80136063250234,1852390.3.sbml.csv,Vaginal Commensal
1030,1148.9701902198692,-1496.7591782622496,1852390.3.sbml.csv,Vaginal Commensal
1031,835.9531524724571,-2076.6893403026143,1852390.3.sbml.csv,Vaginal Commensal
1032,1851.4048868630043,-1550.609485533286,1852390.3.sbml.csv,Vaginal Commensal
1033,-1396.373237834172,-29.891430636924245,1852390.3.sbml.csv,Vaginal Commensal
1034,241.31742619162378,-1567.3663702652316,1852390.3.sbml.csv,Vaginal Commensal
1035,1476.6092847998398,-768.6650479985377,1852390.3.sbml.csv,Vaginal Commensal
1036,874.6446802580803,-1629.1469179460275,1852390.3.sbml.csv,Vaginal Commensal
1037,2169.923181395643,-486.9768936610815,1852390.3.sbml.csv,Vaginal Commensal
1038,199.90717174335938,-1869.2422362081606,1852390.3.sbml.csv,Vaginal Commensal
1039,2000.1340590883515,-1753.9197458862598,1852390.3.sbml.csv,Vaginal Commensal
1040,210.67241993436312,-1189.3298625567345,1852390.3.sbml.csv,Vaginal Commensal
1041,-880.852818394923,-1519.8341560628992,1852390.3.sbml.csv,Vaginal Commensal
1042,764.1858678223593,-1363.3946838735149,1852390.3.sbml.csv,Vaginal Commensal
1043,2.814056142420628,-1144.6559317349738,1852390.3.sbml.csv,Vaginal Commensal
1044,1992.8506235633834,-1602.1757057032166,1852390.3.sbml.csv,Vaginal Commensal
1045,102.30308268313429,-2676.9475885603138,1852390.3.sbml.csv,Vaginal Commensal
1046,1309.8313830300192,-334.92515264381944,1852390.3.sbml.csv,Vaginal Commensal
1047,1593.6424770148494,-1292.6709554954894,1852390.3.sbml.csv,Vaginal Commensal
1048,1351.4446411662773,-1506.7863556997927,1852390.3.sbml.csv,Vaginal Commensal
1049,802.3188017099654,-2081.878525120774,1852390.3.sbml.csv,Vaginal Commensal
1050,1351.6120999783097,-363.04287698824663,1852390.3.sbml.csv,Vaginal Commensal
1051,1975.8208216111848,-635.4011424901805,1852390.3.sbml.csv,Vaginal Commensal
1052,1046.2963529872397,-1174.7642100875594,1852390.3.sbml.csv,Vaginal Commensal
1053,-26.260296822316462,-2871.4335731250585,1852390.3.sbml.csv,Vaginal Commensal
1054,1240.077208705964,-1800.9617890211312,1852390.3.sbml.csv,Vaginal Commensal
1055,-1.7524525316843222,-890.5484287987838,1852390.3.sbml.csv,Vaginal Commensal
1056,1297.882769798043,-1099.634088314875,1852390.3.sbml.csv,Vaginal Commensal
1057,1199.642314630557,-1941.9381072049102,1852390.3.sbml.csv,Vaginal Commensal
1058,1161.1543948847086,-768.7012955708234,1852390.3.sbml.csv,Vaginal Commensal
1059,-1048.2353922713291,-2003.4073359234342,1852390.3.sbml.csv,Vaginal Commensal
1060,1264.4382914660587,-1474.1985436405696,1852390.3.sbml.csv,Vaginal Commensal
1061,232.7368857941089,-780.3047876910229,1852390.3.sbml.csv,Vaginal Commensal
1062,1644.8009236571975,-1788.7108868470395,1852390.3.sbml.csv,Vaginal Commensal
1063,-86.49358790913429,-1360.3729288214229,1852390.3.sbml.csv,Vaginal Commensal
1064,1362.5172229478999,-889.4182868041237,1852390.3.sbml.csv,Vaginal Commensal
1065,92.8972939187501,-1177.2528985367185,1852390.3.sbml.csv,Vaginal Commensal
1066,-120.36481590435893,-1994.4960889081217,1852390.3.sbml.csv,Vaginal Commensal
1067,1076.634285704013,-1294.7368579993813,1852390.3.sbml.csv,Vaginal Commensal
1068,2390.8233720157814,-1771.3120192558224,1852390.3.sbml.csv,Vaginal Commensal
1069,1150.6770052918794,-1202.8343507090353,1852390.3.sbml.csv,Vaginal Commensal
1070,1634.7499535149998,-697.7795912797227,1852390.3.sbml.csv,Vaginal Commensal
1071,815.5396482603863,-2163.3226240622066,1852390.3.sbml.csv,Vaginal Commensal
1072,1152.8983051209648,-1621.4890548660726,1852390.3.sbml.csv,Vaginal Commensal
1073,473.3820057004769,-1528.8071392957347,1852390.3.sbml.csv,Vaginal Commensal
1074,-1185.9645901159208,-935.1188690466699,1852390.3.sbml.csv,Vaginal Commensal
1075,1257.0441034406072,-1149.1325071625763,1852390.3.sbml.csv,Vaginal Commensal
1076,1358.25520551302,-855.2199177845271,1852390.3.sbml.csv,Vaginal Commensal
1077,806.0563946605641,-296.5472019385731,1852390.3.sbml.csv,Vaginal Commensal
1078,1222.9168097683175,-1156.169023030148,1852390.3.sbml.csv,Vaginal Commensal
1079,2162.8157017156327,-1631.1993184947512,1852390.3.sbml.csv,Vaginal Commensal
1080,267.38898710595896,-1682.0235028887635,1852390.3.sbml.csv,Vaginal Commensal
1081,-1078.4444856651776,-2556.420065116765,1852390.3.sbml.csv,Vaginal Commensal
1082,-106.21800856795572,-1262.3601868576663,1852390.3.sbml.csv,Vaginal Commensal
1083,1834.1232336841042,-544.9078171404461,1852390.3.sbml.csv,Vaginal Commensal
1084,-1001.2238684997795,-1599.193768878433,1852390.3.sbml.csv,Vaginal Commensal
1085,-675.3317865572817,-2174.230945551536,1852390.3.sbml.csv,Vaginal Commensal
1086,-448.28438198474555,-1910.3385245717006,1852390.3.sbml.csv,Vaginal Commensal
1087,293.85338443147026,-2078.5623973646334,1852390.3.sbml.csv,Vaginal Commensal
1088,679.8575504680908,-934.8158128622559,1852390.3.sbml.csv,Vaginal Commensal
1089,-553.4195076885796,-1859.5218769646922,1852390.3.sbml.csv,Vaginal Commensal
1090,1097.9375504089667,-1232.7659390446672,1852390.3.sbml.csv,Vaginal Commensal
1091,-213.39206517886853,-1469.1903831337863,1852390.3.sbml.csv,Vaginal Commensal
1092,1871.612508989609,-12.024377199628749,1852390.3.sbml.csv,Vaginal Commensal
1093,2101.259938342233,-1253.4260068543158,1852390.3.sbml.csv,Vaginal Commensal
1094,2280.602676344747,-1961.9917203780522,1852390.3.sbml.csv,Vaginal Commensal
1095,-491.8282180616396,-1220.2720341178021,1852390.3.sbml.csv,Vaginal Commensal
1096,-355.7946076861231,-3122.0860504225034,1852390.3.sbml.csv,Vaginal Commensal
1097,626.6321686237768,-1199.176085951004,1852390.3.sbml.csv,Vaginal Commensal
1098,1207.3424739552943,-1776.5035913317768,1852390.3.sbml.csv,Vaginal Commensal
1099,1557.5901674723452,-1646.3107062711824,1852390.3.sbml.csv,Vaginal Commensal
1100,1289.2682695610251,-606.9832702041662,1852390.3.sbml.csv,Vaginal Commensal
1101,1329.1774310679286,-953.4064087252244,1852390.3.sbml.csv,Vaginal Commensal
1102,48.45209417965856,-1563.7222708146678,1852390.3.sbml.csv,Vaginal Commensal
1103,-1137.0932950749275,-1269.456138816467,1852390.3.sbml.csv,Vaginal Commensal
1104,2297.657812068454,-895.9784278069982,1852390.3.sbml.csv,Vaginal Commensal
1105,-727.694934248023,-2573.3689177023707,1852390.3.sbml.csv,Vaginal Commensal
1106,700.1720468986525,-502.7183602062619,1852390.3.sbml.csv,Vaginal Commensal
1107,1125.6641028252982,-1477.5140281227323,1852390.3.sbml.csv,Vaginal Commensal
1108,2539.551653209494,-807.2552315247361,1852390.3.sbml.csv,Vaginal Commensal
1109,1498.5058270699471,-1400.865605801028,1852390.3.sbml.csv,Vaginal Commensal
1110,1322.246435155105,-2116.9435906524295,1852390.3.sbml.csv,Vaginal Commensal
1111,318.9326256441446,-1135.1522358131203,1852390.3.sbml.csv,Vaginal Commensal
1112,-127.44566878376723,-969.2940498133333,1852390.3.sbml.csv,Vaginal Commensal
1113,-339.3710849073956,-1769.3285006327856,1852390.3.sbml.csv,Vaginal Commensal
1114,658.4116413790816,-1096.6172734188851,1852390.3.sbml.csv,Vaginal Commensal
1115,1676.417154322942,-547.9212045618024,1852390.3.sbml.csv,Vaginal Commensal
1116,1349.2211567469578,-263.91108959020585,1852390.3.sbml.csv,Vaginal Commensal
1117,1107.9198706968439,-1384.4085531592805,1852390.3.sbml.csv,Vaginal Commensal
1118,1546.9290688945925,-668.2487316374089,1852390.3.sbml.csv,Vaginal Commensal
1119,993.6948260992592,-1532.7939195118793,1852390.3.sbml.csv,Vaginal Commensal
1120,1134.7886894116991,-1381.851675445579,1852390.3.sbml.csv,Vaginal Commensal
1121,1211.658873589786,-651.4019223305799,1852390.3.sbml.csv,Vaginal Commensal
1122,1283.357764409791,-2224.473729338201,1852390.3.sbml.csv,Vaginal Commensal
1123,1812.9582129825128,-813.0847673735811,1852390.3.sbml.csv,Vaginal Commensal
1124,1902.53515144015,-494.09978411048223,1852390.3.sbml.csv,Vaginal Commensal
1125,2233.681665335398,-1005.8347823345254,1852390.3.sbml.csv,Vaginal Commensal
1126,1814.5674200060548,-1169.3868837880113,1852390.3.sbml.csv,Vaginal Commensal
1127,904.3952218212316,227.18313816647552,1852390.3.sbml.csv,Vaginal Commensal
1128,1916.3152620529197,-796.4279742775525,1852390.3.sbml.csv,Vaginal Commensal
1129,-1642.872007934297,-3042.7505391721975,1852390.3.sbml.csv,Vaginal Commensal
1130,-1228.4407596778365,-1609.2211856002702,1852390.3.sbml.csv,Vaginal Commensal
1131,-149.1217143533648,-1629.8179386066015,1852390.3.sbml.csv,Vaginal Commensal
1132,1849.7858216600137,-1522.510794780186,1852390.3.sbml.csv,Vaginal Commensal
1133,1200.6652760859724,-1217.26404170246,1852390.3.sbml.csv,Vaginal Commensal
1134,2882.092581673946,-980.9195375948033,1852390.3.sbml.csv,Vaginal Commensal
1135,-501.91196263919664,-2816.6212405786155,1852390.3.sbml.csv,Vaginal Commensal
1136,2378.2472976405215,-405.07908011528133,1852390.3.sbml.csv,Vaginal Commensal
1137,2107.845085382981,-327.00297833565975,1852390.3.sbml.csv,Vaginal Commensal
1138,1631.132477069951,-553.391818299607,1852390.3.sbml.csv,Vaginal Commensal
1139,1147.2995052945464,-1559.6191049611439,1852390.3.sbml.csv,Vaginal Commensal
1140,1008.6488334148337,-969.7639544101934,1852390.3.sbml.csv,Vaginal Commensal
1141,845.2099690634931,-1937.447058554329,1852390.3.sbml.csv,Vaginal Commensal
1142,747.6787313233905,-73.05495174075166,1852390.3.sbml.csv,Vaginal Commensal
1143,115.86326994675936,-3056.384665468743,1852390.3.sbml.csv,Vaginal Commensal
1144,2042.2492445798487,-987.7878595517001,1852390.3.sbml.csv,Vaginal Commensal
1145,1007.302540249236,-1985.3421102602892,1852390.3.sbml.csv,Vaginal Commensal
1146,-1551.8017223540623,-623.0324242155693,1852390.3.sbml.csv,Vaginal Commensal
1147,2692.599730583597,-1795.2803742178658,1852390.3.sbml.csv,Vaginal Commensal
1148,1359.5309875353112,-1631.0064390452058,1852390.3.sbml.csv,Vaginal Commensal
1149,183.20339122210146,-814.9361125887269,1852390.3.sbml.csv,Vaginal Commensal
1150,-750.547868715837,-951.6995320819705,1852390.3.sbml.csv,Vaginal Commensal
1151,-318.474061495589,-1816.4306727079274,1852390.3.sbml.csv,Vaginal Commensal
1152,1847.6484018402275,100.65756275582082,1852390.3.sbml.csv,Vaginal Commensal
1153,-1109.3469289871102,-528.8241873284951,1852390.3.sbml.csv,Vaginal Commensal
1154,-1837.2230756438323,-730.4559534887401,1852390.3.sbml.csv,Vaginal Commensal
1155,1599.538632633807,-1359.3337655427874,1852390.3.sbml.csv,Vaginal Commensal
1156,707.6851918523881,-1577.7049212729498,1852390.3.sbml.csv,Vaginal Commensal
1157,524.8350989534694,-1957.4379991900755,1852390.3.sbml.csv,Vaginal Commensal
1158,-0.1333830086977197,-2533.7023812458715,1852390.3.sbml.csv,Vaginal Commensal
1159,1811.4590858025806,-1522.9481272898481,1852390.3.sbml.csv,Vaginal Commensal
1160,1957.260386361989,-1520.257829331984,1852390.3.sbml.csv,Vaginal Commensal
1161,1836.8531494388299,-1372.205993794648,1852390.3.sbml.csv,Vaginal Commensal
1162,1252.7328970506542,-1548.0186244262038,1852390.3.sbml.csv,Vaginal Commensal
1163,-1084.59663682417,-1422.3061897940709,1852390.3.sbml.csv,Vaginal Commensal
1164,1197.769558221866,-2724.2344046423464,1852390.3.sbml.csv,Vaginal Commensal
1165,1118.3473027295206,-1479.9816521745965,1852390.3.sbml.csv,Vaginal Commensal
1166,1814.9241138389662,194.40717030574834,1852390.3.sbml.csv,Vaginal Commensal
1167,1172.7776741091718,-878.8052303741947,1852390.3.sbml.csv,Vaginal Commensal
1168,1310.9129050340462,-2026.62303975854,1852390.3.sbml.csv,Vaginal Commensal
1169,54.62478424741022,-1419.3576787697232,1852390.3.sbml.csv,Vaginal Commensal
1170,1224.8421594186436,-2446.3767112448622,1852390.3.sbml.csv,Vaginal Commensal
1171,1186.4049557762037,-820.3184661939586,1852390.3.sbml.csv,Vaginal Commensal
1172,1914.4593933458225,-1574.7123420459789,1852390.3.sbml.csv,Vaginal Commensal
1173,1029.8380924965968,-1813.4836571299838,1852390.3.sbml.csv,Vaginal Commensal
1174,854.4733494722321,-1551.6673342878557,1852390.3.sbml.csv,Vaginal Commensal
1175,717.7927054294338,-1237.2919001043815,1852390.3.sbml.csv,Vaginal Commensal
1176,1209.3762146623876,-1322.3341610766433,1852390.3.sbml.csv,Vaginal Commensal
1177,1560.3328643133832,-973.1169993479849,1852390.3.sbml.csv,Vaginal Commensal
1178,187.4289918345211,-1192.5782558902777,1852390.3.sbml.csv,Vaginal Commensal
1179,985.9489810848952,-1008.6433606579279,1852390.3.sbml.csv,Vaginal Commensal
1180,262.7130423232324,-2437.498638568257,1852390.3.sbml.csv,Vaginal Commensal
1181,350.2724663470508,-1625.3024747300708,1852390.3.sbml.csv,Vaginal Commensal
1182,1019.5828455327913,-1877.6904219385765,1852390.3.sbml.csv,Vaginal Commensal
1183,1166.5352286522348,-1204.7470002381244,1852390.3.sbml.csv,Vaginal Commensal
1184,-95.35866304786408,-891.5516165867175,1852390.3.sbml.csv,Vaginal Commensal
1185,-850.8660655442465,-1405.7037646121505,1852390.3.sbml.csv,Vaginal Commensal
1186,1706.0077989427446,-2010.8350426092752,1852390.3.sbml.csv,Vaginal Commensal
1187,-552.1218060042629,-2022.6495166295472,1852390.3.sbml.csv,Vaginal Commensal
1188,639.2683161594472,-513.0866927085364,1852390.3.sbml.csv,Vaginal Commensal
1189,608.4308879481652,-1060.1247142180705,1852390.3.sbml.csv,Vaginal Commensal
1190,-1291.9757101922607,-2427.880428850093,1852390.3.sbml.csv,Vaginal Commensal
1191,999.1178084565689,-1924.0322747154064,1852390.3.sbml.csv,Vaginal Commensal
1192,-1500.2931966133158,-683.3849501982279,1852390.3.sbml.csv,Vaginal Commensal
1193,-114.4132074692048,-2200.667322911794,1852390.3.sbml.csv,Vaginal Commensal
1194,-128.0490670210691,-1625.6823596211466,1852390.3.sbml.csv,Vaginal Commensal
1195,2376.819102066419,-814.4195085429233,1852390.3.sbml.csv,Vaginal Commensal
1196,1330.2326749546587,-1144.8762656793979,1852390.3.sbml.csv,Vaginal Commensal
1197,766.6599987804836,-1116.350764289324,1852390.3.sbml.csv,Vaginal Commensal
1198,2844.685688918146,-951.7847923464786,1852390.3.sbml.csv,Vaginal Commensal
1199,1323.8427119766611,-997.1451732009639,1852390.3.sbml.csv,Vaginal Commensal
1200,1005.4309653798116,-1159.3962937341041,1852390.3.sbml.csv,Vaginal Commensal
1201,-424.25113437660605,-1265.2747437399491,1852390.3.sbml.csv,Vaginal Commensal
1202,580.0708557501788,-1458.1241919763627,1852390.3.sbml.csv,Vaginal Commensal
1203,-508.4522773444882,-2964.315850081238,1852390.3.sbml.csv,Vaginal Commensal
1204,1161.0281658144734,-1613.9231511900687,1852390.3.sbml.csv,Vaginal Commensal
1205,625.2519947854622,-1557.6054429485523,1852390.3.sbml.csv,Vaginal Commensal
1206,1788.705882960531,-400.2001894054465,1852390.3.sbml.csv,Vaginal Commensal
1207,309.66687085899395,-2048.742647667741,1852390.3.sbml.csv,Vaginal Commensal
1208,435.31512700957876,-2041.7090063270623,1852390.3.sbml.csv,Vaginal Commensal
1209,2132.2674501039137,-508.97345864620036,1852390.3.sbml.csv,Vaginal Commensal
1210,920.096365383513,-275.6984097913256,1852390.3.sbml.csv,Vaginal Commensal
1211,1526.3327948700355,-902.159218602243,1852390.3.sbml.csv,Vaginal Commensal
1212,453.97362612480396,-1233.6575900248793,1852390.3.sbml.csv,Vaginal Commensal
1213,335.3107397497194,-1846.4275640281776,1852390.3.sbml.csv,Vaginal Commensal
1214,2043.7024608067206,-1747.6520704462198,1852390.3.sbml.csv,Vaginal Commensal
1215,971.5950001437997,-1070.0296598300058,1852390.3.sbml.csv,Vaginal Commensal
1216,-537.9080734553689,-3040.0952130357364,1852390.3.sbml.csv,Vaginal Commensal
1217,-757.7542524447152,-3462.742775187403,1852390.3.sbml.csv,Vaginal Commensal
1218,783.6796602169445,-450.685546874947,1852390.3.sbml.csv,Vaginal Commensal
1219,67.06552822713466,-2539.5351788555613,1852390.3.sbml.csv,Vaginal Commensal
1220,2073.3642991101083,-1297.1427588495899,1852390.3.sbml.csv,Vaginal Commensal
1221,245.30496495387845,-1718.604290667915,1852390.3.sbml.csv,Vaginal Commensal
1222,661.7509700768392,-978.3330194258094,1852390.3.sbml.csv,Vaginal Commensal
1223,-22.34032885674889,-1187.7024647791807,1852390.3.sbml.csv,Vaginal Commensal
1224,387.03454853833415,-2494.606415336159,1852390.3.sbml.csv,Vaginal Commensal
1225,859.3290495486922,-1910.762909596237,1852390.3.sbml.csv,Vaginal Commensal
1226,1590.699617797813,-1239.4849664495648,1852390.3.sbml.csv,Vaginal Commensal
1227,437.2712432858503,-1034.766488517547,1852390.3.sbml.csv,Vaginal Commensal
1228,865.9807804797343,-1856.238547555819,1852390.3.sbml.csv,Vaginal Commensal
1229,1066.6650766086157,-1071.1637859236378,1852390.3.sbml.csv,Vaginal Commensal
1230,1910.9513057064946,-1918.3607003190466,1852390.3.sbml.csv,Vaginal Commensal
1231,927.6467336002244,-973.120311181854,1852390.3.sbml.csv,Vaginal Commensal
1232,1635.8127955408975,-744.0458046973025,1852390.3.sbml.csv,Vaginal Commensal
1233,-286.1160283023342,-2099.065938242562,1852390.3.sbml.csv,Vaginal Commensal
1234,1401.444103688731,-1510.606234494828,1852390.3.sbml.csv,Vaginal Commensal
1235,61.846599279457386,-1337.2569776692344,1852390.3.sbml.csv,Vaginal Commensal
1236,134.7678824283548,-1533.6414856377103,1852390.3.sbml.csv,Vaginal Commensal
1237,1431.4040341178477,-1421.698424732865,1852390.3.sbml.csv,Vaginal Commensal
1238,794.9862132628609,-2128.9861056948876,1852390.3.sbml.csv,Vaginal Commensal
1239,1408.35322133329,-843.7029474968859,1852390.3.sbml.csv,Vaginal Commensal
1240,1411.7229446653344,-2030.7715528383555,1852390.3.sbml.csv,Vaginal Commensal
1241,2440.888263075275,-1481.4800742116804,1852390.3.sbml.csv,Vaginal Commensal
1242,848.8977078648986,-591.7974649912605,1852390.3.sbml.csv,Vaginal Commensal
1243,1487.2853840589512,-1235.4656917886507,1852390.3.sbml.csv,Vaginal Commensal
1244,1132.5681536640059,-1593.745740021542,1852390.3.sbml.csv,Vaginal Commensal
1245,1612.0210064068672,-1428.2735875706258,1852390.3.sbml.csv,Vaginal Commensal
1246,1954.0416253851906,-68.9240582148823,1852390.3.sbml.csv,Vaginal Commensal
1247,2183.2571673801062,-684.8181738093242,1852390.3.sbml.csv,Vaginal Commensal
1248,1727.778048029924,-1391.0823419435185,1852390.3.sbml.csv,Vaginal Commensal
1249,674.1694509167213,-1839.208663792499,1852390.3.sbml.csv,Vaginal Commensal
1250,2247.986647797539,1441.34164616052,82135.15.sbml.csv,Vaginal Commensal
1251,2181.295706943017,1255.1498938235109,82135.15.sbml.csv,Vaginal Commensal
1252,421.0771177472915,-132.9522118131228,82135.15.sbml.csv,Vaginal Commensal
1253,1550.1759754137256,1805.8343419276514,82135.15.sbml.csv,Vaginal Commensal
1254,1832.586596714864,1415.9216610980097,82135.15.sbml.csv,Vaginal Commensal
1255,1229.5966166794396,934.554064965911,82135.15.sbml.csv,Vaginal Commensal
1256,2130.2040627236765,785.137592305103,82135.15.sbml.csv,Vaginal Commensal
1257,1096.821159191773,805.8088677585155,82135.15.sbml.csv,Vaginal Commensal
1258,622.8943926503542,-60.849239806921176,82135.15.sbml.csv,Vaginal Commensal
1259,686.4318890193834,611.649032005553,82135.15.sbml.csv,Vaginal Commensal
1260,2390.7954304426376,1495.3233606063525,82135.15.sbml.csv,Vaginal Commensal
1261,2878.6009840333627,1284.941926222218,82135.15.sbml.csv,Vaginal Commensal
1262,1357.6026556782729,1943.4649489908522,82135.15.sbml.csv,Vaginal Commensal
1263,2200.321880806253,1959.1967324397797,82135.15.sbml.csv,Vaginal Commensal
1264,344.31320400854764,1146.1298470972147,82135.15.sbml.csv,Vaginal Commensal
1265,802.4719227765469,921.7601500926014,82135.15.sbml.csv,Vaginal Commensal
1266,3210.3560483708206,1677.0172052479106,82135.15.sbml.csv,Vaginal Commensal
1267,1146.7024278780325,401.6550651038451,82135.15.sbml.csv,Vaginal Commensal
1268,740.4137909921143,852.5517779199882,82135.15.sbml.csv,Vaginal Commensal
1269,1971.7232641499206,148.35070136173724,82135.15.sbml.csv,Vaginal Commensal
1270,1790.8011772549376,618.5187332951609,82135.15.sbml.csv,Vaginal Commensal
1271,760.7784819327595,-139.6153753979107,82135.15.sbml.csv,Vaginal Commensal
1272,180.73625193168772,912.2550769551165,82135.15.sbml.csv,Vaginal Commensal
1273,853.820959388806,896.6230648169919,82135.15.sbml.csv,Vaginal Commensal
1274,2223.15563102667,833.5574128444802,82135.15.sbml.csv,Vaginal Commensal
1275,658.8118006168828,148.99434514095637,82135.15.sbml.csv,Vaginal Commensal
1276,2757.7244764707984,1563.0697991291536,82135.15.sbml.csv,Vaginal Commensal
1277,2582.1597156140692,1369.047627732572,82135.15.sbml.csv,Vaginal Commensal
1278,1433.9695871184724,517.9777811511548,82135.15.sbml.csv,Vaginal Commensal
1279,2499.499593073786,1158.183148685538,82135.15.sbml.csv,Vaginal Commensal
1280,83.70691742327513,293.4770571178368,82135.15.sbml.csv,Vaginal Commensal
1281,1409.194063791242,1166.413042774808,82135.15.sbml.csv,Vaginal Commensal
1282,898.1851214417768,729.046166125542,82135.15.sbml.csv,Vaginal Commensal
1283,614.0380414399822,729.4740008029289,82135.15.sbml.csv,Vaginal Commensal
1284,2531.7938781317353,2104.8934662845504,82135.15.sbml.csv,Vaginal Commensal
1285,601.3214968611248,754.7862997528279,82135.15.sbml.csv,Vaginal Commensal
1286,1297.6194554639205,853.2344076888044,82135.15.sbml.csv,Vaginal Commensal
1287,797.1721840639783,696.9034677724462,82135.15.sbml.csv,Vaginal Commensal
1288,303.5628140536324,1403.369887997036,82135.15.sbml.csv,Vaginal Commensal
1289,637.6539363506432,-17.56805355885408,82135.15.sbml.csv,Vaginal Commensal
1290,1066.3874541004936,-757.5437161329584,82135.15.sbml.csv,Vaginal Commensal
1291,3065.9575114722406,813.0412313386508,82135.15.sbml.csv,Vaginal Commensal
1292,2039.5426403347337,1659.0176307677661,82135.15.sbml.csv,Vaginal Commensal
1293,447.92336550263883,771.3906325510875,82135.15.sbml.csv,Vaginal Commensal
1294,1550.9630156469625,187.84216518287988,82135.15.sbml.csv,Vaginal Commensal
1295,1248.1009224631098,903.4563096483549,82135.15.sbml.csv,Vaginal Commensal
1296,2607.627819956367,1103.3087858903957,82135.15.sbml.csv,Vaginal Commensal
1297,765.7488494044569,269.6116437493852,82135.15.sbml.csv,Vaginal Commensal
1298,1861.5363872879404,1221.0995399925991,82135.15.sbml.csv,Vaginal Commensal
1299,2086.0391342653566,1325.689075645401,82135.15.sbml.csv,Vaginal Commensal
1300,784.2429989351239,1435.369081951131,82135.15.sbml.csv,Vaginal Commensal
1301,2059.022668983169,1666.5996846171204,82135.15.sbml.csv,Vaginal Commensal
1302,1578.951331649141,1022.6307775802005,82135.15.sbml.csv,Vaginal Commensal
1303,1991.5040614828424,2093.451638925633,82135.15.sbml.csv,Vaginal Commensal
1304,1642.3516640634234,182.48853114566296,82135.15.sbml.csv,Vaginal Commensal
1305,2436.8920150715703,1168.6522407896452,82135.15.sbml.csv,Vaginal Commensal
1306,1605.2812409983087,722.3218539315978,82135.15.sbml.csv,Vaginal Commensal
1307,-144.94896183782637,209.71772143497893,82135.15.sbml.csv,Vaginal Commensal
1308,1201.7144957704816,1201.8259173735812,82135.15.sbml.csv,Vaginal Commensal
1309,658.925136676059,1448.7329581927847,82135.15.sbml.csv,Vaginal Commensal
1310,235.43249725487615,878.4321876818439,82135.15.sbml.csv,Vaginal Commensal
1311,1188.2028030826775,177.39467497401301,82135.15.sbml.csv,Vaginal Commensal
1312,1626.436397418664,549.2818827714033,82135.15.sbml.csv,Vaginal Commensal
1313,1980.9490244751034,1595.5651321769462,82135.15.sbml.csv,Vaginal Commensal
1314,1844.9027340878963,1117.7463375320424,82135.15.sbml.csv,Vaginal Commensal
1315,445.8353223733206,1744.1849693454237,82135.15.sbml.csv,Vaginal Commensal
1316,2046.9913841321384,1177.308106390714,82135.15.sbml.csv,Vaginal Commensal
1317,2916.0701032464162,1105.8013598133452,82135.15.sbml.csv,Vaginal Commensal
1318,2339.902972521242,838.5650417648163,82135.15.sbml.csv,Vaginal Commensal
1319,-243.89014420010432,964.8075777928927,82135.15.sbml.csv,Vaginal Commensal
1320,-1346.9225188768316,741.6251130044566,82135.15.sbml.csv,Vaginal Commensal
1321,1773.8773371750822,512.909771682495,82135.15.sbml.csv,Vaginal Commensal
1322,370.99232386224713,889.4948452620032,82135.15.sbml.csv,Vaginal Commensal
1323,1762.1578310077007,757.9409577490376,82135.15.sbml.csv,Vaginal Commensal
1324,2413.4606974105805,-47.6901334509923,82135.15.sbml.csv,Vaginal Commensal
1325,697.5153583096709,1173.0299302539015,82135.15.sbml.csv,Vaginal Commensal
1326,2452.358694479661,1597.520375270503,82135.15.sbml.csv,Vaginal Commensal
1327,2987.408111470345,828.5606018523055,82135.15.sbml.csv,Vaginal Commensal
1328,2983.551968678293,958.7233346870659,82135.15.sbml.csv,Vaginal Commensal
1329,-387.7726313225731,464.38711536359426,82135.15.sbml.csv,Vaginal Commensal
1330,1258.5776881963718,700.2321691180165,82135.15.sbml.csv,Vaginal Commensal
1331,1070.1378471953997,324.6432771274648,82135.15.sbml.csv,Vaginal Commensal
1332,1518.097844547883,1692.1789982556918,82135.15.sbml.csv,Vaginal Commensal
1333,1655.266804078163,1002.5868503807567,82135.15.sbml.csv,Vaginal Commensal
1334,2788.3748272195953,1122.5735538632089,82135.15.sbml.csv,Vaginal Commensal
1335,2427.5527001991836,983.4902110588554,82135.15.sbml.csv,Vaginal Commensal
1336,988.472221619478,915.0824152415544,82135.15.sbml.csv,Vaginal Commensal
1337,1881.7161221191561,616.6532992625706,82135.15.sbml.csv,Vaginal Commensal
1338,2224.3832278289137,752.4422686980939,82135.15.sbml.csv,Vaginal Commensal
1339,3031.8143907392673,1319.0431641099801,82135.15.sbml.csv,Vaginal Commensal
1340,3023.649596058195,778.9090768549232,82135.15.sbml.csv,Vaginal Commensal
1341,770.9403524739956,1638.3153359224032,82135.15.sbml.csv,Vaginal Commensal
1342,1124.0268480422087,535.9103150685639,82135.15.sbml.csv,Vaginal Commensal
1343,2440.9351115981676,1241.606810760214,82135.15.sbml.csv,Vaginal Commensal
1344,1394.3888954804436,1202.56745219007,82135.15.sbml.csv,Vaginal Commensal
1345,3290.303508064286,939.7719377493715,82135.15.sbml.csv,Vaginal Commensal
1346,930.0665782179659,-15.456480865245112,82135.15.sbml.csv,Vaginal Commensal
1347,1180.3113694530405,734.6102042717187,82135.15.sbml.csv,Vaginal Commensal
1348,162.88991377940945,1244.5305909682447,82135.15.sbml.csv,Vaginal Commensal
1349,-708.8490030749703,-446.11123606787373,82135.15.sbml.csv,Vaginal Commensal
1350,-14.017093874042818,277.8990427649598,82135.15.sbml.csv,Vaginal Commensal
1351,2024.484608449687,1099.2078897785548,82135.15.sbml.csv,Vaginal Commensal
1352,-896.0537440210875,312.10483987615436,82135.15.sbml.csv,Vaginal Commensal
1353,1880.8522347279018,-271.2945514998523,82135.15.sbml.csv,Vaginal Commensal
1354,1861.3571982414892,830.8549943688372,82135.15.sbml.csv,Vaginal Commensal
1355,925.6850808461695,381.96335707517414,82135.15.sbml.csv,Vaginal Commensal
1356,1792.0309566954763,823.4700195190816,82135.15.sbml.csv,Vaginal Commensal
1357,2269.391370003472,528.1980084413766,82135.15.sbml.csv,Vaginal Commensal
1358,2329.021726575054,802.3703896082458,82135.15.sbml.csv,Vaginal Commensal
1359,290.6522777009474,671.6991696360254,82135.15.sbml.csv,Vaginal Commensal
1360,-357.19313905491214,782.2094100648202,82135.15.sbml.csv,Vaginal Commensal
1361,2634.4616670790783,1928.4243991577177,82135.15.sbml.csv,Vaginal Commensal
1362,-201.3684402931999,124.94137504889086,82135.15.sbml.csv,Vaginal Commensal
1363,2247.1585836363797,-171.92400208160092,82135.15.sbml.csv,Vaginal Commensal
1364,2463.6206590718743,875.0984244682711,82135.15.sbml.csv,Vaginal Commensal
1365,1680.7726101399721,528.157077039229,82135.15.sbml.csv,Vaginal Commensal
1366,2648.8664014885658,1294.8193582407664,82135.15.sbml.csv,Vaginal Commensal
1367,1674.3989857975012,675.1675479446911,82135.15.sbml.csv,Vaginal Commensal
1368,1452.0002648581778,939.9405204919566,82135.15.sbml.csv,Vaginal Commensal
1369,1535.3122006330225,1251.051208958738,82135.15.sbml.csv,Vaginal Commensal
1370,1901.5947317550351,955.6470628640398,82135.15.sbml.csv,Vaginal Commensal
1371,-638.4785136280652,477.41454764055175,82135.15.sbml.csv,Vaginal Commensal
1372,40.59219773641179,360.1656257714333,82135.15.sbml.csv,Vaginal Commensal
1373,3126.163447361641,1123.7057456691173,82135.15.sbml.csv,Vaginal Commensal
1374,393.70455277534575,1649.0654097224904,82135.15.sbml.csv,Vaginal Commensal
1375,2178.1615981910136,-272.95197583920765,82135.15.sbml.csv,Vaginal Commensal
1376,-456.1466678251535,1181.0296529749592,82135.15.sbml.csv,Vaginal Commensal
1377,1966.5831304708295,1279.6277106842824,82135.15.sbml.csv,Vaginal Commensal
1378,748.9373468262148,802.3277265504915,82135.15.sbml.csv,Vaginal Commensal
1379,994.9282366101913,1091.868330907098,82135.15.sbml.csv,Vaginal Commensal
1380,2699.309682158347,927.7026260779718,82135.15.sbml.csv,Vaginal Commensal
1381,3032.455660737784,1767.2949647092967,82135.15.sbml.csv,Vaginal Commensal
1382,109.44275140475683,759.5698533114341,82135.15.sbml.csv,Vaginal Commensal
1383,2338.513881759446,1005.7225057947701,82135.15.sbml.csv,Vaginal Commensal
1384,650.5094261032892,-404.4632155563905,82135.15.sbml.csv,Vaginal Commensal
1385,174.7207326554684,704.7784551899123,82135.15.sbml.csv,Vaginal Commensal
1386,1945.8876019300412,1105.048159140994,82135.15.sbml.csv,Vaginal Commensal
1387,839.3478749344789,941.4936906823673,82135.15.sbml.csv,Vaginal Commensal
1388,2210.636621462294,1356.7644862792956,82135.15.sbml.csv,Vaginal Commensal
1389,485.50443962792116,576.3876110598245,82135.15.sbml.csv,Vaginal Commensal
1390,842.7199148763153,1073.0046669287622,82135.15.sbml.csv,Vaginal Commensal
1391,1995.8429662276747,1332.26727029124,82135.15.sbml.csv,Vaginal Commensal
1392,1358.4809036860968,288.50309706115894,82135.15.sbml.csv,Vaginal Commensal
1393,-579.7766933349383,1024.413157543305,82135.15.sbml.csv,Vaginal Commensal
1394,697.2913158763334,925.8976985834046,82135.15.sbml.csv,Vaginal Commensal
1395,751.0400224718693,671.7633034428648,82135.15.sbml.csv,Vaginal Commensal
1396,2110.123105846576,1391.887255963569,82135.15.sbml.csv,Vaginal Commensal
1397,2259.415065118267,1371.17550552965,82135.15.sbml.csv,Vaginal Commensal
1398,219.91735056707492,1040.88694663723,82135.15.sbml.csv,Vaginal Commensal
1399,34.89221526009247,1410.6132033211904,82135.15.sbml.csv,Vaginal Commensal
1400,739.7146643454395,79.14237742070681,82135.15.sbml.csv,Vaginal Commensal
1401,216.38872539079696,525.8195361566771,82135.15.sbml.csv,Vaginal Commensal
1402,2096.610065602752,1864.8005621364323,82135.15.sbml.csv,Vaginal Commensal
1403,-413.44730343616,1357.758758821729,82135.15.sbml.csv,Vaginal Commensal
1404,3208.9118857377343,1035.4992991701165,82135.15.sbml.csv,Vaginal Commensal
1405,989.955318707656,589.5929803676316,82135.15.sbml.csv,Vaginal Commensal
1406,2469.031083717368,950.585655702805,82135.15.sbml.csv,Vaginal Commensal
1407,2501.4494169697614,914.918884247473,82135.15.sbml.csv,Vaginal Commensal
1408,394.85586942543796,301.8992696860089,82135.15.sbml.csv,Vaginal Commensal
1409,2178.0987894867258,127.36705428713454,82135.15.sbml.csv,Vaginal Commensal
1410,2750.2511815561197,1555.0767454066583,82135.15.sbml.csv,Vaginal Commensal
1411,2560.7636593549114,970.4447841202659,82135.15.sbml.csv,Vaginal Commensal
1412,2067.3144494732524,1045.9349272403767,82135.15.sbml.csv,Vaginal Commensal
1413,2315.4748038704465,1062.7807745902792,82135.15.sbml.csv,Vaginal Commensal
1414,-1242.1286926956334,830.1414069602632,82135.15.sbml.csv,Vaginal Commensal
1415,2575.8656344718775,1085.8439345526642,82135.15.sbml.csv,Vaginal Commensal
1416,476.00658913052035,1655.2245657822928,82135.15.sbml.csv,Vaginal Commensal
1417,192.55409877334017,596.5316541677995,82135.15.sbml.csv,Vaginal Commensal
1418,1542.9765440005804,489.8345336670087,82135.15.sbml.csv,Vaginal Commensal
1419,426.7780530450614,1042.5664488813736,82135.15.sbml.csv,Vaginal Commensal
1420,-476.3117709780122,1014.9372293953697,82135.15.sbml.csv,Vaginal Commensal
1421,892.9068567968407,259.5145901334205,82135.15.sbml.csv,Vaginal Commensal
1422,1077.922008559005,1131.2825935764722,82135.15.sbml.csv,Vaginal Commensal
1423,622.8097324287365,534.0316911473366,82135.15.sbml.csv,Vaginal Commensal
1424,975.5893910035682,1128.0736827363976,82135.15.sbml.csv,Vaginal Commensal
1425,1683.1340606750264,600.8212927110699,82135.15.sbml.csv,Vaginal Commensal
1426,1991.6421380002816,722.2663538147627,82135.15.sbml.csv,Vaginal Commensal
1427,1493.8415454091005,606.9110754957003,82135.15.sbml.csv,Vaginal Commensal
1428,1127.97242495862,883.5893933106694,82135.15.sbml.csv,Vaginal Commensal
1429,1150.9379234229805,106.8192459173447,82135.15.sbml.csv,Vaginal Commensal
1430,848.8467013440724,163.78388493865478,82135.15.sbml.csv,Vaginal Commensal
1431,2946.3210152752904,1250.133720997708,82135.15.sbml.csv,Vaginal Commensal
1432,2476.057018680379,973.669819321399,82135.15.sbml.csv,Vaginal Commensal
1433,1079.4785278732902,514.193422596144,82135.15.sbml.csv,Vaginal Commensal
1434,286.1196537195723,427.52983529513,82135.15.sbml.csv,Vaginal Commensal
1435,2345.892002897646,1357.2210746802202,82135.15.sbml.csv,Vaginal Commensal
1436,963.3369718113987,574.6129174743636,82135.15.sbml.csv,Vaginal Commensal
1437,346.24503070492597,862.6016727119785,82135.15.sbml.csv,Vaginal Commensal
1438,1059.204040734629,962.920847779439,82135.15.sbml.csv,Vaginal Commensal
1439,239.5655980097613,923.5123504220298,82135.15.sbml.csv,Vaginal Commensal
1440,576.3639787919822,979.0213725097885,82135.15.sbml.csv,Vaginal Commensal
1441,149.1769511761278,563.5752627264085,82135.15.sbml.csv,Vaginal Commensal
1442,2823.029296912671,1680.3530449074,82135.15.sbml.csv,Vaginal Commensal
1443,2178.2731902730634,1036.2032043361578,82135.15.sbml.csv,Vaginal Commensal
1444,521.8223740708715,706.4579310680888,82135.15.sbml.csv,Vaginal Commensal
1445,1972.8795652657436,217.21658127561494,82135.15.sbml.csv,Vaginal Commensal
1446,2734.999030679343,1098.7791872032778,82135.15.sbml.csv,Vaginal Commensal
1447,1991.1104751704518,9.696901411203434,82135.15.sbml.csv,Vaginal Commensal
1448,744.7298079488489,1281.809125236464,82135.15.sbml.csv,Vaginal Commensal
1449,928.7274739006863,966.8581751177489,82135.15.sbml.csv,Vaginal Commensal
1450,2395.52493030017,67.05333058080103,82135.15.sbml.csv,Vaginal Commensal
1451,1350.1223302299802,920.7092146154804,82135.15.sbml.csv,Vaginal Commensal
1452,3032.517131048516,1108.966562717704,82135.15.sbml.csv,Vaginal Commensal
1453,-779.7689540228713,1362.9890987291672,82135.15.sbml.csv,Vaginal Commensal
1454,1550.1120028814307,688.3599215992217,82135.15.sbml.csv,Vaginal Commensal
1455,347.8263556783561,529.3347504918044,82135.15.sbml.csv,Vaginal Commensal
1456,-1278.8783828443413,465.2352489702305,82135.15.sbml.csv,Vaginal Commensal
1457,-842.702277833151,-391.18605422336395,82135.15.sbml.csv,Vaginal Commensal
1458,3002.6941869864327,1005.8422947139013,82135.15.sbml.csv,Vaginal Commensal
1459,-989.2963756237244,1426.018420889265,82135.15.sbml.csv,Vaginal Commensal
1460,1567.0900195995991,1022.3471214393977,82135.15.sbml.csv,Vaginal Commensal
1461,-351.3004189449851,95.93935093012753,82135.15.sbml.csv,Vaginal Commensal
1462,1805.8791136220543,2002.6868064058424,82135.15.sbml.csv,Vaginal Commensal
1463,-52.14802081362444,1569.820196115674,82135.15.sbml.csv,Vaginal Commensal
1464,2570.888143656464,856.7932459480089,82135.15.sbml.csv,Vaginal Commensal
1465,2822.292043913213,1661.2018319850838,82135.15.sbml.csv,Vaginal Commensal
1466,2460.521580697961,978.7802767825593,82135.15.sbml.csv,Vaginal Commensal
1467,3172.6219076036764,1333.1060647526606,82135.15.sbml.csv,Vaginal Commensal
1468,1142.023886014011,886.993414483055,82135.15.sbml.csv,Vaginal Commensal
1469,1359.5713350865735,1326.5267179148018,82135.15.sbml.csv,Vaginal Commensal
1470,2598.343942324799,1715.9339884165702,82135.15.sbml.csv,Vaginal Commensal
1471,775.6951206752701,528.133517304257,82135.15.sbml.csv,Vaginal Commensal
1472,3096.9848729019477,1081.7467076952878,82135.15.sbml.csv,Vaginal Commensal
1473,2423.5506991012994,1682.1172002585695,82135.15.sbml.csv,Vaginal Commensal
1474,-921.6588223722902,605.2482494527623,82135.15.sbml.csv,Vaginal Commensal
1475,-585.4095680609717,303.2700766991467,82135.15.sbml.csv,Vaginal Commensal
1476,2136.230026695407,1089.4971453350163,82135.15.sbml.csv,Vaginal Commensal
1477,95.8668296950048,1124.942585421484,82135.15.sbml.csv,Vaginal Commensal
1478,322.35929998403554,2077.9925730557075,82135.15.sbml.csv,Vaginal Commensal
1479,1842.3991856999417,821.8481393029518,82135.15.sbml.csv,Vaginal Commensal
1480,2200.0468567385633,1858.5489546068645,82135.15.sbml.csv,Vaginal Commensal
1481,3196.573813149056,556.6172365085989,82135.15.sbml.csv,Vaginal Commensal
1482,1227.5484823733914,1380.5356954836282,82135.15.sbml.csv,Vaginal Commensal
1483,1073.5712283533567,820.1311039265214,82135.15.sbml.csv,Vaginal Commensal
1484,-990.8010465695812,850.3876251292271,82135.15.sbml.csv,Vaginal Commensal
1485,472.4775562240396,1048.3820330490778,82135.15.sbml.csv,Vaginal Commensal
1486,332.41968880039724,692.3662015495177,82135.15.sbml.csv,Vaginal Commensal
1487,2368.767153711705,969.7443245521393,82135.15.sbml.csv,Vaginal Commensal
1488,2699.1482743969327,980.1458418811089,82135.15.sbml.csv,Vaginal Commensal
1489,1667.901994700814,793.6839444207267,82135.15.sbml.csv,Vaginal Commensal
1490,2520.713164156281,905.2939267468844,82135.15.sbml.csv,Vaginal Commensal
1491,1704.9843211389007,608.3958102842153,82135.15.sbml.csv,Vaginal Commensal
1492,963.7754388917731,1206.820400306326,82135.15.sbml.csv,Vaginal Commensal
1493,-89.46745303309693,-334.425156336775,82135.15.sbml.csv,Vaginal Commensal
1494,235.29261353557973,-40.70771558992444,82135.15.sbml.csv,Vaginal Commensal
1495,1848.4755647734019,796.7618063138148,82135.15.sbml.csv,Vaginal Commensal
1496,1309.6078504532366,979.8962076596933,82135.15.sbml.csv,Vaginal Commensal
1497,2977.1314117096053,1754.7956790689475,82135.15.sbml.csv,Vaginal Commensal
1498,1353.8149456686401,7.618869358303987,82135.15.sbml.csv,Vaginal Commensal
1499,-800.2257443010822,348.51767180655577,82135.15.sbml.csv,Vaginal Commensal
1500,-1419.5691152111624,-131.34678366438413,1870987.3.sbml.csv,Vaginal Commensal
1501,315.4208270666761,106.4185065847819,1870987.3.sbml.csv,Vaginal Commensal
1502,271.47721606219983,662.4588545366419,1870987.3.sbml.csv,Vaginal Commensal
1503,447.15472763513003,-520.3680999759989,1870987.3.sbml.csv,Vaginal Commensal
1504,1239.3454812127475,258.5436077544586,1870987.3.sbml.csv,Vaginal Commensal
1505,1867.5556457366574,-376.10731766712735,1870987.3.sbml.csv,Vaginal Commensal
1506,-555.0664224891141,-574.4422620236168,1870987.3.sbml.csv,Vaginal Commensal
1507,1560.1104517504666,-348.73667697493,1870987.3.sbml.csv,Vaginal Commensal
1508,515.2727812098125,-539.2822053607094,1870987.3.sbml.csv,Vaginal Commensal
1509,885.1498959788709,-1209.633437923612,1870987.3.sbml.csv,Vaginal Commensal
1510,-834.5261623889,-1346.041220213332,1870987.3.sbml.csv,Vaginal Commensal
1511,-308.5361831799888,-414.73985866761467,1870987.3.sbml.csv,Vaginal Commensal
1512,1892.9430847801236,-583.0141836266529,1870987.3.sbml.csv,Vaginal Commensal
1513,-660.2862946720433,494.95885917519814,1870987.3.sbml.csv,Vaginal Commensal
1514,224.96050951245314,-680.6421426131127,1870987.3.sbml.csv,Vaginal Commensal
1515,1046.6119835139148,-98.59160868628807,1870987.3.sbml.csv,Vaginal Commensal
1516,-567.9742948227026,-716.9258616278174,1870987.3.sbml.csv,Vaginal Commensal
1517,724.1648282892577,339.29082607116004,1870987.3.sbml.csv,Vaginal Commensal
1518,1586.9903707560736,125.26058363606212,1870987.3.sbml.csv,Vaginal Commensal
1519,-1173.103500644877,-1202.8230292889114,1870987.3.sbml.csv,Vaginal Commensal
1520,-879.8923193267635,-646.1847796956056,1870987.3.sbml.csv,Vaginal Commensal
1521,1766.8248832937427,-164.77761372463735,1870987.3.sbml.csv,Vaginal Commensal
1522,-116.49540663290726,-737.7664832720837,1870987.3.sbml.csv,Vaginal Commensal
1523,1129.3831995789128,-364.83576673265685,1870987.3.sbml.csv,Vaginal Commensal
1524,-1359.3140570001044,-306.970679600257,1870987.3.sbml.csv,Vaginal Commensal
1525,363.6107168443041,-276.45059645220687,1870987.3.sbml.csv,Vaginal Commensal
1526,834.3217364939936,-1287.4134178536688,1870987.3.sbml.csv,Vaginal Commensal
1527,853.3929937008504,-1005.216047694374,1870987.3.sbml.csv,Vaginal Commensal
1528,1355.0196250702973,-770.7363935817826,1870987.3.sbml.csv,Vaginal Commensal
1529,-823.7145835501748,-338.80736717258407,1870987.3.sbml.csv,Vaginal Commensal
1530,222.59231058527695,-575.076893463423,1870987.3.sbml.csv,Vaginal Commensal
1531,1450.2223388918185,-813.0518561369805,1870987.3.sbml.csv,Vaginal Commensal
1532,-1197.926737471857,-409.7899539875039,1870987.3.sbml.csv,Vaginal Commensal
1533,-1444.2746625984303,-1057.2978637628464,1870987.3.sbml.csv,Vaginal Commensal
1534,330.98731257510656,241.9433135689249,1870987.3.sbml.csv,Vaginal Commensal
1535,1772.3097858495294,-897.6114259499598,1870987.3.sbml.csv,Vaginal Commensal
1536,543.6834503327882,-1020.4379496017069,1870987.3.sbml.csv,Vaginal Commensal
1537,-802.5383621815107,-646.7460749348653,1870987.3.sbml.csv,Vaginal Commensal
1538,-1403.0182495745619,129.71701162515788,1870987.3.sbml.csv,Vaginal Commensal
1539,1106.2634655763454,-1381.5370420401377,1870987.3.sbml.csv,Vaginal Commensal
1540,1058.8646323449907,-855.6320287532491,1870987.3.sbml.csv,Vaginal Commensal
1541,-983.6854664587412,-1540.8435188216572,1870987.3.sbml.csv,Vaginal Commensal
1542,-120.62887317610405,-497.66123700381473,1870987.3.sbml.csv,Vaginal Commensal
1543,136.88600166555312,-404.37546371199954,1870987.3.sbml.csv,Vaginal Commensal
1544,1977.1520007454444,-1188.84760458943,1870987.3.sbml.csv,Vaginal Commensal
1545,1070.3603924750003,70.77529322081021,1870987.3.sbml.csv,Vaginal Commensal
1546,-239.81690400209686,-818.3806383819904,1870987.3.sbml.csv,Vaginal Commensal
1547,-981.2442084067762,-364.9433805701149,1870987.3.sbml.csv,Vaginal Commensal
1548,1986.7618026558891,-152.27921314148384,1870987.3.sbml.csv,Vaginal Commensal
1549,-885.8104557074394,53.57777210183677,1870987.3.sbml.csv,Vaginal Commensal
1550,-1985.267169277271,143.55076683498947,1870987.3.sbml.csv,Vaginal Commensal
1551,481.4124790632483,-954.921647292599,1870987.3.sbml.csv,Vaginal Commensal
1552,669.5162526850053,-368.3016347084965,1870987.3.sbml.csv,Vaginal Commensal
1553,570.0585237439108,-6.737210249021897,1870987.3.sbml.csv,Vaginal Commensal
1554,1906.933508747051,-650.8765525280961,1870987.3.sbml.csv,Vaginal Commensal
1555,1490.2687901109125,-1136.8133681989934,1870987.3.sbml.csv,Vaginal Commensal
1556,-417.61240863305034,-514.0640167384745,1870987.3.sbml.csv,Vaginal Commensal
1557,-512.2889738907669,-891.5595420909698,1870987.3.sbml.csv,Vaginal Commensal
1558,-1563.4635053918603,-386.6625077021045,1870987.3.sbml.csv,Vaginal Commensal
1559,-826.8044897470362,468.4591630426654,1870987.3.sbml.csv,Vaginal Commensal
1560,140.4415707627805,-252.23724924580193,1870987.3.sbml.csv,Vaginal Commensal
1561,-671.0014489846742,-765.2472571006177,1870987.3.sbml.csv,Vaginal Commensal
1562,-805.4040472643687,-220.68703743609805,1870987.3.sbml.csv,Vaginal Commensal
1563,1413.49697189784,-642.9374133627521,1870987.3.sbml.csv,Vaginal Commensal
1564,892.9781080229914,-215.8934275359026,1870987.3.sbml.csv,Vaginal Commensal
1565,305.554820056224,-582.6206758802906,1870987.3.sbml.csv,Vaginal Commensal
1566,337.7159028121281,-113.93702662662683,1870987.3.sbml.csv,Vaginal Commensal
1567,-1231.0247854045456,-155.44104564273977,1870987.3.sbml.csv,Vaginal Commensal
1568,608.4008048134973,50.16166224004997,1870987.3.sbml.csv,Vaginal Commensal
1569,-362.22785922575713,-113.89134832454359,1870987.3.sbml.csv,Vaginal Commensal
1570,636.6645713303487,-114.60455084081549,1870987.3.sbml.csv,Vaginal Commensal
1571,-111.34113701947702,104.89768760278885,1870987.3.sbml.csv,Vaginal Commensal
1572,677.255025581873,-536.4688934494499,1870987.3.sbml.csv,Vaginal Commensal
1573,-1657.4179112018116,-642.2442359236907,1870987.3.sbml.csv,Vaginal Commensal
1574,-119.08067500764749,734.9919483538893,1870987.3.sbml.csv,Vaginal Commensal
1575,1730.1778981669129,-13.201887133146261,1870987.3.sbml.csv,Vaginal Commensal
1576,326.852454485925,-922.2003315562159,1870987.3.sbml.csv,Vaginal Commensal
1577,57.51533342655492,-1017.3910461037348,1870987.3.sbml.csv,Vaginal Commensal
1578,243.58690236065976,-555.2487923408593,1870987.3.sbml.csv,Vaginal Commensal
1579,-669.7246867794228,-1313.5452914385917,1870987.3.sbml.csv,Vaginal Commensal
1580,-1408.3464344673775,-1522.9073096098696,1870987.3.sbml.csv,Vaginal Commensal
1581,897.9711989413198,-517.1026008953202,1870987.3.sbml.csv,Vaginal Commensal
1582,-232.61307099833292,-637.1714622394794,1870987.3.sbml.csv,Vaginal Commensal
1583,1493.8536838355133,-172.4302884070129,1870987.3.sbml.csv,Vaginal Commensal
1584,1417.3563872641942,-534.1472120640851,1870987.3.sbml.csv,Vaginal Commensal
1585,316.9920661396596,-1501.3884385578997,1870987.3.sbml.csv,Vaginal Commensal
1586,-1075.0461046725857,-1149.876011594488,1870987.3.sbml.csv,Vaginal Commensal
1587,-420.02221053553876,-433.9835460060848,1870987.3.sbml.csv,Vaginal Commensal
1588,-116.11341019378874,-1563.899805318556,1870987.3.sbml.csv,Vaginal Commensal
1589,123.77421348015199,-1034.517654323665,1870987.3.sbml.csv,Vaginal Commensal
1590,1116.6299355823596,-156.95891265887337,1870987.3.sbml.csv,Vaginal Commensal
1591,37.84915307786365,-952.5162074316595,1870987.3.sbml.csv,Vaginal Commensal
1592,-1523.1176356376177,429.16121257982394,1870987.3.sbml.csv,Vaginal Commensal
1593,-907.997802352971,-160.63143973822048,1870987.3.sbml.csv,Vaginal Commensal
1594,2092.7689763281587,-1316.0868742289376,1870987.3.sbml.csv,Vaginal Commensal
1595,429.8257734949922,273.6758748505993,1870987.3.sbml.csv,Vaginal Commensal
1596,-1040.7545244645644,-172.97304248880442,1870987.3.sbml.csv,Vaginal Commensal
1597,475.41817102614607,-526.0059507219812,1870987.3.sbml.csv,Vaginal Commensal
1598,-986.9849004560234,-732.4875123139401,1870987.3.sbml.csv,Vaginal Commensal
1599,1983.9792466360152,-211.9694672874962,1870987.3.sbml.csv,Vaginal Commensal
1600,-463.42519585459144,57.659182186689634,1870987.3.sbml.csv,Vaginal Commensal
1601,404.8183832783609,-1196.9658194766657,1870987.3.sbml.csv,Vaginal Commensal
1602,-242.82087881452483,-1007.0553333287838,1870987.3.sbml.csv,Vaginal Commensal
1603,-1977.595747691785,-631.3318240497318,1870987.3.sbml.csv,Vaginal Commensal
1604,-273.21846930529273,-227.7093237598461,1870987.3.sbml.csv,Vaginal Commensal
1605,-1529.7586709050738,-310.3869296124811,1870987.3.sbml.csv,Vaginal Commensal
1606,-33.88517552506306,-671.546308628871,1870987.3.sbml.csv,Vaginal Commensal
1607,-330.325651308801,-170.12903239315986,1870987.3.sbml.csv,Vaginal Commensal
1608,-728.0992508167448,-358.68221235209006,1870987.3.sbml.csv,Vaginal Commensal
1609,-1022.8319688869313,-339.57987336847606,1870987.3.sbml.csv,Vaginal Commensal
1610,1305.8750093675562,696.0516108944429,1870987.3.sbml.csv,Vaginal Commensal
1611,-347.91723497595194,796.0582254499692,1870987.3.sbml.csv,Vaginal Commensal
1612,-1178.0425957566133,-1004.4807722104163,1870987.3.sbml.csv,Vaginal Commensal
1613,205.92667058542122,-1199.7003525278562,1870987.3.sbml.csv,Vaginal Commensal
1614,-1367.9999435467398,-740.143871170007,1870987.3.sbml.csv,Vaginal Commensal
1615,1037.3407426944736,-1348.0571066802386,1870987.3.sbml.csv,Vaginal Commensal
1616,-163.13315207542374,-1128.8750166877526,1870987.3.sbml.csv,Vaginal Commensal
1617,-71.57113241141191,-900.4442148840342,1870987.3.sbml.csv,Vaginal Commensal
1618,1304.2660563613815,-970.34644609525,1870987.3.sbml.csv,Vaginal Commensal
1619,1037.8489860252296,-188.8274761969646,1870987.3.sbml.csv,Vaginal Commensal
1620,1409.1527940983137,-964.2584178588319,1870987.3.sbml.csv,Vaginal Commensal
1621,-176.80077609210758,-1044.1653659748674,1870987.3.sbml.csv,Vaginal Commensal
1622,1150.659356333409,532.7940295431281,1870987.3.sbml.csv,Vaginal Commensal
1623,1041.0933985671404,-976.0822829559777,1870987.3.sbml.csv,Vaginal Commensal
1624,-967.225661041763,-1083.94995539153,1870987.3.sbml.csv,Vaginal Commensal
1625,-1187.1615646758246,-853.8039932744981,1870987.3.sbml.csv,Vaginal Commensal
1626,-872.0499300095993,-587.8176012590006,1870987.3.sbml.csv,Vaginal Commensal
1627,1308.5608506452825,-1024.2406568459796,1870987.3.sbml.csv,Vaginal Commensal
1628,13.268714165199686,-88.2714356460791,1870987.3.sbml.csv,Vaginal Commensal
1629,1664.7673884178598,-936.8415746431838,1870987.3.sbml.csv,Vaginal Commensal
1630,921.5828554043874,-989.9662676767576,1870987.3.sbml.csv,Vaginal Commensal
1631,423.90045061445124,-1076.6624990532387,1870987.3.sbml.csv,Vaginal Commensal
1632,29.433699573080133,-85.19838966961531,1870987.3.sbml.csv,Vaginal Commensal
1633,-772.51113456857,-960.492101363884,1870987.3.sbml.csv,Vaginal Commensal
1634,-550.4253376377768,165.4231141901391,1870987.3.sbml.csv,Vaginal Commensal
1635,367.96815108997754,-277.33091458495045,1870987.3.sbml.csv,Vaginal Commensal
1636,-979.7879915951958,283.18586583925054,1870987.3.sbml.csv,Vaginal Commensal
1637,-342.51654518042653,-1008.4657807335358,1870987.3.sbml.csv,Vaginal Commensal
1638,591.5871102374314,-434.4712727753944,1870987.3.sbml.csv,Vaginal Commensal
1639,-1448.9870289957023,694.995335625214,1870987.3.sbml.csv,Vaginal Commensal
1640,953.1921990476294,-661.3920334232429,1870987.3.sbml.csv,Vaginal Commensal
1641,824.7038306697474,-982.1746854291564,1870987.3.sbml.csv,Vaginal Commensal
1642,-478.6138793808037,-490.0347369191858,1870987.3.sbml.csv,Vaginal Commensal
1643,427.64747353328715,-1484.3876927429908,1870987.3.sbml.csv,Vaginal Commensal
1644,-928.0395873161625,-442.98710119368707,1870987.3.sbml.csv,Vaginal Commensal
1645,1976.3599255550191,-1448.6496711967632,1870987.3.sbml.csv,Vaginal Commensal
1646,-173.00038694536934,-1350.0386084343056,1870987.3.sbml.csv,Vaginal Commensal
1647,-66.950146971809,-1520.3518207755274,1870987.3.sbml.csv,Vaginal Commensal
1648,803.9389409300668,-111.91355166399644,1870987.3.sbml.csv,Vaginal Commensal
1649,-14.812531094772314,-1260.4958908124179,1870987.3.sbml.csv,Vaginal Commensal
1650,-690.2889584690358,-1145.6653859347691,1870987.3.sbml.csv,Vaginal Commensal
1651,550.2832539837639,95.13255581281912,1870987.3.sbml.csv,Vaginal Commensal
1652,39.75739328919663,-707.1615120773012,1870987.3.sbml.csv,Vaginal Commensal
1653,129.95215027293213,-1118.7884754911422,1870987.3.sbml.csv,Vaginal Commensal
1654,-98.35614613059128,-1441.6154882921687,1870987.3.sbml.csv,Vaginal Commensal
1655,205.81897072397732,-315.16667598114304,1870987.3.sbml.csv,Vaginal Commensal
1656,-503.25477507851014,-293.5272501440138,1870987.3.sbml.csv,Vaginal Commensal
1657,-815.7344238340859,-443.4300860803738,1870987.3.sbml.csv,Vaginal Commensal
1658,699.6095412389949,-810.6325120313655,1870987.3.sbml.csv,Vaginal Commensal
1659,1175.2616567072082,-1129.3196266627779,1870987.3.sbml.csv,Vaginal Commensal
1660,-322.4371731797381,-498.93109453716596,1870987.3.sbml.csv,Vaginal Commensal
1661,-191.18407107259677,767.0208834201434,1870987.3.sbml.csv,Vaginal Commensal
1662,-572.2141935789937,861.9326506811315,1870987.3.sbml.csv,Vaginal Commensal
1663,-389.88927492191453,-476.8975339829199,1870987.3.sbml.csv,Vaginal Commensal
1664,-433.99763597529477,-1068.4574526409517,1870987.3.sbml.csv,Vaginal Commensal
1665,-514.8930225514013,-567.524894210305,1870987.3.sbml.csv,Vaginal Commensal
1666,-1439.723953643095,-878.4912059052574,1870987.3.sbml.csv,Vaginal Commensal
1667,1500.0938213849308,-85.43124316490075,1870987.3.sbml.csv,Vaginal Commensal
1668,-936.4214988181021,-777.1285214613114,1870987.3.sbml.csv,Vaginal Commensal
1669,-858.0384965840773,-1339.1999877267144,1870987.3.sbml.csv,Vaginal Commensal
1670,2117.76886065869,513.0717909894171,1870987.3.sbml.csv,Vaginal Commensal
1671,-1703.0964142956177,-104.68546358679579,1870987.3.sbml.csv,Vaginal Commensal
1672,-889.9494383270204,-281.29955624840005,1870987.3.sbml.csv,Vaginal Commensal
1673,406.9956445485447,-711.3806856586472,1870987.3.sbml.csv,Vaginal Commensal
1674,-815.3587339648778,-1077.706006814269,1870987.3.sbml.csv,Vaginal Commensal
1675,993.0923220973024,-415.3769310058099,1870987.3.sbml.csv,Vaginal Commensal
1676,260.5260788752696,-1225.808731545506,1870987.3.sbml.csv,Vaginal Commensal
1677,-368.21303852133985,-360.7272410575283,1870987.3.sbml.csv,Vaginal Commensal
1678,201.58836308034574,-325.93930915149963,1870987.3.sbml.csv,Vaginal Commensal
1679,1119.8409295535996,-350.6196026702704,1870987.3.sbml.csv,Vaginal Commensal
1680,391.385607463769,550.8172413273346,1870987.3.sbml.csv,Vaginal Commensal
1681,488.9517120114586,-620.4166176005818,1870987.3.sbml.csv,Vaginal Commensal
1682,-356.336450490097,-23.792208802958058,1870987.3.sbml.csv,Vaginal Commensal
1683,-545.0556822248307,522.7390231203921,1870987.3.sbml.csv,Vaginal Commensal
1684,-1296.8888618303286,-83.70834072921342,1870987.3.sbml.csv,Vaginal Commensal
1685,982.421679641003,-82.60036724941203,1870987.3.sbml.csv,Vaginal Commensal
1686,-656.1339442494278,-760.2959590162804,1870987.3.sbml.csv,Vaginal Commensal
1687,37.939697628001625,-726.0257482694369,1870987.3.sbml.csv,Vaginal Commensal
1688,-510.64374885250623,-238.18180182587054,1870987.3.sbml.csv,Vaginal Commensal
1689,-163.10051080428917,-232.39947431453538,1870987.3.sbml.csv,Vaginal Commensal
1690,1195.366347287424,-1027.8093584772064,1870987.3.sbml.csv,Vaginal Commensal
1691,1605.2524139744216,-227.84148262159135,1870987.3.sbml.csv,Vaginal Commensal
1692,1069.6608423643067,-261.1023053135683,1870987.3.sbml.csv,Vaginal Commensal
1693,1180.646460403326,80.59082576732187,1870987.3.sbml.csv,Vaginal Commensal
1694,-1660.3282191154124,20.951657214118857,1870987.3.sbml.csv,Vaginal Commensal
1695,1771.9626841365728,-381.69332791525324,1870987.3.sbml.csv,Vaginal Commensal
1696,808.3557257886591,161.6422782528281,1870987.3.sbml.csv,Vaginal Commensal
1697,-583.2571643392976,-388.6743328562524,1870987.3.sbml.csv,Vaginal Commensal
1698,1335.4510997585317,260.84734288649287,1870987.3.sbml.csv,Vaginal Commensal
1699,-1242.2426407688909,-670.0211953455374,1870987.3.sbml.csv,Vaginal Commensal
1700,746.2465703244018,-230.9545338955603,1870987.3.sbml.csv,Vaginal Commensal
1701,1802.2346275878622,65.31562710507464,1870987.3.sbml.csv,Vaginal Commensal
1702,48.097183861859335,-31.300807963895213,1870987.3.sbml.csv,Vaginal Commensal
1703,899.5669272691125,-948.844818193256,1870987.3.sbml.csv,Vaginal Commensal
1704,1302.5701442707668,-949.1280520196707,1870987.3.sbml.csv,Vaginal Commensal
1705,-73.85613845346178,-114.61365097692054,1870987.3.sbml.csv,Vaginal Commensal
1706,-1118.772402200118,-512.4939269394634,1870987.3.sbml.csv,Vaginal Commensal
1707,1121.2719175522152,-890.2600381098069,1870987.3.sbml.csv,Vaginal Commensal
1708,263.97806015330593,-185.5726050030672,1870987.3.sbml.csv,Vaginal Commensal
1709,-200.81940097878905,-785.938852306561,1870987.3.sbml.csv,Vaginal Commensal
1710,-550.759026425449,-926.7664484091489,1870987.3.sbml.csv,Vaginal Commensal
1711,986.0027998418993,-867.5709544323233,1870987.3.sbml.csv,Vaginal Commensal
1712,-684.4750152021707,-843.3329321598284,1870987.3.sbml.csv,Vaginal Commensal
1713,13.580744520261582,-937.6838789035223,1870987.3.sbml.csv,Vaginal Commensal
1714,435.4467322249605,-753.3292104779189,1870987.3.sbml.csv,Vaginal Commensal
1715,-74.1484561378223,-1142.041313153335,1870987.3.sbml.csv,Vaginal Commensal
1716,-528.8037090156205,-525.3852045635224,1870987.3.sbml.csv,Vaginal Commensal
1717,-773.0114082271377,-1070.641622967323,1870987.3.sbml.csv,Vaginal Commensal
1718,853.7248147124589,-200.16307648694178,1870987.3.sbml.csv,Vaginal Commensal
1719,103.33484084767129,283.28421259088714,1870987.3.sbml.csv,Vaginal Commensal
1720,175.3032986097546,-293.71948040729393,1870987.3.sbml.csv,Vaginal Commensal
1721,804.2044501974931,-1291.4468945951019,1870987.3.sbml.csv,Vaginal Commensal
1722,571.6539259295098,-1710.5415093206777,1870987.3.sbml.csv,Vaginal Commensal
1723,-387.5650117599632,-827.6957702251021,1870987.3.sbml.csv,Vaginal Commensal
1724,513.3481175956289,-141.47688899031428,1870987.3.sbml.csv,Vaginal Commensal
1725,1084.8673241521103,-89.3272819573162,1870987.3.sbml.csv,Vaginal Commensal
1726,-197.003454463738,-386.68028915414004,1870987.3.sbml.csv,Vaginal Commensal
1727,244.63358194506222,-382.2305908207625,1870987.3.sbml.csv,Vaginal Commensal
1728,-523.6599692434934,-536.1618891253663,1870987.3.sbml.csv,Vaginal Commensal
1729,539.3029092271737,-322.52471043010894,1870987.3.sbml.csv,Vaginal Commensal
1730,-1540.208005081312,-538.3389112137482,1870987.3.sbml.csv,Vaginal Commensal
1731,11.3463937161365,-632.3321689704765,1870987.3.sbml.csv,Vaginal Commensal
1732,1152.4298782753742,-289.12154090367596,1870987.3.sbml.csv,Vaginal Commensal
1733,1415.7084972545476,-585.3255307271324,1870987.3.sbml.csv,Vaginal Commensal
1734,889.6190484209112,-908.4706564974603,1870987.3.sbml.csv,Vaginal Commensal
1735,-1326.946067805338,160.80718054336853,1870987.3.sbml.csv,Vaginal Commensal
1736,1145.4010230133008,-412.42756095130176,1870987.3.sbml.csv,Vaginal Commensal
1737,-213.54161308359429,413.92923530883286,1870987.3.sbml.csv,Vaginal Commensal
1738,1738.862325870341,336.97953783657664,1870987.3.sbml.csv,Vaginal Commensal
1739,250.97615321740324,-284.0759785674688,1870987.3.sbml.csv,Vaginal Commensal
1740,-553.0799411371917,-527.3885982897165,1870987.3.sbml.csv,Vaginal Commensal
1741,973.4053844377206,-928.4259575030547,1870987.3.sbml.csv,Vaginal Commensal
1742,799.50875306446,55.117313616311684,1870987.3.sbml.csv,Vaginal Commensal
1743,913.9168223639505,-958.9750212523057,1870987.3.sbml.csv,Vaginal Commensal
1744,-372.8467163162872,-894.7839423930491,1870987.3.sbml.csv,Vaginal Commensal
1745,-435.6453443203015,-1004.3805302525052,1870987.3.sbml.csv,Vaginal Commensal
1746,594.3790412002472,201.87135954938262,1870987.3.sbml.csv,Vaginal Commensal
1747,-765.4995933914546,-1763.6375094141517,1870987.3.sbml.csv,Vaginal Commensal
1748,-224.8601738048056,-586.4166685241966,1870987.3.sbml.csv,Vaginal Commensal
1749,-1261.3889389432527,-1197.61437528931,1870987.3.sbml.csv,Vaginal Commensal
1750,-644.8270616570593,700.9765705942915,87541.3.sbml.csv,Vaginal Commensal
1751,-574.884177214151,230.7752018483114,87541.3.sbml.csv,Vaginal Commensal
1752,-1356.3732233510548,1207.625854824392,87541.3.sbml.csv,Vaginal Commensal
1753,1090.3194043104306,369.1144639566164,87541.3.sbml.csv,Vaginal Commensal
1754,-349.9758955060333,855.2467751191201,87541.3.sbml.csv,Vaginal Commensal
1755,-630.9594552207462,777.3516453687677,87541.3.sbml.csv,Vaginal Commensal
1756,1169.616039213847,-142.23094843357623,87541.3.sbml.csv,Vaginal Commensal
1757,-1717.351584882448,288.5126651231143,87541.3.sbml.csv,Vaginal Commensal
1758,-526.6643451678424,1164.763469425138,87541.3.sbml.csv,Vaginal Commensal
1759,1158.0950862419209,673.0450944284364,87541.3.sbml.csv,Vaginal Commensal
1760,-538.0048375976725,662.2780277561991,87541.3.sbml.csv,Vaginal Commensal
1761,116.73335053555179,537.2975642238584,87541.3.sbml.csv,Vaginal Commensal
1762,-314.69114885094586,346.29414116522025,87541.3.sbml.csv,Vaginal Commensal
1763,-1314.2173948221712,-105.00234633766148,87541.3.sbml.csv,Vaginal Commensal
1764,625.2778819331052,904.615778895218,87541.3.sbml.csv,Vaginal Commensal
1765,-261.2029989798039,370.48824423153786,87541.3.sbml.csv,Vaginal Commensal
1766,-207.3184358794806,28.06614833176542,87541.3.sbml.csv,Vaginal Commensal
1767,-1092.6262474039872,845.860055339674,87541.3.sbml.csv,Vaginal Commensal
1768,924.9768169769968,730.6718460307146,87541.3.sbml.csv,Vaginal Commensal
1769,307.4766213075533,485.0170462494238,87541.3.sbml.csv,Vaginal Commensal
1770,944.8409201425397,553.1787051387412,87541.3.sbml.csv,Vaginal Commensal
1771,1520.3683976022166,555.9937710644057,87541.3.sbml.csv,Vaginal Commensal
1772,-1318.3417073215599,363.2330554925431,87541.3.sbml.csv,Vaginal Commensal
1773,-39.44484069026832,-84.42952687112249,87541.3.sbml.csv,Vaginal Commensal
1774,-610.4828753655119,456.8347517696278,87541.3.sbml.csv,Vaginal Commensal
1775,-1165.0568637419512,924.9299647548686,87541.3.sbml.csv,Vaginal Commensal
1776,736.6640703831512,-126.36176818898262,87541.3.sbml.csv,Vaginal Commensal
1777,-674.6182056609861,13.558462970494354,87541.3.sbml.csv,Vaginal Commensal
1778,-1059.699408993769,265.52522178653106,87541.3.sbml.csv,Vaginal Commensal
1779,-761.0088694354295,412.37579580349706,87541.3.sbml.csv,Vaginal Commensal
1780,-19.71101119248213,761.5344491586881,87541.3.sbml.csv,Vaginal Commensal
1781,-253.6925230193786,869.6712827221531,87541.3.sbml.csv,Vaginal Commensal
1782,1664.2951085452087,929.3191602384123,87541.3.sbml.csv,Vaginal Commensal
1783,-570.7659181968036,527.2312132712015,87541.3.sbml.csv,Vaginal Commensal
1784,-242.2644025036753,688.9960487887074,87541.3.sbml.csv,Vaginal Commensal
1785,-483.6151193032194,552.0814980379439,87541.3.sbml.csv,Vaginal Commensal
1786,269.142535724109,821.0166717084784,87541.3.sbml.csv,Vaginal Commensal
1787,-1800.372351648203,936.0279981663051,87541.3.sbml.csv,Vaginal Commensal
1788,-573.9675053441215,399.8638050455587,87541.3.sbml.csv,Vaginal Commensal
1789,-625.7216035273541,557.3146977013282,87541.3.sbml.csv,Vaginal Commensal
1790,-630.8055569145167,403.8057778581693,87541.3.sbml.csv,Vaginal Commensal
1791,-1392.7833025088746,413.4688517116885,87541.3.sbml.csv,Vaginal Commensal
1792,874.3063421426966,-262.36507628435606,87541.3.sbml.csv,Vaginal Commensal
1793,-467.3555464395702,-103.64115153438534,87541.3.sbml.csv,Vaginal Commensal
1794,-0.9575307822179278,21.974846714769715,87541.3.sbml.csv,Vaginal Commensal
1795,-15.448330348053105,293.2808854871122,87541.3.sbml.csv,Vaginal Commensal
1796,1572.0149592756284,37.391889548762656,87541.3.sbml.csv,Vaginal Commensal
1797,-531.7960385753663,1207.8492079438747,87541.3.sbml.csv,Vaginal Commensal
1798,-633.4522409672734,675.7240845080223,87541.3.sbml.csv,Vaginal Commensal
1799,297.13851499503716,526.7440824702194,87541.3.sbml.csv,Vaginal Commensal
1800,-1253.981510237359,1132.7843995102087,87541.3.sbml.csv,Vaginal Commensal
1801,-831.7199975546098,545.6006091083074,87541.3.sbml.csv,Vaginal Commensal
1802,-1291.3037196729642,656.4829003106632,87541.3.sbml.csv,Vaginal Commensal
1803,354.57998668816373,269.1033070876639,87541.3.sbml.csv,Vaginal Commensal
1804,592.2771050263376,977.1308705211774,87541.3.sbml.csv,Vaginal Commensal
1805,442.03306637680606,402.90200285296373,87541.3.sbml.csv,Vaginal Commensal
1806,830.2067324817918,1118.0073553226684,87541.3.sbml.csv,Vaginal Commensal
1807,468.63594959363417,583.7975483757557,87541.3.sbml.csv,Vaginal Commensal
1808,-1125.9477623997536,38.922705244613496,87541.3.sbml.csv,Vaginal Commensal
1809,364.0184970143935,972.0525991959037,87541.3.sbml.csv,Vaginal Commensal
1810,-1270.60420365439,454.2644970936136,87541.3.sbml.csv,Vaginal Commensal
1811,-764.6592597697146,510.7083243638337,87541.3.sbml.csv,Vaginal Commensal
1812,-1634.0989605508414,985.1569497320673,87541.3.sbml.csv,Vaginal Commensal
1813,-269.224814611195,897.6458463427931,87541.3.sbml.csv,Vaginal Commensal
1814,261.2844953825296,1030.3710170886584,87541.3.sbml.csv,Vaginal Commensal
1815,-729.0970406159004,701.290155795046,87541.3.sbml.csv,Vaginal Commensal
1816,86.71039891901528,475.0089194413486,87541.3.sbml.csv,Vaginal Commensal
1817,45.24703880252401,636.3694011546756,87541.3.sbml.csv,Vaginal Commensal
1818,1038.61375460094,766.2860112261756,87541.3.sbml.csv,Vaginal Commensal
1819,-927.4199376170598,150.17726166359995,87541.3.sbml.csv,Vaginal Commensal
1820,-767.289679199284,138.48044840283524,87541.3.sbml.csv,Vaginal Commensal
1821,-1160.9646985253676,942.9763314147613,87541.3.sbml.csv,Vaginal Commensal
1822,-458.368011659541,855.438088073036,87541.3.sbml.csv,Vaginal Commensal
1823,-1130.2681261104105,56.94572145270164,87541.3.sbml.csv,Vaginal Commensal
1824,-1113.208324986745,554.4566981201157,87541.3.sbml.csv,Vaginal Commensal
1825,-355.0592598192844,963.1260782937851,87541.3.sbml.csv,Vaginal Commensal
1826,329.30085431545376,274.273899086291,87541.3.sbml.csv,Vaginal Commensal
1827,-281.243228789604,1227.173706177096,87541.3.sbml.csv,Vaginal Commensal
1828,-178.46333787285707,1173.1473193022148,87541.3.sbml.csv,Vaginal Commensal
1829,1390.271738699362,516.8498319327564,87541.3.sbml.csv,Vaginal Commensal
1830,-763.2696953468304,9.574087908118035,87541.3.sbml.csv,Vaginal Commensal
1831,157.81274560421483,497.8708666255115,87541.3.sbml.csv,Vaginal Commensal
1832,403.94146663177844,229.18736076688396,87541.3.sbml.csv,Vaginal Commensal
1833,-487.73840423946456,233.9158544706028,87541.3.sbml.csv,Vaginal Commensal
1834,139.5409048021055,-193.3836519586305,87541.3.sbml.csv,Vaginal Commensal
1835,1289.0964079838761,607.0318077204984,87541.3.sbml.csv,Vaginal Commensal
1836,392.2207581660606,637.561552600946,87541.3.sbml.csv,Vaginal Commensal
1837,335.87004936030223,840.4695976401689,87541.3.sbml.csv,Vaginal Commensal
1838,330.2888139117307,874.9071776100357,87541.3.sbml.csv,Vaginal Commensal
1839,-1111.532932537973,355.08648936386464,87541.3.sbml.csv,Vaginal Commensal
1840,-785.9601611164734,343.2115340512869,87541.3.sbml.csv,Vaginal Commensal
1841,262.4175825893431,610.5531310001867,87541.3.sbml.csv,Vaginal Commensal
1842,-1083.8133695452505,154.4589262645744,87541.3.sbml.csv,Vaginal Commensal
1843,-458.42025874374895,282.34448766881445,87541.3.sbml.csv,Vaginal Commensal
1844,-1396.5878404687205,1204.1892057308507,87541.3.sbml.csv,Vaginal Commensal
1845,810.6571124716487,425.51918954353073,87541.3.sbml.csv,Vaginal Commensal
1846,84.95752179841513,282.5254767921011,87541.3.sbml.csv,Vaginal Commensal
1847,-210.27036796075345,1013.7239816471675,87541.3.sbml.csv,Vaginal Commensal
1848,369.39472828013606,202.20743504022278,87541.3.sbml.csv,Vaginal Commensal
1849,405.10982858680853,579.8926328950305,87541.3.sbml.csv,Vaginal Commensal
1850,-1807.2397111703167,357.93400201099547,87541.3.sbml.csv,Vaginal Commensal
1851,-508.4926623688744,968.1007273309859,87541.3.sbml.csv,Vaginal Commensal
1852,1180.3709325376276,396.1943941099794,87541.3.sbml.csv,Vaginal Commensal
1853,-461.3168276739356,17.35266622019945,87541.3.sbml.csv,Vaginal Commensal
1854,-752.353953085718,1456.5944968236536,87541.3.sbml.csv,Vaginal Commensal
1855,-405.41309994956885,292.38769573286004,87541.3.sbml.csv,Vaginal Commensal
1856,715.1564617389341,414.6684030519642,87541.3.sbml.csv,Vaginal Commensal
1857,-1060.7741849427973,113.62579861035489,87541.3.sbml.csv,Vaginal Commensal
1858,523.0828105180561,891.9958374571509,87541.3.sbml.csv,Vaginal Commensal
1859,-1038.559624204817,673.8577260316847,87541.3.sbml.csv,Vaginal Commensal
1860,-775.2881949708683,1265.670097416333,87541.3.sbml.csv,Vaginal Commensal
1861,-624.4547063054571,956.7687790851144,87541.3.sbml.csv,Vaginal Commensal
1862,599.8188678259668,65.14898495007004,87541.3.sbml.csv,Vaginal Commensal
1863,-771.9743872998309,84.48187646874884,87541.3.sbml.csv,Vaginal Commensal
1864,-85.56133052488234,775.8280289500914,87541.3.sbml.csv,Vaginal Commensal
1865,1685.221892209802,-260.4265705269731,87541.3.sbml.csv,Vaginal Commensal
1866,-1565.0095440718612,500.49832551135927,87541.3.sbml.csv,Vaginal Commensal
1867,-1425.0633010068495,511.53094587251877,87541.3.sbml.csv,Vaginal Commensal
1868,1097.8798703921834,353.05963163133225,87541.3.sbml.csv,Vaginal Commensal
1869,-435.7416175423177,1222.9921716366914,87541.3.sbml.csv,Vaginal Commensal
1870,1480.4391924623278,939.8423319689449,87541.3.sbml.csv,Vaginal Commensal
1871,-941.1719892984371,790.8256634841206,87541.3.sbml.csv,Vaginal Commensal
1872,1428.1912411707108,702.4759047436321,87541.3.sbml.csv,Vaginal Commensal
1873,576.7962144077592,974.060008565042,87541.3.sbml.csv,Vaginal Commensal
1874,403.8278692455678,-30.96441251262439,87541.3.sbml.csv,Vaginal Commensal
1875,-1189.4677693972944,867.0502109968735,87541.3.sbml.csv,Vaginal Commensal
1876,-687.2882131692562,702.7489392208478,87541.3.sbml.csv,Vaginal Commensal
1877,1528.1072133076666,475.10351590071053,87541.3.sbml.csv,Vaginal Commensal
1878,-1035.6991448320946,310.35042105555544,87541.3.sbml.csv,Vaginal Commensal
1879,59.70958263562929,698.0025494311284,87541.3.sbml.csv,Vaginal Commensal
1880,-1522.3825286714216,581.1947609568108,87541.3.sbml.csv,Vaginal Commensal
1881,725.2198611142716,432.01459934386753,87541.3.sbml.csv,Vaginal Commensal
1882,530.4533726077193,169.9793093080871,87541.3.sbml.csv,Vaginal Commensal
1883,-1032.670639002157,350.34073633560587,87541.3.sbml.csv,Vaginal Commensal
1884,-890.6587466047337,581.5729476580644,87541.3.sbml.csv,Vaginal Commensal
1885,782.1860356668232,364.2177682278039,87541.3.sbml.csv,Vaginal Commensal
1886,-1294.2930733079072,488.1243766704442,87541.3.sbml.csv,Vaginal Commensal
1887,-1066.1527242362272,672.7255620883516,87541.3.sbml.csv,Vaginal Commensal
1888,-724.8160806931965,1150.9856206121408,87541.3.sbml.csv,Vaginal Commensal
1889,888.4052135922063,824.4320629886572,87541.3.sbml.csv,Vaginal Commensal
1890,777.5760959060358,203.82702641950146,87541.3.sbml.csv,Vaginal Commensal
1891,-1570.2709563484882,1139.3115283800382,87541.3.sbml.csv,Vaginal Commensal
1892,347.9262692660336,232.16930815630172,87541.3.sbml.csv,Vaginal Commensal
1893,-1196.6862832883596,745.6231634179696,87541.3.sbml.csv,Vaginal Commensal
1894,-296.1887888317043,1080.643871202443,87541.3.sbml.csv,Vaginal Commensal
1895,-638.807071525259,129.84198723027941,87541.3.sbml.csv,Vaginal Commensal
1896,428.1692797911261,222.14219380445618,87541.3.sbml.csv,Vaginal Commensal
1897,-1424.9038544844582,975.5966080717857,87541.3.sbml.csv,Vaginal Commensal
1898,-1113.8289214251574,862.2277358904194,87541.3.sbml.csv,Vaginal Commensal
1899,-92.01218438278649,-35.797646062227805,87541.3.sbml.csv,Vaginal Commensal
1900,570.9215774386928,595.2149200951771,87541.3.sbml.csv,Vaginal Commensal
1901,-623.1282826173591,323.7526194705656,87541.3.sbml.csv,Vaginal Commensal
1902,-1354.8367815648378,801.9163416424055,87541.3.sbml.csv,Vaginal Commensal
1903,-1525.8659003538444,730.6132059663116,87541.3.sbml.csv,Vaginal Commensal
1904,-1959.9035187752424,719.4693886249327,87541.3.sbml.csv,Vaginal Commensal
1905,-83.64427802727086,1040.655632545651,87541.3.sbml.csv,Vaginal Commensal
1906,-317.54855677078393,910.7852723924937,87541.3.sbml.csv,Vaginal Commensal
1907,-538.3572068693646,973.6219555816797,87541.3.sbml.csv,Vaginal Commensal
1908,-1038.2619757934738,219.5276623981604,87541.3.sbml.csv,Vaginal Commensal
1909,1530.006227412665,195.03740259638417,87541.3.sbml.csv,Vaginal Commensal
1910,-1004.226679981801,1212.2061536825736,87541.3.sbml.csv,Vaginal Commensal
1911,-469.7217212260341,45.779524596535126,87541.3.sbml.csv,Vaginal Commensal
1912,831.6784885691052,41.09690121011448,87541.3.sbml.csv,Vaginal Commensal
1913,746.6107515646905,-136.32159549493187,87541.3.sbml.csv,Vaginal Commensal
1914,1314.2259510919998,-170.40967228313016,87541.3.sbml.csv,Vaginal Commensal
1915,-348.7360779898185,1092.7328559688112,87541.3.sbml.csv,Vaginal Commensal
1916,-66.65844556559237,311.6443657459109,87541.3.sbml.csv,Vaginal Commensal
1917,-792.1855633803953,268.4032082592751,87541.3.sbml.csv,Vaginal Commensal
1918,-900.8567938762527,591.9303012283001,87541.3.sbml.csv,Vaginal Commensal
1919,-900.9354073120205,1223.6873272285457,87541.3.sbml.csv,Vaginal Commensal
1920,-745.190073591226,541.4995811581343,87541.3.sbml.csv,Vaginal Commensal
1921,-477.84617142619004,31.322169534790962,87541.3.sbml.csv,Vaginal Commensal
1922,3.7782181048307546,308.27243128963187,87541.3.sbml.csv,Vaginal Commensal
1923,-360.2025978613773,374.72376128938805,87541.3.sbml.csv,Vaginal Commensal
1924,893.6896506381607,-0.6328944368982123,87541.3.sbml.csv,Vaginal Commensal
1925,-805.3256254017423,460.52251242691347,87541.3.sbml.csv,Vaginal Commensal
1926,-1430.604902756855,159.14816400292784,87541.3.sbml.csv,Vaginal Commensal
1927,-1771.737163874881,1160.2177881852683,87541.3.sbml.csv,Vaginal Commensal
1928,864.7037051100867,356.5905516123837,87541.3.sbml.csv,Vaginal Commensal
1929,1109.2687310204656,197.80257812665818,87541.3.sbml.csv,Vaginal Commensal
1930,-384.779410413998,538.5860018813439,87541.3.sbml.csv,Vaginal Commensal
1931,-46.7839516720429,998.3739519808765,87541.3.sbml.csv,Vaginal Commensal
1932,-244.8784544724747,850.9247870944738,87541.3.sbml.csv,Vaginal Commensal
1933,-2143.7954898451785,757.2839865508112,87541.3.sbml.csv,Vaginal Commensal
1934,105.4568603515577,1139.3466686753054,87541.3.sbml.csv,Vaginal Commensal
1935,564.1008007297854,948.2086040084577,87541.3.sbml.csv,Vaginal Commensal
1936,-581.3972206644838,408.3933779601414,87541.3.sbml.csv,Vaginal Commensal
1937,-974.1249856291485,405.21148807044045,87541.3.sbml.csv,Vaginal Commensal
1938,-1468.461333035657,1015.9479910463637,87541.3.sbml.csv,Vaginal Commensal
1939,1456.910240667614,-551.5439184751817,87541.3.sbml.csv,Vaginal Commensal
1940,-276.3920570945316,562.7004027816689,87541.3.sbml.csv,Vaginal Commensal
1941,173.8693195068466,1077.5581261181103,87541.3.sbml.csv,Vaginal Commensal
1942,-1750.5442683425972,610.5547671468905,87541.3.sbml.csv,Vaginal Commensal
1943,818.4994819108849,1062.4432458175036,87541.3.sbml.csv,Vaginal Commensal
1944,-411.4340528639558,401.121096032472,87541.3.sbml.csv,Vaginal Commensal
1945,-968.4580287055592,969.1924884031098,87541.3.sbml.csv,Vaginal Commensal
1946,-293.76619746418334,-135.40457573050668,87541.3.sbml.csv,Vaginal Commensal
1947,-1265.0864212512672,982.0256511497324,87541.3.sbml.csv,Vaginal Commensal
1948,561.071674683824,877.2447507556202,87541.3.sbml.csv,Vaginal Commensal
1949,213.44926324651232,-244.70611016668863,87541.3.sbml.csv,Vaginal Commensal
1950,-322.79466791445753,664.1935993722129,87541.3.sbml.csv,Vaginal Commensal
1951,-340.3612899130737,197.69982940282736,87541.3.sbml.csv,Vaginal Commensal
1952,201.19228514586675,43.258767613557325,87541.3.sbml.csv,Vaginal Commensal
1953,134.69621493434295,76.3189177939178,87541.3.sbml.csv,Vaginal Commensal
1954,242.92422332162826,313.93172853331373,87541.3.sbml.csv,Vaginal Commensal
1955,-983.3769573351882,742.5019719646724,87541.3.sbml.csv,Vaginal Commensal
1956,-1349.0926191786737,1176.9172608789463,87541.3.sbml.csv,Vaginal Commensal
1957,-408.7744081348282,269.1406566724255,87541.3.sbml.csv,Vaginal Commensal
1958,-1387.4481845705932,1023.2739360188258,87541.3.sbml.csv,Vaginal Commensal
1959,-980.457080265374,119.8914847674058,87541.3.sbml.csv,Vaginal Commensal
1960,-501.29370786460936,353.10518899410874,87541.3.sbml.csv,Vaginal Commensal
1961,-1286.992608535949,13.545495340381137,87541.3.sbml.csv,Vaginal Commensal
1962,-1691.7499103316636,876.843596418128,87541.3.sbml.csv,Vaginal Commensal
1963,280.63772265479145,200.21905209901672,87541.3.sbml.csv,Vaginal Commensal
1964,-466.5926990086647,712.4969151503891,87541.3.sbml.csv,Vaginal Commensal
1965,621.556585489712,723.0768832816435,87541.3.sbml.csv,Vaginal Commensal
1966,392.2130808973808,373.55087941174713,87541.3.sbml.csv,Vaginal Commensal
1967,-96.5399525244295,1068.564882165691,87541.3.sbml.csv,Vaginal Commensal
1968,-836.6192310496803,538.3731601957384,87541.3.sbml.csv,Vaginal Commensal
1969,378.7959551534374,639.3724680954282,87541.3.sbml.csv,Vaginal Commensal
1970,-1035.708734977481,919.5214332989067,87541.3.sbml.csv,Vaginal Commensal
1971,-631.9285802065415,562.6690978029269,87541.3.sbml.csv,Vaginal Commensal
1972,309.6458722726392,829.0291814722843,87541.3.sbml.csv,Vaginal Commensal
1973,-1300.5819560943396,1289.761922808486,87541.3.sbml.csv,Vaginal Commensal
1974,705.8654781124994,741.9997736508625,87541.3.sbml.csv,Vaginal Commensal
1975,-124.43767515910476,1.5745030058524345,87541.3.sbml.csv,Vaginal Commensal
1976,142.8464297992081,759.4664128297948,87541.3.sbml.csv,Vaginal Commensal
1977,-1985.6989783725282,1232.8282685326326,87541.3.sbml.csv,Vaginal Commensal
1978,-2652.3352403839235,1826.5662775645949,87541.3.sbml.csv,Vaginal Commensal
1979,306.3466552217231,859.1078516104359,87541.3.sbml.csv,Vaginal Commensal
1980,770.5711938671899,696.8627683794256,87541.3.sbml.csv,Vaginal Commensal
1981,-1328.4659860047648,1068.7043235086849,87541.3.sbml.csv,Vaginal Commensal
1982,989.593388777272,407.88487573066027,87541.3.sbml.csv,Vaginal Commensal
1983,-1151.1506684398141,842.5509793539865,87541.3.sbml.csv,Vaginal Commensal
1984,-1683.8535565438046,602.9604914790101,87541.3.sbml.csv,Vaginal Commensal
1985,-77.72086903392257,611.3784459801118,87541.3.sbml.csv,Vaginal Commensal
1986,640.7018826621247,-236.01731340444798,87541.3.sbml.csv,Vaginal Commensal
1987,-801.0533892486361,540.3323174893317,87541.3.sbml.csv,Vaginal Commensal
1988,458.05533450869666,-119.63176392851805,87541.3.sbml.csv,Vaginal Commensal
1989,-359.48394998264587,551.7520857431725,87541.3.sbml.csv,Vaginal Commensal
1990,-545.4402396288043,537.7515989569788,87541.3.sbml.csv,Vaginal Commensal
1991,203.09607437360978,138.43857854589405,87541.3.sbml.csv,Vaginal Commensal
1992,2178.1834144832055,481.00989885474763,87541.3.sbml.csv,Vaginal Commensal
1993,-1720.1603172118223,1197.309506011135,87541.3.sbml.csv,Vaginal Commensal
1994,-1001.2151206908751,457.4862705051969,87541.3.sbml.csv,Vaginal Commensal
1995,-1423.1092579192775,213.90965952087208,87541.3.sbml.csv,Vaginal Commensal
1996,836.0282235715342,138.24841978460475,87541.3.sbml.csv,Vaginal Commensal
1997,341.6758280250961,15.651618403144626,87541.3.sbml.csv,Vaginal Commensal
1998,-13.790203780919196,986.0700600231944,87541.3.sbml.csv,Vaginal Commensal
1999,-497.11337566650855,181.67932372474263,87541.3.sbml.csv,Vaginal Commensal
2000,-2193.478738718367,-513.9503706188663,568703.30.sbml.csv,Vaginal Probiotic
2001,-291.7718647427719,-981.5502774586665,568703.30.sbml.csv,Vaginal Probiotic
2002,-1542.3161413542828,-1015.1887017722813,568703.30.sbml.csv,Vaginal Probiotic
2003,-333.43445925248864,-569.8287157587554,568703.30.sbml.csv,Vaginal Probiotic
2004,-768.089480150141,-410.43526046566205,568703.30.sbml.csv,Vaginal Probiotic
2005,71.23206115849918,-1852.3523197974437,568703.30.sbml.csv,Vaginal Probiotic
2006,-1257.8011411065759,-987.9838817533075,568703.30.sbml.csv,Vaginal Probiotic
2007,-1759.330334730565,378.97962346829166,568703.30.sbml.csv,Vaginal Probiotic
2008,-917.489215924226,-832.2194108787113,568703.30.sbml.csv,Vaginal Probiotic
2009,-397.55068315469174,-2405.7185744620606,568703.30.sbml.csv,Vaginal Probiotic
2010,141.86045915735028,120.1410893597867,568703.30.sbml.csv,Vaginal Probiotic
2011,-1483.5047136634212,-40.198955441990464,568703.30.sbml.csv,Vaginal Probiotic
2012,349.0123444727644,-35.893604526246385,568703.30.sbml.csv,Vaginal Probiotic
2013,-1869.542180958313,-361.4637344716104,568703.30.sbml.csv,Vaginal Probiotic
2014,-776.4897018672804,-1121.899741631294,568703.30.sbml.csv,Vaginal Probiotic
2015,-1968.7158250253067,-1869.1756957752427,568703.30.sbml.csv,Vaginal Probiotic
2016,212.1500372684752,-1227.5029247021089,568703.30.sbml.csv,Vaginal Probiotic
2017,-502.5075711292892,-302.5653843813378,568703.30.sbml.csv,Vaginal Probiotic
2018,1179.7701821794728,-668.5380483126303,568703.30.sbml.csv,Vaginal Probiotic
2019,330.5793301830647,-532.2056951975351,568703.30.sbml.csv,Vaginal Probiotic
2020,-48.030775593994825,-49.92185796969555,568703.30.sbml.csv,Vaginal Probiotic
2021,-716.2208067836376,-1360.2931442749295,568703.30.sbml.csv,Vaginal Probiotic
2022,-98.2780334896327,-1281.007717496438,568703.30.sbml.csv,Vaginal Probiotic
2023,575.1472523734598,-977.4381886016309,568703.30.sbml.csv,Vaginal Probiotic
2024,-942.2179008553359,-1479.2491486473823,568703.30.sbml.csv,Vaginal Probiotic
2025,-146.90228066714215,-186.9555056282095,568703.30.sbml.csv,Vaginal Probiotic
2026,-507.9542795291393,-160.76910841027757,568703.30.sbml.csv,Vaginal Probiotic
2027,-640.9020066094324,-188.76899223418735,568703.30.sbml.csv,Vaginal Probiotic
2028,-1220.6936664152124,-980.69759986319,568703.30.sbml.csv,Vaginal Probiotic
2029,-712.104959156058,-2123.062743854231,568703.30.sbml.csv,Vaginal Probiotic
2030,-1005.5080243801573,-509.949361202585,568703.30.sbml.csv,Vaginal Probiotic
2031,-1487.6333098597863,-479.12125057973304,568703.30.sbml.csv,Vaginal Probiotic
2032,-2862.5757060650185,566.7627957026336,568703.30.sbml.csv,Vaginal Probiotic
2033,-1365.6321106566336,-988.3842810615538,568703.30.sbml.csv,Vaginal Probiotic
2034,-151.89966223943048,-815.6530302026731,568703.30.sbml.csv,Vaginal Probiotic
2035,946.4312874728956,-671.4135379859869,568703.30.sbml.csv,Vaginal Probiotic
2036,2286.720822392114,-826.9832985207271,568703.30.sbml.csv,Vaginal Probiotic
2037,-987.5590780879294,-1323.847870526024,568703.30.sbml.csv,Vaginal Probiotic
2038,-903.2695320134911,-1568.979741091607,568703.30.sbml.csv,Vaginal Probiotic
2039,-1987.3229770113658,-734.3863949659536,568703.30.sbml.csv,Vaginal Probiotic
2040,-627.8175608502096,-1939.0475687810708,568703.30.sbml.csv,Vaginal Probiotic
2041,-868.08520875191,-338.09278854665763,568703.30.sbml.csv,Vaginal Probiotic
2042,-622.4991596638696,-518.2892709543257,568703.30.sbml.csv,Vaginal Probiotic
2043,670.9638547525817,-895.6574432754026,568703.30.sbml.csv,Vaginal Probiotic
2044,-1055.2000571142837,-1222.25273962635,568703.30.sbml.csv,Vaginal Probiotic
2045,-1949.4832348130903,259.0199609713415,568703.30.sbml.csv,Vaginal Probiotic
2046,-1092.8757008934385,-1489.779027753343,568703.30.sbml.csv,Vaginal Probiotic
2047,-1593.5476510257952,135.63505703280194,568703.30.sbml.csv,Vaginal Probiotic
2048,-755.6887670951508,-1907.7770665668108,568703.30.sbml.csv,Vaginal Probiotic
2049,-1648.9640062146748,-498.680627232816,568703.30.sbml.csv,Vaginal Probiotic
2050,-1125.8291955450318,-406.3572766817374,568703.30.sbml.csv,Vaginal Probiotic
2051,-318.91371085127366,-1165.9250886828338,568703.30.sbml.csv,Vaginal Probiotic
2052,-847.9275988442431,-161.61784721908336,568703.30.sbml.csv,Vaginal Probiotic
2053,-1692.5425376925532,381.4929117663722,568703.30.sbml.csv,Vaginal Probiotic
2054,-683.242286225047,-237.84944308720816,568703.30.sbml.csv,Vaginal Probiotic
2055,-295.8779851751578,-71.8900906436573,568703.30.sbml.csv,Vaginal Probiotic
2056,-684.5816500800186,-735.9778281102568,568703.30.sbml.csv,Vaginal Probiotic
2057,507.8772083892218,-992.5510790853068,568703.30.sbml.csv,Vaginal Probiotic
2058,-1033.8696591513071,-1175.2748288296373,568703.30.sbml.csv,Vaginal Probiotic
2059,176.38475062723344,-1943.6073179946718,568703.30.sbml.csv,Vaginal Probiotic
2060,-1272.2257441640122,-1719.9676612338587,568703.30.sbml.csv,Vaginal Probiotic
2061,-2547.4644097616588,422.4421673553082,568703.30.sbml.csv,Vaginal Probiotic
2062,-1645.8180866685534,520.8751299800199,568703.30.sbml.csv,Vaginal Probiotic
2063,-836.1742414396297,-534.0728665140911,568703.30.sbml.csv,Vaginal Probiotic
2064,-1036.431727656972,-525.6389425707691,568703.30.sbml.csv,Vaginal Probiotic
2065,-2966.9006420067085,-237.03283218861696,568703.30.sbml.csv,Vaginal Probiotic
2066,-1408.7776900241686,-1396.7689827158972,568703.30.sbml.csv,Vaginal Probiotic
2067,-1937.19137837429,-1324.958059068257,568703.30.sbml.csv,Vaginal Probiotic
2068,-1617.1178071371749,-791.9763440427179,568703.30.sbml.csv,Vaginal Probiotic
2069,-859.2537285384587,-1695.7574169109992,568703.30.sbml.csv,Vaginal Probiotic
2070,-2058.878196402588,-1110.1316222466776,568703.30.sbml.csv,Vaginal Probiotic
2071,103.48404956031241,-1053.5836823498385,568703.30.sbml.csv,Vaginal Probiotic
2072,-862.4109705947011,-819.368490328999,568703.30.sbml.csv,Vaginal Probiotic
2073,-1270.716420565532,-1533.8079024585265,568703.30.sbml.csv,Vaginal Probiotic
2074,-627.6003533418666,-1624.3867377927477,568703.30.sbml.csv,Vaginal Probiotic
2075,-2893.968543190621,-719.421489899639,568703.30.sbml.csv,Vaginal Probiotic
2076,-989.9021107439996,-662.835024406978,568703.30.sbml.csv,Vaginal Probiotic
2077,-1285.8457094971088,-1070.4470815997215,568703.30.sbml.csv,Vaginal Probiotic
2078,-1007.5820016891154,-1180.86241488592,568703.30.sbml.csv,Vaginal Probiotic
2079,-1306.6205769930398,-1183.3359520649535,568703.30.sbml.csv,Vaginal Probiotic
2080,-142.33776753547033,-601.5194953088018,568703.30.sbml.csv,Vaginal Probiotic
2081,-980.9252302444737,-485.64711557742214,568703.30.sbml.csv,Vaginal Probiotic
2082,1041.5259767915495,-1054.4944098257556,568703.30.sbml.csv,Vaginal Probiotic
2083,-934.6935566461086,-472.3049353352568,568703.30.sbml.csv,Vaginal Probiotic
2084,-2283.827973915201,-473.08086050784095,568703.30.sbml.csv,Vaginal Probiotic
2085,-901.7322354127673,-570.138045745429,568703.30.sbml.csv,Vaginal Probiotic
2086,-1967.4742875067252,-1256.4545406186783,568703.30.sbml.csv,Vaginal Probiotic
2087,163.24617081148452,-935.9907406773887,568703.30.sbml.csv,Vaginal Probiotic
2088,-1275.7070576764947,1032.8399699211054,568703.30.sbml.csv,Vaginal Probiotic
2089,-2416.4456033381543,-1434.4459866350667,568703.30.sbml.csv,Vaginal Probiotic
2090,1295.4313789347577,-1428.860168980526,568703.30.sbml.csv,Vaginal Probiotic
2091,-1077.193570216885,-1540.690801681817,568703.30.sbml.csv,Vaginal Probiotic
2092,-2568.544165966183,-401.08436346260504,568703.30.sbml.csv,Vaginal Probiotic
2093,-987.3849120755793,-1853.8915985966703,568703.30.sbml.csv,Vaginal Probiotic
2094,-121.1319455080161,-1761.8461685582752,568703.30.sbml.csv,Vaginal Probiotic
2095,-1566.1172390971162,1083.4640902115855,568703.30.sbml.csv,Vaginal Probiotic
2096,-414.02320218523226,-836.7909175266547,568703.30.sbml.csv,Vaginal Probiotic
2097,-47.74749726784157,-1965.079750140286,568703.30.sbml.csv,Vaginal Probiotic
2098,270.1358801905753,-1027.7683357341123,568703.30.sbml.csv,Vaginal Probiotic
2099,-2060.6131697457686,55.54639543603944,568703.30.sbml.csv,Vaginal Probiotic
2100,-314.5272147375053,-374.79279232254686,568703.30.sbml.csv,Vaginal Probiotic
2101,538.83894983906,-1411.66829831435,568703.30.sbml.csv,Vaginal Probiotic
2102,951.3823735478985,-962.761188271679,568703.30.sbml.csv,Vaginal Probiotic
2103,-1338.5833990029464,-1265.399698286029,568703.30.sbml.csv,Vaginal Probiotic
2104,586.6222720452336,-940.6436013356454,568703.30.sbml.csv,Vaginal Probiotic
2105,914.314330142145,-2074.5196660891306,568703.30.sbml.csv,Vaginal Probiotic
2106,826.2041538388494,-1761.5729654633035,568703.30.sbml.csv,Vaginal Probiotic
2107,-1777.6527617516772,-156.62944863662204,568703.30.sbml.csv,Vaginal Probiotic
2108,1148.1147875013278,-1373.7466434043483,568703.30.sbml.csv,Vaginal Probiotic
2109,-732.5970619654851,-937.0997042354292,568703.30.sbml.csv,Vaginal Probiotic
2110,-2018.8882922209987,-1149.124618225662,568703.30.sbml.csv,Vaginal Probiotic
2111,-1331.9276164851135,-419.0685460035235,568703.30.sbml.csv,Vaginal Probiotic
2112,-1614.7243015587894,-890.7193156075828,568703.30.sbml.csv,Vaginal Probiotic
2113,-1205.7657543809125,-1137.820346418237,568703.30.sbml.csv,Vaginal Probiotic
2114,-1997.1261058247396,-174.7183924994094,568703.30.sbml.csv,Vaginal Probiotic
2115,-943.287239186137,144.5806606901102,568703.30.sbml.csv,Vaginal Probiotic
2116,-437.8980254828493,-1776.9477979139804,568703.30.sbml.csv,Vaginal Probiotic
2117,-2252.781427719193,-2472.2575650622593,568703.30.sbml.csv,Vaginal Probiotic
2118,-39.57389079892166,-927.0640961861145,568703.30.sbml.csv,Vaginal Probiotic
2119,-378.3641511335082,-1607.4585681252206,568703.30.sbml.csv,Vaginal Probiotic
2120,137.46231314216564,-1716.969642942788,568703.30.sbml.csv,Vaginal Probiotic
2121,1214.5701081563755,-397.69081105665236,568703.30.sbml.csv,Vaginal Probiotic
2122,-202.75310124586312,-57.32796561385806,568703.30.sbml.csv,Vaginal Probiotic
2123,-360.2876676886934,-205.7893675822835,568703.30.sbml.csv,Vaginal Probiotic
2124,34.27955365484423,-821.4388443643305,568703.30.sbml.csv,Vaginal Probiotic
2125,252.5603242074134,-427.02568492401997,568703.30.sbml.csv,Vaginal Probiotic
2126,-581.4714944532508,-906.4911837580205,568703.30.sbml.csv,Vaginal Probiotic
2127,-1961.6783575276636,-499.8304160906061,568703.30.sbml.csv,Vaginal Probiotic
2128,-577.5166853323395,-2075.0133242623133,568703.30.sbml.csv,Vaginal Probiotic
2129,-661.1517013849611,-1176.2647694602215,568703.30.sbml.csv,Vaginal Probiotic
2130,94.63238883271104,-1356.0041032528595,568703.30.sbml.csv,Vaginal Probiotic
2131,-1315.0508862946785,-448.88030009159735,568703.30.sbml.csv,Vaginal Probiotic
2132,-803.6450437821693,-771.1951962055895,568703.30.sbml.csv,Vaginal Probiotic
2133,55.03411764719898,-1274.2994907210625,568703.30.sbml.csv,Vaginal Probiotic
2134,-1361.1351843054513,216.29627723851777,568703.30.sbml.csv,Vaginal Probiotic
2135,-1471.2869621194636,-1089.4831117738618,568703.30.sbml.csv,Vaginal Probiotic
2136,-768.2881363218045,-2024.2017375720186,568703.30.sbml.csv,Vaginal Probiotic
2137,-1709.096189077621,117.73143215799992,568703.30.sbml.csv,Vaginal Probiotic
2138,460.929920531568,-2124.2665366481515,568703.30.sbml.csv,Vaginal Probiotic
2139,-45.37057499486059,-1336.6268605885025,568703.30.sbml.csv,Vaginal Probiotic
2140,-1014.6385204662691,-1114.4637389008262,568703.30.sbml.csv,Vaginal Probiotic
2141,-416.56357071813,-759.1760045436414,568703.30.sbml.csv,Vaginal Probiotic
2142,-1345.9834909706387,-1438.0933248480835,568703.30.sbml.csv,Vaginal Probiotic
2143,-1940.3391685232411,-700.7116936816103,568703.30.sbml.csv,Vaginal Probiotic
2144,-831.5118066398604,-885.456737789805,568703.30.sbml.csv,Vaginal Probiotic
2145,2075.9365432241434,-1117.4082061790182,568703.30.sbml.csv,Vaginal Probiotic
2146,-534.5500736560331,-1741.0722883405701,568703.30.sbml.csv,Vaginal Probiotic
2147,549.9422831528302,-2032.0544761791157,568703.30.sbml.csv,Vaginal Probiotic
2148,366.24490352307686,-1105.8940187865835,568703.30.sbml.csv,Vaginal Probiotic
2149,22.662355606159412,-871.9885319643578,568703.30.sbml.csv,Vaginal Probiotic
2150,-23.18264287358694,-825.9367951920385,568703.30.sbml.csv,Vaginal Probiotic
2151,-1266.551996740253,87.93691982654057,568703.30.sbml.csv,Vaginal Probiotic
2152,893.1650903966621,-1374.722209018394,568703.30.sbml.csv,Vaginal Probiotic
2153,-1765.8116762022012,-199.41653473947906,568703.30.sbml.csv,Vaginal Probiotic
2154,-861.4003833782475,483.018092829056,568703.30.sbml.csv,Vaginal Probiotic
2155,-712.2274410993842,-651.9226604561003,568703.30.sbml.csv,Vaginal Probiotic
2156,-233.61749657408689,-950.1039446184757,568703.30.sbml.csv,Vaginal Probiotic
2157,-1220.921131844538,-847.2925184174782,568703.30.sbml.csv,Vaginal Probiotic
2158,-948.5188196352603,-1305.304307648462,568703.30.sbml.csv,Vaginal Probiotic
2159,511.8211481717454,180.82224370537327,568703.30.sbml.csv,Vaginal Probiotic
2160,-1649.6957620954524,351.8048293147512,568703.30.sbml.csv,Vaginal Probiotic
2161,-1682.592134763738,-1378.6519033984089,568703.30.sbml.csv,Vaginal Probiotic
2162,293.98917963138297,-693.2444953153276,568703.30.sbml.csv,Vaginal Probiotic
2163,-1069.3382367952076,-942.280490991812,568703.30.sbml.csv,Vaginal Probiotic
2164,559.2174030810219,-2059.314067286313,568703.30.sbml.csv,Vaginal Probiotic
2165,-1873.6135081397913,-896.6920181774724,568703.30.sbml.csv,Vaginal Probiotic
2166,-840.3027129675062,-2142.688914351885,568703.30.sbml.csv,Vaginal Probiotic
2167,-1296.7557290561922,-1901.6311970157985,568703.30.sbml.csv,Vaginal Probiotic
2168,13.422889252263136,-860.158015764576,568703.30.sbml.csv,Vaginal Probiotic
2169,-341.73957691999726,74.02591631612437,568703.30.sbml.csv,Vaginal Probiotic
2170,-2259.3405247735705,-293.2153624073716,568703.30.sbml.csv,Vaginal Probiotic
2171,-211.581863140704,-1033.0529977626736,568703.30.sbml.csv,Vaginal Probiotic
2172,-1491.947721633389,-959.218589360559,568703.30.sbml.csv,Vaginal Probiotic
2173,708.021579955809,-1740.7586547341607,568703.30.sbml.csv,Vaginal Probiotic
2174,-902.636691523359,315.6424161413256,568703.30.sbml.csv,Vaginal Probiotic
2175,39.189040279737746,67.70006310898677,568703.30.sbml.csv,Vaginal Probiotic
2176,-540.9660358487895,686.9631212153728,568703.30.sbml.csv,Vaginal Probiotic
2177,-487.53509045120086,-1192.2602154543652,568703.30.sbml.csv,Vaginal Probiotic
2178,370.32038722844976,-1497.7280435576781,568703.30.sbml.csv,Vaginal Probiotic
2179,573.4313824178623,-693.0413289154855,568703.30.sbml.csv,Vaginal Probiotic
2180,-405.92571445635156,-55.16709167229791,568703.30.sbml.csv,Vaginal Probiotic
2181,-1198.5700603067764,-621.525131452404,568703.30.sbml.csv,Vaginal Probiotic
2182,914.5449620545587,-1550.9171836546923,568703.30.sbml.csv,Vaginal Probiotic
2183,-908.6739560346366,-1447.8209173095654,568703.30.sbml.csv,Vaginal Probiotic
2184,-495.6077164180368,-1890.2731668545332,568703.30.sbml.csv,Vaginal Probiotic
2185,298.0864424783917,-1434.5953057862018,568703.30.sbml.csv,Vaginal Probiotic
2186,-1856.780469075873,-743.7245981660291,568703.30.sbml.csv,Vaginal Probiotic
2187,-432.12773703733313,-654.6284797184765,568703.30.sbml.csv,Vaginal Probiotic
2188,80.90764879682739,-1514.0812436743502,568703.30.sbml.csv,Vaginal Probiotic
2189,-229.28275250814536,-1548.2545097101317,568703.30.sbml.csv,Vaginal Probiotic
2190,-1169.8401448096274,-1055.6978157893589,568703.30.sbml.csv,Vaginal Probiotic
2191,-1598.9720301315563,-1700.940636583494,568703.30.sbml.csv,Vaginal Probiotic
2192,-846.72961339754,-1682.7979603686447,568703.30.sbml.csv,Vaginal Probiotic
2193,-2087.2849558970556,-1509.7697441938212,568703.30.sbml.csv,Vaginal Probiotic
2194,-1299.4148167120534,-625.5898457855538,568703.30.sbml.csv,Vaginal Probiotic
2195,-1669.953557141473,-1547.9582720227038,568703.30.sbml.csv,Vaginal Probiotic
2196,-1301.8397999957722,-1153.4298624031849,568703.30.sbml.csv,Vaginal Probiotic
2197,-858.6219083655787,-1651.617019684968,568703.30.sbml.csv,Vaginal Probiotic
2198,-1211.6570262310595,-675.5508861822497,568703.30.sbml.csv,Vaginal Probiotic
2199,-1470.9703673549245,-1532.468012304058,568703.30.sbml.csv,Vaginal Probiotic
2200,-1587.0676533849264,-73.1098139183312,568703.30.sbml.csv,Vaginal Probiotic
2201,-1817.8514806762007,-308.1530864596859,568703.30.sbml.csv,Vaginal Probiotic
2202,-684.4974823848044,-82.7282759647213,568703.30.sbml.csv,Vaginal Probiotic
2203,492.6728617130648,-993.6684480058357,568703.30.sbml.csv,Vaginal Probiotic
2204,-1828.6164332840583,-708.7250005448925,568703.30.sbml.csv,Vaginal Probiotic
2205,-1826.0347736683216,-1133.4267945266045,568703.30.sbml.csv,Vaginal Probiotic
2206,1205.5569762426856,-728.7559911228715,568703.30.sbml.csv,Vaginal Probiotic
2207,-1536.1662722297408,-223.99839625150761,568703.30.sbml.csv,Vaginal Probiotic
2208,-1246.592857754286,279.4847779252993,568703.30.sbml.csv,Vaginal Probiotic
2209,685.657062434572,-1282.9971725213952,568703.30.sbml.csv,Vaginal Probiotic
2210,-236.47593008932094,-363.69289324787644,568703.30.sbml.csv,Vaginal Probiotic
2211,-1083.8703750490326,-413.74282146141024,568703.30.sbml.csv,Vaginal Probiotic
2212,-453.85942116294706,-933.7776609243388,568703.30.sbml.csv,Vaginal Probiotic
2213,-1125.9378001000534,-911.2714816364247,568703.30.sbml.csv,Vaginal Probiotic
2214,-2292.836046743001,-127.20396105409777,568703.30.sbml.csv,Vaginal Probiotic
2215,-1572.7545559539974,-131.43181352816939,568703.30.sbml.csv,Vaginal Probiotic
2216,418.975546264401,-383.7440036515573,568703.30.sbml.csv,Vaginal Probiotic
2217,-1227.2755760924429,-894.4167402176865,568703.30.sbml.csv,Vaginal Probiotic
2218,-456.9551852355912,-1353.6198045825379,568703.30.sbml.csv,Vaginal Probiotic
2219,-944.4049313610986,-787.557053421682,568703.30.sbml.csv,Vaginal Probiotic
2220,-1531.9744488022945,-1000.6134200275852,568703.30.sbml.csv,Vaginal Probiotic
2221,-1368.0624812301,-1204.755421573736,568703.30.sbml.csv,Vaginal Probiotic
2222,-464.48370410091127,511.63201112522887,568703.30.sbml.csv,Vaginal Probiotic
2223,-1359.6066490259793,-1604.4698248218083,568703.30.sbml.csv,Vaginal Probiotic
2224,1127.1271701481367,-416.6492258009898,568703.30.sbml.csv,Vaginal Probiotic
2225,-729.3758142615759,-1277.675365071823,568703.30.sbml.csv,Vaginal Probiotic
2226,-2317.161078148219,342.2946545718817,568703.30.sbml.csv,Vaginal Probiotic
2227,645.9826289223907,-337.6475105918464,568703.30.sbml.csv,Vaginal Probiotic
2228,-648.8679500631442,-702.3110677822056,568703.30.sbml.csv,Vaginal Probiotic
2229,-72.70044133238208,-1301.312856052871,568703.30.sbml.csv,Vaginal Probiotic
2230,-1243.8840241484281,-1133.4262403783803,568703.30.sbml.csv,Vaginal Probiotic
2231,950.6221793444046,-2083.1367346151665,568703.30.sbml.csv,Vaginal Probiotic
2232,-67.62193264657002,-513.2890044862633,568703.30.sbml.csv,Vaginal Probiotic
2233,-274.5057855310873,-234.37423350846186,568703.30.sbml.csv,Vaginal Probiotic
2234,-1939.047096795523,-626.3974581957223,568703.30.sbml.csv,Vaginal Probiotic
2235,-82.27032737943581,272.26045313587923,568703.30.sbml.csv,Vaginal Probiotic
2236,412.53353469205337,-1036.4387935328944,568703.30.sbml.csv,Vaginal Probiotic
2237,-1570.0058517687542,-1126.98811765169,568703.30.sbml.csv,Vaginal Probiotic
2238,-389.4493037237429,-998.4921894246644,568703.30.sbml.csv,Vaginal Probiotic
2239,-2242.8698582808893,-939.4297789666072,568703.30.sbml.csv,Vaginal Probiotic
2240,-1137.9898684463226,335.7481884552404,568703.30.sbml.csv,Vaginal Probiotic
2241,-1154.27031036158,-1253.500201264862,568703.30.sbml.csv,Vaginal Probiotic
2242,-486.8846770500724,473.2007172004299,568703.30.sbml.csv,Vaginal Probiotic
2243,-467.89830706248716,-1093.1511112696833,568703.30.sbml.csv,Vaginal Probiotic
2244,173.27055527527716,-1045.9766839152933,568703.30.sbml.csv,Vaginal Probiotic
2245,-870.1024732237073,-691.2016657629777,568703.30.sbml.csv,Vaginal Probiotic
2246,-1351.4785955109096,-863.750278323703,568703.30.sbml.csv,Vaginal Probiotic
2247,-2024.725047826907,-597.1940978560314,568703.30.sbml.csv,Vaginal Probiotic
2248,-430.7242895935045,-1082.6241724594718,568703.30.sbml.csv,Vaginal Probiotic
2249,923.9594287380448,-820.1165992123572,568703.30.sbml.csv,Vaginal Probiotic
2250,636.992355323574,-1818.1032405748647,1075106.4.sbml.csv,Vaginal Probiotic
2251,-1800.2633584264738,-2725.4276332395507,1075106.4.sbml.csv,Vaginal Probiotic
2252,-1742.0557533575027,-1399.2950780064289,1075106.4.sbml.csv,Vaginal Probiotic
2253,-65.48924058814364,-1421.7623701480165,1075106.4.sbml.csv,Vaginal Probiotic
2254,-200.760317475004,-3042.63853646002,1075106.4.sbml.csv,Vaginal Probiotic
2255,392.53424706844146,-2353.6858990755927,1075106.4.sbml.csv,Vaginal Probiotic
2256,-1724.0323307506142,-2487.5044469611935,1075106.4.sbml.csv,Vaginal Probiotic
2257,-601.5194230869176,-2371.8362573087697,1075106.4.sbml.csv,Vaginal Probiotic
2258,238.7574168806281,-2817.9772316770595,1075106.4.sbml.csv,Vaginal Probiotic
2259,-2119.8447303482794,-2050.4655033822164,1075106.4.sbml.csv,Vaginal Probiotic
2260,486.0551767686125,-2022.2946330844015,1075106.4.sbml.csv,Vaginal Probiotic
2261,-458.21423645688026,-1808.4328817302212,1075106.4.sbml.csv,Vaginal Probiotic
2262,-381.3231623501749,-1498.1684167201897,1075106.4.sbml.csv,Vaginal Probiotic
2263,-1093.6172367052488,-1295.1680704641042,1075106.4.sbml.csv,Vaginal Probiotic
2264,38.862749899936745,-2266.2342875644676,1075106.4.sbml.csv,Vaginal Probiotic
2265,152.42288056385544,-2703.9696424511917,1075106.4.sbml.csv,Vaginal Probiotic
2266,-1215.6433015538278,-2481.44869683279,1075106.4.sbml.csv,Vaginal Probiotic
2267,652.1233556658304,-2079.2058553298766,1075106.4.sbml.csv,Vaginal Probiotic
2268,-733.1476841082493,-1728.2042943889383,1075106.4.sbml.csv,Vaginal Probiotic
2269,-622.5821104134353,-1398.8409180264657,1075106.4.sbml.csv,Vaginal Probiotic
2270,-197.73242614030076,-1610.5125625151957,1075106.4.sbml.csv,Vaginal Probiotic
2271,-218.86723518586965,-1917.9704398936979,1075106.4.sbml.csv,Vaginal Probiotic
2272,-1235.2160374070913,-2526.4510937720593,1075106.4.sbml.csv,Vaginal Probiotic
2273,-180.280480526857,-1841.4701152025712,1075106.4.sbml.csv,Vaginal Probiotic
2274,-81.15709839895551,-2679.8831687755924,1075106.4.sbml.csv,Vaginal Probiotic
2275,-2492.9404636405884,-735.6086755406916,1075106.4.sbml.csv,Vaginal Probiotic
2276,-775.2864067657973,-1551.2463314891286,1075106.4.sbml.csv,Vaginal Probiotic
2277,-1148.415556018436,-2042.9382287661367,1075106.4.sbml.csv,Vaginal Probiotic
2278,-830.0516154080431,-1682.3642537148808,1075106.4.sbml.csv,Vaginal Probiotic
2279,497.2096755340756,-1208.5322986804633,1075106.4.sbml.csv,Vaginal Probiotic
2280,648.3458943100103,-2017.09545126543,1075106.4.sbml.csv,Vaginal Probiotic
2281,-169.92896030218338,-1947.288718068022,1075106.4.sbml.csv,Vaginal Probiotic
2282,-569.5484999418785,-794.4789174142974,1075106.4.sbml.csv,Vaginal Probiotic
2283,343.67426424457125,-1119.1163311309417,1075106.4.sbml.csv,Vaginal Probiotic
2284,-1249.3645244508925,-519.13041270793,1075106.4.sbml.csv,Vaginal Probiotic
2285,-1452.4919928461204,-2185.1769533849188,1075106.4.sbml.csv,Vaginal Probiotic
2286,-441.85709285625916,-2540.596564522646,1075106.4.sbml.csv,Vaginal Probiotic
2287,-1282.4184713689078,-1690.7478594740694,1075106.4.sbml.csv,Vaginal Probiotic
2288,-1165.7334459903211,-1529.5531025110502,1075106.4.sbml.csv,Vaginal Probiotic
2289,-1307.9582047758295,-958.4394833883491,1075106.4.sbml.csv,Vaginal Probiotic
2290,341.0633732748944,-2491.0070443283903,1075106.4.sbml.csv,Vaginal Probiotic
2291,-1401.3517939718843,-912.8091684047757,1075106.4.sbml.csv,Vaginal Probiotic
2292,-402.4853970512038,-2408.5219186437666,1075106.4.sbml.csv,Vaginal Probiotic
2293,706.3838305029005,-2217.475803122244,1075106.4.sbml.csv,Vaginal Probiotic
2294,-1673.0697080641917,-2417.430496483026,1075106.4.sbml.csv,Vaginal Probiotic
2295,-645.2117083673826,-1722.580517677241,1075106.4.sbml.csv,Vaginal Probiotic
2296,996.6957435694314,-1815.654108108223,1075106.4.sbml.csv,Vaginal Probiotic
2297,1043.7407558883328,-2881.2193712608955,1075106.4.sbml.csv,Vaginal Probiotic
2298,-1850.1857938502167,-582.2182679661922,1075106.4.sbml.csv,Vaginal Probiotic
2299,-1395.9986418381554,-2602.401834081496,1075106.4.sbml.csv,Vaginal Probiotic
2300,-632.2338692228248,-1568.0376927995762,1075106.4.sbml.csv,Vaginal Probiotic
2301,-1362.5740989064825,-2568.8958993431456,1075106.4.sbml.csv,Vaginal Probiotic
2302,1216.4256332318926,-1184.9590359614847,1075106.4.sbml.csv,Vaginal Probiotic
2303,-1383.6738372609425,-2944.1878310799557,1075106.4.sbml.csv,Vaginal Probiotic
2304,-155.47729921851118,-2045.0096279794755,1075106.4.sbml.csv,Vaginal Probiotic
2305,-519.1729220861359,-2707.1058151794587,1075106.4.sbml.csv,Vaginal Probiotic
2306,-1229.1247638282516,-1473.7096854547667,1075106.4.sbml.csv,Vaginal Probiotic
2307,-1545.1468088624094,-1243.552256628124,1075106.4.sbml.csv,Vaginal Probiotic
2308,-366.15475538197353,-3091.133012660527,1075106.4.sbml.csv,Vaginal Probiotic
2309,-732.9595096423274,-2051.9285294847195,1075106.4.sbml.csv,Vaginal Probiotic
2310,-1334.38331104649,-2229.85744101469,1075106.4.sbml.csv,Vaginal Probiotic
2311,-264.3163772141569,-1282.2155710633588,1075106.4.sbml.csv,Vaginal Probiotic
2312,-594.059433768296,-2996.613072825199,1075106.4.sbml.csv,Vaginal Probiotic
2313,-1948.5653275980167,-1421.7073489661839,1075106.4.sbml.csv,Vaginal Probiotic
2314,-711.4990051032628,-1736.5532603657064,1075106.4.sbml.csv,Vaginal Probiotic
2315,-710.16437283939,-1174.9163695279258,1075106.4.sbml.csv,Vaginal Probiotic
2316,-1184.3167182721215,-2134.818090909459,1075106.4.sbml.csv,Vaginal Probiotic
2317,-235.5798317756303,-1813.5937803492031,1075106.4.sbml.csv,Vaginal Probiotic
2318,-733.4712435109892,-2761.50107480156,1075106.4.sbml.csv,Vaginal Probiotic
2319,1374.8319262961566,-2767.951851621213,1075106.4.sbml.csv,Vaginal Probiotic
2320,-665.8541254030496,-2606.7624315911585,1075106.4.sbml.csv,Vaginal Probiotic
2321,-639.0892649677629,-1439.960804635205,1075106.4.sbml.csv,Vaginal Probiotic
2322,-598.3247018724545,-2203.9789646210975,1075106.4.sbml.csv,Vaginal Probiotic
2323,-2115.166453719696,-2188.8437180585765,1075106.4.sbml.csv,Vaginal Probiotic
2324,-210.53781774269513,-2419.46467323015,1075106.4.sbml.csv,Vaginal Probiotic
2325,53.961870737052685,-2651.0371315941425,1075106.4.sbml.csv,Vaginal Probiotic
2326,72.7582080245751,-2274.183540531465,1075106.4.sbml.csv,Vaginal Probiotic
2327,-1489.3775935179892,-2383.446312978569,1075106.4.sbml.csv,Vaginal Probiotic
2328,466.32136573814785,-1504.5221084786208,1075106.4.sbml.csv,Vaginal Probiotic
2329,-73.81942521575907,-2306.4011572831787,1075106.4.sbml.csv,Vaginal Probiotic
2330,-528.3700623594995,-2630.4380194191826,1075106.4.sbml.csv,Vaginal Probiotic
2331,-1090.3110667999683,-2659.071338668743,1075106.4.sbml.csv,Vaginal Probiotic
2332,-666.6693481906398,-2215.0133012564133,1075106.4.sbml.csv,Vaginal Probiotic
2333,-436.27995512915203,-2455.235000419338,1075106.4.sbml.csv,Vaginal Probiotic
2334,-1091.6080170149344,-2117.5072457763904,1075106.4.sbml.csv,Vaginal Probiotic
2335,-1906.1258025821494,-2106.7079634365214,1075106.4.sbml.csv,Vaginal Probiotic
2336,-189.8965911566542,-1629.8659377051692,1075106.4.sbml.csv,Vaginal Probiotic
2337,-1297.9845047261822,-1910.8985819503155,1075106.4.sbml.csv,Vaginal Probiotic
2338,-391.767390679663,-2350.790355078465,1075106.4.sbml.csv,Vaginal Probiotic
2339,-811.2511673075859,-1700.0329331162939,1075106.4.sbml.csv,Vaginal Probiotic
2340,-922.1539741350929,-2367.0073399776256,1075106.4.sbml.csv,Vaginal Probiotic
2341,-1520.0930289969465,-2287.268628981905,1075106.4.sbml.csv,Vaginal Probiotic
2342,662.7320800993399,-1081.2798879681707,1075106.4.sbml.csv,Vaginal Probiotic
2343,1408.4036293838515,-1748.5034202614618,1075106.4.sbml.csv,Vaginal Probiotic
2344,-1385.3229079602716,-2174.209536336648,1075106.4.sbml.csv,Vaginal Probiotic
2345,-478.4276974108861,-2456.767480077429,1075106.4.sbml.csv,Vaginal Probiotic
2346,-1034.3363439025993,-2401.9916212054036,1075106.4.sbml.csv,Vaginal Probiotic
2347,-191.45742727209822,-1865.5372243213028,1075106.4.sbml.csv,Vaginal Probiotic
2348,69.06751574839167,-2347.9919632242854,1075106.4.sbml.csv,Vaginal Probiotic
2349,-1429.9229111805332,-516.9544377394429,1075106.4.sbml.csv,Vaginal Probiotic
2350,-294.93130547770323,-1276.1237569227558,1075106.4.sbml.csv,Vaginal Probiotic
2351,-800.0077289745687,-1886.3264454497846,1075106.4.sbml.csv,Vaginal Probiotic
2352,-1863.0794558355858,-2127.9855501356433,1075106.4.sbml.csv,Vaginal Probiotic
2353,-997.6171959566484,-714.8267747841625,1075106.4.sbml.csv,Vaginal Probiotic
2354,-706.6683214579962,-1895.909472228095,1075106.4.sbml.csv,Vaginal Probiotic
2355,-152.24513899393554,-2401.5049951157757,1075106.4.sbml.csv,Vaginal Probiotic
2356,-537.8255707478139,-2473.935145059354,1075106.4.sbml.csv,Vaginal Probiotic
2357,-505.84325257255705,-1654.5222907052932,1075106.4.sbml.csv,Vaginal Probiotic
2358,-1629.0859924474498,-1732.7018812062354,1075106.4.sbml.csv,Vaginal Probiotic
2359,1187.9449581666138,-2230.6679249830554,1075106.4.sbml.csv,Vaginal Probiotic
2360,-2130.393589527953,-2349.4863867882323,1075106.4.sbml.csv,Vaginal Probiotic
2361,325.6303396827777,-2663.9411384426267,1075106.4.sbml.csv,Vaginal Probiotic
2362,-185.19324758924813,-2380.7703752407297,1075106.4.sbml.csv,Vaginal Probiotic
2363,-1818.0267289776896,-1714.0741497164663,1075106.4.sbml.csv,Vaginal Probiotic
2364,-1498.5768372364673,-2385.1959464074826,1075106.4.sbml.csv,Vaginal Probiotic
2365,596.8681151003324,-1942.0480579735327,1075106.4.sbml.csv,Vaginal Probiotic
2366,448.1535019439996,-2554.025995954407,1075106.4.sbml.csv,Vaginal Probiotic
2367,54.76083866156265,-1299.0844282624141,1075106.4.sbml.csv,Vaginal Probiotic
2368,562.8076777344357,-1002.5850347983852,1075106.4.sbml.csv,Vaginal Probiotic
2369,-1207.7358182514388,-778.5454137179324,1075106.4.sbml.csv,Vaginal Probiotic
2370,-453.5976220392288,-2369.4851775176908,1075106.4.sbml.csv,Vaginal Probiotic
2371,-866.9796577637264,-1510.3281612287087,1075106.4.sbml.csv,Vaginal Probiotic
2372,946.108410082931,-1223.1788641112332,1075106.4.sbml.csv,Vaginal Probiotic
2373,-679.6379989682539,-2195.0505997674877,1075106.4.sbml.csv,Vaginal Probiotic
2374,-1723.927245750189,-1288.8479939344813,1075106.4.sbml.csv,Vaginal Probiotic
2375,87.4720244583229,-2039.0276323474707,1075106.4.sbml.csv,Vaginal Probiotic
2376,-228.69525939857667,-2200.8531917846108,1075106.4.sbml.csv,Vaginal Probiotic
2377,-832.6460709865834,-2299.893841684301,1075106.4.sbml.csv,Vaginal Probiotic
2378,69.60587338166182,-2277.761480777852,1075106.4.sbml.csv,Vaginal Probiotic
2379,-2179.3602437379677,-1932.7905659303656,1075106.4.sbml.csv,Vaginal Probiotic
2380,-1501.714897237589,-2057.369952465364,1075106.4.sbml.csv,Vaginal Probiotic
2381,536.7882542223834,-527.3311988763753,1075106.4.sbml.csv,Vaginal Probiotic
2382,-463.1931226502474,-1712.768935103661,1075106.4.sbml.csv,Vaginal Probiotic
2383,-912.5688815572302,-923.9749106600318,1075106.4.sbml.csv,Vaginal Probiotic
2384,51.87752949690273,-2240.3208953859335,1075106.4.sbml.csv,Vaginal Probiotic
2385,-658.4522506771503,-1704.453604179694,1075106.4.sbml.csv,Vaginal Probiotic
2386,-470.76755113768934,-3034.5595087216993,1075106.4.sbml.csv,Vaginal Probiotic
2387,-913.3635864878918,-1510.498751211034,1075106.4.sbml.csv,Vaginal Probiotic
2388,502.1031950767185,-1637.5181334232311,1075106.4.sbml.csv,Vaginal Probiotic
2389,-963.2224762512814,-1069.9911799619865,1075106.4.sbml.csv,Vaginal Probiotic
2390,-108.14279891422818,-2550.1053238959403,1075106.4.sbml.csv,Vaginal Probiotic
2391,-61.00072735610305,-1938.4905613487456,1075106.4.sbml.csv,Vaginal Probiotic
2392,-527.0669649508754,-2742.8223141091175,1075106.4.sbml.csv,Vaginal Probiotic
2393,355.3449850447141,-2453.386675890442,1075106.4.sbml.csv,Vaginal Probiotic
2394,-1520.5393130096109,-2221.2494667206383,1075106.4.sbml.csv,Vaginal Probiotic
2395,-572.4804847453272,-2679.7455332412283,1075106.4.sbml.csv,Vaginal Probiotic
2396,-770.3131769261306,-1872.709787599983,1075106.4.sbml.csv,Vaginal Probiotic
2397,176.83450364996034,-2642.996984253154,1075106.4.sbml.csv,Vaginal Probiotic
2398,-1969.8957495086806,-2003.3090024417738,1075106.4.sbml.csv,Vaginal Probiotic
2399,375.4480975200043,-1905.3392247774966,1075106.4.sbml.csv,Vaginal Probiotic
2400,-728.3468922344188,-2441.0718291956737,1075106.4.sbml.csv,Vaginal Probiotic
2401,616.8867898673217,-1190.379440264497,1075106.4.sbml.csv,Vaginal Probiotic
2402,-554.9488956125196,-2777.075029378961,1075106.4.sbml.csv,Vaginal Probiotic
2403,291.25237169869774,-1901.0217264862054,1075106.4.sbml.csv,Vaginal Probiotic
2404,-88.90034940852674,-34.04357737162942,1075106.4.sbml.csv,Vaginal Probiotic
2405,-1564.4604063581685,-1405.570630179864,1075106.4.sbml.csv,Vaginal Probiotic
2406,-686.4377152658776,-2060.9791606739245,1075106.4.sbml.csv,Vaginal Probiotic
2407,-853.0429008289816,-1205.898271158052,1075106.4.sbml.csv,Vaginal Probiotic
2408,141.07725780503173,-2108.611427680578,1075106.4.sbml.csv,Vaginal Probiotic
2409,214.22786521066354,-779.8983892156589,1075106.4.sbml.csv,Vaginal Probiotic
2410,-392.7928165769881,-2346.3960346203585,1075106.4.sbml.csv,Vaginal Probiotic
2411,-112.71422059378465,-2465.8802811606374,1075106.4.sbml.csv,Vaginal Probiotic
2412,-66.89673318547777,-1115.4291339487627,1075106.4.sbml.csv,Vaginal Probiotic
2413,-1828.4639170603136,-1763.6911062193096,1075106.4.sbml.csv,Vaginal Probiotic
2414,-1748.504644645036,-2844.441183802121,1075106.4.sbml.csv,Vaginal Probiotic
2415,871.0350349082443,-1931.8755542394458,1075106.4.sbml.csv,Vaginal Probiotic
2416,-2707.3279816398604,-708.2842578233709,1075106.4.sbml.csv,Vaginal Probiotic
2417,-1270.6099552037965,-68.606674488814,1075106.4.sbml.csv,Vaginal Probiotic
2418,-75.89439919718338,-2635.032069410391,1075106.4.sbml.csv,Vaginal Probiotic
2419,-2551.7791747590004,-1892.3710489355901,1075106.4.sbml.csv,Vaginal Probiotic
2420,-457.2692225341045,-1903.086488152255,1075106.4.sbml.csv,Vaginal Probiotic
2421,-1866.0169873500845,-1803.3082102275314,1075106.4.sbml.csv,Vaginal Probiotic
2422,-743.3517914671955,-2274.368269025346,1075106.4.sbml.csv,Vaginal Probiotic
2423,-1023.3303332602986,-2473.5475434249797,1075106.4.sbml.csv,Vaginal Probiotic
2424,-1975.8270523943322,-1644.2791307062105,1075106.4.sbml.csv,Vaginal Probiotic
2425,-332.75050607810834,-1916.1368526320523,1075106.4.sbml.csv,Vaginal Probiotic
2426,-1569.6321535463264,-2057.5810637660616,1075106.4.sbml.csv,Vaginal Probiotic
2427,-1709.4130436264954,-1620.4680458949827,1075106.4.sbml.csv,Vaginal Probiotic
2428,-290.8011026193123,-1949.1001660077627,1075106.4.sbml.csv,Vaginal Probiotic
2429,474.48096196047203,-1840.0424645824303,1075106.4.sbml.csv,Vaginal Probiotic
2430,-753.7035744535309,-1500.4616186628807,1075106.4.sbml.csv,Vaginal Probiotic
2431,-916.9823921822543,-158.12616154292527,1075106.4.sbml.csv,Vaginal Probiotic
2432,-1711.9764749609328,-1208.841407485725,1075106.4.sbml.csv,Vaginal Probiotic
2433,-238.9452383720966,-2661.8832447499944,1075106.4.sbml.csv,Vaginal Probiotic
2434,-1003.6778229276993,-2031.5903504484381,1075106.4.sbml.csv,Vaginal Probiotic
2435,-1419.9592697925061,-2341.542656050771,1075106.4.sbml.csv,Vaginal Probiotic
2436,-691.7667754412018,-2593.3558830046627,1075106.4.sbml.csv,Vaginal Probiotic
2437,-1236.233751247526,-1025.1073564450428,1075106.4.sbml.csv,Vaginal Probiotic
2438,364.5468465855485,-1199.1045605285994,1075106.4.sbml.csv,Vaginal Probiotic
2439,-1429.5004778815278,-2164.527640750551,1075106.4.sbml.csv,Vaginal Probiotic
2440,-899.2333966529486,-2518.5501222519247,1075106.4.sbml.csv,Vaginal Probiotic
2441,-589.6447037093386,-1909.799388326004,1075106.4.sbml.csv,Vaginal Probiotic
2442,-1305.5292045218266,-471.4043550705071,1075106.4.sbml.csv,Vaginal Probiotic
2443,-437.7278705053059,-1866.6662391529273,1075106.4.sbml.csv,Vaginal Probiotic
2444,-738.6699799586285,-970.5561769653145,1075106.4.sbml.csv,Vaginal Probiotic
2445,-1964.993305465824,-1902.9531644006954,1075106.4.sbml.csv,Vaginal Probiotic
2446,-832.269631771002,-1071.2374819220452,1075106.4.sbml.csv,Vaginal Probiotic
2447,-1264.3602660512026,-202.8742251026751,1075106.4.sbml.csv,Vaginal Probiotic
2448,822.0099656878707,-2662.932101307655,1075106.4.sbml.csv,Vaginal Probiotic
2449,331.830992682292,-2002.9027792104832,1075106.4.sbml.csv,Vaginal Probiotic
2450,-239.5337748652084,-2008.5150740073937,1075106.4.sbml.csv,Vaginal Probiotic
2451,-254.00975461531033,-2494.245984355752,1075106.4.sbml.csv,Vaginal Probiotic
2452,15.040276997912294,-2038.0038124263992,1075106.4.sbml.csv,Vaginal Probiotic
2453,-384.8154679829391,-1717.6023309990803,1075106.4.sbml.csv,Vaginal Probiotic
2454,580.7698972786856,-2075.2633843623094,1075106.4.sbml.csv,Vaginal Probiotic
2455,-1178.5596357896786,-2571.3041881581553,1075106.4.sbml.csv,Vaginal Probiotic
2456,-1650.6302963994815,-2190.8099920321297,1075106.4.sbml.csv,Vaginal Probiotic
2457,-997.5385529838022,-1763.8802879377708,1075106.4.sbml.csv,Vaginal Probiotic
2458,-1699.0444568951614,-2952.3966779992015,1075106.4.sbml.csv,Vaginal Probiotic
2459,-1326.081230540474,-880.0714068846506,1075106.4.sbml.csv,Vaginal Probiotic
2460,-1950.7178452160424,-1577.4936068597842,1075106.4.sbml.csv,Vaginal Probiotic
2461,-108.8647406641672,-780.3543859033242,1075106.4.sbml.csv,Vaginal Probiotic
2462,1183.985526034138,-1696.209123736409,1075106.4.sbml.csv,Vaginal Probiotic
2463,-1042.2030807187514,-2117.8192860399486,1075106.4.sbml.csv,Vaginal Probiotic
2464,342.828584751435,-1659.811577760667,1075106.4.sbml.csv,Vaginal Probiotic
2465,-108.91053487108245,-2286.784077812333,1075106.4.sbml.csv,Vaginal Probiotic
2466,-792.3171960480007,-2734.333271622678,1075106.4.sbml.csv,Vaginal Probiotic
2467,-103.30433231375032,-2676.8804140803527,1075106.4.sbml.csv,Vaginal Probiotic
2468,278.09721211785467,-1523.555497711835,1075106.4.sbml.csv,Vaginal Probiotic
2469,-622.8220102498946,-2103.7928960832132,1075106.4.sbml.csv,Vaginal Probiotic
2470,232.50770899039873,-1723.0396529777163,1075106.4.sbml.csv,Vaginal Probiotic
2471,-661.9125295527792,-880.0976294894472,1075106.4.sbml.csv,Vaginal Probiotic
2472,-868.0492081903234,-2915.4101398711946,1075106.4.sbml.csv,Vaginal Probiotic
2473,722.5465868260329,-2209.647039816401,1075106.4.sbml.csv,Vaginal Probiotic
2474,1261.3483358950277,-1887.113164019635,1075106.4.sbml.csv,Vaginal Probiotic
2475,-818.6344216484247,-2492.524933704431,1075106.4.sbml.csv,Vaginal Probiotic
2476,-2408.3639989037383,-2203.4812949544516,1075106.4.sbml.csv,Vaginal Probiotic
2477,604.2112026363553,-2085.7437063006005,1075106.4.sbml.csv,Vaginal Probiotic
2478,-97.3663579517793,-1097.8284668377553,1075106.4.sbml.csv,Vaginal Probiotic
2479,340.65130038726517,-2461.8375513042774,1075106.4.sbml.csv,Vaginal Probiotic
2480,-1611.6508729908476,-530.9827143866584,1075106.4.sbml.csv,Vaginal Probiotic
2481,-1677.5247245444446,-2065.0980290439165,1075106.4.sbml.csv,Vaginal Probiotic
2482,270.1257970278345,-2774.1865172729713,1075106.4.sbml.csv,Vaginal Probiotic
2483,1084.162761427965,-2041.7411056093786,1075106.4.sbml.csv,Vaginal Probiotic
2484,-1665.1726151275004,-2717.0087184475565,1075106.4.sbml.csv,Vaginal Probiotic
2485,-439.65885160768954,-1999.0335709113087,1075106.4.sbml.csv,Vaginal Probiotic
2486,-794.602187366514,-1029.5016432615448,1075106.4.sbml.csv,Vaginal Probiotic
2487,-183.09102066502834,-1953.4737325348408,1075106.4.sbml.csv,Vaginal Probiotic
2488,-1021.1354794033037,-2217.487993659831,1075106.4.sbml.csv,Vaginal Probiotic
2489,-1016.562781229609,-1674.921603249878,1075106.4.sbml.csv,Vaginal Probiotic
2490,844.5838177660588,-1755.3666032916024,1075106.4.sbml.csv,Vaginal Probiotic
2491,-1823.812907749196,-2549.572627656126,1075106.4.sbml.csv,Vaginal Probiotic
2492,-2008.5305831677788,-2616.3121580990696,1075106.4.sbml.csv,Vaginal Probiotic
2493,-600.192054816821,-2142.4779847853792,1075106.4.sbml.csv,Vaginal Probiotic
2494,-1455.8475487576823,-2804.1166158796073,1075106.4.sbml.csv,Vaginal Probiotic
2495,-2191.478691831296,-16.387079243019087,1075106.4.sbml.csv,Vaginal Probiotic
2496,-66.53743963004057,-1993.3855550314054,1075106.4.sbml.csv,Vaginal Probiotic
2497,-752.1329027279718,-896.1186356413488,1075106.4.sbml.csv,Vaginal Probiotic
2498,229.76883658521834,-2159.9671082533514,1075106.4.sbml.csv,Vaginal Probiotic
2499,-6.146600322186762,-1576.461008432226,1075106.4.sbml.csv,Vaginal Probiotic
2500,352.6140397384248,1292.3387553291702,1871336.13.sbml.csv,Vaginal Commensal
2501,1320.8536658595683,1016.9461067469636,1871336.13.sbml.csv,Vaginal Commensal
2502,2929.8564424992132,622.8172816992235,1871336.13.sbml.csv,Vaginal Commensal
2503,3921.5762015075898,951.6466993602363,1871336.13.sbml.csv,Vaginal Commensal
2504,464.87383993800694,940.6304970439816,1871336.13.sbml.csv,Vaginal Commensal
2505,3790.674056957358,433.64848813530324,1871336.13.sbml.csv,Vaginal Commensal
2506,3439.131377603943,1304.876388769403,1871336.13.sbml.csv,Vaginal Commensal
2507,4095.656355596793,942.263464181938,1871336.13.sbml.csv,Vaginal Commensal
2508,2885.0171851707687,812.7660282215894,1871336.13.sbml.csv,Vaginal Commensal
2509,2746.98085082841,1013.4034729553765,1871336.13.sbml.csv,Vaginal Commensal
2510,3520.384811956919,1465.2956341166503,1871336.13.sbml.csv,Vaginal Commensal
2511,1577.8830572425195,1068.8263708514673,1871336.13.sbml.csv,Vaginal Commensal
2512,3181.653205970971,978.5035181418116,1871336.13.sbml.csv,Vaginal Commensal
2513,2889.496266032038,899.5714632524168,1871336.13.sbml.csv,Vaginal Commensal
2514,1705.270318244604,432.93132782924596,1871336.13.sbml.csv,Vaginal Commensal
2515,1472.1308823871032,693.3128685878467,1871336.13.sbml.csv,Vaginal Commensal
2516,3612.683057258407,438.1297754564621,1871336.13.sbml.csv,Vaginal Commensal
2517,2624.284892514998,575.6135257005784,1871336.13.sbml.csv,Vaginal Commensal
2518,3686.723012259158,1091.2675303761407,1871336.13.sbml.csv,Vaginal Commensal
2519,271.7299146464966,825.8169588028492,1871336.13.sbml.csv,Vaginal Commensal
2520,2823.374986408102,632.8440306614062,1871336.13.sbml.csv,Vaginal Commensal
2521,2615.5819360427413,728.6484891580287,1871336.13.sbml.csv,Vaginal Commensal
2522,3520.5494689192237,658.2682627078883,1871336.13.sbml.csv,Vaginal Commensal
2523,3594.084082296567,1290.8434083668426,1871336.13.sbml.csv,Vaginal Commensal
2524,2763.923827689394,539.9662985124362,1871336.13.sbml.csv,Vaginal Commensal
2525,1598.2409896637143,128.3286639611916,1871336.13.sbml.csv,Vaginal Commensal
2526,2503.2893837958645,400.4236917317834,1871336.13.sbml.csv,Vaginal Commensal
2527,1188.3012826654328,1205.5003124935754,1871336.13.sbml.csv,Vaginal Commensal
2528,855.0068732364155,252.56607503318847,1871336.13.sbml.csv,Vaginal Commensal
2529,3296.0856793705684,659.6347476984047,1871336.13.sbml.csv,Vaginal Commensal
2530,1720.3873008330456,693.1397216817954,1871336.13.sbml.csv,Vaginal Commensal
2531,3627.5860529411975,1056.1915162878447,1871336.13.sbml.csv,Vaginal Commensal
2532,1897.9507560907784,1447.9104501250501,1871336.13.sbml.csv,Vaginal Commensal
2533,893.070411200408,1157.2250884073921,1871336.13.sbml.csv,Vaginal Commensal
2534,1258.1681930308796,168.86899286484328,1871336.13.sbml.csv,Vaginal Commensal
2535,1960.2128634049757,862.146175845428,1871336.13.sbml.csv,Vaginal Commensal
2536,3717.4064585684564,913.2140408752782,1871336.13.sbml.csv,Vaginal Commensal
2537,-30.763174828266475,861.054250243655,1871336.13.sbml.csv,Vaginal Commensal
2538,1875.9460149756148,442.76149069895274,1871336.13.sbml.csv,Vaginal Commensal
2539,1611.068469574019,659.5687193048855,1871336.13.sbml.csv,Vaginal Commensal
2540,3246.0921727775035,867.1998721739504,1871336.13.sbml.csv,Vaginal Commensal
2541,2733.819908052861,829.0437342434454,1871336.13.sbml.csv,Vaginal Commensal
2542,1629.179021962192,1411.9979899929806,1871336.13.sbml.csv,Vaginal Commensal
2543,287.9513351685407,179.88008916531086,1871336.13.sbml.csv,Vaginal Commensal
2544,3249.2381920023045,1297.0446660596353,1871336.13.sbml.csv,Vaginal Commensal
2545,3989.593622041077,966.186356377735,1871336.13.sbml.csv,Vaginal Commensal
2546,1715.0986003083485,627.0376985262681,1871336.13.sbml.csv,Vaginal Commensal
2547,3086.486174110331,1147.6150329853378,1871336.13.sbml.csv,Vaginal Commensal
2548,2292.53014772946,1047.5511372271108,1871336.13.sbml.csv,Vaginal Commensal
2549,2296.09771643922,-261.9252946861308,1871336.13.sbml.csv,Vaginal Commensal
2550,695.4552823343975,149.18637405126137,1871336.13.sbml.csv,Vaginal Commensal
2551,2740.6337847786085,384.8207046931536,1871336.13.sbml.csv,Vaginal Commensal
2552,2184.816656843413,244.08838500951785,1871336.13.sbml.csv,Vaginal Commensal
2553,1228.1022102935217,1041.8483270519994,1871336.13.sbml.csv,Vaginal Commensal
2554,3708.5268122287935,947.4693898422723,1871336.13.sbml.csv,Vaginal Commensal
2555,3964.794401152975,215.19363307207425,1871336.13.sbml.csv,Vaginal Commensal
2556,1225.265814816028,366.2480973756237,1871336.13.sbml.csv,Vaginal Commensal
2557,1540.6424830356043,1254.657259671539,1871336.13.sbml.csv,Vaginal Commensal
2558,809.7934185566305,799.8153384841345,1871336.13.sbml.csv,Vaginal Commensal
2559,2777.0061259130953,1293.4542774902625,1871336.13.sbml.csv,Vaginal Commensal
2560,2572.523101947231,833.1672651891079,1871336.13.sbml.csv,Vaginal Commensal
2561,2517.256563005454,791.8103905893979,1871336.13.sbml.csv,Vaginal Commensal
2562,1341.9198766301272,249.54661355269894,1871336.13.sbml.csv,Vaginal Commensal
2563,2759.6064398969347,790.555664492882,1871336.13.sbml.csv,Vaginal Commensal
2564,3738.491623091723,757.2603761552847,1871336.13.sbml.csv,Vaginal Commensal
2565,1312.1450815385133,882.1619129934215,1871336.13.sbml.csv,Vaginal Commensal
2566,2907.662885430097,384.6304215566834,1871336.13.sbml.csv,Vaginal Commensal
2567,2618.586695519343,1605.226611360108,1871336.13.sbml.csv,Vaginal Commensal
2568,1207.2024392960263,822.4559678287148,1871336.13.sbml.csv,Vaginal Commensal
2569,3329.5495736766743,1115.6438321738997,1871336.13.sbml.csv,Vaginal Commensal
2570,627.2485376677075,1229.6464015092804,1871336.13.sbml.csv,Vaginal Commensal
2571,2455.742945605077,626.5605455832887,1871336.13.sbml.csv,Vaginal Commensal
2572,2223.582299889707,921.4489210032204,1871336.13.sbml.csv,Vaginal Commensal
2573,1894.7431660197374,322.21480790913927,1871336.13.sbml.csv,Vaginal Commensal
2574,2116.0971820428017,-17.37891803257074,1871336.13.sbml.csv,Vaginal Commensal
2575,3303.90325352908,1099.3841633148963,1871336.13.sbml.csv,Vaginal Commensal
2576,3415.819193577454,805.7434186285207,1871336.13.sbml.csv,Vaginal Commensal
2577,2879.1074808198005,556.1385737968276,1871336.13.sbml.csv,Vaginal Commensal
2578,1168.7505043491794,190.09999452607656,1871336.13.sbml.csv,Vaginal Commensal
2579,4384.174495757504,692.8009939856497,1871336.13.sbml.csv,Vaginal Commensal
2580,3000.8169557841056,922.8702522929009,1871336.13.sbml.csv,Vaginal Commensal
2581,3095.1330907584397,236.042513624864,1871336.13.sbml.csv,Vaginal Commensal
2582,1618.7419646134103,705.8164307360146,1871336.13.sbml.csv,Vaginal Commensal
2583,2819.783607197182,1107.0153674179933,1871336.13.sbml.csv,Vaginal Commensal
2584,473.3600506444591,572.0300239113712,1871336.13.sbml.csv,Vaginal Commensal
2585,602.6577195436488,626.821154263645,1871336.13.sbml.csv,Vaginal Commensal
2586,3379.46441850503,1546.6748711319215,1871336.13.sbml.csv,Vaginal Commensal
2587,2320.595591534806,492.6132097697409,1871336.13.sbml.csv,Vaginal Commensal
2588,3709.4046502120154,145.5546960795195,1871336.13.sbml.csv,Vaginal Commensal
2589,1028.7453670000125,926.2251709813244,1871336.13.sbml.csv,Vaginal Commensal
2590,1244.5349373132756,600.8373881600421,1871336.13.sbml.csv,Vaginal Commensal
2591,2500.159181985868,45.395498122211194,1871336.13.sbml.csv,Vaginal Commensal
2592,1366.9098650586984,411.9227263857735,1871336.13.sbml.csv,Vaginal Commensal
2593,1262.9359599755521,724.7144787911938,1871336.13.sbml.csv,Vaginal Commensal
2594,632.0938699800039,1259.3086634762124,1871336.13.sbml.csv,Vaginal Commensal
2595,990.1440540125901,197.50752560302988,1871336.13.sbml.csv,Vaginal Commensal
2596,3526.323805366723,681.6725712045832,1871336.13.sbml.csv,Vaginal Commensal
2597,1156.2388323523655,479.14204707363405,1871336.13.sbml.csv,Vaginal Commensal
2598,3777.8202241132144,393.7825617424445,1871336.13.sbml.csv,Vaginal Commensal
2599,3857.806903931847,985.2528386095433,1871336.13.sbml.csv,Vaginal Commensal
2600,2639.122394418916,766.760903865607,1871336.13.sbml.csv,Vaginal Commensal
2601,2751.598688360261,382.0711607958429,1871336.13.sbml.csv,Vaginal Commensal
2602,2197.733563214724,627.1573951417402,1871336.13.sbml.csv,Vaginal Commensal
2603,1395.2811686449031,942.025230970325,1871336.13.sbml.csv,Vaginal Commensal
2604,2524.8002958405796,1035.9822633918025,1871336.13.sbml.csv,Vaginal Commensal
2605,1050.299545454402,959.5726418363723,1871336.13.sbml.csv,Vaginal Commensal
2606,3136.0176015498,409.7481520333478,1871336.13.sbml.csv,Vaginal Commensal
2607,3790.2948222388104,659.7876886015887,1871336.13.sbml.csv,Vaginal Commensal
2608,1401.696957574251,767.1058029162243,1871336.13.sbml.csv,Vaginal Commensal
2609,930.5061615434032,742.6092427420327,1871336.13.sbml.csv,Vaginal Commensal
2610,2332.6850105245067,1168.233898510949,1871336.13.sbml.csv,Vaginal Commensal
2611,704.1931277092339,1879.8151722288057,1871336.13.sbml.csv,Vaginal Commensal
2612,898.0607643097584,593.2768761242137,1871336.13.sbml.csv,Vaginal Commensal
2613,3851.5704261440524,948.9889625821771,1871336.13.sbml.csv,Vaginal Commensal
2614,4200.8074309142985,513.6246314265718,1871336.13.sbml.csv,Vaginal Commensal
2615,2577.7617648636356,980.2069577741256,1871336.13.sbml.csv,Vaginal Commensal
2616,835.2969277258228,565.013908637869,1871336.13.sbml.csv,Vaginal Commensal
2617,579.5621910970558,139.8436369899048,1871336.13.sbml.csv,Vaginal Commensal
2618,70.89073984125345,309.48828319909904,1871336.13.sbml.csv,Vaginal Commensal
2619,3207.616224740056,1148.2785859944013,1871336.13.sbml.csv,Vaginal Commensal
2620,3091.731271895383,132.3634698896457,1871336.13.sbml.csv,Vaginal Commensal
2621,2390.327326870479,729.9822771790624,1871336.13.sbml.csv,Vaginal Commensal
2622,904.6217410082272,381.447400864139,1871336.13.sbml.csv,Vaginal Commensal
2623,2245.346515171595,753.2905295080329,1871336.13.sbml.csv,Vaginal Commensal
2624,3586.7149432489705,706.4778098590658,1871336.13.sbml.csv,Vaginal Commensal
2625,2853.3034724637478,390.64633410710564,1871336.13.sbml.csv,Vaginal Commensal
2626,4119.08910456461,617.0034045745758,1871336.13.sbml.csv,Vaginal Commensal
2627,2325.630138843915,1282.8754079061537,1871336.13.sbml.csv,Vaginal Commensal
2628,2365.7298479326773,458.0653925294268,1871336.13.sbml.csv,Vaginal Commensal
2629,2512.220865318281,626.372389917021,1871336.13.sbml.csv,Vaginal Commensal
2630,3447.915629347979,575.0963712105797,1871336.13.sbml.csv,Vaginal Commensal
2631,2631.6621601713705,732.7907857320631,1871336.13.sbml.csv,Vaginal Commensal
2632,1516.0853309318557,852.552646445242,1871336.13.sbml.csv,Vaginal Commensal
2633,1438.6592966456776,413.5806208406709,1871336.13.sbml.csv,Vaginal Commensal
2634,2398.1123360304387,937.8279302459266,1871336.13.sbml.csv,Vaginal Commensal
2635,3190.6985502053735,1461.4807250910935,1871336.13.sbml.csv,Vaginal Commensal
2636,4174.12181262516,817.5654831067255,1871336.13.sbml.csv,Vaginal Commensal
2637,2316.8877486290658,459.2913561232286,1871336.13.sbml.csv,Vaginal Commensal
2638,2722.5229680425186,1437.9773161478856,1871336.13.sbml.csv,Vaginal Commensal
2639,2997.0457335611113,676.2370728804104,1871336.13.sbml.csv,Vaginal Commensal
2640,-884.7182040284755,671.6672189753465,1871336.13.sbml.csv,Vaginal Commensal
2641,1362.6996319239704,723.1541220342674,1871336.13.sbml.csv,Vaginal Commensal
2642,3457.333202507296,621.3175118844828,1871336.13.sbml.csv,Vaginal Commensal
2643,330.8024888524858,801.6867309873865,1871336.13.sbml.csv,Vaginal Commensal
2644,1958.5742093917295,1012.7129159747943,1871336.13.sbml.csv,Vaginal Commensal
2645,363.1323536204015,1146.3918155750198,1871336.13.sbml.csv,Vaginal Commensal
2646,1458.8493387718845,877.6038551633425,1871336.13.sbml.csv,Vaginal Commensal
2647,3580.1299220491956,493.9797874131428,1871336.13.sbml.csv,Vaginal Commensal
2648,2613.129922749891,1409.4476743178418,1871336.13.sbml.csv,Vaginal Commensal
2649,1507.3912265746103,949.366038319285,1871336.13.sbml.csv,Vaginal Commensal
2650,2545.337797037147,1749.6219782535318,1871336.13.sbml.csv,Vaginal Commensal
2651,3429.7659540138043,849.3686411304733,1871336.13.sbml.csv,Vaginal Commensal
2652,2585.191385648386,1148.1479682960555,1871336.13.sbml.csv,Vaginal Commensal
2653,2439.200957616251,1150.5403817096724,1871336.13.sbml.csv,Vaginal Commensal
2654,3344.7532185479213,1449.7136214122793,1871336.13.sbml.csv,Vaginal Commensal
2655,2694.819912285137,1411.6988968301782,1871336.13.sbml.csv,Vaginal Commensal
2656,1178.347476355248,421.4466249476232,1871336.13.sbml.csv,Vaginal Commensal
2657,3283.7984530078847,1131.7454697117385,1871336.13.sbml.csv,Vaginal Commensal
2658,1858.8477163596654,410.2571967210851,1871336.13.sbml.csv,Vaginal Commensal
2659,2431.333041024014,-294.33360945164594,1871336.13.sbml.csv,Vaginal Commensal
2660,3490.3308788424233,657.971992619487,1871336.13.sbml.csv,Vaginal Commensal
2661,1200.4959302734994,849.8202429587599,1871336.13.sbml.csv,Vaginal Commensal
2662,2677.653194512352,808.7059238323178,1871336.13.sbml.csv,Vaginal Commensal
2663,2852.802947396383,1095.2070796572223,1871336.13.sbml.csv,Vaginal Commensal
2664,3998.6112400756565,349.8089398941961,1871336.13.sbml.csv,Vaginal Commensal
2665,1047.7581195805951,206.21714805034674,1871336.13.sbml.csv,Vaginal Commensal
2666,1545.97464459789,429.1319628089905,1871336.13.sbml.csv,Vaginal Commensal
2667,1803.9100996435093,124.17974744861434,1871336.13.sbml.csv,Vaginal Commensal
2668,3945.8066589004675,506.5668736096534,1871336.13.sbml.csv,Vaginal Commensal
2669,1839.3319074162482,-31.86191512740271,1871336.13.sbml.csv,Vaginal Commensal
2670,3991.2761781128347,547.9274573443475,1871336.13.sbml.csv,Vaginal Commensal
2671,3116.552225317773,1293.5407292507805,1871336.13.sbml.csv,Vaginal Commensal
2672,181.21279804798576,495.94538604889715,1871336.13.sbml.csv,Vaginal Commensal
2673,1555.9713663316847,130.91217260434058,1871336.13.sbml.csv,Vaginal Commensal
2674,2338.139440695556,381.9926919337981,1871336.13.sbml.csv,Vaginal Commensal
2675,331.15003067937727,514.3915080388483,1871336.13.sbml.csv,Vaginal Commensal
2676,1696.4999301867633,944.4270997957027,1871336.13.sbml.csv,Vaginal Commensal
2677,2113.9583359962135,504.55819278984114,1871336.13.sbml.csv,Vaginal Commensal
2678,3812.163161635365,282.4907684610565,1871336.13.sbml.csv,Vaginal Commensal
2679,355.3842444963277,96.26832498167465,1871336.13.sbml.csv,Vaginal Commensal
2680,2264.606253837463,461.21755618647876,1871336.13.sbml.csv,Vaginal Commensal
2681,3475.4264407772876,1108.1506028496624,1871336.13.sbml.csv,Vaginal Commensal
2682,2739.9967344784,811.3742827377347,1871336.13.sbml.csv,Vaginal Commensal
2683,3412.729043986357,1240.8301578295273,1871336.13.sbml.csv,Vaginal Commensal
2684,3363.581725999387,784.3510162143097,1871336.13.sbml.csv,Vaginal Commensal
2685,2810.2701840811,691.4693901087315,1871336.13.sbml.csv,Vaginal Commensal
2686,710.0065602030186,448.3914017142027,1871336.13.sbml.csv,Vaginal Commensal
2687,3484.24099008957,1410.6204279034323,1871336.13.sbml.csv,Vaginal Commensal
2688,2135.329358875719,327.87884621578013,1871336.13.sbml.csv,Vaginal Commensal
2689,3018.039029901602,459.37405534568677,1871336.13.sbml.csv,Vaginal Commensal
2690,2550.0941037204598,1158.4790091938926,1871336.13.sbml.csv,Vaginal Commensal
2691,3389.739016452448,482.13731175994633,1871336.13.sbml.csv,Vaginal Commensal
2692,4047.276880249765,988.1778492081222,1871336.13.sbml.csv,Vaginal Commensal
2693,2092.1217923107733,821.7445908455356,1871336.13.sbml.csv,Vaginal Commensal
2694,3538.6725523991277,956.279167504023,1871336.13.sbml.csv,Vaginal Commensal
2695,2156.9855669011977,726.563043908064,1871336.13.sbml.csv,Vaginal Commensal
2696,3788.0578993678023,761.0846357858159,1871336.13.sbml.csv,Vaginal Commensal
2697,903.6350063120382,855.9467551390745,1871336.13.sbml.csv,Vaginal Commensal
2698,93.187440846265,513.6422928066107,1871336.13.sbml.csv,Vaginal Commensal
2699,3836.9570137452456,766.8801919450138,1871336.13.sbml.csv,Vaginal Commensal
2700,3539.420906944257,1144.75541695617,1871336.13.sbml.csv,Vaginal Commensal
2701,1797.2788835767656,874.6179341405133,1871336.13.sbml.csv,Vaginal Commensal
2702,3860.83868913343,1136.5854142509916,1871336.13.sbml.csv,Vaginal Commensal
2703,1241.2739193264933,585.1452556402211,1871336.13.sbml.csv,Vaginal Commensal
2704,3812.336578875419,1377.0338460125342,1871336.13.sbml.csv,Vaginal Commensal
2705,2536.4098461953936,675.9053291967198,1871336.13.sbml.csv,Vaginal Commensal
2706,2768.7549451298382,1126.3841942748797,1871336.13.sbml.csv,Vaginal Commensal
2707,1102.8023698709912,42.65721229847287,1871336.13.sbml.csv,Vaginal Commensal
2708,3282.38012902296,-97.09201939069385,1871336.13.sbml.csv,Vaginal Commensal
2709,2683.7335120472294,508.0779577298521,1871336.13.sbml.csv,Vaginal Commensal
2710,700.877129152388,427.9460399894978,1871336.13.sbml.csv,Vaginal Commensal
2711,3099.4123387540058,983.4485147166575,1871336.13.sbml.csv,Vaginal Commensal
2712,2743.193939150282,667.3772861495361,1871336.13.sbml.csv,Vaginal Commensal
2713,3407.093779927766,1061.9590197783818,1871336.13.sbml.csv,Vaginal Commensal
2714,3661.484558459644,672.676432981932,1871336.13.sbml.csv,Vaginal Commensal
2715,3883.2492446548076,1095.7418716374684,1871336.13.sbml.csv,Vaginal Commensal
2716,2282.3671319075515,966.4175346514294,1871336.13.sbml.csv,Vaginal Commensal
2717,2026.2700273665757,452.4433886898847,1871336.13.sbml.csv,Vaginal Commensal
2718,2316.0064155616164,370.66002226733445,1871336.13.sbml.csv,Vaginal Commensal
2719,1749.0669136363917,701.0855387269062,1871336.13.sbml.csv,Vaginal Commensal
2720,3328.5516279186054,758.0389358908119,1871336.13.sbml.csv,Vaginal Commensal
2721,2540.080244063553,452.8650290478574,1871336.13.sbml.csv,Vaginal Commensal
2722,2211.173498249232,-15.146113790545993,1871336.13.sbml.csv,Vaginal Commensal
2723,2755.009559759868,1103.1322949222756,1871336.13.sbml.csv,Vaginal Commensal
2724,1142.2953667385732,395.03598150608235,1871336.13.sbml.csv,Vaginal Commensal
2725,2069.609359326117,1211.3588636006943,1871336.13.sbml.csv,Vaginal Commensal
2726,3796.1073876152145,533.6442182753974,1871336.13.sbml.csv,Vaginal Commensal
2727,4489.724703442904,144.5775883749259,1871336.13.sbml.csv,Vaginal Commensal
2728,3765.398632675649,1100.4462641654764,1871336.13.sbml.csv,Vaginal Commensal
2729,4124.849209696877,371.73198913611475,1871336.13.sbml.csv,Vaginal Commensal
2730,2684.8183578014973,639.1643618321838,1871336.13.sbml.csv,Vaginal Commensal
2731,3169.3201813801516,779.6468036492212,1871336.13.sbml.csv,Vaginal Commensal
2732,2897.0859426953352,1592.1422525769758,1871336.13.sbml.csv,Vaginal Commensal
2733,3801.926679189909,944.0902607715328,1871336.13.sbml.csv,Vaginal Commensal
2734,4239.0047594635325,659.8945090791312,1871336.13.sbml.csv,Vaginal Commensal
2735,2545.1851988468034,1134.1953831077763,1871336.13.sbml.csv,Vaginal Commensal
2736,3951.594650818713,1001.525908232143,1871336.13.sbml.csv,Vaginal Commensal
2737,691.418046642846,892.3864771767259,1871336.13.sbml.csv,Vaginal Commensal
2738,1852.8168187756082,668.3047684683078,1871336.13.sbml.csv,Vaginal Commensal
2739,844.5648399210178,1332.1253525758227,1871336.13.sbml.csv,Vaginal Commensal
2740,2714.913471346908,861.1727203564742,1871336.13.sbml.csv,Vaginal Commensal
2741,-198.8010327717599,1026.9871111453876,1871336.13.sbml.csv,Vaginal Commensal
2742,1524.1146033515251,974.8145331750943,1871336.13.sbml.csv,Vaginal Commensal
2743,718.734608602205,-16.569668699454414,1871336.13.sbml.csv,Vaginal Commensal
2744,2856.7366346175877,208.39744086578742,1871336.13.sbml.csv,Vaginal Commensal
2745,3787.205457462788,1346.6899700630395,1871336.13.sbml.csv,Vaginal Commensal
2746,655.0856243910798,1437.7290379699261,1871336.13.sbml.csv,Vaginal Commensal
2747,1530.0592229845672,892.5364596338268,1871336.13.sbml.csv,Vaginal Commensal
2748,245.9296622788027,761.3166777432367,1871336.13.sbml.csv,Vaginal Commensal
2749,3107.0912727703203,858.3357383836236,1871336.13.sbml.csv,Vaginal Commensal
2750,1804.6078812150279,-1074.584876194172,33036.3.sbml.csv,Vaginal Commensal
2751,49.500717047149976,176.35514416436692,33036.3.sbml.csv,Vaginal Commensal
2752,719.524283346537,343.00675866032367,33036.3.sbml.csv,Vaginal Commensal
2753,-333.06910148122194,-583.5614300465477,33036.3.sbml.csv,Vaginal Commensal
2754,1235.460645126289,351.5351370085682,33036.3.sbml.csv,Vaginal Commensal
2755,188.51899160816316,1325.4973126156326,33036.3.sbml.csv,Vaginal Commensal
2756,491.6565535547007,-179.73125215892142,33036.3.sbml.csv,Vaginal Commensal
2757,-841.0854267580044,682.5714873016775,33036.3.sbml.csv,Vaginal Commensal
2758,295.6561152083456,647.7590076517298,33036.3.sbml.csv,Vaginal Commensal
2759,1224.5374342214627,143.87249986072206,33036.3.sbml.csv,Vaginal Commensal
2760,1579.0479222077827,-411.79876880132656,33036.3.sbml.csv,Vaginal Commensal
2761,-1214.4448137650068,516.8714187925311,33036.3.sbml.csv,Vaginal Commensal
2762,329.5715241615365,-254.00344936992911,33036.3.sbml.csv,Vaginal Commensal
2763,-816.0798497162838,-99.34264880721825,33036.3.sbml.csv,Vaginal Commensal
2764,597.7090273974133,692.8084168105382,33036.3.sbml.csv,Vaginal Commensal
2765,-1552.813360205441,-336.85818568873697,33036.3.sbml.csv,Vaginal Commensal
2766,1631.6332655056488,-438.6908094424524,33036.3.sbml.csv,Vaginal Commensal
2767,553.6317970075562,-117.87579776010398,33036.3.sbml.csv,Vaginal Commensal
2768,247.86158221366168,-123.15524237963213,33036.3.sbml.csv,Vaginal Commensal
2769,1290.1508811872586,-62.67923662088337,33036.3.sbml.csv,Vaginal Commensal
2770,-524.4405648649478,-240.67628385145025,33036.3.sbml.csv,Vaginal Commensal
2771,-1686.3838252860114,-108.2987741042004,33036.3.sbml.csv,Vaginal Commensal
2772,-293.0578966086267,230.4694115669293,33036.3.sbml.csv,Vaginal Commensal
2773,-9.96973750991135,-99.40440282655547,33036.3.sbml.csv,Vaginal Commensal
2774,1329.2352761896095,96.92498556491356,33036.3.sbml.csv,Vaginal Commensal
2775,741.0448776737733,-388.58376268934103,33036.3.sbml.csv,Vaginal Commensal
2776,-603.0839434454043,128.17020469826625,33036.3.sbml.csv,Vaginal Commensal
2777,2090.443244846637,-649.7916122880569,33036.3.sbml.csv,Vaginal Commensal
2778,1038.6616047046969,67.54043359041248,33036.3.sbml.csv,Vaginal Commensal
2779,-1510.8743961358448,326.1423581982732,33036.3.sbml.csv,Vaginal Commensal
2780,817.0582398528458,-965.8330095761833,33036.3.sbml.csv,Vaginal Commensal
2781,1463.300453229563,-568.6320359726997,33036.3.sbml.csv,Vaginal Commensal
2782,1092.649252740932,-390.76460857630366,33036.3.sbml.csv,Vaginal Commensal
2783,-192.7928996491007,102.04764291800493,33036.3.sbml.csv,Vaginal Commensal
2784,-1145.8149266318756,-315.3144215973868,33036.3.sbml.csv,Vaginal Commensal
2785,2295.1194596743053,-67.60651855270076,33036.3.sbml.csv,Vaginal Commensal
2786,816.5353995602035,266.85381448822443,33036.3.sbml.csv,Vaginal Commensal
2787,839.4215745490828,-368.73103388208403,33036.3.sbml.csv,Vaginal Commensal
2788,1894.1841701123296,-24.648805145907673,33036.3.sbml.csv,Vaginal Commensal
2789,1670.4884884386247,-403.0688101042983,33036.3.sbml.csv,Vaginal Commensal
2790,-420.47501230276913,-243.48272873155457,33036.3.sbml.csv,Vaginal Commensal
2791,1485.808666970445,-28.62640799582908,33036.3.sbml.csv,Vaginal Commensal
2792,1404.6720648891703,-499.4125981281125,33036.3.sbml.csv,Vaginal Commensal
2793,84.38631097161813,-155.37308195361888,33036.3.sbml.csv,Vaginal Commensal
2794,343.28023920036384,764.7387138194181,33036.3.sbml.csv,Vaginal Commensal
2795,1635.4785935146094,-371.86236545463214,33036.3.sbml.csv,Vaginal Commensal
2796,2049.782016242628,-904.5467896606243,33036.3.sbml.csv,Vaginal Commensal
2797,886.1828568561017,-313.7678989736173,33036.3.sbml.csv,Vaginal Commensal
2798,1088.3939676595685,-190.02191242018353,33036.3.sbml.csv,Vaginal Commensal
2799,-1322.814290546704,212.87516588991295,33036.3.sbml.csv,Vaginal Commensal
2800,-1435.5009041497708,59.82448087903543,33036.3.sbml.csv,Vaginal Commensal
2801,1903.29672112546,-331.07824055193987,33036.3.sbml.csv,Vaginal Commensal
2802,1508.095161478659,222.41870601100547,33036.3.sbml.csv,Vaginal Commensal
2803,-1446.0482542361485,537.3513975678732,33036.3.sbml.csv,Vaginal Commensal
2804,1079.8908888387691,-630.2212415952001,33036.3.sbml.csv,Vaginal Commensal
2805,-461.15531486419707,-164.89834913074301,33036.3.sbml.csv,Vaginal Commensal
2806,480.1165362042588,-183.15860959915435,33036.3.sbml.csv,Vaginal Commensal
2807,-262.02977543243327,-735.5954021986912,33036.3.sbml.csv,Vaginal Commensal
2808,1464.106655023133,-413.94198041225155,33036.3.sbml.csv,Vaginal Commensal
2809,1075.2636952967998,-808.4390116481621,33036.3.sbml.csv,Vaginal Commensal
2810,598.8928585135844,32.492507995057494,33036.3.sbml.csv,Vaginal Commensal
2811,684.2544265243957,52.324911659130294,33036.3.sbml.csv,Vaginal Commensal
2812,1092.0514221474625,601.0276500488291,33036.3.sbml.csv,Vaginal Commensal
2813,-142.92510550956882,355.88539440763753,33036.3.sbml.csv,Vaginal Commensal
2814,1412.2353916996592,-1093.8475652608338,33036.3.sbml.csv,Vaginal Commensal
2815,1124.711737054928,-1013.0775472781969,33036.3.sbml.csv,Vaginal Commensal
2816,-579.156795888537,765.3047865292737,33036.3.sbml.csv,Vaginal Commensal
2817,-151.368187981001,-34.43302104457188,33036.3.sbml.csv,Vaginal Commensal
2818,361.98480416191484,375.0463324907899,33036.3.sbml.csv,Vaginal Commensal
2819,1368.0673837971553,-70.9287681304848,33036.3.sbml.csv,Vaginal Commensal
2820,524.2715939278305,-874.9336799719821,33036.3.sbml.csv,Vaginal Commensal
2821,810.6577512482331,-575.4265447537192,33036.3.sbml.csv,Vaginal Commensal
2822,1160.5101923117356,-386.3559791119449,33036.3.sbml.csv,Vaginal Commensal
2823,-740.00166819658,-134.27976436682803,33036.3.sbml.csv,Vaginal Commensal
2824,-940.2767865958496,515.8577224625751,33036.3.sbml.csv,Vaginal Commensal
2825,1675.2336370875819,943.1062123626066,33036.3.sbml.csv,Vaginal Commensal
2826,905.3536616379266,-1016.4546213450179,33036.3.sbml.csv,Vaginal Commensal
2827,1107.1118559616843,-634.1158657382394,33036.3.sbml.csv,Vaginal Commensal
2828,59.33098087044206,-1066.9823129649938,33036.3.sbml.csv,Vaginal Commensal
2829,1374.3664089956999,-736.1994178541174,33036.3.sbml.csv,Vaginal Commensal
2830,1290.9183277576797,-401.5099090846422,33036.3.sbml.csv,Vaginal Commensal
2831,348.9243748196216,367.20625435680205,33036.3.sbml.csv,Vaginal Commensal
2832,-1809.4881465022931,297.1171850508552,33036.3.sbml.csv,Vaginal Commensal
2833,-348.7641659870811,-110.32256694651382,33036.3.sbml.csv,Vaginal Commensal
2834,738.8206296074702,-353.80516055311006,33036.3.sbml.csv,Vaginal Commensal
2835,1488.2903683180534,-279.5395588595125,33036.3.sbml.csv,Vaginal Commensal
2836,350.33727025423303,-105.45691189347247,33036.3.sbml.csv,Vaginal Commensal
2837,634.955354170848,-480.2985835006564,33036.3.sbml.csv,Vaginal Commensal
2838,290.1643319234325,-394.69154485243234,33036.3.sbml.csv,Vaginal Commensal
2839,1094.1290654595307,-367.95475424968123,33036.3.sbml.csv,Vaginal Commensal
2840,-567.9872901559403,331.6402489737801,33036.3.sbml.csv,Vaginal Commensal
2841,471.2175909503427,-399.9481514337436,33036.3.sbml.csv,Vaginal Commensal
2842,-300.23288325948977,-65.74529850851357,33036.3.sbml.csv,Vaginal Commensal
2843,760.3166514722693,-422.6951233427202,33036.3.sbml.csv,Vaginal Commensal
2844,-1038.4874623069913,52.046050353548374,33036.3.sbml.csv,Vaginal Commensal
2845,447.99773305149876,-79.96162056678914,33036.3.sbml.csv,Vaginal Commensal
2846,578.7033529578822,22.832643922397395,33036.3.sbml.csv,Vaginal Commensal
2847,-399.074682134417,-281.1869269540389,33036.3.sbml.csv,Vaginal Commensal
2848,-356.57641444438536,965.7518000021217,33036.3.sbml.csv,Vaginal Commensal
2849,1647.6149275506627,-891.5788897798967,33036.3.sbml.csv,Vaginal Commensal
2850,426.1609029675648,730.7508747187136,33036.3.sbml.csv,Vaginal Commensal
2851,-516.5562231264823,-1139.6704696910133,33036.3.sbml.csv,Vaginal Commensal
2852,-448.5964415122022,211.7308414874508,33036.3.sbml.csv,Vaginal Commensal
2853,-853.4213896088448,319.85199452198,33036.3.sbml.csv,Vaginal Commensal
2854,1049.059470962257,-141.35722468784834,33036.3.sbml.csv,Vaginal Commensal
2855,83.2761265281815,-72.18048106391264,33036.3.sbml.csv,Vaginal Commensal
2856,-1138.1299833126916,143.72472687360514,33036.3.sbml.csv,Vaginal Commensal
2857,1800.1801022513368,-903.4263919584133,33036.3.sbml.csv,Vaginal Commensal
2858,607.181842116362,864.3403844366468,33036.3.sbml.csv,Vaginal Commensal
2859,508.9678922923114,-926.9991327767116,33036.3.sbml.csv,Vaginal Commensal
2860,633.6457032244932,669.3534878836318,33036.3.sbml.csv,Vaginal Commensal
2861,561.8553722621494,-474.58997211966584,33036.3.sbml.csv,Vaginal Commensal
2862,1658.2834400666668,-947.7740946606593,33036.3.sbml.csv,Vaginal Commensal
2863,1314.2136947593697,170.70004533159155,33036.3.sbml.csv,Vaginal Commensal
2864,172.2388467252472,-570.1563389748326,33036.3.sbml.csv,Vaginal Commensal
2865,2227.5820932261045,-25.199382563937267,33036.3.sbml.csv,Vaginal Commensal
2866,-50.673776092086705,128.75713243620916,33036.3.sbml.csv,Vaginal Commensal
2867,399.5039213742204,-324.0523370405496,33036.3.sbml.csv,Vaginal Commensal
2868,459.8664639834065,-145.227685313402,33036.3.sbml.csv,Vaginal Commensal
2869,1548.8152084809312,-586.9896932288403,33036.3.sbml.csv,Vaginal Commensal
2870,469.42509994957913,53.72032874268121,33036.3.sbml.csv,Vaginal Commensal
2871,1022.2232964443089,-480.552898039642,33036.3.sbml.csv,Vaginal Commensal
2872,1996.7221025113934,-1091.7493273739096,33036.3.sbml.csv,Vaginal Commensal
2873,698.5877150754333,331.11804934481233,33036.3.sbml.csv,Vaginal Commensal
2874,763.9455022008415,-861.0517722762071,33036.3.sbml.csv,Vaginal Commensal
2875,-993.3941967163731,635.5429299628937,33036.3.sbml.csv,Vaginal Commensal
2876,335.308331952805,-555.8123799202483,33036.3.sbml.csv,Vaginal Commensal
2877,109.89150836805037,163.41525631856658,33036.3.sbml.csv,Vaginal Commensal
2878,-460.96734025374167,-247.31831089020164,33036.3.sbml.csv,Vaginal Commensal
2879,-623.4015797490758,83.3217996090182,33036.3.sbml.csv,Vaginal Commensal
2880,739.686244311148,-114.70560222080209,33036.3.sbml.csv,Vaginal Commensal
2881,1415.998275707359,379.87628897108556,33036.3.sbml.csv,Vaginal Commensal
2882,339.8737164507927,181.78088483220176,33036.3.sbml.csv,Vaginal Commensal
2883,-49.2161243399264,-157.2881751158917,33036.3.sbml.csv,Vaginal Commensal
2884,-278.672916726264,-900.1381884429624,33036.3.sbml.csv,Vaginal Commensal
2885,907.6490991873625,-760.2045227437094,33036.3.sbml.csv,Vaginal Commensal
2886,1094.5436945424697,3.607673848243884,33036.3.sbml.csv,Vaginal Commensal
2887,604.8883934765769,98.14285375777312,33036.3.sbml.csv,Vaginal Commensal
2888,-174.13060234166898,1196.3430439344013,33036.3.sbml.csv,Vaginal Commensal
2889,-429.2713943095128,154.2517954047391,33036.3.sbml.csv,Vaginal Commensal
2890,1009.4447383854646,159.43339256708086,33036.3.sbml.csv,Vaginal Commensal
2891,-503.1235799076228,-295.0490647471825,33036.3.sbml.csv,Vaginal Commensal
2892,1096.4298636774408,-96.96131172157106,33036.3.sbml.csv,Vaginal Commensal
2893,-1356.9853154127482,194.65835471878697,33036.3.sbml.csv,Vaginal Commensal
2894,-1601.5892524721921,1691.823089684956,33036.3.sbml.csv,Vaginal Commensal
2895,1072.882970394584,-737.236075749456,33036.3.sbml.csv,Vaginal Commensal
2896,995.8831521242397,-354.2947530368617,33036.3.sbml.csv,Vaginal Commensal
2897,-1105.45371325533,190.24450086627135,33036.3.sbml.csv,Vaginal Commensal
2898,1040.606508421863,-132.64574371750396,33036.3.sbml.csv,Vaginal Commensal
2899,-1838.362488664788,826.1708456299199,33036.3.sbml.csv,Vaginal Commensal
2900,-1757.7699260554666,-218.00767204075532,33036.3.sbml.csv,Vaginal Commensal
2901,-27.359008475644288,630.0600596603135,33036.3.sbml.csv,Vaginal Commensal
2902,-18.54981754678241,-466.63046987330705,33036.3.sbml.csv,Vaginal Commensal
2903,1070.7636113215979,-603.8839947212787,33036.3.sbml.csv,Vaginal Commensal
2904,1158.0810277614519,-686.8248773588903,33036.3.sbml.csv,Vaginal Commensal
2905,1200.1406466213045,1317.3472919726576,33036.3.sbml.csv,Vaginal Commensal
2906,-1608.4195993928531,-323.5568266163811,33036.3.sbml.csv,Vaginal Commensal
2907,727.542635149865,-251.27596740948283,33036.3.sbml.csv,Vaginal Commensal
2908,339.6690472586362,-793.282398402379,33036.3.sbml.csv,Vaginal Commensal
2909,-1360.7347431693088,-585.0295805236196,33036.3.sbml.csv,Vaginal Commensal
2910,-2023.7300178646137,815.995743924397,33036.3.sbml.csv,Vaginal Commensal
2911,712.7466483713052,-1113.3041487670193,33036.3.sbml.csv,Vaginal Commensal
2912,1195.9186412557392,-251.93863639580331,33036.3.sbml.csv,Vaginal Commensal
2913,-280.54285752924767,-409.42919387928856,33036.3.sbml.csv,Vaginal Commensal
2914,1294.121976876861,-788.0218009261098,33036.3.sbml.csv,Vaginal Commensal
2915,-2058.6234358990387,989.8807444210839,33036.3.sbml.csv,Vaginal Commensal
2916,-229.30122475645558,-763.503515677297,33036.3.sbml.csv,Vaginal Commensal
2917,159.75035477640375,478.62473668330125,33036.3.sbml.csv,Vaginal Commensal
2918,-680.2667204901735,26.26571220982164,33036.3.sbml.csv,Vaginal Commensal
2919,1025.1802660684416,368.2756378467017,33036.3.sbml.csv,Vaginal Commensal
2920,-1934.2515650047487,251.005765891577,33036.3.sbml.csv,Vaginal Commensal
2921,-616.6555567679487,311.7922266025378,33036.3.sbml.csv,Vaginal Commensal
2922,1275.2340590748074,-255.44746539241947,33036.3.sbml.csv,Vaginal Commensal
2923,-787.31083073101,63.52976760353632,33036.3.sbml.csv,Vaginal Commensal
2924,1232.5549669965906,-715.5354691937478,33036.3.sbml.csv,Vaginal Commensal
2925,175.12552989880044,-308.09887005746316,33036.3.sbml.csv,Vaginal Commensal
2926,269.330729604972,-232.98671794548306,33036.3.sbml.csv,Vaginal Commensal
2927,-642.9177897805015,-270.27233693429883,33036.3.sbml.csv,Vaginal Commensal
2928,1628.8187455541886,-246.08703396040835,33036.3.sbml.csv,Vaginal Commensal
2929,-460.53871437483315,-234.51649166715808,33036.3.sbml.csv,Vaginal Commensal
2930,583.852237631287,-928.9705399816486,33036.3.sbml.csv,Vaginal Commensal
2931,-1021.4770830270683,177.40199876887306,33036.3.sbml.csv,Vaginal Commensal
2932,882.6841000783118,118.72389198610121,33036.3.sbml.csv,Vaginal Commensal
2933,1749.4377651116263,-380.31700887176714,33036.3.sbml.csv,Vaginal Commensal
2934,1515.5578383304987,-206.9271806225214,33036.3.sbml.csv,Vaginal Commensal
2935,962.8149254971604,-274.8639892443162,33036.3.sbml.csv,Vaginal Commensal
2936,-1273.4322249179181,-745.9999597205102,33036.3.sbml.csv,Vaginal Commensal
2937,-1016.5546619441091,-442.93630147461,33036.3.sbml.csv,Vaginal Commensal
2938,2202.393077245993,-275.35926124172846,33036.3.sbml.csv,Vaginal Commensal
2939,641.2755913931495,-413.2685150279936,33036.3.sbml.csv,Vaginal Commensal
2940,413.1701382452073,-327.7183899766664,33036.3.sbml.csv,Vaginal Commensal
2941,1022.3710871702934,-62.50077595675704,33036.3.sbml.csv,Vaginal Commensal
2942,-45.524550153999385,-871.1870408770853,33036.3.sbml.csv,Vaginal Commensal
2943,474.5454938835889,-375.64895518520876,33036.3.sbml.csv,Vaginal Commensal
2944,1711.2858789379382,-382.16826849543475,33036.3.sbml.csv,Vaginal Commensal
2945,571.2975111284024,166.98954706110797,33036.3.sbml.csv,Vaginal Commensal
2946,-8.865159939994939,-142.5785620857536,33036.3.sbml.csv,Vaginal Commensal
2947,816.0030173691912,690.6788416843506,33036.3.sbml.csv,Vaginal Commensal
2948,-893.9281215216688,548.4530950743947,33036.3.sbml.csv,Vaginal Commensal
2949,167.76229376101134,-196.71594893970635,33036.3.sbml.csv,Vaginal Commensal
2950,521.9957344790466,-94.29488225988291,33036.3.sbml.csv,Vaginal Commensal
2951,1391.8588803328632,197.49194759536036,33036.3.sbml.csv,Vaginal Commensal
2952,889.441932321002,-517.4966538538731,33036.3.sbml.csv,Vaginal Commensal
2953,1089.8207422698756,-1016.3237473754101,33036.3.sbml.csv,Vaginal Commensal
2954,437.07030060851486,-13.42854720970789,33036.3.sbml.csv,Vaginal Commensal
2955,1466.5540467539001,-392.2964024856563,33036.3.sbml.csv,Vaginal Commensal
2956,1651.0234500635493,181.35306294434082,33036.3.sbml.csv,Vaginal Commensal
2957,2376.701138445058,430.66050186722015,33036.3.sbml.csv,Vaginal Commensal
2958,-964.8869433708081,-509.7464188232575,33036.3.sbml.csv,Vaginal Commensal
2959,-12.977749867230628,24.887063962776786,33036.3.sbml.csv,Vaginal Commensal
2960,-825.0895108676906,-181.91830619753117,33036.3.sbml.csv,Vaginal Commensal
2961,-772.656897902744,-815.4676742146285,33036.3.sbml.csv,Vaginal Commensal
2962,82.66894351488615,395.3267884191401,33036.3.sbml.csv,Vaginal Commensal
2963,-191.60456796578768,571.2572564279076,33036.3.sbml.csv,Vaginal Commensal
2964,866.7120365537696,-936.6665631647232,33036.3.sbml.csv,Vaginal Commensal
2965,-389.9149415278914,297.6023386717994,33036.3.sbml.csv,Vaginal Commensal
2966,-712.0959760518551,801.6368798992893,33036.3.sbml.csv,Vaginal Commensal
2967,147.22312065375846,-201.38280804984225,33036.3.sbml.csv,Vaginal Commensal
2968,-1487.4678940037086,59.151339002444985,33036.3.sbml.csv,Vaginal Commensal
2969,1415.0930652443894,-580.6912588120365,33036.3.sbml.csv,Vaginal Commensal
2970,-319.29896111696,-19.066338308721917,33036.3.sbml.csv,Vaginal Commensal
2971,305.5017490524049,-599.1720107628099,33036.3.sbml.csv,Vaginal Commensal
2972,1195.8379253048904,463.6910947001464,33036.3.sbml.csv,Vaginal Commensal
2973,-13.030757924813344,-436.7797802045242,33036.3.sbml.csv,Vaginal Commensal
2974,-88.55219956297516,-129.61534694597802,33036.3.sbml.csv,Vaginal Commensal
2975,-618.4450646375865,-1036.3590017195856,33036.3.sbml.csv,Vaginal Commensal
2976,632.2386047153369,105.63686647486071,33036.3.sbml.csv,Vaginal Commensal
2977,826.8475132238756,-1141.5707190309467,33036.3.sbml.csv,Vaginal Commensal
2978,561.090726417712,-486.519994343689,33036.3.sbml.csv,Vaginal Commensal
2979,1548.1073582354472,-212.34895562901366,33036.3.sbml.csv,Vaginal Commensal
2980,-1126.8167020038666,-181.8957501251158,33036.3.sbml.csv,Vaginal Commensal
2981,1728.9688346102942,437.4192264836603,33036.3.sbml.csv,Vaginal Commensal
2982,-1327.9515852892807,136.88991768489328,33036.3.sbml.csv,Vaginal Commensal
2983,702.1130076330612,-763.4597255992584,33036.3.sbml.csv,Vaginal Commensal
2984,897.354131647669,-373.47476920749085,33036.3.sbml.csv,Vaginal Commensal
2985,394.7356402826634,-1404.5909824494618,33036.3.sbml.csv,Vaginal Commensal
2986,-438.0618758532531,604.5635359409816,33036.3.sbml.csv,Vaginal Commensal
2987,-1183.502717639939,-665.2573201316437,33036.3.sbml.csv,Vaginal Commensal
2988,-320.6005461886963,-345.5414760814698,33036.3.sbml.csv,Vaginal Commensal
2989,79.71993152371358,346.82441924413314,33036.3.sbml.csv,Vaginal Commensal
2990,-406.60077704369013,-46.80794356053361,33036.3.sbml.csv,Vaginal Commensal
2991,2027.1992515625484,805.5210296570577,33036.3.sbml.csv,Vaginal Commensal
2992,-1074.2941946023489,773.8956933983617,33036.3.sbml.csv,Vaginal Commensal
2993,55.89807388580985,-419.3623714568478,33036.3.sbml.csv,Vaginal Commensal
2994,-1424.8885343491463,424.7821721466608,33036.3.sbml.csv,Vaginal Commensal
2995,-176.03694602742152,-586.6822526061687,33036.3.sbml.csv,Vaginal Commensal
2996,868.1896281725229,-616.9668280163322,33036.3.sbml.csv,Vaginal Commensal
2997,1559.8438834224253,-251.64754887835088,33036.3.sbml.csv,Vaginal Commensal
2998,1018.5377673846384,-279.58644562414435,33036.3.sbml.csv,Vaginal Commensal
2999,1447.6654266049857,-699.6025577541963,33036.3.sbml.csv,Vaginal Commensal
3000,-2180.57068269939,-1074.037619293234,1358.1413.sbml.csv,Vaginal Probiotic
3001,-3024.121994516582,-865.7868593839977,1358.1413.sbml.csv,Vaginal Probiotic
3002,-1794.4264877968005,-637.9517742731562,1358.1413.sbml.csv,Vaginal Probiotic
3003,-3540.0248195218733,-388.7459734411631,1358.1413.sbml.csv,Vaginal Probiotic
3004,-1163.7769446144055,-1821.5358656548303,1358.1413.sbml.csv,Vaginal Probiotic
3005,-3082.0542324167554,-1201.4806671793265,1358.1413.sbml.csv,Vaginal Probiotic
3006,-2856.9784077752274,-247.99984263645234,1358.1413.sbml.csv,Vaginal Probiotic
3007,-1398.5604959284237,-147.19839710173537,1358.1413.sbml.csv,Vaginal Probiotic
3008,-2485.0882622594154,-1250.2833260538323,1358.1413.sbml.csv,Vaginal Probiotic
3009,-2327.841418203773,-297.98074812382754,1358.1413.sbml.csv,Vaginal Probiotic
3010,-3186.439808898379,-140.9950996372966,1358.1413.sbml.csv,Vaginal Probiotic
3011,-2055.517336643784,-1745.5881158703276,1358.1413.sbml.csv,Vaginal Probiotic
3012,-2069.484542779965,-327.9018727091671,1358.1413.sbml.csv,Vaginal Probiotic
3013,-1625.6289236483988,-114.96146060079573,1358.1413.sbml.csv,Vaginal Probiotic
3014,-1524.6383876070734,-1306.2964707700346,1358.1413.sbml.csv,Vaginal Probiotic
3015,-2379.755679603186,399.4575435301112,1358.1413.sbml.csv,Vaginal Probiotic
3016,-2736.1545753868995,-158.63142649415676,1358.1413.sbml.csv,Vaginal Probiotic
3017,-1028.3413698500108,-231.0203642436735,1358.1413.sbml.csv,Vaginal Probiotic
3018,-2703.5717053092694,1195.7833333546516,1358.1413.sbml.csv,Vaginal Probiotic
3019,-1517.2360899618845,81.79168214851744,1358.1413.sbml.csv,Vaginal Probiotic
3020,-2122.399797511,-375.3979041461933,1358.1413.sbml.csv,Vaginal Probiotic
3021,-3142.078321912684,-1562.0188951376854,1358.1413.sbml.csv,Vaginal Probiotic
3022,-1799.7825130880974,-416.5527837163226,1358.1413.sbml.csv,Vaginal Probiotic
3023,-1393.5234169557277,-238.0765610089521,1358.1413.sbml.csv,Vaginal Probiotic
3024,-4057.2005878638906,748.462216405789,1358.1413.sbml.csv,Vaginal Probiotic
3025,-83.86951287983773,-1680.9721341285297,1358.1413.sbml.csv,Vaginal Probiotic
3026,-3628.278373087045,349.5668051969117,1358.1413.sbml.csv,Vaginal Probiotic
3027,-1690.28235171945,-766.3445490946337,1358.1413.sbml.csv,Vaginal Probiotic
3028,-3465.418423095908,-941.9880468491297,1358.1413.sbml.csv,Vaginal Probiotic
3029,-805.9501701618467,1753.1895121373695,1358.1413.sbml.csv,Vaginal Probiotic
3030,-1503.001249263612,752.7985050601798,1358.1413.sbml.csv,Vaginal Probiotic
3031,-746.5771050596297,-34.883397207272225,1358.1413.sbml.csv,Vaginal Probiotic
3032,-1159.7167137152355,-242.85710109004725,1358.1413.sbml.csv,Vaginal Probiotic
3033,-2515.921498179857,-408.8818468075281,1358.1413.sbml.csv,Vaginal Probiotic
3034,-2003.2642045156408,-274.30115234411943,1358.1413.sbml.csv,Vaginal Probiotic
3035,-3385.755569003237,324.34016788253535,1358.1413.sbml.csv,Vaginal Probiotic
3036,-3049.6596786816604,-1541.389857322044,1358.1413.sbml.csv,Vaginal Probiotic
3037,-2468.1302233577817,708.7221006888896,1358.1413.sbml.csv,Vaginal Probiotic
3038,-3165.8717936577586,-436.95592167109766,1358.1413.sbml.csv,Vaginal Probiotic
3039,-2290.0076042109768,-345.20677511924856,1358.1413.sbml.csv,Vaginal Probiotic
3040,-2808.210368355156,-308.9530103621349,1358.1413.sbml.csv,Vaginal Probiotic
3041,-2600.8311508198235,-1722.0020814318893,1358.1413.sbml.csv,Vaginal Probiotic
3042,-2856.6556996612235,-568.8288225084762,1358.1413.sbml.csv,Vaginal Probiotic
3043,-1812.2221207700566,589.9433617651338,1358.1413.sbml.csv,Vaginal Probiotic
3044,-3102.3735025862657,-1135.7318905174309,1358.1413.sbml.csv,Vaginal Probiotic
3045,-1945.6369255818852,-1177.5767612562408,1358.1413.sbml.csv,Vaginal Probiotic
3046,-1170.3117503957133,-778.707035241205,1358.1413.sbml.csv,Vaginal Probiotic
3047,-2493.0612555138455,-311.3731720018117,1358.1413.sbml.csv,Vaginal Probiotic
3048,-1230.495024932073,-773.9722893691157,1358.1413.sbml.csv,Vaginal Probiotic
3049,-2088.838295416696,-904.1736574984782,1358.1413.sbml.csv,Vaginal Probiotic
3050,-63.44673128391702,-902.9397327538369,1358.1413.sbml.csv,Vaginal Probiotic
3051,-1343.986497959737,-128.39341788804182,1358.1413.sbml.csv,Vaginal Probiotic
3052,-1158.224554433401,-420.48190585256776,1358.1413.sbml.csv,Vaginal Probiotic
3053,-3307.687828231011,250.67929591640376,1358.1413.sbml.csv,Vaginal Probiotic
3054,-3080.832348443197,-515.6245910939439,1358.1413.sbml.csv,Vaginal Probiotic
3055,-3168.7976380807963,-1288.2478320453056,1358.1413.sbml.csv,Vaginal Probiotic
3056,-2663.6415440297365,-107.94001794420407,1358.1413.sbml.csv,Vaginal Probiotic
3057,-2827.376208939629,-795.7548324209513,1358.1413.sbml.csv,Vaginal Probiotic
3058,-2587.112867270863,-915.742339174323,1358.1413.sbml.csv,Vaginal Probiotic
3059,-3530.061671761664,679.630469706956,1358.1413.sbml.csv,Vaginal Probiotic
3060,-1845.9337588889682,-1021.3372809288238,1358.1413.sbml.csv,Vaginal Probiotic
3061,-1975.3030661599018,35.632851824170004,1358.1413.sbml.csv,Vaginal Probiotic
3062,-2548.318107157871,-661.671208724537,1358.1413.sbml.csv,Vaginal Probiotic
3063,-2933.01488718712,550.9198494539943,1358.1413.sbml.csv,Vaginal Probiotic
3064,-2797.889722625158,627.2579212220616,1358.1413.sbml.csv,Vaginal Probiotic
3065,-678.7236396238615,1020.4304666851267,1358.1413.sbml.csv,Vaginal Probiotic
3066,-1642.7509536160926,-988.420044296632,1358.1413.sbml.csv,Vaginal Probiotic
3067,-767.6517019610114,-1437.916095207413,1358.1413.sbml.csv,Vaginal Probiotic
3068,-2250.071502599292,-1359.781549521837,1358.1413.sbml.csv,Vaginal Probiotic
3069,-1243.8316030013302,-1908.0522185214738,1358.1413.sbml.csv,Vaginal Probiotic
3070,-3148.8893770696263,-490.59179689776914,1358.1413.sbml.csv,Vaginal Probiotic
3071,-999.6245110013901,-117.20208122467173,1358.1413.sbml.csv,Vaginal Probiotic
3072,-3268.6709165714437,-842.0149623113712,1358.1413.sbml.csv,Vaginal Probiotic
3073,-1774.7987356736917,-645.2640190128587,1358.1413.sbml.csv,Vaginal Probiotic
3074,-593.8096283152795,-1840.8369179518281,1358.1413.sbml.csv,Vaginal Probiotic
3075,-3425.860656627672,-811.3798480443538,1358.1413.sbml.csv,Vaginal Probiotic
3076,-2952.051977631628,-593.757267628691,1358.1413.sbml.csv,Vaginal Probiotic
3077,-2519.668517410359,-754.2849326858642,1358.1413.sbml.csv,Vaginal Probiotic
3078,-2706.5547963127356,813.3008098717984,1358.1413.sbml.csv,Vaginal Probiotic
3079,-3296.7039701811373,367.174806832764,1358.1413.sbml.csv,Vaginal Probiotic
3080,-2866.5564582428087,-1128.6072663496961,1358.1413.sbml.csv,Vaginal Probiotic
3081,-2180.4887210211436,626.0789035139475,1358.1413.sbml.csv,Vaginal Probiotic
3082,-1052.0443738125655,-1328.918848532516,1358.1413.sbml.csv,Vaginal Probiotic
3083,-1182.8704165469733,-839.5951251997267,1358.1413.sbml.csv,Vaginal Probiotic
3084,-3018.10780744129,-1234.559862207059,1358.1413.sbml.csv,Vaginal Probiotic
3085,-3120.087350083457,-567.4811749796837,1358.1413.sbml.csv,Vaginal Probiotic
3086,-3271.6920536575126,-796.3418267180497,1358.1413.sbml.csv,Vaginal Probiotic
3087,-1730.578331761285,-430.82875271184685,1358.1413.sbml.csv,Vaginal Probiotic
3088,-3327.149893517181,-9.09255878951568,1358.1413.sbml.csv,Vaginal Probiotic
3089,-659.3974280627801,-724.5527353572551,1358.1413.sbml.csv,Vaginal Probiotic
3090,-1853.7335139730358,374.77847818931554,1358.1413.sbml.csv,Vaginal Probiotic
3091,-1370.6076551525996,-1969.135112168441,1358.1413.sbml.csv,Vaginal Probiotic
3092,-2699.009178466749,-711.1972148149589,1358.1413.sbml.csv,Vaginal Probiotic
3093,-3393.1524827043845,-943.5423898600021,1358.1413.sbml.csv,Vaginal Probiotic
3094,-980.0935881070158,-5.949126272513737,1358.1413.sbml.csv,Vaginal Probiotic
3095,-2148.5565918063,444.0616457082485,1358.1413.sbml.csv,Vaginal Probiotic
3096,-2618.492401046163,-1853.5836079811622,1358.1413.sbml.csv,Vaginal Probiotic
3097,-3205.0316500948966,-1304.1816131604694,1358.1413.sbml.csv,Vaginal Probiotic
3098,-2168.24639441704,-366.39923053727296,1358.1413.sbml.csv,Vaginal Probiotic
3099,-1950.8418850798696,-437.32720819517795,1358.1413.sbml.csv,Vaginal Probiotic
3100,-1322.923570892818,-661.8567819536731,1358.1413.sbml.csv,Vaginal Probiotic
3101,-2582.428498046249,-261.43570790083686,1358.1413.sbml.csv,Vaginal Probiotic
3102,-2586.47862214753,-1338.9413451780247,1358.1413.sbml.csv,Vaginal Probiotic
3103,-1547.8756494787638,-353.761939801549,1358.1413.sbml.csv,Vaginal Probiotic
3104,-2113.884402420551,-299.0012863973722,1358.1413.sbml.csv,Vaginal Probiotic
3105,-469.5108330909567,372.76152996065025,1358.1413.sbml.csv,Vaginal Probiotic
3106,-3986.1333615815975,-466.63111200775626,1358.1413.sbml.csv,Vaginal Probiotic
3107,-1883.296622678033,-570.669708639901,1358.1413.sbml.csv,Vaginal Probiotic
3108,-1391.827597707257,1093.8990655674515,1358.1413.sbml.csv,Vaginal Probiotic
3109,-1301.8351413362757,-943.0751538613958,1358.1413.sbml.csv,Vaginal Probiotic
3110,-1929.551851170537,-1082.1585069927955,1358.1413.sbml.csv,Vaginal Probiotic
3111,-3564.051186713984,16.629261827093575,1358.1413.sbml.csv,Vaginal Probiotic
3112,-3305.186282526482,-973.2020745300913,1358.1413.sbml.csv,Vaginal Probiotic
3113,-2269.3288738584033,-813.093284758795,1358.1413.sbml.csv,Vaginal Probiotic
3114,-2704.8360348991578,-1332.9441580456773,1358.1413.sbml.csv,Vaginal Probiotic
3115,-1970.0296284395547,-1175.5239327226864,1358.1413.sbml.csv,Vaginal Probiotic
3116,-2776.4063635337993,565.4703432128315,1358.1413.sbml.csv,Vaginal Probiotic
3117,-676.648626338249,-1110.6997812294892,1358.1413.sbml.csv,Vaginal Probiotic
3118,-3083.3573747231,-254.75624927370075,1358.1413.sbml.csv,Vaginal Probiotic
3119,-2885.101130623652,117.97769471111188,1358.1413.sbml.csv,Vaginal Probiotic
3120,-1644.1936849963845,455.4961326917644,1358.1413.sbml.csv,Vaginal Probiotic
3121,-1265.6925907344096,-1043.7308407756295,1358.1413.sbml.csv,Vaginal Probiotic
3122,-2421.059024390384,1544.9287160394567,1358.1413.sbml.csv,Vaginal Probiotic
3123,-2327.313132462487,-493.45210577359023,1358.1413.sbml.csv,Vaginal Probiotic
3124,-1054.4041156416586,-57.37827629007573,1358.1413.sbml.csv,Vaginal Probiotic
3125,-1860.3287593117923,-138.64398148584266,1358.1413.sbml.csv,Vaginal Probiotic
3126,-2154.067737984621,-1198.5993499683827,1358.1413.sbml.csv,Vaginal Probiotic
3127,-1951.145765296299,-1204.50436829041,1358.1413.sbml.csv,Vaginal Probiotic
3128,-2246.6437495568116,-406.7575441087439,1358.1413.sbml.csv,Vaginal Probiotic
3129,-1566.2484612242372,-340.4020519000533,1358.1413.sbml.csv,Vaginal Probiotic
3130,-1838.0654960667043,-244.27683831942701,1358.1413.sbml.csv,Vaginal Probiotic
3131,-3094.3014714576334,-1071.0365036154578,1358.1413.sbml.csv,Vaginal Probiotic
3132,-3080.990096213287,1222.6244151369701,1358.1413.sbml.csv,Vaginal Probiotic
3133,-1936.7907386710679,-130.89516103631797,1358.1413.sbml.csv,Vaginal Probiotic
3134,-2608.2394063739666,-164.42857792796391,1358.1413.sbml.csv,Vaginal Probiotic
3135,-2356.955875957687,-315.1606335196986,1358.1413.sbml.csv,Vaginal Probiotic
3136,-855.2708225058478,-437.1136320506533,1358.1413.sbml.csv,Vaginal Probiotic
3137,-2900.833691075457,1.8040218041519207,1358.1413.sbml.csv,Vaginal Probiotic
3138,-2963.0699118282,-392.4725691039073,1358.1413.sbml.csv,Vaginal Probiotic
3139,-2318.6675811868845,-992.256513562529,1358.1413.sbml.csv,Vaginal Probiotic
3140,-1456.7536270740402,-1597.509463101332,1358.1413.sbml.csv,Vaginal Probiotic
3141,-2138.8345553603276,-1258.3175681285095,1358.1413.sbml.csv,Vaginal Probiotic
3142,-2185.945218402933,492.5515785347809,1358.1413.sbml.csv,Vaginal Probiotic
3143,-2958.533777505283,-417.5558245929884,1358.1413.sbml.csv,Vaginal Probiotic
3144,-2716.411243129741,156.90245656279163,1358.1413.sbml.csv,Vaginal Probiotic
3145,-1531.5046745277004,-576.6148448221369,1358.1413.sbml.csv,Vaginal Probiotic
3146,-2410.0896103702494,-798.4182597922382,1358.1413.sbml.csv,Vaginal Probiotic
3147,-1132.7356033939186,-908.7117669684778,1358.1413.sbml.csv,Vaginal Probiotic
3148,-809.4522016690626,-895.0117499478594,1358.1413.sbml.csv,Vaginal Probiotic
3149,-3207.637768994353,-363.40153180117863,1358.1413.sbml.csv,Vaginal Probiotic
3150,-1732.3963492804721,-590.2667100422648,1358.1413.sbml.csv,Vaginal Probiotic
3151,-1644.4140887971578,-1376.433671069219,1358.1413.sbml.csv,Vaginal Probiotic
3152,-2173.4377098252025,-1406.138993510265,1358.1413.sbml.csv,Vaginal Probiotic
3153,-36.55211028231013,-49.260519043940434,1358.1413.sbml.csv,Vaginal Probiotic
3154,-2289.155175964882,-1814.2770909016217,1358.1413.sbml.csv,Vaginal Probiotic
3155,-316.94054650543785,-1071.2847573592967,1358.1413.sbml.csv,Vaginal Probiotic
3156,-3656.064137164049,-543.8863231774294,1358.1413.sbml.csv,Vaginal Probiotic
3157,-1739.5155402838311,-1550.8306648825396,1358.1413.sbml.csv,Vaginal Probiotic
3158,-2561.5246464870634,278.26956018521435,1358.1413.sbml.csv,Vaginal Probiotic
3159,-3233.8011245876114,-525.4911199278009,1358.1413.sbml.csv,Vaginal Probiotic
3160,-1915.4592691420783,-1405.0024308619015,1358.1413.sbml.csv,Vaginal Probiotic
3161,-3370.357587931797,-416.7962181257429,1358.1413.sbml.csv,Vaginal Probiotic
3162,-1968.762682531258,-1026.3885867781976,1358.1413.sbml.csv,Vaginal Probiotic
3163,-3142.8713041929186,-1004.0574191479474,1358.1413.sbml.csv,Vaginal Probiotic
3164,-2361.4995356833906,-383.729489925016,1358.1413.sbml.csv,Vaginal Probiotic
3165,-1566.1005717771272,-642.3263034031565,1358.1413.sbml.csv,Vaginal Probiotic
3166,-1213.9808000035066,-883.0772428397246,1358.1413.sbml.csv,Vaginal Probiotic
3167,-3313.5890484646898,-537.6394183525805,1358.1413.sbml.csv,Vaginal Probiotic
3168,-3104.157470641422,509.37674673114736,1358.1413.sbml.csv,Vaginal Probiotic
3169,-558.9142253181992,58.341034335198266,1358.1413.sbml.csv,Vaginal Probiotic
3170,-3038.7863842165393,12.209661683252062,1358.1413.sbml.csv,Vaginal Probiotic
3171,-2765.862113897023,583.2945614913859,1358.1413.sbml.csv,Vaginal Probiotic
3172,-2917.076489471928,-1043.137058814789,1358.1413.sbml.csv,Vaginal Probiotic
3173,-598.310317287053,-1602.880298492618,1358.1413.sbml.csv,Vaginal Probiotic
3174,-3170.212072070556,1169.1152645116447,1358.1413.sbml.csv,Vaginal Probiotic
3175,-2581.702818888576,-700.2423573548238,1358.1413.sbml.csv,Vaginal Probiotic
3176,-2427.9145615888087,-604.8201123734814,1358.1413.sbml.csv,Vaginal Probiotic
3177,-2411.834212872171,328.90551771427675,1358.1413.sbml.csv,Vaginal Probiotic
3178,-1252.269448242763,-511.3549858639524,1358.1413.sbml.csv,Vaginal Probiotic
3179,-3192.231281943356,-72.030445619233,1358.1413.sbml.csv,Vaginal Probiotic
3180,-3897.6566884223175,-1564.3361325925694,1358.1413.sbml.csv,Vaginal Probiotic
3181,-2737.732528346678,-43.953999492876584,1358.1413.sbml.csv,Vaginal Probiotic
3182,-1796.8921210060334,-598.1985669768118,1358.1413.sbml.csv,Vaginal Probiotic
3183,-2228.541498655485,-84.98827243483426,1358.1413.sbml.csv,Vaginal Probiotic
3184,-1004.1320912463915,-1215.1511383229715,1358.1413.sbml.csv,Vaginal Probiotic
3185,-2387.985197027069,-305.65265812813135,1358.1413.sbml.csv,Vaginal Probiotic
3186,-2988.1724636146587,-911.6084218864729,1358.1413.sbml.csv,Vaginal Probiotic
3187,-1244.9312440061103,-1199.6069397602391,1358.1413.sbml.csv,Vaginal Probiotic
3188,-1565.4153285559128,422.94550635395603,1358.1413.sbml.csv,Vaginal Probiotic
3189,-3120.3344604162776,-877.4318458595578,1358.1413.sbml.csv,Vaginal Probiotic
3190,-323.2443485410898,-80.1254242360028,1358.1413.sbml.csv,Vaginal Probiotic
3191,-591.2440150733212,-880.7060785615782,1358.1413.sbml.csv,Vaginal Probiotic
3192,-2081.3649200357595,-1028.0432315065402,1358.1413.sbml.csv,Vaginal Probiotic
3193,-2625.3251761123565,789.8897073901671,1358.1413.sbml.csv,Vaginal Probiotic
3194,-3517.6672109961223,-246.56754130020397,1358.1413.sbml.csv,Vaginal Probiotic
3195,-2886.0429022886647,-1070.8092287343304,1358.1413.sbml.csv,Vaginal Probiotic
3196,-3068.7500823842074,158.51577592187152,1358.1413.sbml.csv,Vaginal Probiotic
3197,-1199.7826015269072,-1327.9705817185268,1358.1413.sbml.csv,Vaginal Probiotic
3198,-1070.244287862452,-1309.0446898251398,1358.1413.sbml.csv,Vaginal Probiotic
3199,-2457.5567882226287,-220.55846863114186,1358.1413.sbml.csv,Vaginal Probiotic
3200,-1583.3698949384475,-1162.3552012177258,1358.1413.sbml.csv,Vaginal Probiotic
3201,-1876.980483823777,1447.8434726015091,1358.1413.sbml.csv,Vaginal Probiotic
3202,-1776.0164174487866,-23.80909981274424,1358.1413.sbml.csv,Vaginal Probiotic
3203,-3253.3575466356515,-769.3767460755013,1358.1413.sbml.csv,Vaginal Probiotic
3204,-1863.4119993229904,-370.67904472652134,1358.1413.sbml.csv,Vaginal Probiotic
3205,-3356.8887556811696,819.8230277070173,1358.1413.sbml.csv,Vaginal Probiotic
3206,-1817.9932235126391,-1231.5330657896711,1358.1413.sbml.csv,Vaginal Probiotic
3207,-2300.456100247358,-989.7053885070335,1358.1413.sbml.csv,Vaginal Probiotic
3208,-3382.6179812999385,-245.06863186622485,1358.1413.sbml.csv,Vaginal Probiotic
3209,-2942.3188606157064,96.674112277793,1358.1413.sbml.csv,Vaginal Probiotic
3210,-3348.1602672100375,-113.98165213987762,1358.1413.sbml.csv,Vaginal Probiotic
3211,-1682.0359557348163,-1293.2503757548586,1358.1413.sbml.csv,Vaginal Probiotic
3212,-2120.7394426744804,-1301.7045794372627,1358.1413.sbml.csv,Vaginal Probiotic
3213,-3499.2074364109994,581.700123201607,1358.1413.sbml.csv,Vaginal Probiotic
3214,-4092.0453859056693,-47.1860011489199,1358.1413.sbml.csv,Vaginal Probiotic
3215,-1690.6164687312223,-665.3377560424624,1358.1413.sbml.csv,Vaginal Probiotic
3216,-3701.410705244643,-2134.7456808760307,1358.1413.sbml.csv,Vaginal Probiotic
3217,-2396.252808863905,-1020.6457862534781,1358.1413.sbml.csv,Vaginal Probiotic
3218,-1749.9557156020549,17.597089497227785,1358.1413.sbml.csv,Vaginal Probiotic
3219,-2989.5472794733028,-505.208300916899,1358.1413.sbml.csv,Vaginal Probiotic
3220,-606.7784316566416,736.5087811084003,1358.1413.sbml.csv,Vaginal Probiotic
3221,-2004.000352792496,457.6924892418805,1358.1413.sbml.csv,Vaginal Probiotic
3222,-1847.7274270597559,-311.1553372470535,1358.1413.sbml.csv,Vaginal Probiotic
3223,-623.8785768846066,-1223.965490374198,1358.1413.sbml.csv,Vaginal Probiotic
3224,-2650.5947120962105,627.1275863167625,1358.1413.sbml.csv,Vaginal Probiotic
3225,-2662.8235053667263,-1026.3197099273343,1358.1413.sbml.csv,Vaginal Probiotic
3226,-1892.5811098709455,-956.2893565580297,1358.1413.sbml.csv,Vaginal Probiotic
3227,-3507.4601456399255,-697.8106845514724,1358.1413.sbml.csv,Vaginal Probiotic
3228,-1327.0187542177741,-1411.051503663578,1358.1413.sbml.csv,Vaginal Probiotic
3229,-2981.1429471262923,91.01207018347552,1358.1413.sbml.csv,Vaginal Probiotic
3230,-3118.7601648998043,535.5589849216519,1358.1413.sbml.csv,Vaginal Probiotic
3231,-3162.947937344341,-135.56891236594836,1358.1413.sbml.csv,Vaginal Probiotic
3232,-3011.7163792287893,221.7634149909847,1358.1413.sbml.csv,Vaginal Probiotic
3233,-2977.3894530775115,-950.780256775778,1358.1413.sbml.csv,Vaginal Probiotic
3234,-1336.8559496238881,-1099.7485488189664,1358.1413.sbml.csv,Vaginal Probiotic
3235,-2540.6953579106603,263.7583589750899,1358.1413.sbml.csv,Vaginal Probiotic
3236,-2735.025030008396,-314.96778080721043,1358.1413.sbml.csv,Vaginal Probiotic
3237,-1647.700464831467,-293.6483775945765,1358.1413.sbml.csv,Vaginal Probiotic
3238,-1612.9251621636063,-1632.8771268283692,1358.1413.sbml.csv,Vaginal Probiotic
3239,-2630.6054220206142,-179.54579340206942,1358.1413.sbml.csv,Vaginal Probiotic
3240,-3010.3497857178663,-275.9667683538577,1358.1413.sbml.csv,Vaginal Probiotic
3241,-637.9142555523621,-1560.6440109067066,1358.1413.sbml.csv,Vaginal Probiotic
3242,-705.3381901953684,184.4568714476553,1358.1413.sbml.csv,Vaginal Probiotic
3243,-1788.715260593719,231.09325521773692,1358.1413.sbml.csv,Vaginal Probiotic
3244,-2288.1380811692634,99.12858758852964,1358.1413.sbml.csv,Vaginal Probiotic
3245,-1349.450910444697,-897.9754475296953,1358.1413.sbml.csv,Vaginal Probiotic
3246,-1959.5552781014203,-647.2011525226393,1358.1413.sbml.csv,Vaginal Probiotic
3247,-2710.6261282532705,285.6574997564008,1358.1413.sbml.csv,Vaginal Probiotic
3248,-1906.4244832613115,-505.1756286370722,1358.1413.sbml.csv,Vaginal Probiotic
3249,-2601.946299454513,-138.77546593761937,1358.1413.sbml.csv,Vaginal Probiotic
3250,-2231.253756173978,2665.18585447572,1587.750.sbml.csv,Vaginal Probiotic
3251,-878.7655985056236,3446.550341931244,1587.750.sbml.csv,Vaginal Probiotic
3252,-840.465775343762,3465.627547663957,1587.750.sbml.csv,Vaginal Probiotic
3253,-1478.9965514459304,3136.6756460595684,1587.750.sbml.csv,Vaginal Probiotic
3254,-29.225199110591202,1480.4524576832707,1587.750.sbml.csv,Vaginal Probiotic
3255,-423.61909860653054,3210.0143152171254,1587.750.sbml.csv,Vaginal Probiotic
3256,-2102.9329745274376,2324.315678009373,1587.750.sbml.csv,Vaginal Probiotic
3257,-176.20228546646877,3195.296240272914,1587.750.sbml.csv,Vaginal Probiotic
3258,-1507.8035979785236,3180.5245853729202,1587.750.sbml.csv,Vaginal Probiotic
3259,-2275.6524179310286,3545.586747979895,1587.750.sbml.csv,Vaginal Probiotic
3260,-2152.60261084154,3247.9533151087303,1587.750.sbml.csv,Vaginal Probiotic
3261,1312.8848388172287,2054.234958342334,1587.750.sbml.csv,Vaginal Probiotic
3262,-55.784136218103654,3433.2101031350244,1587.750.sbml.csv,Vaginal Probiotic
3263,-1175.6489694597497,2607.02987196973,1587.750.sbml.csv,Vaginal Probiotic
3264,-1149.1370963493903,4077.094960977261,1587.750.sbml.csv,Vaginal Probiotic
3265,-1375.7597902988248,2864.4522102559267,1587.750.sbml.csv,Vaginal Probiotic
3266,-2881.171863693802,1372.7054772246743,1587.750.sbml.csv,Vaginal Probiotic
3267,-1072.0295461857831,3945.573342065745,1587.750.sbml.csv,Vaginal Probiotic
3268,-1264.536015480383,2902.474279021571,1587.750.sbml.csv,Vaginal Probiotic
3269,-1844.7837938460407,3036.1567658317676,1587.750.sbml.csv,Vaginal Probiotic
3270,-20.268238217281688,3302.6265691566327,1587.750.sbml.csv,Vaginal Probiotic
3271,-2372.2924525960116,3111.995027658919,1587.750.sbml.csv,Vaginal Probiotic
3272,171.081458503718,2120.439654030169,1587.750.sbml.csv,Vaginal Probiotic
3273,-1783.3420385399938,2345.813046304399,1587.750.sbml.csv,Vaginal Probiotic
3274,-996.0257023049147,4250.160347763689,1587.750.sbml.csv,Vaginal Probiotic
3275,-1207.0850722251062,3182.918138818471,1587.750.sbml.csv,Vaginal Probiotic
3276,-2137.218509715905,2723.9016431925997,1587.750.sbml.csv,Vaginal Probiotic
3277,-1574.57849140992,3778.5932845531697,1587.750.sbml.csv,Vaginal Probiotic
3278,-1375.1073979478638,3092.1750753971937,1587.750.sbml.csv,Vaginal Probiotic
3279,-1289.6983750158079,3424.8975193247547,1587.750.sbml.csv,Vaginal Probiotic
3280,-2141.0289548205465,3655.641578421267,1587.750.sbml.csv,Vaginal Probiotic
3281,-1507.543814136122,2554.7983432372157,1587.750.sbml.csv,Vaginal Probiotic
3282,-2101.6035975845375,3559.199240442167,1587.750.sbml.csv,Vaginal Probiotic
3283,-2271.1938591740486,3274.615779825878,1587.750.sbml.csv,Vaginal Probiotic
3284,395.39421502996174,3616.0645444491734,1587.750.sbml.csv,Vaginal Probiotic
3285,-1986.8628864489972,2181.6546369920766,1587.750.sbml.csv,Vaginal Probiotic
3286,99.53573132469246,3046.639590462735,1587.750.sbml.csv,Vaginal Probiotic
3287,-62.204487937108645,2263.6809948696387,1587.750.sbml.csv,Vaginal Probiotic
3288,-1995.8341399434998,3235.3691944409875,1587.750.sbml.csv,Vaginal Probiotic
3289,-189.7580349724043,2663.5693784448003,1587.750.sbml.csv,Vaginal Probiotic
3290,-1235.525148610215,2462.421894568801,1587.750.sbml.csv,Vaginal Probiotic
3291,-1483.3798894805986,3051.578767074514,1587.750.sbml.csv,Vaginal Probiotic
3292,-524.8181685779896,2446.953790646172,1587.750.sbml.csv,Vaginal Probiotic
3293,-1864.9535397349987,2894.2028136182394,1587.750.sbml.csv,Vaginal Probiotic
3294,-284.37337781164103,1783.6669745602408,1587.750.sbml.csv,Vaginal Probiotic
3295,-789.0019197089093,2530.807482462072,1587.750.sbml.csv,Vaginal Probiotic
3296,-1640.9003610106042,2873.206502286468,1587.750.sbml.csv,Vaginal Probiotic
3297,-675.2212253245253,3172.5111778356963,1587.750.sbml.csv,Vaginal Probiotic
3298,-187.92057579954246,3181.4710422042644,1587.750.sbml.csv,Vaginal Probiotic
3299,-1619.6581808649785,3083.4819912680955,1587.750.sbml.csv,Vaginal Probiotic
3300,-1914.254165334938,3046.2410583299766,1587.750.sbml.csv,Vaginal Probiotic
3301,-1710.486170501498,3120.0502394669898,1587.750.sbml.csv,Vaginal Probiotic
3302,-584.9217289968201,3689.4752792169443,1587.750.sbml.csv,Vaginal Probiotic
3303,-1842.1960630105677,2806.5252566209438,1587.750.sbml.csv,Vaginal Probiotic
3304,-2447.7216400713337,2866.48193603601,1587.750.sbml.csv,Vaginal Probiotic
3305,-1099.9250619782586,3608.588644658988,1587.750.sbml.csv,Vaginal Probiotic
3306,-1778.6178906612204,2405.146686718127,1587.750.sbml.csv,Vaginal Probiotic
3307,-2400.4680219310508,3500.381526795878,1587.750.sbml.csv,Vaginal Probiotic
3308,-2299.0876377052355,1536.0218283218546,1587.750.sbml.csv,Vaginal Probiotic
3309,-2555.0346040514573,2640.667731744517,1587.750.sbml.csv,Vaginal Probiotic
3310,-1455.2740073566242,1681.1182893098958,1587.750.sbml.csv,Vaginal Probiotic
3311,-1608.8838744747495,3120.7813410806184,1587.750.sbml.csv,Vaginal Probiotic
3312,-531.4424310008061,3798.485343021702,1587.750.sbml.csv,Vaginal Probiotic
3313,-1857.8938151170078,3169.4663864544077,1587.750.sbml.csv,Vaginal Probiotic
3314,-1160.7269850610626,3447.839869775131,1587.750.sbml.csv,Vaginal Probiotic
3315,-621.9858735495857,3085.5341019225716,1587.750.sbml.csv,Vaginal Probiotic
3316,-107.57358423171983,2214.149690651023,1587.750.sbml.csv,Vaginal Probiotic
3317,-1611.3512895110116,3194.774231387529,1587.750.sbml.csv,Vaginal Probiotic
3318,-992.1857818518555,3460.9570820353824,1587.750.sbml.csv,Vaginal Probiotic
3319,-1092.411125046632,1114.6181703319153,1587.750.sbml.csv,Vaginal Probiotic
3320,-1647.5096016036634,3940.3495038313945,1587.750.sbml.csv,Vaginal Probiotic
3321,-562.1386473124177,2191.837997575493,1587.750.sbml.csv,Vaginal Probiotic
3322,-1501.6412319756205,1848.0781515258034,1587.750.sbml.csv,Vaginal Probiotic
3323,-1323.3647214680623,3404.4983027486337,1587.750.sbml.csv,Vaginal Probiotic
3324,-771.2355938251276,3595.246054341337,1587.750.sbml.csv,Vaginal Probiotic
3325,-1234.9732728491717,3068.275727542459,1587.750.sbml.csv,Vaginal Probiotic
3326,-38.46507537247409,3958.8165954349856,1587.750.sbml.csv,Vaginal Probiotic
3327,-1492.0677249744297,4054.0439948555436,1587.750.sbml.csv,Vaginal Probiotic
3328,-1328.3372278030172,3103.773977514382,1587.750.sbml.csv,Vaginal Probiotic
3329,-845.8756200724706,3133.848106389335,1587.750.sbml.csv,Vaginal Probiotic
3330,181.7380363264937,2000.2625982918794,1587.750.sbml.csv,Vaginal Probiotic
3331,-2818.0205135252963,3235.168703704978,1587.750.sbml.csv,Vaginal Probiotic
3332,-1479.1131837418732,3124.781960722865,1587.750.sbml.csv,Vaginal Probiotic
3333,73.90507195730983,2889.6190376330255,1587.750.sbml.csv,Vaginal Probiotic
3334,-809.0471957950892,3907.3925654824543,1587.750.sbml.csv,Vaginal Probiotic
3335,191.32526577405287,3499.033965666129,1587.750.sbml.csv,Vaginal Probiotic
3336,-315.5528703409469,3149.152890406462,1587.750.sbml.csv,Vaginal Probiotic
3337,-1595.9196688925015,3354.565381191396,1587.750.sbml.csv,Vaginal Probiotic
3338,-860.9399758885664,3114.6889772209443,1587.750.sbml.csv,Vaginal Probiotic
3339,-1695.943821006412,3475.790265586066,1587.750.sbml.csv,Vaginal Probiotic
3340,-450.522986271298,2614.482284916732,1587.750.sbml.csv,Vaginal Probiotic
3341,-929.9865641985702,3110.0102700100474,1587.750.sbml.csv,Vaginal Probiotic
3342,-776.0730302140361,2547.144054850222,1587.750.sbml.csv,Vaginal Probiotic
3343,-1167.4706447029673,3950.2297975073725,1587.750.sbml.csv,Vaginal Probiotic
3344,-858.7622160082254,3897.4794657904017,1587.750.sbml.csv,Vaginal Probiotic
3345,-832.7124159794221,2236.4723356211025,1587.750.sbml.csv,Vaginal Probiotic
3346,-454.91532415258814,2131.853766987559,1587.750.sbml.csv,Vaginal Probiotic
3347,-2295.553630770088,2650.866832335432,1587.750.sbml.csv,Vaginal Probiotic
3348,-1377.4521926682546,3511.75697088034,1587.750.sbml.csv,Vaginal Probiotic
3349,-315.7484141535873,1969.6461619751665,1587.750.sbml.csv,Vaginal Probiotic
3350,1002.2996756739644,3759.9481012619794,1587.750.sbml.csv,Vaginal Probiotic
3351,-2084.428928035881,2572.37132746575,1587.750.sbml.csv,Vaginal Probiotic
3352,-580.6261137282779,3375.615309930143,1587.750.sbml.csv,Vaginal Probiotic
3353,-1540.6566334730046,2921.96897190512,1587.750.sbml.csv,Vaginal Probiotic
3354,822.9988335314446,965.1152703401134,1587.750.sbml.csv,Vaginal Probiotic
3355,-265.2509884197672,3694.4937577438695,1587.750.sbml.csv,Vaginal Probiotic
3356,2215.187499312985,1985.8230681903522,1587.750.sbml.csv,Vaginal Probiotic
3357,-995.0739644659849,3789.28442086679,1587.750.sbml.csv,Vaginal Probiotic
3358,-81.58262411534143,2868.0344224632895,1587.750.sbml.csv,Vaginal Probiotic
3359,-1783.8418581038404,1352.5061499089395,1587.750.sbml.csv,Vaginal Probiotic
3360,-1308.799253382078,3133.435700277282,1587.750.sbml.csv,Vaginal Probiotic
3361,-1327.3586916929946,3322.4643291089783,1587.750.sbml.csv,Vaginal Probiotic
3362,-1293.6071397701053,2998.3347978423767,1587.750.sbml.csv,Vaginal Probiotic
3363,-2220.3650410913115,3353.1714486460273,1587.750.sbml.csv,Vaginal Probiotic
3364,-1426.7730152279105,3682.6662229291783,1587.750.sbml.csv,Vaginal Probiotic
3365,215.29268717463702,2897.333656344489,1587.750.sbml.csv,Vaginal Probiotic
3366,-1744.0318658234419,3345.7103606010037,1587.750.sbml.csv,Vaginal Probiotic
3367,-1791.460121749879,3316.745477499629,1587.750.sbml.csv,Vaginal Probiotic
3368,507.177414384343,2125.8487899809743,1587.750.sbml.csv,Vaginal Probiotic
3369,-2107.092011665721,2851.7838921919088,1587.750.sbml.csv,Vaginal Probiotic
3370,-799.1016032045807,3233.142929163659,1587.750.sbml.csv,Vaginal Probiotic
3371,-758.2997062915007,2883.157527392634,1587.750.sbml.csv,Vaginal Probiotic
3372,-1455.7296577544566,3313.0681437646526,1587.750.sbml.csv,Vaginal Probiotic
3373,-1962.4852901666682,2074.518067399202,1587.750.sbml.csv,Vaginal Probiotic
3374,-900.7631301427145,2760.938132161939,1587.750.sbml.csv,Vaginal Probiotic
3375,-484.5170857533573,1692.3928551010067,1587.750.sbml.csv,Vaginal Probiotic
3376,-1923.6556596161702,2807.5479728293963,1587.750.sbml.csv,Vaginal Probiotic
3377,680.8974685555115,3160.6273146082667,1587.750.sbml.csv,Vaginal Probiotic
3378,713.7294659312647,1918.8540299996048,1587.750.sbml.csv,Vaginal Probiotic
3379,-2386.1808033100015,3771.998282276778,1587.750.sbml.csv,Vaginal Probiotic
3380,-206.20751710481878,3641.4981394784836,1587.750.sbml.csv,Vaginal Probiotic
3381,-1586.7128013334607,1730.6569924572243,1587.750.sbml.csv,Vaginal Probiotic
3382,837.8767392229728,2745.463568507904,1587.750.sbml.csv,Vaginal Probiotic
3383,-470.1726491901546,3201.469468233203,1587.750.sbml.csv,Vaginal Probiotic
3384,702.1179043195468,3264.444489833857,1587.750.sbml.csv,Vaginal Probiotic
3385,-1904.6419692276095,3320.1953641054292,1587.750.sbml.csv,Vaginal Probiotic
3386,419.3416666928057,2674.179292778207,1587.750.sbml.csv,Vaginal Probiotic
3387,-1515.5938411971647,1965.6124770904655,1587.750.sbml.csv,Vaginal Probiotic
3388,-1678.2390206130788,2842.6508366542885,1587.750.sbml.csv,Vaginal Probiotic
3389,-1763.0314217197813,2204.896618800068,1587.750.sbml.csv,Vaginal Probiotic
3390,-1738.1784329652187,3600.8183688609765,1587.750.sbml.csv,Vaginal Probiotic
3391,-1935.8511226196836,2026.7502644787064,1587.750.sbml.csv,Vaginal Probiotic
3392,-606.880324084199,1983.387078106988,1587.750.sbml.csv,Vaginal Probiotic
3393,-2181.207666594185,1045.8706514015607,1587.750.sbml.csv,Vaginal Probiotic
3394,-665.9506730306862,2620.502494022538,1587.750.sbml.csv,Vaginal Probiotic
3395,-874.214643855714,2094.100684067539,1587.750.sbml.csv,Vaginal Probiotic
3396,-1232.2147805286925,1498.544851395117,1587.750.sbml.csv,Vaginal Probiotic
3397,-403.6314812260794,3456.7879425607634,1587.750.sbml.csv,Vaginal Probiotic
3398,-2217.3100010395897,3914.989745126826,1587.750.sbml.csv,Vaginal Probiotic
3399,-1844.529000381845,1758.8780138107968,1587.750.sbml.csv,Vaginal Probiotic
3400,-230.3711009041622,2161.208129533623,1587.750.sbml.csv,Vaginal Probiotic
3401,-80.97022783405932,2643.7156438345783,1587.750.sbml.csv,Vaginal Probiotic
3402,-2790.8788081771036,2182.095572918906,1587.750.sbml.csv,Vaginal Probiotic
3403,-1412.6296691940174,3455.07042826548,1587.750.sbml.csv,Vaginal Probiotic
3404,-2068.161753056762,2607.7716099152726,1587.750.sbml.csv,Vaginal Probiotic
3405,-798.6372408888382,2666.26441749924,1587.750.sbml.csv,Vaginal Probiotic
3406,-60.56319342362584,3388.088513545931,1587.750.sbml.csv,Vaginal Probiotic
3407,-1957.4457239699284,3197.4137145966956,1587.750.sbml.csv,Vaginal Probiotic
3408,-237.50885369728346,2861.25573223315,1587.750.sbml.csv,Vaginal Probiotic
3409,-1570.0385208381776,1742.864627487374,1587.750.sbml.csv,Vaginal Probiotic
3410,-1537.5006854780024,2764.413205282308,1587.750.sbml.csv,Vaginal Probiotic
3411,-1500.4233107305236,3764.5951497686965,1587.750.sbml.csv,Vaginal Probiotic
3412,-2814.7570849488516,2317.953015357058,1587.750.sbml.csv,Vaginal Probiotic
3413,-150.07377955654837,4207.649783985961,1587.750.sbml.csv,Vaginal Probiotic
3414,-453.17978403327317,2845.5305704435846,1587.750.sbml.csv,Vaginal Probiotic
3415,-193.1364736459233,3530.2715278335554,1587.750.sbml.csv,Vaginal Probiotic
3416,-170.77612956125023,3711.0009176739804,1587.750.sbml.csv,Vaginal Probiotic
3417,-1895.088737674964,3992.436954425086,1587.750.sbml.csv,Vaginal Probiotic
3418,-707.8208050808415,3044.656329362219,1587.750.sbml.csv,Vaginal Probiotic
3419,313.22854463157825,3465.099393195743,1587.750.sbml.csv,Vaginal Probiotic
3420,605.7108116654053,2151.7136666474057,1587.750.sbml.csv,Vaginal Probiotic
3421,110.20404777355058,2614.2683829180237,1587.750.sbml.csv,Vaginal Probiotic
3422,-2546.9120965106636,3649.413212874396,1587.750.sbml.csv,Vaginal Probiotic
3423,-1241.0486692189077,3252.2132747002697,1587.750.sbml.csv,Vaginal Probiotic
3424,-261.82583672585497,2752.54787021625,1587.750.sbml.csv,Vaginal Probiotic
3425,-1516.7932874066973,3642.610401250177,1587.750.sbml.csv,Vaginal Probiotic
3426,-985.5819599111451,3513.063141451855,1587.750.sbml.csv,Vaginal Probiotic
3427,-1710.958527986033,3103.378253515689,1587.750.sbml.csv,Vaginal Probiotic
3428,-1918.4009983598582,1961.670599633236,1587.750.sbml.csv,Vaginal Probiotic
3429,-3.8687842788672793,1776.6438744837108,1587.750.sbml.csv,Vaginal Probiotic
3430,-220.6239578782431,2312.501400183817,1587.750.sbml.csv,Vaginal Probiotic
3431,-2114.599475469371,3567.409339491179,1587.750.sbml.csv,Vaginal Probiotic
3432,-2347.91442947837,4316.124209728026,1587.750.sbml.csv,Vaginal Probiotic
3433,-1858.89198856147,3288.979622432473,1587.750.sbml.csv,Vaginal Probiotic
3434,812.2411142458881,1867.2237130896233,1587.750.sbml.csv,Vaginal Probiotic
3435,812.0426525583417,2004.180636208413,1587.750.sbml.csv,Vaginal Probiotic
3436,-876.5874645253098,1585.8654094849483,1587.750.sbml.csv,Vaginal Probiotic
3437,-2280.8855573409905,1761.346507383595,1587.750.sbml.csv,Vaginal Probiotic
3438,-1999.0140645883005,3548.23237233076,1587.750.sbml.csv,Vaginal Probiotic
3439,-1899.2440711560585,1742.4373034753844,1587.750.sbml.csv,Vaginal Probiotic
3440,-1472.2644235846426,2563.228882615786,1587.750.sbml.csv,Vaginal Probiotic
3441,-1760.155896794726,3187.2195829392363,1587.750.sbml.csv,Vaginal Probiotic
3442,-434.2597733265151,3547.4771213992476,1587.750.sbml.csv,Vaginal Probiotic
3443,-1262.7516142627658,2571.4156188555726,1587.750.sbml.csv,Vaginal Probiotic
3444,-243.31639142729034,1675.5848878617444,1587.750.sbml.csv,Vaginal Probiotic
3445,-340.2499293990642,3187.7900477577223,1587.750.sbml.csv,Vaginal Probiotic
3446,-2308.1361711919144,3644.884525249974,1587.750.sbml.csv,Vaginal Probiotic
3447,-1038.0982915578247,1928.6548068371542,1587.750.sbml.csv,Vaginal Probiotic
3448,-2583.4416723206878,3797.330800136514,1587.750.sbml.csv,Vaginal Probiotic
3449,-1907.2865871684205,3006.360683056808,1587.750.sbml.csv,Vaginal Probiotic
3450,218.16983431311638,2112.8886358123755,1587.750.sbml.csv,Vaginal Probiotic
3451,-813.3541932434747,3411.760203854244,1587.750.sbml.csv,Vaginal Probiotic
3452,845.9975833623253,2460.384048413797,1587.750.sbml.csv,Vaginal Probiotic
3453,-1205.0269308418963,3366.9845975210046,1587.750.sbml.csv,Vaginal Probiotic
3454,-1566.491884164917,2612.3889356105983,1587.750.sbml.csv,Vaginal Probiotic
3455,664.2643809777716,2235.8141300975944,1587.750.sbml.csv,Vaginal Probiotic
3456,-2446.307031122386,2750.7874203277725,1587.750.sbml.csv,Vaginal Probiotic
3457,-470.6834570714416,3448.5238975164925,1587.750.sbml.csv,Vaginal Probiotic
3458,-2234.122730779521,3192.3956622593573,1587.750.sbml.csv,Vaginal Probiotic
3459,-826.728437573218,3590.8036165443723,1587.750.sbml.csv,Vaginal Probiotic
3460,-2225.4005966053664,3305.5796913240606,1587.750.sbml.csv,Vaginal Probiotic
3461,-1509.2092103053594,1980.8360618652828,1587.750.sbml.csv,Vaginal Probiotic
3462,-2106.784340347432,1571.9732216601037,1587.750.sbml.csv,Vaginal Probiotic
3463,-1629.3616605780976,3191.7819528728137,1587.750.sbml.csv,Vaginal Probiotic
3464,-2034.9005998965424,2286.7936951576935,1587.750.sbml.csv,Vaginal Probiotic
3465,-1994.20941818862,2280.0665608066224,1587.750.sbml.csv,Vaginal Probiotic
3466,-631.7395912759914,1660.1030356316144,1587.750.sbml.csv,Vaginal Probiotic
3467,18.722203715560806,2858.4172753428297,1587.750.sbml.csv,Vaginal Probiotic
3468,-2673.237269840948,2212.857329508394,1587.750.sbml.csv,Vaginal Probiotic
3469,-1361.550104006062,3234.2901433455368,1587.750.sbml.csv,Vaginal Probiotic
3470,-2021.1602190024832,3448.601721548464,1587.750.sbml.csv,Vaginal Probiotic
3471,-1775.706267226596,3156.17225243836,1587.750.sbml.csv,Vaginal Probiotic
3472,-175.79166005141374,3526.339020041644,1587.750.sbml.csv,Vaginal Probiotic
3473,-1480.869961047642,3069.246175804641,1587.750.sbml.csv,Vaginal Probiotic
3474,-975.6655588130549,1699.0532773980055,1587.750.sbml.csv,Vaginal Probiotic
3475,41.06658463776708,3033.98543491633,1587.750.sbml.csv,Vaginal Probiotic
3476,458.55029891527045,2027.1112900091387,1587.750.sbml.csv,Vaginal Probiotic
3477,-1103.0825251048334,2759.391765565654,1587.750.sbml.csv,Vaginal Probiotic
3478,-1443.4446718027957,3370.3356176806456,1587.750.sbml.csv,Vaginal Probiotic
3479,-2077.636689568637,3211.5417529308143,1587.750.sbml.csv,Vaginal Probiotic
3480,-1093.3488547807276,2942.95485332793,1587.750.sbml.csv,Vaginal Probiotic
3481,-448.9666622810175,3312.4832906739352,1587.750.sbml.csv,Vaginal Probiotic
3482,-1510.4926208945892,3046.537789513741,1587.750.sbml.csv,Vaginal Probiotic
3483,-1134.9032020623242,3648.4258577912087,1587.750.sbml.csv,Vaginal Probiotic
3484,-2267.1176458713476,2359.043799938064,1587.750.sbml.csv,Vaginal Probiotic
3485,-1928.6415820361187,3160.7763013004364,1587.750.sbml.csv,Vaginal Probiotic
3486,-1957.7726829503977,3263.122267160327,1587.750.sbml.csv,Vaginal Probiotic
3487,-411.3868627358226,1793.4787467517285,1587.750.sbml.csv,Vaginal Probiotic
3488,170.8216910532671,1912.6854719933492,1587.750.sbml.csv,Vaginal Probiotic
3489,-830.3207716069147,3408.832206232812,1587.750.sbml.csv,Vaginal Probiotic
3490,313.176003318459,3423.1629569925794,1587.750.sbml.csv,Vaginal Probiotic
3491,-1878.1253714332288,4009.884882350006,1587.750.sbml.csv,Vaginal Probiotic
3492,-1517.231798338955,2215.867450919282,1587.750.sbml.csv,Vaginal Probiotic
3493,-1475.0960715486756,2951.7133577379964,1587.750.sbml.csv,Vaginal Probiotic
3494,-275.3333691952384,3314.4286466783688,1587.750.sbml.csv,Vaginal Probiotic
3495,-1503.6409322342909,3320.0702718434604,1587.750.sbml.csv,Vaginal Probiotic
3496,-1638.6051407773293,2668.693051264131,1587.750.sbml.csv,Vaginal Probiotic
3497,-1309.376066217219,2784.0424571744657,1587.750.sbml.csv,Vaginal Probiotic
3498,1108.6013338708883,2198.9678149850893,1587.750.sbml.csv,Vaginal Probiotic
3499,-1026.776135342033,1868.353931097835,1587.750.sbml.csv,Vaginal Probiotic
3500,1573.2083767314507,-1907.393918810283,38284.26.sbml.csv,Vaginal Commensal
3501,-303.2137889544855,-2018.951679736513,38284.26.sbml.csv,Vaginal Commensal
3502,902.4475428152767,-1484.694713368656,38284.26.sbml.csv,Vaginal Commensal
3503,-305.02872513644513,-1803.7493577027394,38284.26.sbml.csv,Vaginal Commensal
3504,-2794.490554621434,-1100.8108893079495,38284.26.sbml.csv,Vaginal Commensal
3505,1067.631699435133,-2464.4235358453143,38284.26.sbml.csv,Vaginal Commensal
3506,-941.0987323364038,-1652.8141854983867,38284.26.sbml.csv,Vaginal Commensal
3507,1269.2967036106033,-2887.8238002197245,38284.26.sbml.csv,Vaginal Commensal
3508,2490.579082883873,-2040.2082968495265,38284.26.sbml.csv,Vaginal Commensal
3509,197.18159140492094,-2001.99949944144,38284.26.sbml.csv,Vaginal Commensal
3510,171.0168164011573,-2588.299060177997,38284.26.sbml.csv,Vaginal Commensal
3511,-1630.2823509820057,-2187.549599419359,38284.26.sbml.csv,Vaginal Commensal
3512,1593.4828474522255,-2210.1527028236474,38284.26.sbml.csv,Vaginal Commensal
3513,2234.960313812873,-2078.807752034768,38284.26.sbml.csv,Vaginal Commensal
3514,589.764586046907,-1947.5963768020122,38284.26.sbml.csv,Vaginal Commensal
3515,2326.6783438597786,-1341.1320911268583,38284.26.sbml.csv,Vaginal Commensal
3516,2798.5601554077944,-627.9309917286059,38284.26.sbml.csv,Vaginal Commensal
3517,2426.350771308005,-1903.281628199623,38284.26.sbml.csv,Vaginal Commensal
3518,2085.7740279602235,-2323.3310854847114,38284.26.sbml.csv,Vaginal Commensal
3519,1272.72275578236,-1885.0018805045006,38284.26.sbml.csv,Vaginal Commensal
3520,-372.32729823489717,-2912.007614771841,38284.26.sbml.csv,Vaginal Commensal
3521,-1283.6299330694862,-1292.1736068103235,38284.26.sbml.csv,Vaginal Commensal
3522,1644.580722247034,-3313.189689179639,38284.26.sbml.csv,Vaginal Commensal
3523,614.5168740936662,-1418.1106248665828,38284.26.sbml.csv,Vaginal Commensal
3524,-1251.0861288792191,-1825.6340685330442,38284.26.sbml.csv,Vaginal Commensal
3525,1348.5985088349094,-1040.6236435407022,38284.26.sbml.csv,Vaginal Commensal
3526,-283.0065657119411,-1418.7641208194505,38284.26.sbml.csv,Vaginal Commensal
3527,-612.6107505463871,-3034.5853646980236,38284.26.sbml.csv,Vaginal Commensal
3528,1520.2571416734281,-2212.5690779987394,38284.26.sbml.csv,Vaginal Commensal
3529,1604.8356664326368,-2459.701124396976,38284.26.sbml.csv,Vaginal Commensal
3530,737.0517481008693,-1838.6631315373525,38284.26.sbml.csv,Vaginal Commensal
3531,-1471.2449284141123,-3079.467134378941,38284.26.sbml.csv,Vaginal Commensal
3532,1960.7041025073047,-1893.087112811553,38284.26.sbml.csv,Vaginal Commensal
3533,200.55381188986894,-2148.08579161223,38284.26.sbml.csv,Vaginal Commensal
3534,6.890110624482943,-2791.8440218032124,38284.26.sbml.csv,Vaginal Commensal
3535,1969.771904205609,-1378.7705737251429,38284.26.sbml.csv,Vaginal Commensal
3536,330.1056275630498,-1851.7244514770475,38284.26.sbml.csv,Vaginal Commensal
3537,-13.173635067443147,-2661.872254888068,38284.26.sbml.csv,Vaginal Commensal
3538,825.665088689245,-2198.356348132258,38284.26.sbml.csv,Vaginal Commensal
3539,1468.3008583760613,-1664.4954071541742,38284.26.sbml.csv,Vaginal Commensal
3540,-595.1856432219055,-3473.679553605411,38284.26.sbml.csv,Vaginal Commensal
3541,-319.4946703894883,-1426.9188296752227,38284.26.sbml.csv,Vaginal Commensal
3542,1299.4123182224944,-2375.539250691076,38284.26.sbml.csv,Vaginal Commensal
3543,639.0510398541041,-2316.9972209476173,38284.26.sbml.csv,Vaginal Commensal
3544,-539.6463186729976,-1299.5848841748584,38284.26.sbml.csv,Vaginal Commensal
3545,-114.16772778831539,-1129.126743698518,38284.26.sbml.csv,Vaginal Commensal
3546,292.43533548902565,-2125.930867058031,38284.26.sbml.csv,Vaginal Commensal
3547,1631.908321515821,-1855.8781147779086,38284.26.sbml.csv,Vaginal Commensal
3548,1978.7728772446858,-2538.932003943165,38284.26.sbml.csv,Vaginal Commensal
3549,1187.406104812702,-2418.989141011153,38284.26.sbml.csv,Vaginal Commensal
3550,1941.8610618035314,-2905.617672401129,38284.26.sbml.csv,Vaginal Commensal
3551,-646.2545493177166,-1571.7958663729778,38284.26.sbml.csv,Vaginal Commensal
3552,-742.5827597544686,-919.9208409115794,38284.26.sbml.csv,Vaginal Commensal
3553,2272.596540419249,-1748.4638024741878,38284.26.sbml.csv,Vaginal Commensal
3554,-144.32945602639106,-2988.1164187273494,38284.26.sbml.csv,Vaginal Commensal
3555,-523.0076426465902,-2055.7160758843634,38284.26.sbml.csv,Vaginal Commensal
3556,1361.695844988021,-2311.444611579713,38284.26.sbml.csv,Vaginal Commensal
3557,1414.4044235925235,-3050.2811688530187,38284.26.sbml.csv,Vaginal Commensal
3558,-1115.2232428393572,-2673.398692285858,38284.26.sbml.csv,Vaginal Commensal
3559,36.72490216609675,-1013.5755365995492,38284.26.sbml.csv,Vaginal Commensal
3560,-275.8154720100019,-1562.553076994291,38284.26.sbml.csv,Vaginal Commensal
3561,291.83084491658553,-2333.6346074040016,38284.26.sbml.csv,Vaginal Commensal
3562,-312.9151279255449,-1658.255054985364,38284.26.sbml.csv,Vaginal Commensal
3563,1644.4176168538113,-1830.0148417518697,38284.26.sbml.csv,Vaginal Commensal
3564,1444.323960054683,-2335.4816290796966,38284.26.sbml.csv,Vaginal Commensal
3565,2066.2217157262603,-3245.3226700177647,38284.26.sbml.csv,Vaginal Commensal
3566,661.6616176344653,-3239.2018755906092,38284.26.sbml.csv,Vaginal Commensal
3567,529.1582369066322,-2756.2117538284747,38284.26.sbml.csv,Vaginal Commensal
3568,-1391.9132722789661,-1567.6409617650463,38284.26.sbml.csv,Vaginal Commensal
3569,1587.0713785307305,-2095.9773595332804,38284.26.sbml.csv,Vaginal Commensal
3570,1889.596681812965,-3184.0851649086903,38284.26.sbml.csv,Vaginal Commensal
3571,-535.2452934713833,-2893.4626894534226,38284.26.sbml.csv,Vaginal Commensal
3572,51.414277965607724,-3813.121917766876,38284.26.sbml.csv,Vaginal Commensal
3573,-695.9716995868447,-1195.8122330351723,38284.26.sbml.csv,Vaginal Commensal
3574,574.0774584902765,-2095.248735251599,38284.26.sbml.csv,Vaginal Commensal
3575,626.2612236767266,-3191.708949801347,38284.26.sbml.csv,Vaginal Commensal
3576,1270.7575580742073,-2345.3557441909884,38284.26.sbml.csv,Vaginal Commensal
3577,2397.4546816979687,-3450.1443159226064,38284.26.sbml.csv,Vaginal Commensal
3578,1701.7806955158264,-1266.8834609016008,38284.26.sbml.csv,Vaginal Commensal
3579,-1651.7102968201689,-2347.3486508604533,38284.26.sbml.csv,Vaginal Commensal
3580,-538.8045658634984,-3092.957182767826,38284.26.sbml.csv,Vaginal Commensal
3581,1161.8347277283158,-3591.7543670753385,38284.26.sbml.csv,Vaginal Commensal
3582,347.621397483946,-3166.9402498310064,38284.26.sbml.csv,Vaginal Commensal
3583,2132.449603952926,-3097.736317771128,38284.26.sbml.csv,Vaginal Commensal
3584,1587.4981464160546,-1967.257536588003,38284.26.sbml.csv,Vaginal Commensal
3585,-770.7451364364722,-2282.229505377969,38284.26.sbml.csv,Vaginal Commensal
3586,2144.773283972237,-3004.597204240399,38284.26.sbml.csv,Vaginal Commensal
3587,1427.7077048088813,-3463.734607771007,38284.26.sbml.csv,Vaginal Commensal
3588,40.00092452623141,-1648.3558301880303,38284.26.sbml.csv,Vaginal Commensal
3589,2513.8293918282634,-1103.4909994664426,38284.26.sbml.csv,Vaginal Commensal
3590,2415.8762253863238,-1979.2908014154314,38284.26.sbml.csv,Vaginal Commensal
3591,27.63981605066752,-2386.176241367618,38284.26.sbml.csv,Vaginal Commensal
3592,1530.0867514414576,-2818.8067831513767,38284.26.sbml.csv,Vaginal Commensal
3593,1846.0702504765857,-2595.9614508146783,38284.26.sbml.csv,Vaginal Commensal
3594,2150.3665362691922,-2517.046207175699,38284.26.sbml.csv,Vaginal Commensal
3595,2338.6660391636983,-1531.8514471825388,38284.26.sbml.csv,Vaginal Commensal
3596,1048.8238264925842,-2035.5797965554302,38284.26.sbml.csv,Vaginal Commensal
3597,1186.1125507419752,-3033.5067840378215,38284.26.sbml.csv,Vaginal Commensal
3598,1064.673630798122,-2609.132868856504,38284.26.sbml.csv,Vaginal Commensal
3599,699.6408764767389,-2733.8272833364567,38284.26.sbml.csv,Vaginal Commensal
3600,1848.9435873086218,-1857.8302066084088,38284.26.sbml.csv,Vaginal Commensal
3601,1099.8551812576509,-1940.4622377712517,38284.26.sbml.csv,Vaginal Commensal
3602,1566.9888477668592,-2725.208602081228,38284.26.sbml.csv,Vaginal Commensal
3603,957.9327289904863,-2478.6019308165487,38284.26.sbml.csv,Vaginal Commensal
3604,1607.8009901218493,-1514.871584643018,38284.26.sbml.csv,Vaginal Commensal
3605,1830.6671453062445,-2684.9182673129585,38284.26.sbml.csv,Vaginal Commensal
3606,585.7718595922369,-3370.879839047253,38284.26.sbml.csv,Vaginal Commensal
3607,1448.9038814148068,-1348.1988345876014,38284.26.sbml.csv,Vaginal Commensal
3608,606.0697469483073,-2435.5574290601107,38284.26.sbml.csv,Vaginal Commensal
3609,-887.808846918205,-3398.984898233759,38284.26.sbml.csv,Vaginal Commensal
3610,-358.8992808063033,-1797.4366869480157,38284.26.sbml.csv,Vaginal Commensal
3611,-836.5049614918295,-2528.999263850404,38284.26.sbml.csv,Vaginal Commensal
3612,277.84726348463687,-919.1628785970712,38284.26.sbml.csv,Vaginal Commensal
3613,-1597.5402858402824,-1590.558472727488,38284.26.sbml.csv,Vaginal Commensal
3614,2275.264285880113,-1721.0487267510287,38284.26.sbml.csv,Vaginal Commensal
3615,280.0167754174043,-3459.482754121137,38284.26.sbml.csv,Vaginal Commensal
3616,749.9985661463645,-1470.4547420653223,38284.26.sbml.csv,Vaginal Commensal
3617,214.13922529551024,-2012.6812564502625,38284.26.sbml.csv,Vaginal Commensal
3618,556.7138472096931,-2239.662575692771,38284.26.sbml.csv,Vaginal Commensal
3619,561.8391448710604,-2490.237754374935,38284.26.sbml.csv,Vaginal Commensal
3620,1934.4520358355815,-2082.73548718743,38284.26.sbml.csv,Vaginal Commensal
3621,832.4334856222409,-2202.1288917621914,38284.26.sbml.csv,Vaginal Commensal
3622,868.3690666767662,-1599.4842824655161,38284.26.sbml.csv,Vaginal Commensal
3623,1411.2660389823602,-2847.1970742927924,38284.26.sbml.csv,Vaginal Commensal
3624,1930.0538935804786,-4065.6877836952262,38284.26.sbml.csv,Vaginal Commensal
3625,-1084.52557328954,-1098.3497329318511,38284.26.sbml.csv,Vaginal Commensal
3626,2372.4206781807475,-2780.064050767341,38284.26.sbml.csv,Vaginal Commensal
3627,-248.99837997416688,-2860.5457209170577,38284.26.sbml.csv,Vaginal Commensal
3628,59.68289028397572,-2466.762926893988,38284.26.sbml.csv,Vaginal Commensal
3629,713.2232670520694,-1522.020163776659,38284.26.sbml.csv,Vaginal Commensal
3630,1377.5374685423583,-1855.3028216183163,38284.26.sbml.csv,Vaginal Commensal
3631,450.93827683690193,-1174.099850765809,38284.26.sbml.csv,Vaginal Commensal
3632,1461.8544772900098,-1668.3930514058504,38284.26.sbml.csv,Vaginal Commensal
3633,-1729.9674058608045,-2053.862891040741,38284.26.sbml.csv,Vaginal Commensal
3634,854.9156778033923,-1330.6399155375925,38284.26.sbml.csv,Vaginal Commensal
3635,1388.5843906471805,-1677.1014041519145,38284.26.sbml.csv,Vaginal Commensal
3636,1859.1222808732673,-1512.865418159156,38284.26.sbml.csv,Vaginal Commensal
3637,-21.02506476718377,-1669.8284359524678,38284.26.sbml.csv,Vaginal Commensal
3638,-225.21836462709905,-3090.0506703215856,38284.26.sbml.csv,Vaginal Commensal
3639,1313.6950043732836,-3598.606339261483,38284.26.sbml.csv,Vaginal Commensal
3640,76.06523406685578,-2625.007028025207,38284.26.sbml.csv,Vaginal Commensal
3641,904.8062346286528,-1305.468763827089,38284.26.sbml.csv,Vaginal Commensal
3642,-868.5533146084872,-2482.057878136265,38284.26.sbml.csv,Vaginal Commensal
3643,1456.1189332970664,-1986.5567524730081,38284.26.sbml.csv,Vaginal Commensal
3644,1298.1478216018663,-2512.991274719838,38284.26.sbml.csv,Vaginal Commensal
3645,1406.6245461634903,-2808.546427744621,38284.26.sbml.csv,Vaginal Commensal
3646,2489.364479896053,-2204.874081535781,38284.26.sbml.csv,Vaginal Commensal
3647,2228.927095521093,-2225.9461226346734,38284.26.sbml.csv,Vaginal Commensal
3648,1781.191561444936,-1240.7530386865471,38284.26.sbml.csv,Vaginal Commensal
3649,2074.38561816764,-2840.22475395622,38284.26.sbml.csv,Vaginal Commensal
3650,1902.5916761147184,-2443.0581084735154,38284.26.sbml.csv,Vaginal Commensal
3651,366.3780134920568,-1032.978810890751,38284.26.sbml.csv,Vaginal Commensal
3652,-1287.658594340321,-2717.677102018505,38284.26.sbml.csv,Vaginal Commensal
3653,1271.855304863393,-3123.3845697702536,38284.26.sbml.csv,Vaginal Commensal
3654,1583.4817387761977,-3281.2054864264323,38284.26.sbml.csv,Vaginal Commensal
3655,847.4241454457895,-3209.5529665480117,38284.26.sbml.csv,Vaginal Commensal
3656,1537.8919911844807,-1168.635155890708,38284.26.sbml.csv,Vaginal Commensal
3657,1204.8479630605898,-538.5967000948606,38284.26.sbml.csv,Vaginal Commensal
3658,1359.6800127391643,-2704.2816056668808,38284.26.sbml.csv,Vaginal Commensal
3659,2184.2226960162643,-2577.2149940888667,38284.26.sbml.csv,Vaginal Commensal
3660,969.610684558038,-1397.7692480206772,38284.26.sbml.csv,Vaginal Commensal
3661,2506.190470100834,-1784.1299643533719,38284.26.sbml.csv,Vaginal Commensal
3662,1794.7864668616303,-3119.958536519644,38284.26.sbml.csv,Vaginal Commensal
3663,1006.0023835735834,-1791.0156022825963,38284.26.sbml.csv,Vaginal Commensal
3664,1390.1972737150404,-2565.2569795207005,38284.26.sbml.csv,Vaginal Commensal
3665,-150.09902234766403,-1538.5650070359795,38284.26.sbml.csv,Vaginal Commensal
3666,2195.4253917376927,-1386.794883907344,38284.26.sbml.csv,Vaginal Commensal
3667,1481.93796758798,-1275.7670742153477,38284.26.sbml.csv,Vaginal Commensal
3668,-15.93010887713799,-2786.6410138653055,38284.26.sbml.csv,Vaginal Commensal
3669,1041.5172433556113,-923.7884186759968,38284.26.sbml.csv,Vaginal Commensal
3670,-424.55711802085426,-1549.2735105732138,38284.26.sbml.csv,Vaginal Commensal
3671,-912.2501672733957,-2054.5304179306922,38284.26.sbml.csv,Vaginal Commensal
3672,-1598.4851196042364,-1108.6337774197998,38284.26.sbml.csv,Vaginal Commensal
3673,-494.46489677780244,-2378.4218185123764,38284.26.sbml.csv,Vaginal Commensal
3674,309.645723052382,-2199.416033444157,38284.26.sbml.csv,Vaginal Commensal
3675,1949.9431156222113,-1924.4983909795394,38284.26.sbml.csv,Vaginal Commensal
3676,901.9685989472304,-1620.045935826601,38284.26.sbml.csv,Vaginal Commensal
3677,2225.196494126332,-1954.3552359690448,38284.26.sbml.csv,Vaginal Commensal
3678,2451.5330004742545,-1926.3662905572435,38284.26.sbml.csv,Vaginal Commensal
3679,651.3107508798693,-2078.739556243335,38284.26.sbml.csv,Vaginal Commensal
3680,-1163.8880239430111,-2828.5975448242016,38284.26.sbml.csv,Vaginal Commensal
3681,1492.1468263817978,-2905.330914343693,38284.26.sbml.csv,Vaginal Commensal
3682,-1332.426048735778,-1594.617088790078,38284.26.sbml.csv,Vaginal Commensal
3683,1497.737509255114,-3788.962315698693,38284.26.sbml.csv,Vaginal Commensal
3684,451.6316607029412,-2604.1989039401997,38284.26.sbml.csv,Vaginal Commensal
3685,-202.28583041705312,-2035.7763729790647,38284.26.sbml.csv,Vaginal Commensal
3686,-1644.5077200067667,-2264.4472991595076,38284.26.sbml.csv,Vaginal Commensal
3687,711.5091822413419,-2532.4207822156586,38284.26.sbml.csv,Vaginal Commensal
3688,1271.7667755288628,-1076.0565084206169,38284.26.sbml.csv,Vaginal Commensal
3689,-2031.1675856622126,-1346.4291899387201,38284.26.sbml.csv,Vaginal Commensal
3690,-607.8040420581993,-1277.4496394827813,38284.26.sbml.csv,Vaginal Commensal
3691,423.7108268831651,-1912.1131162803583,38284.26.sbml.csv,Vaginal Commensal
3692,715.7588678060952,-3611.0641632874463,38284.26.sbml.csv,Vaginal Commensal
3693,965.1365785568518,-2170.441252503145,38284.26.sbml.csv,Vaginal Commensal
3694,2539.5285255014696,-2782.310381297655,38284.26.sbml.csv,Vaginal Commensal
3695,-961.7558418471122,-2943.8353643844703,38284.26.sbml.csv,Vaginal Commensal
3696,882.4451768185658,-3013.7309847278366,38284.26.sbml.csv,Vaginal Commensal
3697,1896.830386081351,-2564.119279752077,38284.26.sbml.csv,Vaginal Commensal
3698,-955.9157580878159,-1865.8781335288695,38284.26.sbml.csv,Vaginal Commensal
3699,550.879891577359,-1664.8992751632745,38284.26.sbml.csv,Vaginal Commensal
3700,1206.6521261086848,-1557.8193165011314,38284.26.sbml.csv,Vaginal Commensal
3701,1969.8926348800062,-3171.787480909241,38284.26.sbml.csv,Vaginal Commensal
3702,-229.03640374854146,-2944.9447372329305,38284.26.sbml.csv,Vaginal Commensal
3703,681.2578140598785,-2079.860840078987,38284.26.sbml.csv,Vaginal Commensal
3704,1550.3976720649716,-3352.0488096973727,38284.26.sbml.csv,Vaginal Commensal
3705,62.655155263411125,-849.5002296792658,38284.26.sbml.csv,Vaginal Commensal
3706,-1034.3039584945334,-2526.7624436411334,38284.26.sbml.csv,Vaginal Commensal
3707,-280.16681791613354,-3497.18043523817,38284.26.sbml.csv,Vaginal Commensal
3708,-709.1881441403968,-3875.0633784046167,38284.26.sbml.csv,Vaginal Commensal
3709,1060.543987143745,-2129.6681918524605,38284.26.sbml.csv,Vaginal Commensal
3710,1101.875078099129,-2799.5060544580106,38284.26.sbml.csv,Vaginal Commensal
3711,1329.1306212749807,-2842.9482075832493,38284.26.sbml.csv,Vaginal Commensal
3712,51.34349097168238,-2693.5919857546837,38284.26.sbml.csv,Vaginal Commensal
3713,-905.2304978265249,-1456.1305614306436,38284.26.sbml.csv,Vaginal Commensal
3714,2261.0461769299864,-1500.4260351999349,38284.26.sbml.csv,Vaginal Commensal
3715,1529.930503132994,-2732.835226414157,38284.26.sbml.csv,Vaginal Commensal
3716,1633.572571956259,-1726.5655167529958,38284.26.sbml.csv,Vaginal Commensal
3717,-1482.883334522607,-3247.382781057535,38284.26.sbml.csv,Vaginal Commensal
3718,-284.2471319053152,-3835.962496504881,38284.26.sbml.csv,Vaginal Commensal
3719,840.2255192135085,-1416.5690927060753,38284.26.sbml.csv,Vaginal Commensal
3720,2157.1091282463844,-2780.9845911534135,38284.26.sbml.csv,Vaginal Commensal
3721,1057.3176307237952,-1922.6929424728546,38284.26.sbml.csv,Vaginal Commensal
3722,557.3303272359935,-3098.8742864850487,38284.26.sbml.csv,Vaginal Commensal
3723,622.6218164086002,-2015.4408290754984,38284.26.sbml.csv,Vaginal Commensal
3724,-433.755437299395,-3491.3166840119866,38284.26.sbml.csv,Vaginal Commensal
3725,3326.0876994060864,-2356.8792245835957,38284.26.sbml.csv,Vaginal Commensal
3726,360.54432745386003,-2667.3132302083222,38284.26.sbml.csv,Vaginal Commensal
3727,406.6395088102946,-3037.416215582059,38284.26.sbml.csv,Vaginal Commensal
3728,982.092147038994,-2794.3795687240904,38284.26.sbml.csv,Vaginal Commensal
3729,847.1015863734622,-3497.163609084389,38284.26.sbml.csv,Vaginal Commensal
3730,-910.1918658527431,-1915.9561248599998,38284.26.sbml.csv,Vaginal Commensal
3731,1439.5691025232854,-2400.3722624021916,38284.26.sbml.csv,Vaginal Commensal
3732,1692.1699966303552,-2829.364290964932,38284.26.sbml.csv,Vaginal Commensal
3733,1014.6689872639788,-1794.3705295796467,38284.26.sbml.csv,Vaginal Commensal
3734,741.9644483888657,-1991.9822903486288,38284.26.sbml.csv,Vaginal Commensal
3735,1535.9194552969107,-1598.518688185846,38284.26.sbml.csv,Vaginal Commensal
3736,-576.5792617886003,-2638.060569097213,38284.26.sbml.csv,Vaginal Commensal
3737,1090.0478931691875,-3020.8532240592563,38284.26.sbml.csv,Vaginal Commensal
3738,456.99912997492066,-1433.8343179572457,38284.26.sbml.csv,Vaginal Commensal
3739,-535.7794126986389,-2259.8993183655925,38284.26.sbml.csv,Vaginal Commensal
3740,1418.4100307958674,-2760.346995814051,38284.26.sbml.csv,Vaginal Commensal
3741,1966.2189314233879,-660.3142145957896,38284.26.sbml.csv,Vaginal Commensal
3742,-474.5128697388698,-1568.3148881627155,38284.26.sbml.csv,Vaginal Commensal
3743,2352.3541301143264,-1797.4790539467888,38284.26.sbml.csv,Vaginal Commensal
3744,-29.220850078962428,-1472.5498445251908,38284.26.sbml.csv,Vaginal Commensal
3745,1081.7585369516296,-2967.278860047603,38284.26.sbml.csv,Vaginal Commensal
3746,677.2478680194978,-1729.9381744987925,38284.26.sbml.csv,Vaginal Commensal
3747,1902.5628643169696,-1608.651461842743,38284.26.sbml.csv,Vaginal Commensal
3748,2429.894913900301,-1163.6854766582092,38284.26.sbml.csv,Vaginal Commensal
3749,178.2163706799288,-2128.0634045741826,38284.26.sbml.csv,Vaginal Commensal
3750,1416.9895211625835,-1382.1904171279787,398513.13.sbml.csv,Vaginal Probiotic
3751,-161.70953765779038,-1508.6531192835678,398513.13.sbml.csv,Vaginal Probiotic
3752,256.4043990126602,-2342.9557998670457,398513.13.sbml.csv,Vaginal Probiotic
3753,-1404.232874457928,-1576.9644908584742,398513.13.sbml.csv,Vaginal Probiotic
3754,-380.81419418102234,-2480.324838728393,398513.13.sbml.csv,Vaginal Probiotic
3755,-447.650172712716,-1444.3862280863075,398513.13.sbml.csv,Vaginal Probiotic
3756,404.88394570904995,-1437.4244666941054,398513.13.sbml.csv,Vaginal Probiotic
3757,580.4381693179135,-2504.567368058605,398513.13.sbml.csv,Vaginal Probiotic
3758,-150.72769947800018,-1503.0155909481316,398513.13.sbml.csv,Vaginal Probiotic
3759,-247.00286423326804,-2047.3733944340051,398513.13.sbml.csv,Vaginal Probiotic
3760,1535.160465669684,-1463.1992922848626,398513.13.sbml.csv,Vaginal Probiotic
3761,-152.16218707928857,-703.757572225522,398513.13.sbml.csv,Vaginal Probiotic
3762,-226.79028077630602,-1805.297115478167,398513.13.sbml.csv,Vaginal Probiotic
3763,381.1780881297508,-613.9088328152952,398513.13.sbml.csv,Vaginal Probiotic
3764,-611.8637807704121,-1212.3205935706346,398513.13.sbml.csv,Vaginal Probiotic
3765,537.0800656129433,-1186.9695119029236,398513.13.sbml.csv,Vaginal Probiotic
3766,-529.660113559533,-1512.5256901357363,398513.13.sbml.csv,Vaginal Probiotic
3767,-13.808011869658682,-2007.215241205125,398513.13.sbml.csv,Vaginal Probiotic
3768,-875.1737100046358,-1822.394070256792,398513.13.sbml.csv,Vaginal Probiotic
3769,-817.9662822112185,-995.9724778157203,398513.13.sbml.csv,Vaginal Probiotic
3770,-788.3017262921519,-2116.9725540263785,398513.13.sbml.csv,Vaginal Probiotic
3771,-452.39351125869433,-1604.2519787753354,398513.13.sbml.csv,Vaginal Probiotic
3772,776.1124409152743,-1456.8337981603238,398513.13.sbml.csv,Vaginal Probiotic
3773,-1106.6606996102387,-1744.7841287855954,398513.13.sbml.csv,Vaginal Probiotic
3774,-537.9237675462731,-2368.403411073878,398513.13.sbml.csv,Vaginal Probiotic
3775,721.9923660891488,-1360.4112888165926,398513.13.sbml.csv,Vaginal Probiotic
3776,309.9670221875495,-471.9920963469578,398513.13.sbml.csv,Vaginal Probiotic
3777,1148.5148477041937,-330.70219683484294,398513.13.sbml.csv,Vaginal Probiotic
3778,948.8882521209612,-745.822418288081,398513.13.sbml.csv,Vaginal Probiotic
3779,-1076.3979852271682,-2061.00290264135,398513.13.sbml.csv,Vaginal Probiotic
3780,132.04278497015997,-1537.5146829749876,398513.13.sbml.csv,Vaginal Probiotic
3781,274.73473479050165,-1754.6238495709617,398513.13.sbml.csv,Vaginal Probiotic
3782,-102.83239785289716,-686.5798137115008,398513.13.sbml.csv,Vaginal Probiotic
3783,-72.23936768862306,-1295.835562926083,398513.13.sbml.csv,Vaginal Probiotic
3784,-1008.2033039071617,-2052.043126388033,398513.13.sbml.csv,Vaginal Probiotic
3785,864.2807507772825,-1512.9639103789589,398513.13.sbml.csv,Vaginal Probiotic
3786,1652.9656195966268,-1786.1550618020708,398513.13.sbml.csv,Vaginal Probiotic
3787,-789.4401126395663,-1238.7888202352547,398513.13.sbml.csv,Vaginal Probiotic
3788,-361.54949811376446,-1920.307469679296,398513.13.sbml.csv,Vaginal Probiotic
3789,-346.4234431838954,-1040.2967380407374,398513.13.sbml.csv,Vaginal Probiotic
3790,-1827.8668775210667,-1779.8775898427762,398513.13.sbml.csv,Vaginal Probiotic
3791,618.7880957118647,-1535.55973216631,398513.13.sbml.csv,Vaginal Probiotic
3792,-99.67827251843191,-1526.1422203247575,398513.13.sbml.csv,Vaginal Probiotic
3793,-469.1866999969261,-2208.834373957073,398513.13.sbml.csv,Vaginal Probiotic
3794,426.91313082588727,-953.5278393369442,398513.13.sbml.csv,Vaginal Probiotic
3795,-172.80826489786867,-1274.752869741051,398513.13.sbml.csv,Vaginal Probiotic
3796,194.34791123198258,-2103.5725506864205,398513.13.sbml.csv,Vaginal Probiotic
3797,-911.607587903536,-714.8797534593853,398513.13.sbml.csv,Vaginal Probiotic
3798,29.41183614720572,-1377.3398052289517,398513.13.sbml.csv,Vaginal Probiotic
3799,580.2121275748826,-2460.039814042186,398513.13.sbml.csv,Vaginal Probiotic
3800,1387.0735059975468,624.8467216262046,398513.13.sbml.csv,Vaginal Probiotic
3801,622.9520279966001,-2125.062310070872,398513.13.sbml.csv,Vaginal Probiotic
3802,-573.0308292882472,-775.1094448993186,398513.13.sbml.csv,Vaginal Probiotic
3803,718.5830130812703,-2203.0941459922083,398513.13.sbml.csv,Vaginal Probiotic
3804,-683.5117479561313,-886.8893572623779,398513.13.sbml.csv,Vaginal Probiotic
3805,518.5733219000327,-1886.5073561059992,398513.13.sbml.csv,Vaginal Probiotic
3806,1378.965306551349,-40.78193758156881,398513.13.sbml.csv,Vaginal Probiotic
3807,1285.4228374044108,-1601.1622605128696,398513.13.sbml.csv,Vaginal Probiotic
3808,325.2974705367202,368.0151924006697,398513.13.sbml.csv,Vaginal Probiotic
3809,477.9856485187111,-1725.5846716024043,398513.13.sbml.csv,Vaginal Probiotic
3810,259.928954271138,-1951.3031276848667,398513.13.sbml.csv,Vaginal Probiotic
3811,-114.78065618152469,-1534.6064253570592,398513.13.sbml.csv,Vaginal Probiotic
3812,-509.83734353536175,-2312.65883890286,398513.13.sbml.csv,Vaginal Probiotic
3813,-193.6205613627657,-1617.3939995295345,398513.13.sbml.csv,Vaginal Probiotic
3814,1188.9564446970421,-1550.730775501668,398513.13.sbml.csv,Vaginal Probiotic
3815,-492.3521018265714,-2148.6004044493047,398513.13.sbml.csv,Vaginal Probiotic
3816,419.72235014544407,-1085.0271370694884,398513.13.sbml.csv,Vaginal Probiotic
3817,71.33095127421915,-1415.7667001045809,398513.13.sbml.csv,Vaginal Probiotic
3818,-474.01301897012945,-1660.5591564790416,398513.13.sbml.csv,Vaginal Probiotic
3819,-216.39891010557037,-1512.6108818191733,398513.13.sbml.csv,Vaginal Probiotic
3820,175.87637673590208,-1577.170354964276,398513.13.sbml.csv,Vaginal Probiotic
3821,978.1262699823769,-1888.6694254618667,398513.13.sbml.csv,Vaginal Probiotic
3822,-586.8524535374363,-2419.4365633068655,398513.13.sbml.csv,Vaginal Probiotic
3823,-442.03833742493754,-1985.1598829406907,398513.13.sbml.csv,Vaginal Probiotic
3824,-783.1384736906529,-2381.2312446510155,398513.13.sbml.csv,Vaginal Probiotic
3825,383.16908887600465,-2309.5763166416345,398513.13.sbml.csv,Vaginal Probiotic
3826,-279.73129549303513,-1729.7235796800373,398513.13.sbml.csv,Vaginal Probiotic
3827,53.38868545793983,-1058.9965840467296,398513.13.sbml.csv,Vaginal Probiotic
3828,1089.966791267267,-1911.2786533905094,398513.13.sbml.csv,Vaginal Probiotic
3829,-1194.5584044510713,-1398.0277267205486,398513.13.sbml.csv,Vaginal Probiotic
3830,321.16109600983856,-2295.200930372747,398513.13.sbml.csv,Vaginal Probiotic
3831,-889.5032584367011,-1222.365391181916,398513.13.sbml.csv,Vaginal Probiotic
3832,-20.102429779699833,-1961.9227730390307,398513.13.sbml.csv,Vaginal Probiotic
3833,507.608134749099,-2098.0526032577654,398513.13.sbml.csv,Vaginal Probiotic
3834,596.3135355676695,-2211.0532770789678,398513.13.sbml.csv,Vaginal Probiotic
3835,345.52043770137885,-1216.83868054784,398513.13.sbml.csv,Vaginal Probiotic
3836,375.9138697315249,-1531.6802712314295,398513.13.sbml.csv,Vaginal Probiotic
3837,615.064291226019,-1802.8721794475828,398513.13.sbml.csv,Vaginal Probiotic
3838,-720.274455438968,-1703.2645209049183,398513.13.sbml.csv,Vaginal Probiotic
3839,173.26647010905918,-1671.769660675243,398513.13.sbml.csv,Vaginal Probiotic
3840,1528.951045834948,-2236.9060749648816,398513.13.sbml.csv,Vaginal Probiotic
3841,-397.1991015399991,-320.01757713603735,398513.13.sbml.csv,Vaginal Probiotic
3842,-34.37991224813914,-1067.9199167178679,398513.13.sbml.csv,Vaginal Probiotic
3843,-558.4502716320869,-2052.1322079943507,398513.13.sbml.csv,Vaginal Probiotic
3844,-866.7586379914808,-760.3009056944348,398513.13.sbml.csv,Vaginal Probiotic
3845,1561.339182239808,-1168.0885616979813,398513.13.sbml.csv,Vaginal Probiotic
3846,1075.561063932427,-2377.1309218978076,398513.13.sbml.csv,Vaginal Probiotic
3847,1565.9319392083205,-2157.670459291541,398513.13.sbml.csv,Vaginal Probiotic
3848,1246.5281671225355,-1768.7021078145099,398513.13.sbml.csv,Vaginal Probiotic
3849,1453.940718241901,-469.90629773378794,398513.13.sbml.csv,Vaginal Probiotic
3850,-856.429799823964,-1934.0573760816362,398513.13.sbml.csv,Vaginal Probiotic
3851,555.6275914935518,-2011.2758739114895,398513.13.sbml.csv,Vaginal Probiotic
3852,521.1805424838205,-1599.0056986330555,398513.13.sbml.csv,Vaginal Probiotic
3853,-351.6095161963635,-217.93982409836923,398513.13.sbml.csv,Vaginal Probiotic
3854,1009.5058595375526,-2389.750194270688,398513.13.sbml.csv,Vaginal Probiotic
3855,-892.2900331765208,-1228.2463344037074,398513.13.sbml.csv,Vaginal Probiotic
3856,-2022.8712302744264,-1985.402032107175,398513.13.sbml.csv,Vaginal Probiotic
3857,-992.0481182368053,-139.37810305634275,398513.13.sbml.csv,Vaginal Probiotic
3858,120.66968654348086,-1277.7349549991452,398513.13.sbml.csv,Vaginal Probiotic
3859,83.72056233443395,-1136.4723437345972,398513.13.sbml.csv,Vaginal Probiotic
3860,-1009.6564625243471,-2024.5240130914044,398513.13.sbml.csv,Vaginal Probiotic
3861,-1362.6869691341672,-1111.1755132427652,398513.13.sbml.csv,Vaginal Probiotic
3862,-106.38811675570766,-1447.43952568945,398513.13.sbml.csv,Vaginal Probiotic
3863,-1035.0183165793053,-1936.9410183182097,398513.13.sbml.csv,Vaginal Probiotic
3864,-108.12111518297017,-1277.5257893271914,398513.13.sbml.csv,Vaginal Probiotic
3865,419.70703691847297,-1218.9962897975433,398513.13.sbml.csv,Vaginal Probiotic
3866,1872.1861029774861,-1539.619307518617,398513.13.sbml.csv,Vaginal Probiotic
3867,-419.89674391771905,-967.4582230342195,398513.13.sbml.csv,Vaginal Probiotic
3868,231.55385649957879,-2279.4669553485037,398513.13.sbml.csv,Vaginal Probiotic
3869,516.9223365243191,-2317.493393455171,398513.13.sbml.csv,Vaginal Probiotic
3870,619.9677297862768,-1710.8613633263988,398513.13.sbml.csv,Vaginal Probiotic
3871,333.07253156452003,-1367.3038359921136,398513.13.sbml.csv,Vaginal Probiotic
3872,644.0841918891545,-1850.1521413059104,398513.13.sbml.csv,Vaginal Probiotic
3873,-910.8377464442101,-2283.607990182006,398513.13.sbml.csv,Vaginal Probiotic
3874,727.640620000454,-1173.2825301358716,398513.13.sbml.csv,Vaginal Probiotic
3875,912.8541489168484,-2397.4300909549884,398513.13.sbml.csv,Vaginal Probiotic
3876,1006.5745213839577,-1901.2298631539438,398513.13.sbml.csv,Vaginal Probiotic
3877,-67.42393897563986,-2373.1405838533046,398513.13.sbml.csv,Vaginal Probiotic
3878,263.2066273089308,-1272.1230196126817,398513.13.sbml.csv,Vaginal Probiotic
3879,154.2214065916522,-2026.5961114467423,398513.13.sbml.csv,Vaginal Probiotic
3880,-127.4901628702306,-2019.5008487021328,398513.13.sbml.csv,Vaginal Probiotic
3881,-541.8843721706844,-2253.927537415208,398513.13.sbml.csv,Vaginal Probiotic
3882,-985.0546989689503,-1943.881630411635,398513.13.sbml.csv,Vaginal Probiotic
3883,144.1675887413818,-1498.7236615316424,398513.13.sbml.csv,Vaginal Probiotic
3884,568.7938189283673,-304.8709927161192,398513.13.sbml.csv,Vaginal Probiotic
3885,596.8390907867024,-1903.6855107359627,398513.13.sbml.csv,Vaginal Probiotic
3886,75.56186144075558,-2230.7706443675493,398513.13.sbml.csv,Vaginal Probiotic
3887,850.9332158170389,-924.7819965383696,398513.13.sbml.csv,Vaginal Probiotic
3888,28.743999457027385,-1011.9102204575597,398513.13.sbml.csv,Vaginal Probiotic
3889,670.1669785315249,-1947.5690534443622,398513.13.sbml.csv,Vaginal Probiotic
3890,1208.955941036216,-1483.5767841347924,398513.13.sbml.csv,Vaginal Probiotic
3891,678.7165053352562,-1694.7152807784762,398513.13.sbml.csv,Vaginal Probiotic
3892,1459.9856641343886,-1550.208325977692,398513.13.sbml.csv,Vaginal Probiotic
3893,406.50119837536766,-2226.047120590542,398513.13.sbml.csv,Vaginal Probiotic
3894,888.7272905830263,-1548.81808483405,398513.13.sbml.csv,Vaginal Probiotic
3895,612.3063234353772,-633.7660390249839,398513.13.sbml.csv,Vaginal Probiotic
3896,274.12141333766897,-2053.7462939608704,398513.13.sbml.csv,Vaginal Probiotic
3897,-1187.0834214878798,-944.5809309910729,398513.13.sbml.csv,Vaginal Probiotic
3898,-571.6824765666234,-1929.023004544356,398513.13.sbml.csv,Vaginal Probiotic
3899,153.3946274845321,-1642.035685352016,398513.13.sbml.csv,Vaginal Probiotic
3900,771.5078758433788,-1527.902334066021,398513.13.sbml.csv,Vaginal Probiotic
3901,-784.7814107692782,-1075.7841940470964,398513.13.sbml.csv,Vaginal Probiotic
3902,-1417.7486102631615,-2186.5567852281392,398513.13.sbml.csv,Vaginal Probiotic
3903,-1126.6261057575289,-1935.4142033401602,398513.13.sbml.csv,Vaginal Probiotic
3904,719.4774693745064,-2133.5879454513847,398513.13.sbml.csv,Vaginal Probiotic
3905,405.2448732154339,-679.3320041851338,398513.13.sbml.csv,Vaginal Probiotic
3906,-742.507023636491,-1812.6398329704737,398513.13.sbml.csv,Vaginal Probiotic
3907,-598.2418859363481,-1553.2141374796295,398513.13.sbml.csv,Vaginal Probiotic
3908,-317.2626335547786,-2419.910632416595,398513.13.sbml.csv,Vaginal Probiotic
3909,-67.67716613173215,-1941.638426987777,398513.13.sbml.csv,Vaginal Probiotic
3910,-918.1858304271597,-1379.3351246513407,398513.13.sbml.csv,Vaginal Probiotic
3911,-1766.0370613005416,-2489.5845963274965,398513.13.sbml.csv,Vaginal Probiotic
3912,1169.517354243603,-1199.5209203536808,398513.13.sbml.csv,Vaginal Probiotic
3913,-1093.4473122363522,-2232.5031276349396,398513.13.sbml.csv,Vaginal Probiotic
3914,-30.534150529772827,-575.5669010088584,398513.13.sbml.csv,Vaginal Probiotic
3915,204.60815793178043,-1341.5411550056851,398513.13.sbml.csv,Vaginal Probiotic
3916,996.7705724806484,-909.6974889773777,398513.13.sbml.csv,Vaginal Probiotic
3917,-1559.6972064180695,-2418.1450543525757,398513.13.sbml.csv,Vaginal Probiotic
3918,802.6840965274155,-586.069484416351,398513.13.sbml.csv,Vaginal Probiotic
3919,920.3973311359533,-1151.6432819903675,398513.13.sbml.csv,Vaginal Probiotic
3920,-2.246144476463679,-2238.6543855101895,398513.13.sbml.csv,Vaginal Probiotic
3921,388.27228588155816,-1380.6236997048038,398513.13.sbml.csv,Vaginal Probiotic
3922,49.807838939834106,-2603.6624060140407,398513.13.sbml.csv,Vaginal Probiotic
3923,589.7495252492815,-2757.1263329194817,398513.13.sbml.csv,Vaginal Probiotic
3924,-224.15649321592835,-917.4991099478204,398513.13.sbml.csv,Vaginal Probiotic
3925,323.0104832149073,-1469.9813258634474,398513.13.sbml.csv,Vaginal Probiotic
3926,-1257.8974448671281,-1867.5073057282466,398513.13.sbml.csv,Vaginal Probiotic
3927,-887.5156248785443,-2177.2276176735677,398513.13.sbml.csv,Vaginal Probiotic
3928,2147.0827561862448,-1355.6577831582363,398513.13.sbml.csv,Vaginal Probiotic
3929,989.2318237409598,-1779.2143149711837,398513.13.sbml.csv,Vaginal Probiotic
3930,1473.851084770482,-1324.7887072506603,398513.13.sbml.csv,Vaginal Probiotic
3931,63.62108101522769,-1128.4959719813405,398513.13.sbml.csv,Vaginal Probiotic
3932,1014.5263968013111,-2488.7104664875565,398513.13.sbml.csv,Vaginal Probiotic
3933,367.0486396743561,-1857.3234751797634,398513.13.sbml.csv,Vaginal Probiotic
3934,357.81887887924165,-2435.5391273361556,398513.13.sbml.csv,Vaginal Probiotic
3935,-478.2424680283497,-2321.9326469566367,398513.13.sbml.csv,Vaginal Probiotic
3936,1143.3582507849535,-2383.238678376893,398513.13.sbml.csv,Vaginal Probiotic
3937,-1874.9573570329364,-1539.8161191828656,398513.13.sbml.csv,Vaginal Probiotic
3938,-382.65391214655983,-2693.2529511747443,398513.13.sbml.csv,Vaginal Probiotic
3939,384.99372124827164,-1339.9698679539226,398513.13.sbml.csv,Vaginal Probiotic
3940,70.9323236186497,-2167.545653080294,398513.13.sbml.csv,Vaginal Probiotic
3941,1005.932543609362,-1313.729744883905,398513.13.sbml.csv,Vaginal Probiotic
3942,-1904.6899359447357,-2532.7005437842495,398513.13.sbml.csv,Vaginal Probiotic
3943,676.8548500408104,-1911.067743673085,398513.13.sbml.csv,Vaginal Probiotic
3944,-253.69899032601728,-2144.9115480048067,398513.13.sbml.csv,Vaginal Probiotic
3945,-650.3007583802942,-1913.1372436817644,398513.13.sbml.csv,Vaginal Probiotic
3946,583.2576924513484,-1366.4653506599402,398513.13.sbml.csv,Vaginal Probiotic
3947,610.1343867073978,-1404.9665764074766,398513.13.sbml.csv,Vaginal Probiotic
3948,-1183.9721640617092,-2198.1043523222015,398513.13.sbml.csv,Vaginal Probiotic
3949,-365.8199908643642,-1443.2580696300984,398513.13.sbml.csv,Vaginal Probiotic
3950,1366.7462507940768,-1805.8341367844137,398513.13.sbml.csv,Vaginal Probiotic
3951,943.4491011095247,-1455.3210506537907,398513.13.sbml.csv,Vaginal Probiotic
3952,1161.8260966689566,-1448.1063293007655,398513.13.sbml.csv,Vaginal Probiotic
3953,-610.2460684351613,-1936.9390830151451,398513.13.sbml.csv,Vaginal Probiotic
3954,-12.92643387840674,-1889.1534814267327,398513.13.sbml.csv,Vaginal Probiotic
3955,1340.6083947110071,-1527.81834235156,398513.13.sbml.csv,Vaginal Probiotic
3956,-456.544326303151,-1593.1474279795018,398513.13.sbml.csv,Vaginal Probiotic
3957,632.4576932275307,-2388.544958054913,398513.13.sbml.csv,Vaginal Probiotic
3958,79.68142490718539,-1645.3206583827382,398513.13.sbml.csv,Vaginal Probiotic
3959,1680.5004008810438,-232.65620199605715,398513.13.sbml.csv,Vaginal Probiotic
3960,-837.2138515608149,-2071.259305707429,398513.13.sbml.csv,Vaginal Probiotic
3961,-551.5492289526279,-1311.0264537531007,398513.13.sbml.csv,Vaginal Probiotic
3962,363.8303389926371,-784.5255545483931,398513.13.sbml.csv,Vaginal Probiotic
3963,-229.84545755862945,-441.5428770815302,398513.13.sbml.csv,Vaginal Probiotic
3964,372.8773497257699,-1753.8036217172641,398513.13.sbml.csv,Vaginal Probiotic
3965,-263.4750141468317,-1591.8959407798557,398513.13.sbml.csv,Vaginal Probiotic
3966,545.5860489485701,-1544.4066733658992,398513.13.sbml.csv,Vaginal Probiotic
3967,151.8734657348019,-2389.3787040095485,398513.13.sbml.csv,Vaginal Probiotic
3968,-1241.801290447808,-1245.6693735750252,398513.13.sbml.csv,Vaginal Probiotic
3969,621.6100594584726,-2228.520256538468,398513.13.sbml.csv,Vaginal Probiotic
3970,588.2147092750222,-1295.869461471881,398513.13.sbml.csv,Vaginal Probiotic
3971,-3.952197778387127,-1574.1657693032048,398513.13.sbml.csv,Vaginal Probiotic
3972,-71.91384155830117,-1630.9728052438534,398513.13.sbml.csv,Vaginal Probiotic
3973,-17.491531529325744,-407.2386139042171,398513.13.sbml.csv,Vaginal Probiotic
3974,-1044.349263153641,-1491.486346753415,398513.13.sbml.csv,Vaginal Probiotic
3975,209.45366420940053,-1716.6084821753707,398513.13.sbml.csv,Vaginal Probiotic
3976,2006.6093345161196,-1283.7036060174469,398513.13.sbml.csv,Vaginal Probiotic
3977,1040.6866906466093,-1931.417129698905,398513.13.sbml.csv,Vaginal Probiotic
3978,-328.0070378137363,-2184.4475251788126,398513.13.sbml.csv,Vaginal Probiotic
3979,338.5970624885234,-1081.371419655201,398513.13.sbml.csv,Vaginal Probiotic
3980,611.5677793593843,-1564.6520021069434,398513.13.sbml.csv,Vaginal Probiotic
3981,-1143.1914114418125,-1074.9618897119537,398513.13.sbml.csv,Vaginal Probiotic
3982,-928.2215773997794,-2466.8937031377136,398513.13.sbml.csv,Vaginal Probiotic
3983,-645.1371569485904,-2566.341827067509,398513.13.sbml.csv,Vaginal Probiotic
3984,734.3882093371766,-432.2787513415262,398513.13.sbml.csv,Vaginal Probiotic
3985,-871.3349159548916,-1375.3808553379722,398513.13.sbml.csv,Vaginal Probiotic
3986,-435.1472310048282,-2147.1819188568898,398513.13.sbml.csv,Vaginal Probiotic
3987,653.0414671692246,-2001.7526570829184,398513.13.sbml.csv,Vaginal Probiotic
3988,-137.8608914949541,-1801.1770086292443,398513.13.sbml.csv,Vaginal Probiotic
3989,-1848.6747074868954,-1883.9556950607655,398513.13.sbml.csv,Vaginal Probiotic
3990,830.059953022459,-2049.771104601525,398513.13.sbml.csv,Vaginal Probiotic
3991,451.4765060598663,-1848.5568984476163,398513.13.sbml.csv,Vaginal Probiotic
3992,44.56776885211175,-2101.152079596568,398513.13.sbml.csv,Vaginal Probiotic
3993,-719.35516112741,-609.8929101869791,398513.13.sbml.csv,Vaginal Probiotic
3994,-691.5156329806433,-909.6296989601136,398513.13.sbml.csv,Vaginal Probiotic
3995,-122.22839975488994,-1807.596708770139,398513.13.sbml.csv,Vaginal Probiotic
3996,-794.3470432089989,-1929.4834078498777,398513.13.sbml.csv,Vaginal Probiotic
3997,623.2191529111836,-1360.1470082928756,398513.13.sbml.csv,Vaginal Probiotic
3998,-83.60552938440843,-2016.6985409844872,398513.13.sbml.csv,Vaginal Probiotic
3999,-350.79702141778967,-2454.68852624302,398513.13.sbml.csv,Vaginal Probiotic
4000,119.04832456496125,-608.8926732201097,887899.3.sbml.csv,Vaginal Commensal
4001,-1353.376696825765,-783.8723385508091,887899.3.sbml.csv,Vaginal Commensal
4002,-768.0937003010863,-1045.9243350998509,887899.3.sbml.csv,Vaginal Commensal
4003,-482.79753853564085,-653.7430093750405,887899.3.sbml.csv,Vaginal Commensal
4004,481.428059789961,-560.7006861120906,887899.3.sbml.csv,Vaginal Commensal
4005,-92.45707623054072,-370.6391437749653,887899.3.sbml.csv,Vaginal Commensal
4006,-148.26960688525378,-649.2667881090953,887899.3.sbml.csv,Vaginal Commensal
4007,1193.6414035143287,-1617.5543653464315,887899.3.sbml.csv,Vaginal Commensal
4008,174.4450239443008,-1211.8661699149093,887899.3.sbml.csv,Vaginal Commensal
4009,-1075.3831168679062,-1293.3158229529774,887899.3.sbml.csv,Vaginal Commensal
4010,361.51899255773,-997.7210047787818,887899.3.sbml.csv,Vaginal Commensal
4011,1235.692753287872,-684.0778181721271,887899.3.sbml.csv,Vaginal Commensal
4012,-147.1910303006463,-1091.0697535144327,887899.3.sbml.csv,Vaginal Commensal
4013,1457.437462007028,-114.98976298209105,887899.3.sbml.csv,Vaginal Commensal
4014,-1603.5272279296807,-1278.0892883422962,887899.3.sbml.csv,Vaginal Commensal
4015,-220.05659468026062,-1350.1443927614728,887899.3.sbml.csv,Vaginal Commensal
4016,1302.1943605946933,-720.588169006755,887899.3.sbml.csv,Vaginal Commensal
4017,-1236.6378570430002,-952.6429004136289,887899.3.sbml.csv,Vaginal Commensal
4018,-130.90350719233052,-436.6413473590174,887899.3.sbml.csv,Vaginal Commensal
4019,-1189.38472887058,-1347.1101597275826,887899.3.sbml.csv,Vaginal Commensal
4020,1698.2158457454923,-51.121078856244814,887899.3.sbml.csv,Vaginal Commensal
4021,585.8149801799794,-1336.9359399918349,887899.3.sbml.csv,Vaginal Commensal
4022,498.3872440784394,-847.0780456477597,887899.3.sbml.csv,Vaginal Commensal
4023,-983.76482741972,-859.9037271998932,887899.3.sbml.csv,Vaginal Commensal
4024,1142.1032556150492,-393.42338699419764,887899.3.sbml.csv,Vaginal Commensal
4025,797.7114265128201,-194.90234218993774,887899.3.sbml.csv,Vaginal Commensal
4026,1045.9595750855933,-975.7357709440715,887899.3.sbml.csv,Vaginal Commensal
4027,-82.45545477943524,-1084.4234306840192,887899.3.sbml.csv,Vaginal Commensal
4028,-631.642267022041,-174.6805281837221,887899.3.sbml.csv,Vaginal Commensal
4029,-1204.3547570112316,-863.6044141004812,887899.3.sbml.csv,Vaginal Commensal
4030,693.2215862691542,-962.3069924966588,887899.3.sbml.csv,Vaginal Commensal
4031,787.9272034954823,-55.06628240064467,887899.3.sbml.csv,Vaginal Commensal
4032,280.7867234721851,-701.7401299791966,887899.3.sbml.csv,Vaginal Commensal
4033,-699.6235221720266,-475.9759661154341,887899.3.sbml.csv,Vaginal Commensal
4034,-1052.1260395366091,-1149.52078893012,887899.3.sbml.csv,Vaginal Commensal
4035,-2323.6463148609832,-622.2362406284412,887899.3.sbml.csv,Vaginal Commensal
4036,144.75853446918074,-1296.7737886202863,887899.3.sbml.csv,Vaginal Commensal
4037,-623.4725609095175,-676.1689780631938,887899.3.sbml.csv,Vaginal Commensal
4038,-300.2756289029694,-336.111620624107,887899.3.sbml.csv,Vaginal Commensal
4039,-841.7840887611023,-1349.8340178769663,887899.3.sbml.csv,Vaginal Commensal
4040,-20.97052839382119,-951.7387284308261,887899.3.sbml.csv,Vaginal Commensal
4041,-768.0674724780072,-827.2028995815681,887899.3.sbml.csv,Vaginal Commensal
4042,-61.76448129482833,-1251.241266292601,887899.3.sbml.csv,Vaginal Commensal
4043,199.8864973463624,-1315.1114882215145,887899.3.sbml.csv,Vaginal Commensal
4044,-533.6790484475964,-1239.9057573745295,887899.3.sbml.csv,Vaginal Commensal
4045,-1257.456972351702,-1097.5796937722841,887899.3.sbml.csv,Vaginal Commensal
4046,776.9055840000992,-870.6184941175593,887899.3.sbml.csv,Vaginal Commensal
4047,887.2511543423357,-886.6006448315566,887899.3.sbml.csv,Vaginal Commensal
4048,201.21382850810525,-479.06576918306786,887899.3.sbml.csv,Vaginal Commensal
4049,-833.2768242035359,-969.9931727552816,887899.3.sbml.csv,Vaginal Commensal
4050,677.6094212023555,-16.53253745934824,887899.3.sbml.csv,Vaginal Commensal
4051,152.27185266610238,-43.751403536989336,887899.3.sbml.csv,Vaginal Commensal
4052,464.1515772889216,-923.7524366445784,887899.3.sbml.csv,Vaginal Commensal
4053,-362.416222247531,-1098.9739180413271,887899.3.sbml.csv,Vaginal Commensal
4054,1152.5050609478276,-1165.1941048331703,887899.3.sbml.csv,Vaginal Commensal
4055,-400.56763504255,-468.8560515588677,887899.3.sbml.csv,Vaginal Commensal
4056,-1417.9977700531251,-1110.3399643122027,887899.3.sbml.csv,Vaginal Commensal
4057,-750.6708869343971,-537.8975369314454,887899.3.sbml.csv,Vaginal Commensal
4058,499.09542550402875,-777.0167990002609,887899.3.sbml.csv,Vaginal Commensal
4059,-1542.3392624387566,-765.2142516337879,887899.3.sbml.csv,Vaginal Commensal
4060,141.82659859344503,-834.2661287126037,887899.3.sbml.csv,Vaginal Commensal
4061,72.28081394951873,-1117.4563331650425,887899.3.sbml.csv,Vaginal Commensal
4062,-706.2845369148016,-326.5873444763786,887899.3.sbml.csv,Vaginal Commensal
4063,-658.2815456901353,-676.524589222698,887899.3.sbml.csv,Vaginal Commensal
4064,-1216.033714984111,-821.2160846734706,887899.3.sbml.csv,Vaginal Commensal
4065,896.0759071409378,-362.0404315389327,887899.3.sbml.csv,Vaginal Commensal
4066,1135.6613327865773,-477.36109880595916,887899.3.sbml.csv,Vaginal Commensal
4067,270.2447928396386,-573.2021676272353,887899.3.sbml.csv,Vaginal Commensal
4068,-1443.1220503335187,-638.8509634209313,887899.3.sbml.csv,Vaginal Commensal
4069,-504.3926085898178,-973.8219830694957,887899.3.sbml.csv,Vaginal Commensal
4070,40.69141293690672,-1161.5184653516442,887899.3.sbml.csv,Vaginal Commensal
4071,388.48820928674763,-569.2056467373645,887899.3.sbml.csv,Vaginal Commensal
4072,-178.02049818047527,-806.8352584063497,887899.3.sbml.csv,Vaginal Commensal
4073,926.7659934136237,-1056.5116525048431,887899.3.sbml.csv,Vaginal Commensal
4074,-760.3955630520976,-1414.6372899552366,887899.3.sbml.csv,Vaginal Commensal
4075,-217.57832068590662,-1090.0047727082597,887899.3.sbml.csv,Vaginal Commensal
4076,-1134.6603562463827,-1281.3964607900382,887899.3.sbml.csv,Vaginal Commensal
4077,-258.8975647493668,-662.2744717252976,887899.3.sbml.csv,Vaginal Commensal
4078,-33.153737304308486,-608.3865528885585,887899.3.sbml.csv,Vaginal Commensal
4079,-1245.4735201271862,-753.0114179013459,887899.3.sbml.csv,Vaginal Commensal
4080,-1370.5296611929773,-805.5918003655214,887899.3.sbml.csv,Vaginal Commensal
4081,-748.4009745835582,-1038.4664712070946,887899.3.sbml.csv,Vaginal Commensal
4082,125.97601820407714,-1104.1218261669503,887899.3.sbml.csv,Vaginal Commensal
4083,-296.1694185789392,-908.2358885686074,887899.3.sbml.csv,Vaginal Commensal
4084,587.8240653782481,-698.0598408810248,887899.3.sbml.csv,Vaginal Commensal
4085,1407.0842521894529,-528.7944248790171,887899.3.sbml.csv,Vaginal Commensal
4086,-696.8858922377416,-515.0485209903012,887899.3.sbml.csv,Vaginal Commensal
4087,-323.29636143267777,-1432.803101332189,887899.3.sbml.csv,Vaginal Commensal
4088,-380.86630291309194,-1718.4096841983005,887899.3.sbml.csv,Vaginal Commensal
4089,-851.4312212865187,-650.4821057316299,887899.3.sbml.csv,Vaginal Commensal
4090,1124.642346863444,-640.7510339614128,887899.3.sbml.csv,Vaginal Commensal
4091,-450.7812789319695,-639.8375532101902,887899.3.sbml.csv,Vaginal Commensal
4092,357.3783447326035,-1016.5931001771696,887899.3.sbml.csv,Vaginal Commensal
4093,784.9811554341486,-1076.406986131455,887899.3.sbml.csv,Vaginal Commensal
4094,-1703.5758284129495,-1322.0763158777884,887899.3.sbml.csv,Vaginal Commensal
4095,-271.23856662879865,-961.9095579260301,887899.3.sbml.csv,Vaginal Commensal
4096,-159.85814098013137,-861.0093632004613,887899.3.sbml.csv,Vaginal Commensal
4097,35.58913993713798,-730.0204720633502,887899.3.sbml.csv,Vaginal Commensal
4098,-228.39575441164286,-1045.3377076350102,887899.3.sbml.csv,Vaginal Commensal
4099,828.28043153438,-745.6520985411166,887899.3.sbml.csv,Vaginal Commensal
4100,-472.1080553446873,-1400.4166545926453,887899.3.sbml.csv,Vaginal Commensal
4101,1432.5837972461072,-905.318049363304,887899.3.sbml.csv,Vaginal Commensal
4102,138.32362622129367,-1361.481801608887,887899.3.sbml.csv,Vaginal Commensal
4103,-284.12658751676435,-1232.9761994486435,887899.3.sbml.csv,Vaginal Commensal
4104,-1656.6364489021769,-1115.7767683159668,887899.3.sbml.csv,Vaginal Commensal
4105,-898.5812103834407,-511.4977914386954,887899.3.sbml.csv,Vaginal Commensal
4106,1228.0649358211897,-532.237517126529,887899.3.sbml.csv,Vaginal Commensal
4107,-1538.8767766102778,-510.38572067699863,887899.3.sbml.csv,Vaginal Commensal
4108,-589.0728983458272,-980.3049570149373,887899.3.sbml.csv,Vaginal Commensal
4109,77.5364896906011,-1602.3227165965957,887899.3.sbml.csv,Vaginal Commensal
4110,-319.2748082110265,-1205.3634631045713,887899.3.sbml.csv,Vaginal Commensal
4111,1844.5039022184062,-644.6526919896415,887899.3.sbml.csv,Vaginal Commensal
4112,-1211.2514496215915,-647.033704054082,887899.3.sbml.csv,Vaginal Commensal
4113,-949.3614425328615,-846.5255130076824,887899.3.sbml.csv,Vaginal Commensal
4114,-1263.2291223766854,-1041.7867542383442,887899.3.sbml.csv,Vaginal Commensal
4115,-769.4052406815634,-1202.5259946899325,887899.3.sbml.csv,Vaginal Commensal
4116,-966.7942740689668,-1254.1413068815875,887899.3.sbml.csv,Vaginal Commensal
4117,-8.285096879194574,-1279.97279013274,887899.3.sbml.csv,Vaginal Commensal
4118,-1510.169215296194,-877.0354915776393,887899.3.sbml.csv,Vaginal Commensal
4119,-890.8969108773106,-772.2302133020515,887899.3.sbml.csv,Vaginal Commensal
4120,-105.6919974692526,-318.6799383145251,887899.3.sbml.csv,Vaginal Commensal
4121,1224.542679866733,-1212.9379941642164,887899.3.sbml.csv,Vaginal Commensal
4122,-1269.6379871727754,-1192.2202935886871,887899.3.sbml.csv,Vaginal Commensal
4123,-856.7667970661734,-1074.9902966297336,887899.3.sbml.csv,Vaginal Commensal
4124,-650.4283507457528,-1187.902758635716,887899.3.sbml.csv,Vaginal Commensal
4125,-588.4771722006316,-1099.1074883801073,887899.3.sbml.csv,Vaginal Commensal
4126,282.0388131888775,-1447.3032514551187,887899.3.sbml.csv,Vaginal Commensal
4127,-163.47714694515238,-532.6060077846032,887899.3.sbml.csv,Vaginal Commensal
4128,1311.6876002990643,-205.09907506912955,887899.3.sbml.csv,Vaginal Commensal
4129,-1361.6344685526146,-999.1818369929144,887899.3.sbml.csv,Vaginal Commensal
4130,-319.8786893426929,-1568.9846804963897,887899.3.sbml.csv,Vaginal Commensal
4131,1239.6469528394628,-706.7795195613057,887899.3.sbml.csv,Vaginal Commensal
4132,-1412.6464773408459,-1075.7697854446485,887899.3.sbml.csv,Vaginal Commensal
4133,-1810.243890874041,-1080.269396169501,887899.3.sbml.csv,Vaginal Commensal
4134,31.606910134340993,-1312.961097212003,887899.3.sbml.csv,Vaginal Commensal
4135,-916.2826644529791,-1208.1396295116917,887899.3.sbml.csv,Vaginal Commensal
4136,-429.870217652789,-988.0489099802325,887899.3.sbml.csv,Vaginal Commensal
4137,-415.2430465388177,-734.8536540701712,887899.3.sbml.csv,Vaginal Commensal
4138,-402.07828474663967,-968.1684149112808,887899.3.sbml.csv,Vaginal Commensal
4139,-673.6917088456828,-1144.1213794926502,887899.3.sbml.csv,Vaginal Commensal
4140,-478.3509317053969,-661.1813909585574,887899.3.sbml.csv,Vaginal Commensal
4141,-374.86391313386895,-1375.7032975977656,887899.3.sbml.csv,Vaginal Commensal
4142,-1029.9629797998493,-1636.155082347736,887899.3.sbml.csv,Vaginal Commensal
4143,-1029.0919088735736,-1589.3512636146781,887899.3.sbml.csv,Vaginal Commensal
4144,614.5054872763668,235.55289564984653,887899.3.sbml.csv,Vaginal Commensal
4145,-1732.187952509128,-1200.2749861708887,887899.3.sbml.csv,Vaginal Commensal
4146,549.91414997427,-1436.7651246545397,887899.3.sbml.csv,Vaginal Commensal
4147,261.98936522438413,-933.4878283456201,887899.3.sbml.csv,Vaginal Commensal
4148,796.1906234010304,180.23196903954667,887899.3.sbml.csv,Vaginal Commensal
4149,-1172.3213593525925,-1418.1017762548156,887899.3.sbml.csv,Vaginal Commensal
4150,1050.079694420824,-1180.1927943096912,887899.3.sbml.csv,Vaginal Commensal
4151,-341.3765763569095,-1077.908409688771,887899.3.sbml.csv,Vaginal Commensal
4152,-795.6797348734299,-1121.7272409029688,887899.3.sbml.csv,Vaginal Commensal
4153,1196.083313357362,-211.5990327037165,887899.3.sbml.csv,Vaginal Commensal
4154,941.3013383100238,-1237.9331070615453,887899.3.sbml.csv,Vaginal Commensal
4155,-899.2719891068791,-1314.4981456659377,887899.3.sbml.csv,Vaginal Commensal
4156,-130.33465918339112,-778.2112920156366,887899.3.sbml.csv,Vaginal Commensal
4157,-1126.5498078796388,-1420.335959465984,887899.3.sbml.csv,Vaginal Commensal
4158,904.5520925504336,-1146.8087601738152,887899.3.sbml.csv,Vaginal Commensal
4159,-385.14880938966456,-1289.5771698742965,887899.3.sbml.csv,Vaginal Commensal
4160,2171.741965243769,7.85579928494601,887899.3.sbml.csv,Vaginal Commensal
4161,1162.1055065788287,-314.94096493627876,887899.3.sbml.csv,Vaginal Commensal
4162,-1305.5271277518393,-1070.2408183206953,887899.3.sbml.csv,Vaginal Commensal
4163,-145.8101476047352,-946.3343556830283,887899.3.sbml.csv,Vaginal Commensal
4164,708.8971706120076,-1040.5360747767595,887899.3.sbml.csv,Vaginal Commensal
4165,-1105.5564568700624,-792.4893402617513,887899.3.sbml.csv,Vaginal Commensal
4166,-1524.4850322306436,-1091.3790433230408,887899.3.sbml.csv,Vaginal Commensal
4167,-226.524404497543,-949.0137769023466,887899.3.sbml.csv,Vaginal Commensal
4168,-1437.9579982868654,-1164.74198590514,887899.3.sbml.csv,Vaginal Commensal
4169,51.834913546173624,-1021.7587834451078,887899.3.sbml.csv,Vaginal Commensal
4170,-1715.5838533273404,-483.8218572202792,887899.3.sbml.csv,Vaginal Commensal
4171,812.5884674807503,-600.0991002770927,887899.3.sbml.csv,Vaginal Commensal
4172,-950.7000721902294,-939.8102877841932,887899.3.sbml.csv,Vaginal Commensal
4173,-1391.5646875656385,-875.1702340732037,887899.3.sbml.csv,Vaginal Commensal
4174,-731.6265995232379,-1796.8659940951634,887899.3.sbml.csv,Vaginal Commensal
4175,-1550.9070423654205,-1090.4314166351683,887899.3.sbml.csv,Vaginal Commensal
4176,152.4303904754694,-984.0058287739673,887899.3.sbml.csv,Vaginal Commensal
4177,13.179242585506213,-1301.5526498300858,887899.3.sbml.csv,Vaginal Commensal
4178,-1329.0552719256523,-1167.7090488135916,887899.3.sbml.csv,Vaginal Commensal
4179,-1174.3119511480597,-1094.1018339098753,887899.3.sbml.csv,Vaginal Commensal
4180,-1941.8893037943471,242.33048590606293,887899.3.sbml.csv,Vaginal Commensal
4181,-1689.1482590534556,-803.5157906571164,887899.3.sbml.csv,Vaginal Commensal
4182,528.5811198303504,-729.2292463422413,887899.3.sbml.csv,Vaginal Commensal
4183,465.8516444201044,-984.4382474559146,887899.3.sbml.csv,Vaginal Commensal
4184,-1180.484414344132,-1524.244740782717,887899.3.sbml.csv,Vaginal Commensal
4185,-607.9787481543115,-1015.9841815057589,887899.3.sbml.csv,Vaginal Commensal
4186,-357.76743228383737,-510.95006513497697,887899.3.sbml.csv,Vaginal Commensal
4187,-626.1055660511518,-1063.2859534810486,887899.3.sbml.csv,Vaginal Commensal
4188,-631.9936702449863,-829.4822454316134,887899.3.sbml.csv,Vaginal Commensal
4189,-1828.8361349765999,-1057.184564480078,887899.3.sbml.csv,Vaginal Commensal
4190,-1437.9292237319598,-906.2901826965364,887899.3.sbml.csv,Vaginal Commensal
4191,862.7585705925421,-887.6392846448746,887899.3.sbml.csv,Vaginal Commensal
4192,-1655.0101714185528,-1535.5025499956018,887899.3.sbml.csv,Vaginal Commensal
4193,-681.1213126491914,-706.7271271052927,887899.3.sbml.csv,Vaginal Commensal
4194,-644.5516786961878,-906.9761183217041,887899.3.sbml.csv,Vaginal Commensal
4195,-136.94949251351971,-580.0802066628963,887899.3.sbml.csv,Vaginal Commensal
4196,96.8206434759593,-1630.7930740248964,887899.3.sbml.csv,Vaginal Commensal
4197,-1378.1722719965765,-1696.346290420292,887899.3.sbml.csv,Vaginal Commensal
4198,-634.4758417685166,-838.8035720928239,887899.3.sbml.csv,Vaginal Commensal
4199,-921.7862213370241,-1393.8364912904565,887899.3.sbml.csv,Vaginal Commensal
4200,2161.522317026987,-471.6905624638129,887899.3.sbml.csv,Vaginal Commensal
4201,-815.6169338738617,-915.3147115262307,887899.3.sbml.csv,Vaginal Commensal
4202,479.5633032898748,-1059.128078698703,887899.3.sbml.csv,Vaginal Commensal
4203,-1944.8326632649573,-1220.3225633197633,887899.3.sbml.csv,Vaginal Commensal
4204,819.200102228864,-1248.454190856246,887899.3.sbml.csv,Vaginal Commensal
4205,1368.6788803926904,-718.9964472985888,887899.3.sbml.csv,Vaginal Commensal
4206,-374.80941584861023,-884.592856290503,887899.3.sbml.csv,Vaginal Commensal
4207,445.9946819043352,-1640.0605571884648,887899.3.sbml.csv,Vaginal Commensal
4208,80.23411724803516,-1073.524849343744,887899.3.sbml.csv,Vaginal Commensal
4209,109.7573986221537,-1591.8353119328917,887899.3.sbml.csv,Vaginal Commensal
4210,-1720.9884341537584,-448.7538891892038,887899.3.sbml.csv,Vaginal Commensal
4211,595.8024628435282,-1523.654222365539,887899.3.sbml.csv,Vaginal Commensal
4212,-625.5449807726642,-1629.7535707529926,887899.3.sbml.csv,Vaginal Commensal
4213,-667.6709035501918,-1092.4811719847019,887899.3.sbml.csv,Vaginal Commensal
4214,-563.3987268652461,-1220.6636786092306,887899.3.sbml.csv,Vaginal Commensal
4215,-48.52912079484255,-679.3992998506567,887899.3.sbml.csv,Vaginal Commensal
4216,-892.626523796776,-949.9965147097913,887899.3.sbml.csv,Vaginal Commensal
4217,-395.66537790131156,-1390.7654287695523,887899.3.sbml.csv,Vaginal Commensal
4218,542.7843622417344,-822.1639954662539,887899.3.sbml.csv,Vaginal Commensal
4219,-1346.8140013413426,-289.10816514979615,887899.3.sbml.csv,Vaginal Commensal
4220,179.2216145510792,-650.0820809837048,887899.3.sbml.csv,Vaginal Commensal
4221,-441.3555304281139,-1151.2342204337522,887899.3.sbml.csv,Vaginal Commensal
4222,898.0855891736007,-818.346499952584,887899.3.sbml.csv,Vaginal Commensal
4223,-311.47737312611736,-376.2243966676354,887899.3.sbml.csv,Vaginal Commensal
4224,-884.6107532682882,-1032.2363595202114,887899.3.sbml.csv,Vaginal Commensal
4225,606.9059827083254,-730.0353619457837,887899.3.sbml.csv,Vaginal Commensal
4226,-1004.0913797577409,-1233.8795552283284,887899.3.sbml.csv,Vaginal Commensal
4227,95.68812445645737,-1131.7304935796908,887899.3.sbml.csv,Vaginal Commensal
4228,-1937.121793336218,-1413.0055854955715,887899.3.sbml.csv,Vaginal Commensal
4229,-191.28836688252628,-283.671685758435,887899.3.sbml.csv,Vaginal Commensal
4230,-1072.3965155456285,-1452.2813571935383,887899.3.sbml.csv,Vaginal Commensal
4231,-1007.5813213255558,-1101.154249479941,887899.3.sbml.csv,Vaginal Commensal
4232,-1367.3530266204089,-529.9627523031463,887899.3.sbml.csv,Vaginal Commensal
4233,-855.6921635479171,-589.5926633465245,887899.3.sbml.csv,Vaginal Commensal
4234,1619.592867015458,-737.6696486682191,887899.3.sbml.csv,Vaginal Commensal
4235,565.0611849921183,-759.6480889453405,887899.3.sbml.csv,Vaginal Commensal
4236,-667.4213485083159,-576.2168707208087,887899.3.sbml.csv,Vaginal Commensal
4237,-920.7958375957558,-484.3243060413435,887899.3.sbml.csv,Vaginal Commensal
4238,12.817135071629021,-914.754949646954,887899.3.sbml.csv,Vaginal Commensal
4239,382.84232457668634,-1039.9395431322243,887899.3.sbml.csv,Vaginal Commensal
4240,516.8021405111973,-1061.4522728855086,887899.3.sbml.csv,Vaginal Commensal
4241,-1019.1969079092506,-649.6078018621295,887899.3.sbml.csv,Vaginal Commensal
4242,1645.281672543471,-175.92041044888254,887899.3.sbml.csv,Vaginal Commensal
4243,-858.5337398941318,-900.7906480342332,887899.3.sbml.csv,Vaginal Commensal
4244,1777.403021435042,-410.78724223073783,887899.3.sbml.csv,Vaginal Commensal
4245,-2213.907454497232,-683.1835293634149,887899.3.sbml.csv,Vaginal Commensal
4246,787.8632475478968,-638.3033412355728,887899.3.sbml.csv,Vaginal Commensal
4247,1910.0071335792125,-813.21292767227,887899.3.sbml.csv,Vaginal Commensal
4248,-2593.5647533033484,-1119.4271078436007,887899.3.sbml.csv,Vaginal Commensal
4249,1590.4576637590862,-349.97432212645293,887899.3.sbml.csv,Vaginal Commensal
4250,721.7974754389813,-523.7621210051628,1630135.4.sbml.csv,Vaginal Commensal
4251,1296.0478943495482,99.17200053538267,1630135.4.sbml.csv,Vaginal Commensal
4252,-857.6432329878246,-156.58595175091546,1630135.4.sbml.csv,Vaginal Commensal
4253,-1102.6324843498655,-934.7058727136548,1630135.4.sbml.csv,Vaginal Commensal
4254,224.8519955709693,-196.41230451967812,1630135.4.sbml.csv,Vaginal Commensal
4255,633.3829474840172,-1011.3922604792989,1630135.4.sbml.csv,Vaginal Commensal
4256,-2026.7776087361926,-1596.7226130113418,1630135.4.sbml.csv,Vaginal Commensal
4257,684.4497572380068,-22.74809608200621,1630135.4.sbml.csv,Vaginal Commensal
4258,-1642.0542882341704,-696.573632572878,1630135.4.sbml.csv,Vaginal Commensal
4259,-1057.5699626978587,-1174.5194550567155,1630135.4.sbml.csv,Vaginal Commensal
4260,-2213.3355029180925,-1129.9155845354067,1630135.4.sbml.csv,Vaginal Commensal
4261,94.18970803041442,-122.4266895651134,1630135.4.sbml.csv,Vaginal Commensal
4262,1771.6030652739191,144.61977088627987,1630135.4.sbml.csv,Vaginal Commensal
4263,-2148.0317591577523,-670.9121470115374,1630135.4.sbml.csv,Vaginal Commensal
4264,-1365.970563057275,-626.6963447496032,1630135.4.sbml.csv,Vaginal Commensal
4265,152.90357383139042,-1103.812427497092,1630135.4.sbml.csv,Vaginal Commensal
4266,744.7781565990766,-444.38533767045624,1630135.4.sbml.csv,Vaginal Commensal
4267,1375.0052533507205,564.7812080004708,1630135.4.sbml.csv,Vaginal Commensal
4268,-2446.1906943806775,-1824.8425652145372,1630135.4.sbml.csv,Vaginal Commensal
4269,-845.2473890147436,-973.9689835292874,1630135.4.sbml.csv,Vaginal Commensal
4270,-185.35351617068662,-797.3305509383979,1630135.4.sbml.csv,Vaginal Commensal
4271,-2359.935368499594,-68.9744776948649,1630135.4.sbml.csv,Vaginal Commensal
4272,-1489.9028310323633,238.7483750969441,1630135.4.sbml.csv,Vaginal Commensal
4273,-1519.8594560059241,618.8489847438224,1630135.4.sbml.csv,Vaginal Commensal
4274,-2070.3248306850383,-586.9626358340801,1630135.4.sbml.csv,Vaginal Commensal
4275,-699.2717644018419,28.760255545669715,1630135.4.sbml.csv,Vaginal Commensal
4276,-1334.0999264693164,-471.7570724456383,1630135.4.sbml.csv,Vaginal Commensal
4277,-926.7142327475466,-45.484641680374125,1630135.4.sbml.csv,Vaginal Commensal
4278,-303.7084293529903,136.3560313943953,1630135.4.sbml.csv,Vaginal Commensal
4279,-943.291569934323,-738.5588449963375,1630135.4.sbml.csv,Vaginal Commensal
4280,499.49187858334864,411.6533487211055,1630135.4.sbml.csv,Vaginal Commensal
4281,-723.349417146681,-1269.6561701603339,1630135.4.sbml.csv,Vaginal Commensal
4282,1198.2047908900854,-363.7409265207953,1630135.4.sbml.csv,Vaginal Commensal
4283,-362.0235721306869,183.37293973859514,1630135.4.sbml.csv,Vaginal Commensal
4284,428.11639423636717,-565.8511172464785,1630135.4.sbml.csv,Vaginal Commensal
4285,-397.30571693653593,-523.9540276580958,1630135.4.sbml.csv,Vaginal Commensal
4286,613.7099835951831,-183.78966417668622,1630135.4.sbml.csv,Vaginal Commensal
4287,-1803.611556135757,-375.5228474002778,1630135.4.sbml.csv,Vaginal Commensal
4288,187.61140424206437,122.50407037254465,1630135.4.sbml.csv,Vaginal Commensal
4289,-2080.539118168357,-936.7975406203166,1630135.4.sbml.csv,Vaginal Commensal
4290,2195.5037848392394,362.24840996922103,1630135.4.sbml.csv,Vaginal Commensal
4291,907.7572164872413,-829.2862270977944,1630135.4.sbml.csv,Vaginal Commensal
4292,-1412.4759201793377,-1114.9248927869228,1630135.4.sbml.csv,Vaginal Commensal
4293,-2272.2452730327755,-454.3085029358417,1630135.4.sbml.csv,Vaginal Commensal
4294,-1950.014259615373,-706.2733696321825,1630135.4.sbml.csv,Vaginal Commensal
4295,-279.97056757022517,913.7625449203857,1630135.4.sbml.csv,Vaginal Commensal
4296,-412.7966894787873,247.4900497619383,1630135.4.sbml.csv,Vaginal Commensal
4297,-932.047776660484,-926.1540350103211,1630135.4.sbml.csv,Vaginal Commensal
4298,1801.379038638541,1601.377906551856,1630135.4.sbml.csv,Vaginal Commensal
4299,681.1328891115253,435.56975459726715,1630135.4.sbml.csv,Vaginal Commensal
4300,458.5955723463473,-249.16022270732773,1630135.4.sbml.csv,Vaginal Commensal
4301,-2109.801223550001,41.43856926264397,1630135.4.sbml.csv,Vaginal Commensal
4302,841.0482090253864,-648.9034019373718,1630135.4.sbml.csv,Vaginal Commensal
4303,812.9236473236007,499.3707912110172,1630135.4.sbml.csv,Vaginal Commensal
4304,-1144.8012449310393,474.6465257924717,1630135.4.sbml.csv,Vaginal Commensal
4305,818.5330911321674,171.42426088814008,1630135.4.sbml.csv,Vaginal Commensal
4306,1070.2973274362414,190.65003399223897,1630135.4.sbml.csv,Vaginal Commensal
4307,-1394.9196040564266,-602.3044858855931,1630135.4.sbml.csv,Vaginal Commensal
4308,-1865.3314039902975,-150.01288722056452,1630135.4.sbml.csv,Vaginal Commensal
4309,-2048.2927325327855,-782.6792825185474,1630135.4.sbml.csv,Vaginal Commensal
4310,1660.3112021680518,-309.2947408575322,1630135.4.sbml.csv,Vaginal Commensal
4311,1802.2600050041583,395.29093528624026,1630135.4.sbml.csv,Vaginal Commensal
4312,965.7110573320602,-28.204688877159544,1630135.4.sbml.csv,Vaginal Commensal
4313,-256.3347531366761,236.26571908133891,1630135.4.sbml.csv,Vaginal Commensal
4314,-1956.500007553092,-249.3338093048427,1630135.4.sbml.csv,Vaginal Commensal
4315,-2839.895613218421,-67.42829755889254,1630135.4.sbml.csv,Vaginal Commensal
4316,206.72324398722395,-121.76077245136699,1630135.4.sbml.csv,Vaginal Commensal
4317,-1597.416967620456,-693.2975409111287,1630135.4.sbml.csv,Vaginal Commensal
4318,239.87295522107084,342.5227040202162,1630135.4.sbml.csv,Vaginal Commensal
4319,-2098.1393379237556,-823.9391600047985,1630135.4.sbml.csv,Vaginal Commensal
4320,383.6572914564626,146.46802971599803,1630135.4.sbml.csv,Vaginal Commensal
4321,-106.9050209787837,33.08112222236744,1630135.4.sbml.csv,Vaginal Commensal
4322,-1006.2326058738552,-530.366748758437,1630135.4.sbml.csv,Vaginal Commensal
4323,-29.236066402174536,-331.53649169749053,1630135.4.sbml.csv,Vaginal Commensal
4324,715.5803537606441,131.7742265161447,1630135.4.sbml.csv,Vaginal Commensal
4325,344.0096888552926,-476.0442409854207,1630135.4.sbml.csv,Vaginal Commensal
4326,-1599.161665293311,-511.16987440771464,1630135.4.sbml.csv,Vaginal Commensal
4327,-1586.596399570487,-638.1119142385329,1630135.4.sbml.csv,Vaginal Commensal
4328,-2001.694088901957,-936.3370184341151,1630135.4.sbml.csv,Vaginal Commensal
4329,1098.8006223499217,-52.3694817382623,1630135.4.sbml.csv,Vaginal Commensal
4330,1552.3187502151254,20.082993439427604,1630135.4.sbml.csv,Vaginal Commensal
4331,1475.2950084911288,553.1087557106227,1630135.4.sbml.csv,Vaginal Commensal
4332,-1251.8324647397023,-429.3762014029345,1630135.4.sbml.csv,Vaginal Commensal
4333,-506.02938002726205,-863.9470976735225,1630135.4.sbml.csv,Vaginal Commensal
4334,-1559.7451101438808,-581.8395927396163,1630135.4.sbml.csv,Vaginal Commensal
4335,50.484994446017396,-134.21447608628077,1630135.4.sbml.csv,Vaginal Commensal
4336,-1521.9412964189482,773.2487845510777,1630135.4.sbml.csv,Vaginal Commensal
4337,-2656.079834864364,251.46200418480885,1630135.4.sbml.csv,Vaginal Commensal
4338,-313.94404143995774,69.66532548189643,1630135.4.sbml.csv,Vaginal Commensal
4339,1702.039614317131,-222.41306270595157,1630135.4.sbml.csv,Vaginal Commensal
4340,1584.9027193650825,-258.54965637533036,1630135.4.sbml.csv,Vaginal Commensal
4341,-1797.7994204159827,-93.26668925503508,1630135.4.sbml.csv,Vaginal Commensal
4342,426.41292251428985,-314.1467339512164,1630135.4.sbml.csv,Vaginal Commensal
4343,-1156.9270722954525,-336.2439759373983,1630135.4.sbml.csv,Vaginal Commensal
4344,12.001456631195744,32.204734635374905,1630135.4.sbml.csv,Vaginal Commensal
4345,-1976.2167087296723,340.8942470050173,1630135.4.sbml.csv,Vaginal Commensal
4346,-1412.8601227594602,618.7384720094141,1630135.4.sbml.csv,Vaginal Commensal
4347,-61.527649604560196,-905.395235342866,1630135.4.sbml.csv,Vaginal Commensal
4348,-334.8155008596125,1247.682413790796,1630135.4.sbml.csv,Vaginal Commensal
4349,951.5981242966152,529.6162789520536,1630135.4.sbml.csv,Vaginal Commensal
4350,-1648.521127146289,-524.3553442523057,1630135.4.sbml.csv,Vaginal Commensal
4351,-1326.315923768316,-682.4444360439904,1630135.4.sbml.csv,Vaginal Commensal
4352,-903.7910119461685,-1155.6659069563286,1630135.4.sbml.csv,Vaginal Commensal
4353,-318.974512038877,-228.4976496139078,1630135.4.sbml.csv,Vaginal Commensal
4354,-2790.4361725995677,-1796.635249068722,1630135.4.sbml.csv,Vaginal Commensal
4355,863.6939609374299,95.68109164085864,1630135.4.sbml.csv,Vaginal Commensal
4356,-1153.9656985873555,-514.8697758410844,1630135.4.sbml.csv,Vaginal Commensal
4357,818.2600312777297,-70.81356885815507,1630135.4.sbml.csv,Vaginal Commensal
4358,469.45586983299694,-1203.5044913072595,1630135.4.sbml.csv,Vaginal Commensal
4359,-1472.1319013086006,-458.45433708953504,1630135.4.sbml.csv,Vaginal Commensal
4360,-1906.0480604121856,-182.3114765532057,1630135.4.sbml.csv,Vaginal Commensal
4361,1872.9181768281712,372.10264606803764,1630135.4.sbml.csv,Vaginal Commensal
4362,556.2482474387934,-449.8284927970755,1630135.4.sbml.csv,Vaginal Commensal
4363,1329.749092636533,47.79076572750607,1630135.4.sbml.csv,Vaginal Commensal
4364,268.3229382200757,-446.82188556980634,1630135.4.sbml.csv,Vaginal Commensal
4365,-899.7504297621982,-638.0489029907807,1630135.4.sbml.csv,Vaginal Commensal
4366,-1808.7935150114781,-463.8943793820842,1630135.4.sbml.csv,Vaginal Commensal
4367,-2012.5807388680953,-534.0054196425865,1630135.4.sbml.csv,Vaginal Commensal
4368,1544.7360412268345,503.2145031816736,1630135.4.sbml.csv,Vaginal Commensal
4369,-710.524876819124,-372.4253644181415,1630135.4.sbml.csv,Vaginal Commensal
4370,-1873.5850267825808,-494.70450939680325,1630135.4.sbml.csv,Vaginal Commensal
4371,613.2463457081511,-104.71412872389486,1630135.4.sbml.csv,Vaginal Commensal
4372,416.3339787392581,-15.288183319695072,1630135.4.sbml.csv,Vaginal Commensal
4373,-651.0997497983875,-1333.8872347801712,1630135.4.sbml.csv,Vaginal Commensal
4374,-2461.8824121454522,-1677.504393305443,1630135.4.sbml.csv,Vaginal Commensal
4375,-1633.7034529623195,-1027.3885960468713,1630135.4.sbml.csv,Vaginal Commensal
4376,-1991.451047922428,-109.04792538652528,1630135.4.sbml.csv,Vaginal Commensal
4377,-2456.446281913779,-914.5361011488175,1630135.4.sbml.csv,Vaginal Commensal
4378,1047.164665160438,-1730.0326407132536,1630135.4.sbml.csv,Vaginal Commensal
4379,200.96384317336276,239.15494466537064,1630135.4.sbml.csv,Vaginal Commensal
4380,-1550.9423142421365,-697.9981736688225,1630135.4.sbml.csv,Vaginal Commensal
4381,699.9902111931898,-305.55791089377504,1630135.4.sbml.csv,Vaginal Commensal
4382,-734.6906382748684,-11.72729154081308,1630135.4.sbml.csv,Vaginal Commensal
4383,-564.8779769481063,361.9256616474541,1630135.4.sbml.csv,Vaginal Commensal
4384,-1766.2642768522353,-440.39093073485594,1630135.4.sbml.csv,Vaginal Commensal
4385,1077.8434125578362,239.22150192949798,1630135.4.sbml.csv,Vaginal Commensal
4386,810.9482019990734,-601.0638258330321,1630135.4.sbml.csv,Vaginal Commensal
4387,-155.06015329081467,500.8338593613931,1630135.4.sbml.csv,Vaginal Commensal
4388,964.6274001218468,532.7450466736746,1630135.4.sbml.csv,Vaginal Commensal
4389,1573.5114232294582,84.48024793999916,1630135.4.sbml.csv,Vaginal Commensal
4390,677.5860313364757,-414.1740104116004,1630135.4.sbml.csv,Vaginal Commensal
4391,-1338.0890382422763,188.7623951500166,1630135.4.sbml.csv,Vaginal Commensal
4392,1163.0668955456752,-298.6039618203421,1630135.4.sbml.csv,Vaginal Commensal
4393,-2127.640239493716,-841.9979246991356,1630135.4.sbml.csv,Vaginal Commensal
4394,-208.26757683190124,-150.9506160606351,1630135.4.sbml.csv,Vaginal Commensal
4395,1700.808058557424,-382.9612859778485,1630135.4.sbml.csv,Vaginal Commensal
4396,-375.524561146016,117.8821559745755,1630135.4.sbml.csv,Vaginal Commensal
4397,-2335.4957704191943,-1427.3654189601257,1630135.4.sbml.csv,Vaginal Commensal
4398,-1441.6183787792972,-2121.9900045255795,1630135.4.sbml.csv,Vaginal Commensal
4399,-2693.992032788372,-948.6617985350055,1630135.4.sbml.csv,Vaginal Commensal
4400,101.8828722171463,-1100.1383814529177,1630135.4.sbml.csv,Vaginal Commensal
4401,-982.51208273836,-1204.683040413388,1630135.4.sbml.csv,Vaginal Commensal
4402,-751.0403914789515,-176.45908535725036,1630135.4.sbml.csv,Vaginal Commensal
4403,-766.7272109106069,-175.16393366957976,1630135.4.sbml.csv,Vaginal Commensal
4404,-1343.8101365327113,-580.7143029981924,1630135.4.sbml.csv,Vaginal Commensal
4405,-713.720264320881,214.2978176445471,1630135.4.sbml.csv,Vaginal Commensal
4406,-2029.5230405199536,-371.40537697438873,1630135.4.sbml.csv,Vaginal Commensal
4407,-244.83183255091188,-660.781690640827,1630135.4.sbml.csv,Vaginal Commensal
4408,1758.4519444977755,-283.60152925371557,1630135.4.sbml.csv,Vaginal Commensal
4409,991.8943527663566,-410.8185122077876,1630135.4.sbml.csv,Vaginal Commensal
4410,208.27753107393886,872.6128628735671,1630135.4.sbml.csv,Vaginal Commensal
4411,-2397.763046917052,-5.742749195121939,1630135.4.sbml.csv,Vaginal Commensal
4412,-1656.4390446709565,-1294.5541256068584,1630135.4.sbml.csv,Vaginal Commensal
4413,-314.19663440283966,-664.9171487287084,1630135.4.sbml.csv,Vaginal Commensal
4414,1105.6346043128617,324.76367313793367,1630135.4.sbml.csv,Vaginal Commensal
4415,-2155.682754660425,-197.3454662526677,1630135.4.sbml.csv,Vaginal Commensal
4416,1628.7026220544137,-820.1402143657936,1630135.4.sbml.csv,Vaginal Commensal
4417,-2062.1247452302464,-1224.5718937724919,1630135.4.sbml.csv,Vaginal Commensal
4418,109.3219262840298,-358.31509439856734,1630135.4.sbml.csv,Vaginal Commensal
4419,861.6311741187415,-467.08340581912165,1630135.4.sbml.csv,Vaginal Commensal
4420,-441.70440140792397,-1231.8826738956059,1630135.4.sbml.csv,Vaginal Commensal
4421,-34.40868107633943,189.119105541183,1630135.4.sbml.csv,Vaginal Commensal
4422,-1624.8824908149238,-36.2560183428086,1630135.4.sbml.csv,Vaginal Commensal
4423,-1566.2152311152852,-1163.2246732185263,1630135.4.sbml.csv,Vaginal Commensal
4424,-76.0407568551589,-598.0732990557528,1630135.4.sbml.csv,Vaginal Commensal
4425,-184.07965021572394,-638.9770369554054,1630135.4.sbml.csv,Vaginal Commensal
4426,-16.49532125206422,500.6937696583353,1630135.4.sbml.csv,Vaginal Commensal
4427,-1949.4020653261823,-494.7236404537651,1630135.4.sbml.csv,Vaginal Commensal
4428,-2301.098570545653,-743.9286537817084,1630135.4.sbml.csv,Vaginal Commensal
4429,-1240.3524748630273,-650.9298005309785,1630135.4.sbml.csv,Vaginal Commensal
4430,-1531.4130228440847,91.36279362268073,1630135.4.sbml.csv,Vaginal Commensal
4431,378.2825679161973,438.47676519586287,1630135.4.sbml.csv,Vaginal Commensal
4432,1415.579215537204,-1096.9987340608777,1630135.4.sbml.csv,Vaginal Commensal
4433,629.0063583956551,-297.196640369204,1630135.4.sbml.csv,Vaginal Commensal
4434,1165.00708433347,202.4963499090578,1630135.4.sbml.csv,Vaginal Commensal
4435,-845.2949552426206,-160.64575141146585,1630135.4.sbml.csv,Vaginal Commensal
4436,-1021.7153171689533,538.8150225459493,1630135.4.sbml.csv,Vaginal Commensal
4437,-2767.913214861628,291.9696338961519,1630135.4.sbml.csv,Vaginal Commensal
4438,1568.568138801297,-838.9837472568844,1630135.4.sbml.csv,Vaginal Commensal
4439,-2343.3662124137895,-41.455652379137526,1630135.4.sbml.csv,Vaginal Commensal
4440,-2131.624614870649,-319.89653007484696,1630135.4.sbml.csv,Vaginal Commensal
4441,-1003.5049381762899,-578.8118416858794,1630135.4.sbml.csv,Vaginal Commensal
4442,93.84651613207204,-449.560944154744,1630135.4.sbml.csv,Vaginal Commensal
4443,-808.124462075038,-713.7970330032263,1630135.4.sbml.csv,Vaginal Commensal
4444,894.016371065455,-708.8683957481976,1630135.4.sbml.csv,Vaginal Commensal
4445,1054.7374395134905,989.3174494410417,1630135.4.sbml.csv,Vaginal Commensal
4446,1547.1074825707333,-38.803516757657675,1630135.4.sbml.csv,Vaginal Commensal
4447,-54.197462874837065,-1732.6909372710868,1630135.4.sbml.csv,Vaginal Commensal
4448,368.3950996030758,398.9072962153707,1630135.4.sbml.csv,Vaginal Commensal
4449,1480.9637726755975,-299.6669767422805,1630135.4.sbml.csv,Vaginal Commensal
4450,1008.5772473005821,66.0919346353022,1630135.4.sbml.csv,Vaginal Commensal
4451,-1556.8021156189313,535.0119473214014,1630135.4.sbml.csv,Vaginal Commensal
4452,2249.8558662904243,97.14755690656229,1630135.4.sbml.csv,Vaginal Commensal
4453,-1859.7321707214187,-1257.8639833446164,1630135.4.sbml.csv,Vaginal Commensal
4454,-813.7845723287007,26.153411387252465,1630135.4.sbml.csv,Vaginal Commensal
4455,-1814.5746652091457,-737.5874498073541,1630135.4.sbml.csv,Vaginal Commensal
4456,-1279.1816097691856,-837.7092734247171,1630135.4.sbml.csv,Vaginal Commensal
4457,-2470.023215793423,-322.980925615133,1630135.4.sbml.csv,Vaginal Commensal
4458,-1081.0305863075753,-430.71393058465,1630135.4.sbml.csv,Vaginal Commensal
4459,586.856581458179,571.4987936506711,1630135.4.sbml.csv,Vaginal Commensal
4460,-6.894007752914068,-327.9253574857019,1630135.4.sbml.csv,Vaginal Commensal
4461,-71.20633394023709,-155.2296399445334,1630135.4.sbml.csv,Vaginal Commensal
4462,1361.6780233900197,-138.7367536577069,1630135.4.sbml.csv,Vaginal Commensal
4463,-2353.044017696416,-1181.8426477107046,1630135.4.sbml.csv,Vaginal Commensal
4464,900.6094075682687,-112.0962057385459,1630135.4.sbml.csv,Vaginal Commensal
4465,-893.810107746743,-404.8771372365493,1630135.4.sbml.csv,Vaginal Commensal
4466,63.10665812459674,-463.6071844304844,1630135.4.sbml.csv,Vaginal Commensal
4467,1500.1426091931303,-76.32881366600411,1630135.4.sbml.csv,Vaginal Commensal
4468,1904.7827304562034,-163.30362193211934,1630135.4.sbml.csv,Vaginal Commensal
4469,-1508.4840526074493,-462.33106766453443,1630135.4.sbml.csv,Vaginal Commensal
4470,-1626.4725350256754,-428.037764442784,1630135.4.sbml.csv,Vaginal Commensal
4471,-2215.820206389024,-713.4248354301545,1630135.4.sbml.csv,Vaginal Commensal
4472,-669.9918869439291,-66.91354438534414,1630135.4.sbml.csv,Vaginal Commensal
4473,-1332.0143234613631,-482.8784702797779,1630135.4.sbml.csv,Vaginal Commensal
4474,-26.13250187185268,94.12071865171264,1630135.4.sbml.csv,Vaginal Commensal
4475,-905.9593303395335,163.05016038775244,1630135.4.sbml.csv,Vaginal Commensal
4476,1060.3512462255326,-746.3033054131802,1630135.4.sbml.csv,Vaginal Commensal
4477,-2397.079109133019,-1158.106913267201,1630135.4.sbml.csv,Vaginal Commensal
4478,-658.1179151280419,-1588.2764146227798,1630135.4.sbml.csv,Vaginal Commensal
4479,51.95653304045383,-62.783159078727714,1630135.4.sbml.csv,Vaginal Commensal
4480,-2353.1003206806085,-398.709991277846,1630135.4.sbml.csv,Vaginal Commensal
4481,-1497.5432815314646,-956.7858943783474,1630135.4.sbml.csv,Vaginal Commensal
4482,-1511.944310408604,-605.6513098586453,1630135.4.sbml.csv,Vaginal Commensal
4483,-57.99286109531806,-160.1054859846481,1630135.4.sbml.csv,Vaginal Commensal
4484,-949.394848304195,854.7516135706661,1630135.4.sbml.csv,Vaginal Commensal
4485,-2092.1234173858425,-547.9192750171998,1630135.4.sbml.csv,Vaginal Commensal
4486,-164.83065311375606,-779.9237772434182,1630135.4.sbml.csv,Vaginal Commensal
4487,-162.3096929654451,-1084.588735648021,1630135.4.sbml.csv,Vaginal Commensal
4488,-1552.0384137796727,-170.20587525164947,1630135.4.sbml.csv,Vaginal Commensal
4489,965.92378170968,-4.703011976200098,1630135.4.sbml.csv,Vaginal Commensal
4490,-376.5981423205427,466.16857955508937,1630135.4.sbml.csv,Vaginal Commensal
4491,74.02226310698164,83.49661596592485,1630135.4.sbml.csv,Vaginal Commensal
4492,-1566.985479952627,-144.2507890481851,1630135.4.sbml.csv,Vaginal Commensal
4493,-1394.3006423733088,471.32217476154085,1630135.4.sbml.csv,Vaginal Commensal
4494,-1290.71885232887,38.67984897937306,1630135.4.sbml.csv,Vaginal Commensal
4495,-215.82845893635044,-1121.3944148675557,1630135.4.sbml.csv,Vaginal Commensal
4496,-1494.6735668462334,531.0115785354902,1630135.4.sbml.csv,Vaginal Commensal
4497,-128.1459633506286,-7.011407769855036,1630135.4.sbml.csv,Vaginal Commensal
4498,-2662.107843005626,-953.8079366569607,1630135.4.sbml.csv,Vaginal Commensal
4499,227.9787274442659,750.1211067602077,1630135.4.sbml.csv,Vaginal Commensal
4500,-2393.420597964326,-110.60482245476867,1613.511.sbml.csv,Vaginal Probiotic
4501,-3084.2670370551823,670.2762865526171,1613.511.sbml.csv,Vaginal Probiotic
4502,-2853.376225426466,-815.5733070288641,1613.511.sbml.csv,Vaginal Probiotic
4503,-2016.742608626436,-278.1199209604027,1613.511.sbml.csv,Vaginal Probiotic
4504,-1700.5224184913168,-445.69572151693325,1613.511.sbml.csv,Vaginal Probiotic
4505,184.89216369623608,246.83196415812833,1613.511.sbml.csv,Vaginal Probiotic
4506,-1406.5587564780726,-1006.8077493892293,1613.511.sbml.csv,Vaginal Probiotic
4507,-685.1160302390433,456.1655787464535,1613.511.sbml.csv,Vaginal Probiotic
4508,-1407.7915033004097,-428.80571625114175,1613.511.sbml.csv,Vaginal Probiotic
4509,-1668.950383786491,-929.0452780303434,1613.511.sbml.csv,Vaginal Probiotic
4510,-2662.0025008064567,-771.8368431475669,1613.511.sbml.csv,Vaginal Probiotic
4511,-3321.9135240944242,-1105.7205433479323,1613.511.sbml.csv,Vaginal Probiotic
4512,-2659.21504935731,-656.0972930189862,1613.511.sbml.csv,Vaginal Probiotic
4513,-1404.6587948620408,-352.81062174601806,1613.511.sbml.csv,Vaginal Probiotic
4514,-2631.259021717107,-162.4312029102159,1613.511.sbml.csv,Vaginal Probiotic
4515,-1177.613569170542,-1453.985900041144,1613.511.sbml.csv,Vaginal Probiotic
4516,-2106.6881796911784,-514.0325021433933,1613.511.sbml.csv,Vaginal Probiotic
4517,-2437.2437084732283,-332.2452554860895,1613.511.sbml.csv,Vaginal Probiotic
4518,-1695.2519845067995,-145.61075088469724,1613.511.sbml.csv,Vaginal Probiotic
4519,-1764.559204813374,-256.8716023924964,1613.511.sbml.csv,Vaginal Probiotic
4520,-2290.637070623395,-567.0674586133099,1613.511.sbml.csv,Vaginal Probiotic
4521,-2041.7093327933708,-616.9574167145922,1613.511.sbml.csv,Vaginal Probiotic
4522,-1512.6335203472645,-385.6035822157472,1613.511.sbml.csv,Vaginal Probiotic
4523,-2949.537633413873,378.3585649833647,1613.511.sbml.csv,Vaginal Probiotic
4524,-2990.184097876029,-994.2884564345696,1613.511.sbml.csv,Vaginal Probiotic
4525,-975.9926822857595,1459.728151288749,1613.511.sbml.csv,Vaginal Probiotic
4526,-2202.6167101202996,-423.1620431172699,1613.511.sbml.csv,Vaginal Probiotic
4527,-2122.3055185430308,-1196.6272993509226,1613.511.sbml.csv,Vaginal Probiotic
4528,-2767.6913477233124,-761.6454159739288,1613.511.sbml.csv,Vaginal Probiotic
4529,-3041.7261715783875,743.9020225783333,1613.511.sbml.csv,Vaginal Probiotic
4530,-1626.358076935134,-412.14968811420056,1613.511.sbml.csv,Vaginal Probiotic
4531,-1100.0588143995003,-1373.7994565287624,1613.511.sbml.csv,Vaginal Probiotic
4532,-2237.521893465862,568.1020913038394,1613.511.sbml.csv,Vaginal Probiotic
4533,-1840.0624121839828,268.68690366799865,1613.511.sbml.csv,Vaginal Probiotic
4534,-28.968630621010732,-773.4029484678067,1613.511.sbml.csv,Vaginal Probiotic
4535,-2564.1234554373214,791.5509831634716,1613.511.sbml.csv,Vaginal Probiotic
4536,-3334.298953628516,-208.93270418340018,1613.511.sbml.csv,Vaginal Probiotic
4537,-1778.7538937038487,-788.7441562892018,1613.511.sbml.csv,Vaginal Probiotic
4538,-2006.0676998221693,721.0355976322353,1613.511.sbml.csv,Vaginal Probiotic
4539,-1017.220943820045,715.2332806407725,1613.511.sbml.csv,Vaginal Probiotic
4540,-1431.4190071774838,6.655613524261761,1613.511.sbml.csv,Vaginal Probiotic
4541,-2201.5010844442763,593.0065048691329,1613.511.sbml.csv,Vaginal Probiotic
4542,-833.7048457564855,463.99280903347125,1613.511.sbml.csv,Vaginal Probiotic
4543,-1116.9163762709916,79.95650392371091,1613.511.sbml.csv,Vaginal Probiotic
4544,-2734.163739507006,182.04544494581413,1613.511.sbml.csv,Vaginal Probiotic
4545,-888.1476391772641,981.3297072370826,1613.511.sbml.csv,Vaginal Probiotic
4546,-2141.082989151697,-1491.2761192484995,1613.511.sbml.csv,Vaginal Probiotic
4547,-1724.7938708206448,-393.27964643125296,1613.511.sbml.csv,Vaginal Probiotic
4548,-927.3973563287392,967.933709527941,1613.511.sbml.csv,Vaginal Probiotic
4549,-3181.5546754470806,-318.30832801090304,1613.511.sbml.csv,Vaginal Probiotic
4550,-1357.640628766026,332.72963027148546,1613.511.sbml.csv,Vaginal Probiotic
4551,-2132.585041342667,-237.95667922522972,1613.511.sbml.csv,Vaginal Probiotic
4552,-2149.063245726844,-255.4315107646135,1613.511.sbml.csv,Vaginal Probiotic
4553,-1875.0673582946833,313.1177615011438,1613.511.sbml.csv,Vaginal Probiotic
4554,-1689.5733077053749,274.3689575401109,1613.511.sbml.csv,Vaginal Probiotic
4555,-2430.017591841926,378.01732453856306,1613.511.sbml.csv,Vaginal Probiotic
4556,-2360.791696446906,95.39406713525263,1613.511.sbml.csv,Vaginal Probiotic
4557,-1302.651926645041,-416.87512251213536,1613.511.sbml.csv,Vaginal Probiotic
4558,-1797.9644699706516,468.31430686484185,1613.511.sbml.csv,Vaginal Probiotic
4559,-1717.6271776928204,-1123.7765675321907,1613.511.sbml.csv,Vaginal Probiotic
4560,-1742.6169254745962,-249.6467392254371,1613.511.sbml.csv,Vaginal Probiotic
4561,-870.7704981695737,-1047.606233158073,1613.511.sbml.csv,Vaginal Probiotic
4562,-2887.0575373530182,-892.5126062720499,1613.511.sbml.csv,Vaginal Probiotic
4563,-1449.3938034775008,-1036.7763828183354,1613.511.sbml.csv,Vaginal Probiotic
4564,-2914.6770983948527,371.7887144292271,1613.511.sbml.csv,Vaginal Probiotic
4565,-768.8151946419642,432.69518848023455,1613.511.sbml.csv,Vaginal Probiotic
4566,-1414.736513619297,-50.45494612178068,1613.511.sbml.csv,Vaginal Probiotic
4567,-2130.2240402028856,-782.9726715196118,1613.511.sbml.csv,Vaginal Probiotic
4568,-3363.0835660819193,-1023.1347299650313,1613.511.sbml.csv,Vaginal Probiotic
4569,-1282.5959269610946,-1281.9522479546547,1613.511.sbml.csv,Vaginal Probiotic
4570,-939.8089527254863,407.3561052219368,1613.511.sbml.csv,Vaginal Probiotic
4571,-1545.7499261266773,-359.5327226014682,1613.511.sbml.csv,Vaginal Probiotic
4572,-1803.456438968793,-449.91524019226057,1613.511.sbml.csv,Vaginal Probiotic
4573,-1866.2894868850112,-853.2317189548007,1613.511.sbml.csv,Vaginal Probiotic
4574,-836.8453159221161,-1146.3746857142553,1613.511.sbml.csv,Vaginal Probiotic
4575,-3165.54238923166,-83.7069892515594,1613.511.sbml.csv,Vaginal Probiotic
4576,-1961.7401406723002,-215.36791934864684,1613.511.sbml.csv,Vaginal Probiotic
4577,-1226.4591156956922,-173.41027596914682,1613.511.sbml.csv,Vaginal Probiotic
4578,-1665.5659103935845,296.8581538545888,1613.511.sbml.csv,Vaginal Probiotic
4579,-1275.7633928460557,368.4752701426454,1613.511.sbml.csv,Vaginal Probiotic
4580,-650.7532142179934,1344.3216638723693,1613.511.sbml.csv,Vaginal Probiotic
4581,-1960.2015373431589,-184.0655177389847,1613.511.sbml.csv,Vaginal Probiotic
4582,-405.50885114601346,139.49925902340632,1613.511.sbml.csv,Vaginal Probiotic
4583,-2459.023410128144,-585.3285085792312,1613.511.sbml.csv,Vaginal Probiotic
4584,-1914.3886159128144,36.56815102775045,1613.511.sbml.csv,Vaginal Probiotic
4585,-1888.8522037965697,85.29946049181845,1613.511.sbml.csv,Vaginal Probiotic
4586,-1455.455527342121,205.5333446164342,1613.511.sbml.csv,Vaginal Probiotic
4587,-1526.247881795612,230.6810509769982,1613.511.sbml.csv,Vaginal Probiotic
4588,-1099.0852557247297,189.55924182679368,1613.511.sbml.csv,Vaginal Probiotic
4589,-1399.380985335755,-249.74374268754656,1613.511.sbml.csv,Vaginal Probiotic
4590,-1019.1620139271138,1137.4488060812623,1613.511.sbml.csv,Vaginal Probiotic
4591,-2055.9024988968445,-871.6621756464543,1613.511.sbml.csv,Vaginal Probiotic
4592,-2621.8376924144077,-524.4105473921902,1613.511.sbml.csv,Vaginal Probiotic
4593,-2438.4524732685095,-573.0445880389163,1613.511.sbml.csv,Vaginal Probiotic
4594,-2777.757419701058,-764.5285745262737,1613.511.sbml.csv,Vaginal Probiotic
4595,-2851.920557995339,332.89926090202783,1613.511.sbml.csv,Vaginal Probiotic
4596,-3651.5470435834627,576.6857941131415,1613.511.sbml.csv,Vaginal Probiotic
4597,-1367.3507262305302,-694.4180159550515,1613.511.sbml.csv,Vaginal Probiotic
4598,-1994.4436425608565,-295.64665443587376,1613.511.sbml.csv,Vaginal Probiotic
4599,-1651.6105760653327,-458.6067730943016,1613.511.sbml.csv,Vaginal Probiotic
4600,-1897.7667667688336,-500.5006047587084,1613.511.sbml.csv,Vaginal Probiotic
4601,-1572.1057032221602,1142.2634179214572,1613.511.sbml.csv,Vaginal Probiotic
4602,-1827.2271651940757,-296.40928403183625,1613.511.sbml.csv,Vaginal Probiotic
4603,-667.363806968787,-781.9093872482415,1613.511.sbml.csv,Vaginal Probiotic
4604,-3031.081868767578,-964.0476897454823,1613.511.sbml.csv,Vaginal Probiotic
4605,-905.034707509452,35.67956479634354,1613.511.sbml.csv,Vaginal Probiotic
4606,-3137.5485882423886,-988.76833494508,1613.511.sbml.csv,Vaginal Probiotic
4607,-3241.7077858936286,-803.6563981103117,1613.511.sbml.csv,Vaginal Probiotic
4608,-956.1000390452775,866.6229094078233,1613.511.sbml.csv,Vaginal Probiotic
4609,-2758.180550071506,-38.96932703950202,1613.511.sbml.csv,Vaginal Probiotic
4610,-74.45912768881165,433.3398640386974,1613.511.sbml.csv,Vaginal Probiotic
4611,-929.8786557645094,-52.82511513981266,1613.511.sbml.csv,Vaginal Probiotic
4612,-2578.504388752091,196.01150612825603,1613.511.sbml.csv,Vaginal Probiotic
4613,-1867.7680820262592,-1076.4142031523747,1613.511.sbml.csv,Vaginal Probiotic
4614,-1204.2479348400432,6.291712570874554,1613.511.sbml.csv,Vaginal Probiotic
4615,-1061.1207695622072,-317.25931005863157,1613.511.sbml.csv,Vaginal Probiotic
4616,-2679.4243006376955,276.8154708714461,1613.511.sbml.csv,Vaginal Probiotic
4617,-1669.7401964182889,152.41318051707978,1613.511.sbml.csv,Vaginal Probiotic
4618,-720.8471386181167,178.16847422853476,1613.511.sbml.csv,Vaginal Probiotic
4619,-2897.1041044261037,799.1589444148018,1613.511.sbml.csv,Vaginal Probiotic
4620,-2038.3877608122962,-282.0790349274543,1613.511.sbml.csv,Vaginal Probiotic
4621,-2016.6996759236365,581.3112146643683,1613.511.sbml.csv,Vaginal Probiotic
4622,-630.0646507324327,725.2276719384953,1613.511.sbml.csv,Vaginal Probiotic
4623,-808.0229718369001,-408.55880076810615,1613.511.sbml.csv,Vaginal Probiotic
4624,-2132.7697926307965,-835.0786861020991,1613.511.sbml.csv,Vaginal Probiotic
4625,-1748.2425075270464,813.6488428453323,1613.511.sbml.csv,Vaginal Probiotic
4626,-2352.3992997245723,-1020.2640906166661,1613.511.sbml.csv,Vaginal Probiotic
4627,-3229.8243049435705,-1207.9462565348815,1613.511.sbml.csv,Vaginal Probiotic
4628,-2765.8081938918044,-123.2762342354154,1613.511.sbml.csv,Vaginal Probiotic
4629,-2086.21915170171,22.96223012267021,1613.511.sbml.csv,Vaginal Probiotic
4630,-1678.0866370634037,-403.529931970508,1613.511.sbml.csv,Vaginal Probiotic
4631,-2381.270020124567,-522.6278990492237,1613.511.sbml.csv,Vaginal Probiotic
4632,-1574.8490450572372,-580.9414828062277,1613.511.sbml.csv,Vaginal Probiotic
4633,-2373.8364343160906,-281.1116920956822,1613.511.sbml.csv,Vaginal Probiotic
4634,-2468.7742027491677,1754.8815998247264,1613.511.sbml.csv,Vaginal Probiotic
4635,-2594.2541521076932,-652.2562464265911,1613.511.sbml.csv,Vaginal Probiotic
4636,-560.0139562633934,-49.797205252614994,1613.511.sbml.csv,Vaginal Probiotic
4637,-3347.2099331641994,-11.252552405288618,1613.511.sbml.csv,Vaginal Probiotic
4638,-2723.1588930426055,256.4010059097657,1613.511.sbml.csv,Vaginal Probiotic
4639,-1995.116014183758,11.382521764259529,1613.511.sbml.csv,Vaginal Probiotic
4640,-2104.677963427026,-844.5836084072199,1613.511.sbml.csv,Vaginal Probiotic
4641,-3333.183136208964,59.95079906192636,1613.511.sbml.csv,Vaginal Probiotic
4642,-2117.0019529586793,-1597.0383056740905,1613.511.sbml.csv,Vaginal Probiotic
4643,-1411.9132920602858,1337.2794295384895,1613.511.sbml.csv,Vaginal Probiotic
4644,-1984.5282858474152,-661.9479235004746,1613.511.sbml.csv,Vaginal Probiotic
4645,-1285.5586306645696,120.19736894514568,1613.511.sbml.csv,Vaginal Probiotic
4646,-1308.051259200445,-692.2162860744626,1613.511.sbml.csv,Vaginal Probiotic
4647,-2272.985814651158,-391.2394747098654,1613.511.sbml.csv,Vaginal Probiotic
4648,-2773.8107675842684,-1323.0805687508491,1613.511.sbml.csv,Vaginal Probiotic
4649,66.12289074221782,-130.45716852869108,1613.511.sbml.csv,Vaginal Probiotic
4650,-2155.0797658272472,-633.217018269814,1613.511.sbml.csv,Vaginal Probiotic
4651,-639.8169705151774,214.84960250709585,1613.511.sbml.csv,Vaginal Probiotic
4652,-2322.42040565179,-200.43543804962204,1613.511.sbml.csv,Vaginal Probiotic
4653,-2354.053962504847,-763.6695135751339,1613.511.sbml.csv,Vaginal Probiotic
4654,-871.8240593733186,-49.194043653916125,1613.511.sbml.csv,Vaginal Probiotic
4655,880.0351242618466,41.418637407661286,1613.511.sbml.csv,Vaginal Probiotic
4656,-2842.615321693881,-220.84636111837625,1613.511.sbml.csv,Vaginal Probiotic
4657,-2364.671728759326,-323.29992544026004,1613.511.sbml.csv,Vaginal Probiotic
4658,-822.3458702508996,282.7982993106298,1613.511.sbml.csv,Vaginal Probiotic
4659,-1080.04569943515,-872.7745484026352,1613.511.sbml.csv,Vaginal Probiotic
4660,-1271.0976276911608,-1030.3183758169446,1613.511.sbml.csv,Vaginal Probiotic
4661,-3017.5664097887066,-251.9484703117249,1613.511.sbml.csv,Vaginal Probiotic
4662,-2392.122779052986,-440.7918945816943,1613.511.sbml.csv,Vaginal Probiotic
4663,-1586.3295444315618,-378.04065670244404,1613.511.sbml.csv,Vaginal Probiotic
4664,-1774.3573351833484,-238.35894226220026,1613.511.sbml.csv,Vaginal Probiotic
4665,-750.2838556473639,72.42533627155294,1613.511.sbml.csv,Vaginal Probiotic
4666,-1023.9503544742216,52.77045454754373,1613.511.sbml.csv,Vaginal Probiotic
4667,-1287.1822716718943,-11.501323310555534,1613.511.sbml.csv,Vaginal Probiotic
4668,-1206.147304951289,-37.15092525066321,1613.511.sbml.csv,Vaginal Probiotic
4669,-1401.1039980443575,1.4518543377192237,1613.511.sbml.csv,Vaginal Probiotic
4670,-685.1211840537575,931.6620450706728,1613.511.sbml.csv,Vaginal Probiotic
4671,-1901.0719937455005,-884.3855542892979,1613.511.sbml.csv,Vaginal Probiotic
4672,-2897.743331162443,373.1738484416543,1613.511.sbml.csv,Vaginal Probiotic
4673,-2333.19004696592,-701.3677733853289,1613.511.sbml.csv,Vaginal Probiotic
4674,-1815.7202873350018,-263.7138633194465,1613.511.sbml.csv,Vaginal Probiotic
4675,-1185.8156935174188,-10.194045200384975,1613.511.sbml.csv,Vaginal Probiotic
4676,-1428.9404209501765,681.4256651874226,1613.511.sbml.csv,Vaginal Probiotic
4677,-3104.157980762875,-896.3055837142927,1613.511.sbml.csv,Vaginal Probiotic
4678,-1909.8497363994545,142.6665708973907,1613.511.sbml.csv,Vaginal Probiotic
4679,-1648.0573786593832,-589.4877551103687,1613.511.sbml.csv,Vaginal Probiotic
4680,-917.6438604061929,1266.5630144395386,1613.511.sbml.csv,Vaginal Probiotic
4681,-1524.284063325124,116.72995524756031,1613.511.sbml.csv,Vaginal Probiotic
4682,-1839.5633503245324,-554.6128077291422,1613.511.sbml.csv,Vaginal Probiotic
4683,-1367.9271350724503,-1190.2067555549156,1613.511.sbml.csv,Vaginal Probiotic
4684,-2025.570844868446,-865.9435015663771,1613.511.sbml.csv,Vaginal Probiotic
4685,-726.8908098196002,879.946397817526,1613.511.sbml.csv,Vaginal Probiotic
4686,-2192.058978972096,-325.3625961309997,1613.511.sbml.csv,Vaginal Probiotic
4687,-3097.490967971115,-631.8963898154153,1613.511.sbml.csv,Vaginal Probiotic
4688,-2462.9641856238013,24.580830264188837,1613.511.sbml.csv,Vaginal Probiotic
4689,-2202.7503625516506,445.4113897601246,1613.511.sbml.csv,Vaginal Probiotic
4690,-1664.1488953128194,-554.449069753122,1613.511.sbml.csv,Vaginal Probiotic
4691,-237.30617853358447,963.046729141492,1613.511.sbml.csv,Vaginal Probiotic
4692,-2345.208707348966,-899.1822942767335,1613.511.sbml.csv,Vaginal Probiotic
4693,-576.1283965036387,-730.4149622791728,1613.511.sbml.csv,Vaginal Probiotic
4694,-1289.7689884238362,32.32075770856391,1613.511.sbml.csv,Vaginal Probiotic
4695,-2434.3929718742656,-1491.5996642181692,1613.511.sbml.csv,Vaginal Probiotic
4696,-3300.458542460509,633.1274733832797,1613.511.sbml.csv,Vaginal Probiotic
4697,-826.4286011309549,94.56854404776513,1613.511.sbml.csv,Vaginal Probiotic
4698,-2002.1073562008964,53.31014749203328,1613.511.sbml.csv,Vaginal Probiotic
4699,-1163.9646286565273,-37.11598044300713,1613.511.sbml.csv,Vaginal Probiotic
4700,-1919.9089963055355,109.43864122463317,1613.511.sbml.csv,Vaginal Probiotic
4701,134.6609824948343,827.4503962811365,1613.511.sbml.csv,Vaginal Probiotic
4702,-1188.9932674896697,-404.8734414998215,1613.511.sbml.csv,Vaginal Probiotic
4703,-3106.4868685868632,-379.49411817291633,1613.511.sbml.csv,Vaginal Probiotic
4704,-1937.5696281322898,118.48224921075705,1613.511.sbml.csv,Vaginal Probiotic
4705,-2334.303820171533,-548.096496771183,1613.511.sbml.csv,Vaginal Probiotic
4706,-946.1852249987353,-88.97678411834548,1613.511.sbml.csv,Vaginal Probiotic
4707,-3541.69056819332,-294.8854923052726,1613.511.sbml.csv,Vaginal Probiotic
4708,-2500.619786839782,21.315585264321083,1613.511.sbml.csv,Vaginal Probiotic
4709,-1372.21711089705,994.6096281141452,1613.511.sbml.csv,Vaginal Probiotic
4710,-1462.6147609789393,-1005.5887730730271,1613.511.sbml.csv,Vaginal Probiotic
4711,-914.3946065774742,212.20536290803878,1613.511.sbml.csv,Vaginal Probiotic
4712,-2205.395843773439,-472.5887222469118,1613.511.sbml.csv,Vaginal Probiotic
4713,-1867.3901610602734,-900.293940871911,1613.511.sbml.csv,Vaginal Probiotic
4714,-1745.7219344404887,-435.2090902302978,1613.511.sbml.csv,Vaginal Probiotic
4715,120.76179583399538,1314.878815153401,1613.511.sbml.csv,Vaginal Probiotic
4716,-2509.826822555425,-661.373857155516,1613.511.sbml.csv,Vaginal Probiotic
4717,-42.67514761172557,-594.3444049285957,1613.511.sbml.csv,Vaginal Probiotic
4718,-1726.231294455209,-1340.0341689629429,1613.511.sbml.csv,Vaginal Probiotic
4719,-2196.4866843257346,-694.0919730047854,1613.511.sbml.csv,Vaginal Probiotic
4720,-499.0966400155866,1614.0278369859116,1613.511.sbml.csv,Vaginal Probiotic
4721,-2368.58986928313,-273.6075781380695,1613.511.sbml.csv,Vaginal Probiotic
4722,-0.9808942741449067,-840.0986100155146,1613.511.sbml.csv,Vaginal Probiotic
4723,-1796.6902851099233,-402.1411258889813,1613.511.sbml.csv,Vaginal Probiotic
4724,-3103.6562454476,-1044.712492871031,1613.511.sbml.csv,Vaginal Probiotic
4725,-1836.0466558872542,164.05685959983813,1613.511.sbml.csv,Vaginal Probiotic
4726,-2548.0481605535797,1117.009528310314,1613.511.sbml.csv,Vaginal Probiotic
4727,-1250.7683528273683,742.7397446575368,1613.511.sbml.csv,Vaginal Probiotic
4728,-1082.7274070199023,-213.04924983643036,1613.511.sbml.csv,Vaginal Probiotic
4729,-1653.1942782024876,4.640276372629274,1613.511.sbml.csv,Vaginal Probiotic
4730,-3125.4711337406748,-139.6715885804965,1613.511.sbml.csv,Vaginal Probiotic
4731,-1888.2882588171979,-723.6525335795159,1613.511.sbml.csv,Vaginal Probiotic
4732,-1390.940829888686,-997.6909806878609,1613.511.sbml.csv,Vaginal Probiotic
4733,-2426.5558016261407,-109.19585901074306,1613.511.sbml.csv,Vaginal Probiotic
4734,-2367.5851010082233,-313.0875891819183,1613.511.sbml.csv,Vaginal Probiotic
4735,-1183.2660373378612,-890.2279862717717,1613.511.sbml.csv,Vaginal Probiotic
4736,-223.4473367610566,-980.3157229885005,1613.511.sbml.csv,Vaginal Probiotic
4737,-3689.1781148862083,-314.51152110243686,1613.511.sbml.csv,Vaginal Probiotic
4738,-2953.377445825636,-358.7800413733893,1613.511.sbml.csv,Vaginal Probiotic
4739,-696.0139725746367,-1.9478678949775226,1613.511.sbml.csv,Vaginal Probiotic
4740,-1842.6640670218085,-583.904091442717,1613.511.sbml.csv,Vaginal Probiotic
4741,-1278.026532543954,134.1825278916816,1613.511.sbml.csv,Vaginal Probiotic
4742,-751.0175053331641,829.6060541162716,1613.511.sbml.csv,Vaginal Probiotic
4743,-2092.8209562323545,67.26242117452959,1613.511.sbml.csv,Vaginal Probiotic
4744,-2120.9736356089984,-324.5093221723821,1613.511.sbml.csv,Vaginal Probiotic
4745,-915.3149961278467,1473.730674601419,1613.511.sbml.csv,Vaginal Probiotic
4746,-1767.1357564014131,79.2310449140992,1613.511.sbml.csv,Vaginal Probiotic
4747,-2005.4160961937557,16.596516904726517,1613.511.sbml.csv,Vaginal Probiotic
4748,-2155.728618438652,413.54781852767246,1613.511.sbml.csv,Vaginal Probiotic
4749,-3578.7520423246997,-697.6163917060408,1613.511.sbml.csv,Vaginal Probiotic
4750,54.693735222898965,96.79751696278105,1580.66.sbml.csv,Vaginal Probiotic
4751,-353.1064292112154,-68.03304350182378,1580.66.sbml.csv,Vaginal Probiotic
4752,-2231.259258286347,46.8902787640516,1580.66.sbml.csv,Vaginal Probiotic
4753,416.8240657592269,881.3394587113967,1580.66.sbml.csv,Vaginal Probiotic
4754,-1088.2808036702465,173.79856115535043,1580.66.sbml.csv,Vaginal Probiotic
4755,-529.3502678101806,342.6742124459268,1580.66.sbml.csv,Vaginal Probiotic
4756,-73.43393864604819,1160.3926006896343,1580.66.sbml.csv,Vaginal Probiotic
4757,-558.9467174514235,-8.180038708695257,1580.66.sbml.csv,Vaginal Probiotic
4758,-70.74193447324782,53.628282388768454,1580.66.sbml.csv,Vaginal Probiotic
4759,217.12193953621613,267.3586051434079,1580.66.sbml.csv,Vaginal Probiotic
4760,441.1771881902704,430.220312717151,1580.66.sbml.csv,Vaginal Probiotic
4761,-122.76296569087948,-293.04339511419596,1580.66.sbml.csv,Vaginal Probiotic
4762,-815.3468140210463,634.7373503404847,1580.66.sbml.csv,Vaginal Probiotic
4763,-314.41114888030717,804.3679027832038,1580.66.sbml.csv,Vaginal Probiotic
4764,-276.19653057422306,588.4236361313261,1580.66.sbml.csv,Vaginal Probiotic
4765,-171.20487819492223,947.4277431033192,1580.66.sbml.csv,Vaginal Probiotic
4766,-910.8437928062444,325.09628571882394,1580.66.sbml.csv,Vaginal Probiotic
4767,-881.4099397373278,-633.2050438219619,1580.66.sbml.csv,Vaginal Probiotic
4768,-293.258148722294,-288.60531410324876,1580.66.sbml.csv,Vaginal Probiotic
4769,-1023.292537538551,68.94528333706873,1580.66.sbml.csv,Vaginal Probiotic
4770,-417.7384145742398,-267.3802877918353,1580.66.sbml.csv,Vaginal Probiotic
4771,-575.5545785128201,-43.717473683652436,1580.66.sbml.csv,Vaginal Probiotic
4772,-1567.3845338487213,13.548113486373737,1580.66.sbml.csv,Vaginal Probiotic
4773,281.94520981772945,947.6979905503147,1580.66.sbml.csv,Vaginal Probiotic
4774,-657.9503058138777,10.193759963820384,1580.66.sbml.csv,Vaginal Probiotic
4775,137.61830143428872,415.89591561467824,1580.66.sbml.csv,Vaginal Probiotic
4776,-577.023440967786,464.932584389328,1580.66.sbml.csv,Vaginal Probiotic
4777,-1320.9752158112624,-637.704114593209,1580.66.sbml.csv,Vaginal Probiotic
4778,-532.3532999962982,628.3393759346537,1580.66.sbml.csv,Vaginal Probiotic
4779,-1504.7196554627515,851.249435052425,1580.66.sbml.csv,Vaginal Probiotic
4780,-12.159094714291918,966.968477159589,1580.66.sbml.csv,Vaginal Probiotic
4781,326.320453148024,844.3891579370655,1580.66.sbml.csv,Vaginal Probiotic
4782,231.87069981600106,-276.049156592604,1580.66.sbml.csv,Vaginal Probiotic
4783,398.94322430162026,381.49041357844135,1580.66.sbml.csv,Vaginal Probiotic
4784,-1156.146884339283,-208.34366092886913,1580.66.sbml.csv,Vaginal Probiotic
4785,43.52570819218556,560.2008023878573,1580.66.sbml.csv,Vaginal Probiotic
4786,161.97055851532025,1226.6817980614637,1580.66.sbml.csv,Vaginal Probiotic
4787,-1190.3719966539247,428.80609165505615,1580.66.sbml.csv,Vaginal Probiotic
4788,-1143.1299643374996,-337.28351828934717,1580.66.sbml.csv,Vaginal Probiotic
4789,-1346.7569302347456,-715.8326679067334,1580.66.sbml.csv,Vaginal Probiotic
4790,655.9034242909837,502.09183053296033,1580.66.sbml.csv,Vaginal Probiotic
4791,-813.3957290909987,-175.96142775877522,1580.66.sbml.csv,Vaginal Probiotic
4792,531.9302676148121,771.4694010741458,1580.66.sbml.csv,Vaginal Probiotic
4793,637.3789338671036,727.3281938348141,1580.66.sbml.csv,Vaginal Probiotic
4794,-238.2950836013901,-128.67589831773418,1580.66.sbml.csv,Vaginal Probiotic
4795,-13.859571102173803,540.564619503247,1580.66.sbml.csv,Vaginal Probiotic
4796,-967.7070810720243,36.361890093327766,1580.66.sbml.csv,Vaginal Probiotic
4797,-422.40528026645484,-125.28579715678835,1580.66.sbml.csv,Vaginal Probiotic
4798,-30.426423623453015,-84.55267861792387,1580.66.sbml.csv,Vaginal Probiotic
4799,60.477953165571584,1072.675394693157,1580.66.sbml.csv,Vaginal Probiotic
4800,-702.4819301493453,248.92287176541817,1580.66.sbml.csv,Vaginal Probiotic
4801,-1484.4543963494334,-615.2726549203823,1580.66.sbml.csv,Vaginal Probiotic
4802,-243.28046951172874,531.7500919768,1580.66.sbml.csv,Vaginal Probiotic
4803,-1245.5223366273576,-172.4868983776007,1580.66.sbml.csv,Vaginal Probiotic
4804,-654.3793423486753,-95.32434404077753,1580.66.sbml.csv,Vaginal Probiotic
4805,-626.7550579257888,-712.3873086215677,1580.66.sbml.csv,Vaginal Probiotic
4806,-289.17454888884265,532.1669489431923,1580.66.sbml.csv,Vaginal Probiotic
4807,-1020.2182672256346,1242.1949224483328,1580.66.sbml.csv,Vaginal Probiotic
4808,-1165.7139063884817,-554.0718790205957,1580.66.sbml.csv,Vaginal Probiotic
4809,-723.8624694973469,475.25163600532426,1580.66.sbml.csv,Vaginal Probiotic
4810,-333.85109838899075,709.6417418149347,1580.66.sbml.csv,Vaginal Probiotic
4811,355.20423123889924,-53.1418259396839,1580.66.sbml.csv,Vaginal Probiotic
4812,321.6923671416509,261.998352571782,1580.66.sbml.csv,Vaginal Probiotic
4813,331.9540980148669,-87.47558867119538,1580.66.sbml.csv,Vaginal Probiotic
4814,-618.0389801868482,-90.02442446078848,1580.66.sbml.csv,Vaginal Probiotic
4815,-582.2773713156499,353.6620931465521,1580.66.sbml.csv,Vaginal Probiotic
4816,27.764589663703497,743.3032159911836,1580.66.sbml.csv,Vaginal Probiotic
4817,-360.39166595747736,-71.84757883466311,1580.66.sbml.csv,Vaginal Probiotic
4818,-2239.295860989129,227.73468442408756,1580.66.sbml.csv,Vaginal Probiotic
4819,-246.8392581358703,-81.4566878373832,1580.66.sbml.csv,Vaginal Probiotic
4820,533.371381083996,283.0514983106519,1580.66.sbml.csv,Vaginal Probiotic
4821,-497.45401149859316,1002.5234051868749,1580.66.sbml.csv,Vaginal Probiotic
4822,-708.5330140875885,360.96864289853886,1580.66.sbml.csv,Vaginal Probiotic
4823,-1973.0085398981514,699.2002552564901,1580.66.sbml.csv,Vaginal Probiotic
4824,675.9391684264787,-80.72454725456832,1580.66.sbml.csv,Vaginal Probiotic
4825,-1139.4729272906577,805.6520421955901,1580.66.sbml.csv,Vaginal Probiotic
4826,-1471.3596975617756,-236.233153198587,1580.66.sbml.csv,Vaginal Probiotic
4827,-478.13786502286194,-156.57721915381987,1580.66.sbml.csv,Vaginal Probiotic
4828,-749.6988713612444,296.6934968137976,1580.66.sbml.csv,Vaginal Probiotic
4829,-534.2702864704925,154.81554476804118,1580.66.sbml.csv,Vaginal Probiotic
4830,-37.32578974943093,-340.8156205978016,1580.66.sbml.csv,Vaginal Probiotic
4831,-69.23916401712066,123.07834192579753,1580.66.sbml.csv,Vaginal Probiotic
4832,95.27537045354138,66.64323470042581,1580.66.sbml.csv,Vaginal Probiotic
4833,-1005.567694647826,1230.2361550006488,1580.66.sbml.csv,Vaginal Probiotic
4834,-705.0279417662031,463.70746909458956,1580.66.sbml.csv,Vaginal Probiotic
4835,-659.3336433599561,-654.0487777668285,1580.66.sbml.csv,Vaginal Probiotic
4836,-142.7291865107833,638.1673695344012,1580.66.sbml.csv,Vaginal Probiotic
4837,-766.6960567914948,-264.6108720405904,1580.66.sbml.csv,Vaginal Probiotic
4838,-1501.602039173993,202.46802376429358,1580.66.sbml.csv,Vaginal Probiotic
4839,300.92744063331077,997.7228440109217,1580.66.sbml.csv,Vaginal Probiotic
4840,-174.22312591147934,-188.06499030042136,1580.66.sbml.csv,Vaginal Probiotic
4841,61.09496029470488,292.30034875665456,1580.66.sbml.csv,Vaginal Probiotic
4842,-575.1457705605915,221.6965748306204,1580.66.sbml.csv,Vaginal Probiotic
4843,-1644.2463959698782,211.40694092039385,1580.66.sbml.csv,Vaginal Probiotic
4844,-211.6173876984434,235.0518906889582,1580.66.sbml.csv,Vaginal Probiotic
4845,-1093.4646628436417,339.2071741657788,1580.66.sbml.csv,Vaginal Probiotic
4846,-411.9807241861048,-130.2846923070275,1580.66.sbml.csv,Vaginal Probiotic
4847,-161.73186091295224,458.24760700678235,1580.66.sbml.csv,Vaginal Probiotic
4848,-1149.037877610125,-183.8222042123426,1580.66.sbml.csv,Vaginal Probiotic
4849,-911.4097769261181,773.7843655863054,1580.66.sbml.csv,Vaginal Probiotic
4850,343.3275648797717,760.0736123312854,1580.66.sbml.csv,Vaginal Probiotic
4851,-1177.3930368172673,187.07629572892398,1580.66.sbml.csv,Vaginal Probiotic
4852,85.57193117376904,574.6784040879506,1580.66.sbml.csv,Vaginal Probiotic
4853,114.15242309464891,158.20438889899938,1580.66.sbml.csv,Vaginal Probiotic
4854,411.6532078696248,-246.77480185241615,1580.66.sbml.csv,Vaginal Probiotic
4855,418.2049725556573,177.31254362729197,1580.66.sbml.csv,Vaginal Probiotic
4856,-982.6349211974656,148.84760499697578,1580.66.sbml.csv,Vaginal Probiotic
4857,-864.4891996902154,-609.0219949927002,1580.66.sbml.csv,Vaginal Probiotic
4858,-367.39011961953645,159.57132985612859,1580.66.sbml.csv,Vaginal Probiotic
4859,-1950.4125941953541,877.8336194166324,1580.66.sbml.csv,Vaginal Probiotic
4860,-534.1603104687279,-399.0560902097448,1580.66.sbml.csv,Vaginal Probiotic
4861,-1111.0475986143015,1616.3732357709769,1580.66.sbml.csv,Vaginal Probiotic
4862,681.5282177746176,147.47266263309535,1580.66.sbml.csv,Vaginal Probiotic
4863,-711.2175265363877,-514.7141808263129,1580.66.sbml.csv,Vaginal Probiotic
4864,-778.2130956595314,782.6055124687888,1580.66.sbml.csv,Vaginal Probiotic
4865,865.0089851690693,55.183729090424904,1580.66.sbml.csv,Vaginal Probiotic
4866,-198.07345297006202,430.54934873952595,1580.66.sbml.csv,Vaginal Probiotic
4867,677.5076141991502,-173.8500701086024,1580.66.sbml.csv,Vaginal Probiotic
4868,-1005.3017632987118,577.8776669752714,1580.66.sbml.csv,Vaginal Probiotic
4869,297.0319402622722,-1.9016153916432448,1580.66.sbml.csv,Vaginal Probiotic
4870,-203.66551169853503,938.0074375382477,1580.66.sbml.csv,Vaginal Probiotic
4871,-1281.894157905475,410.5571176243405,1580.66.sbml.csv,Vaginal Probiotic
4872,-758.6497631974545,361.51170339949755,1580.66.sbml.csv,Vaginal Probiotic
4873,451.539838255427,-306.5508894932636,1580.66.sbml.csv,Vaginal Probiotic
4874,-306.12097965848847,-243.6800397884228,1580.66.sbml.csv,Vaginal Probiotic
4875,-535.735764858537,205.51154107413478,1580.66.sbml.csv,Vaginal Probiotic
4876,-1496.8129920233514,-121.84820453037024,1580.66.sbml.csv,Vaginal Probiotic
4877,-767.7112666211792,-319.9667027050416,1580.66.sbml.csv,Vaginal Probiotic
4878,261.36651977807486,350.5873788913504,1580.66.sbml.csv,Vaginal Probiotic
4879,-685.3298685780217,-514.4028949532147,1580.66.sbml.csv,Vaginal Probiotic
4880,317.3237715657605,1080.2981553441257,1580.66.sbml.csv,Vaginal Probiotic
4881,-423.2014230592386,367.5964979920268,1580.66.sbml.csv,Vaginal Probiotic
4882,-616.5801961468062,-528.4159454172759,1580.66.sbml.csv,Vaginal Probiotic
4883,131.28326480258042,428.48664858856625,1580.66.sbml.csv,Vaginal Probiotic
4884,-283.2977180568374,399.8831696086516,1580.66.sbml.csv,Vaginal Probiotic
4885,-981.4190136634987,180.73511365476156,1580.66.sbml.csv,Vaginal Probiotic
4886,143.319561330391,77.96654704723765,1580.66.sbml.csv,Vaginal Probiotic
4887,-1075.7135140720839,690.7777954617912,1580.66.sbml.csv,Vaginal Probiotic
4888,351.23572634880463,9.522600224235784,1580.66.sbml.csv,Vaginal Probiotic
4889,-426.012121221984,22.70662696924671,1580.66.sbml.csv,Vaginal Probiotic
4890,-1509.9343565115853,432.36584737713423,1580.66.sbml.csv,Vaginal Probiotic
4891,-40.83484247804012,-564.4258351525482,1580.66.sbml.csv,Vaginal Probiotic
4892,130.16230975900547,759.9733588989278,1580.66.sbml.csv,Vaginal Probiotic
4893,623.7107462930732,1270.2101929983767,1580.66.sbml.csv,Vaginal Probiotic
4894,40.228897534991226,-269.3804064560048,1580.66.sbml.csv,Vaginal Probiotic
4895,130.09100807886838,784.5066330533862,1580.66.sbml.csv,Vaginal Probiotic
4896,-706.6197512620532,541.440318668529,1580.66.sbml.csv,Vaginal Probiotic
4897,-673.857654624601,86.54059867505197,1580.66.sbml.csv,Vaginal Probiotic
4898,-26.07392450336178,369.6482401589163,1580.66.sbml.csv,Vaginal Probiotic
4899,-614.8642004632871,-416.5894671669171,1580.66.sbml.csv,Vaginal Probiotic
4900,-940.4830730523586,-59.836000413226074,1580.66.sbml.csv,Vaginal Probiotic
4901,188.2492864700714,-113.02110572232576,1580.66.sbml.csv,Vaginal Probiotic
4902,-75.86350717217981,730.3192711880118,1580.66.sbml.csv,Vaginal Probiotic
4903,44.33561668528316,174.33900440192042,1580.66.sbml.csv,Vaginal Probiotic
4904,-487.89771358185124,-72.84523292663128,1580.66.sbml.csv,Vaginal Probiotic
4905,163.98352715281942,437.9578564084108,1580.66.sbml.csv,Vaginal Probiotic
4906,262.3208750634168,1.6425380673527807,1580.66.sbml.csv,Vaginal Probiotic
4907,-483.80294614037985,567.2224072705193,1580.66.sbml.csv,Vaginal Probiotic
4908,-870.5081683936024,318.3440142080574,1580.66.sbml.csv,Vaginal Probiotic
4909,-1132.9819228067993,347.2219862339418,1580.66.sbml.csv,Vaginal Probiotic
4910,-19.001249027645873,-561.4248469913426,1580.66.sbml.csv,Vaginal Probiotic
4911,-816.5737146962778,669.7976805311374,1580.66.sbml.csv,Vaginal Probiotic
4912,-507.82022455300313,98.69894575978354,1580.66.sbml.csv,Vaginal Probiotic
4913,-418.9225765762936,591.0935486549907,1580.66.sbml.csv,Vaginal Probiotic
4914,-1321.0436064008,-74.83428275714121,1580.66.sbml.csv,Vaginal Probiotic
4915,-743.668821140913,592.410389082385,1580.66.sbml.csv,Vaginal Probiotic
4916,52.37610881700649,-867.6217990825373,1580.66.sbml.csv,Vaginal Probiotic
4917,-549.6729455117834,312.9877277690192,1580.66.sbml.csv,Vaginal Probiotic
4918,-440.2281162187054,-343.5769293859207,1580.66.sbml.csv,Vaginal Probiotic
4919,503.09085748058294,351.6204604298827,1580.66.sbml.csv,Vaginal Probiotic
4920,-969.4320092608399,554.3510386998694,1580.66.sbml.csv,Vaginal Probiotic
4921,-435.16527742893516,857.7241448018239,1580.66.sbml.csv,Vaginal Probiotic
4922,19.53185455585908,114.24377320628098,1580.66.sbml.csv,Vaginal Probiotic
4923,-966.4365727022544,-610.8776998178048,1580.66.sbml.csv,Vaginal Probiotic
4924,-98.6692269894089,87.56047592146591,1580.66.sbml.csv,Vaginal Probiotic
4925,-1326.40456790407,-25.208266169842776,1580.66.sbml.csv,Vaginal Probiotic
4926,165.80071978042074,129.2461658508089,1580.66.sbml.csv,Vaginal Probiotic
4927,-17.17350830743042,-129.96545404943512,1580.66.sbml.csv,Vaginal Probiotic
4928,-699.6539138756791,589.1242851345208,1580.66.sbml.csv,Vaginal Probiotic
4929,196.70725378020785,1828.4236755936283,1580.66.sbml.csv,Vaginal Probiotic
4930,-495.0832396985582,434.22349621142774,1580.66.sbml.csv,Vaginal Probiotic
4931,515.7177858217733,-10.085645843210214,1580.66.sbml.csv,Vaginal Probiotic
4932,27.587746721452262,550.2025551081784,1580.66.sbml.csv,Vaginal Probiotic
4933,-270.1124228873946,394.06766413528715,1580.66.sbml.csv,Vaginal Probiotic
4934,-1201.4926747399575,817.1059638422995,1580.66.sbml.csv,Vaginal Probiotic
4935,-408.59332486720757,174.30575864930086,1580.66.sbml.csv,Vaginal Probiotic
4936,-1578.8111135879801,759.5914027337269,1580.66.sbml.csv,Vaginal Probiotic
4937,-142.6357727586866,22.2512331315154,1580.66.sbml.csv,Vaginal Probiotic
4938,-677.9279007365419,36.08414994744784,1580.66.sbml.csv,Vaginal Probiotic
4939,-228.33910414045647,298.48297520824684,1580.66.sbml.csv,Vaginal Probiotic
4940,365.6533880576188,-1247.933992418827,1580.66.sbml.csv,Vaginal Probiotic
4941,290.5537515569264,763.3786742493928,1580.66.sbml.csv,Vaginal Probiotic
4942,30.07215556131552,265.8745224808275,1580.66.sbml.csv,Vaginal Probiotic
4943,-980.6774891201635,476.8601508923561,1580.66.sbml.csv,Vaginal Probiotic
4944,262.90338456420795,481.47552219683774,1580.66.sbml.csv,Vaginal Probiotic
4945,-700.2544115444235,923.6044181883269,1580.66.sbml.csv,Vaginal Probiotic
4946,-833.8961770916208,309.9593170135683,1580.66.sbml.csv,Vaginal Probiotic
4947,-1144.6916173503455,154.76327381715606,1580.66.sbml.csv,Vaginal Probiotic
4948,-727.2805164299393,147.49453757165122,1580.66.sbml.csv,Vaginal Probiotic
4949,-888.0945900327997,457.73808270368613,1580.66.sbml.csv,Vaginal Probiotic
4950,-1452.2240749830994,790.2719359798651,1580.66.sbml.csv,Vaginal Probiotic
4951,-53.85897805380641,502.6499299478595,1580.66.sbml.csv,Vaginal Probiotic
4952,-15.77362960386047,221.5394671629349,1580.66.sbml.csv,Vaginal Probiotic
4953,697.4501050294225,361.0116767433434,1580.66.sbml.csv,Vaginal Probiotic
4954,-44.81168218826111,932.5490748307473,1580.66.sbml.csv,Vaginal Probiotic
4955,-269.8451003900978,232.9266828020646,1580.66.sbml.csv,Vaginal Probiotic
4956,170.33634281314042,-238.4133165427908,1580.66.sbml.csv,Vaginal Probiotic
4957,-1597.3245876093904,266.2918065583384,1580.66.sbml.csv,Vaginal Probiotic
4958,-342.36410648506995,464.85669454025754,1580.66.sbml.csv,Vaginal Probiotic
4959,-1125.361294020321,-252.9390704556078,1580.66.sbml.csv,Vaginal Probiotic
4960,-58.27260698886566,-341.3511330370657,1580.66.sbml.csv,Vaginal Probiotic
4961,602.0313746035066,-33.134148569273506,1580.66.sbml.csv,Vaginal Probiotic
4962,-438.6610621094407,240.4563889918204,1580.66.sbml.csv,Vaginal Probiotic
4963,-203.13371224762727,-68.85664733550497,1580.66.sbml.csv,Vaginal Probiotic
4964,168.24569914004294,-204.46655640937928,1580.66.sbml.csv,Vaginal Probiotic
4965,-753.4156034503851,2.236865668013596,1580.66.sbml.csv,Vaginal Probiotic
4966,-597.9301734738972,68.15371007614038,1580.66.sbml.csv,Vaginal Probiotic
4967,228.04068607018175,26.88251833618297,1580.66.sbml.csv,Vaginal Probiotic
4968,-657.9770524792459,645.752458871653,1580.66.sbml.csv,Vaginal Probiotic
4969,-104.60521611703363,776.7790926082735,1580.66.sbml.csv,Vaginal Probiotic
4970,-813.8529620067127,1086.3336561718625,1580.66.sbml.csv,Vaginal Probiotic
4971,-59.047284284725976,680.4036787842349,1580.66.sbml.csv,Vaginal Probiotic
4972,-1023.2122977175242,1103.6809880956803,1580.66.sbml.csv,Vaginal Probiotic
4973,-861.1630772326913,1555.6998589254836,1580.66.sbml.csv,Vaginal Probiotic
4974,-1339.1592614221636,-0.17731001595816281,1580.66.sbml.csv,Vaginal Probiotic
4975,-96.42060293246293,211.43006651884426,1580.66.sbml.csv,Vaginal Probiotic
4976,-91.9194316261558,29.267811903803295,1580.66.sbml.csv,Vaginal Probiotic
4977,-69.82762868465174,42.78685621405699,1580.66.sbml.csv,Vaginal Probiotic
4978,445.680123891695,225.51118464967163,1580.66.sbml.csv,Vaginal Probiotic
4979,28.278121483946222,558.7173135699028,1580.66.sbml.csv,Vaginal Probiotic
4980,604.2182000526143,2155.747022668784,1580.66.sbml.csv,Vaginal Probiotic
4981,-1361.6685928279937,-45.5821529900016,1580.66.sbml.csv,Vaginal Probiotic
4982,-662.236869703984,209.8735458430456,1580.66.sbml.csv,Vaginal Probiotic
4983,1.4885978699908864,-543.4435536084688,1580.66.sbml.csv,Vaginal Probiotic
4984,-2133.982689399789,489.0374395015542,1580.66.sbml.csv,Vaginal Probiotic
4985,583.4850746937032,229.17571825993696,1580.66.sbml.csv,Vaginal Probiotic
4986,-247.70110259937752,681.6138403873866,1580.66.sbml.csv,Vaginal Probiotic
4987,-135.22763145149116,-1110.2321448242074,1580.66.sbml.csv,Vaginal Probiotic
4988,670.1791695647021,1094.0567986653446,1580.66.sbml.csv,Vaginal Probiotic
4989,-641.8367511097191,419.4493516586652,1580.66.sbml.csv,Vaginal Probiotic
4990,533.6981418377854,-524.347364744983,1580.66.sbml.csv,Vaginal Probiotic
4991,-1786.2494572729922,-41.34587187017445,1580.66.sbml.csv,Vaginal Probiotic
4992,354.88629677330647,43.029998286116204,1580.66.sbml.csv,Vaginal Probiotic
4993,-393.9764982174756,503.00272833653094,1580.66.sbml.csv,Vaginal Probiotic
4994,30.157010581326375,-255.64029679991958,1580.66.sbml.csv,Vaginal Probiotic
4995,398.3328923062256,480.9399456073806,1580.66.sbml.csv,Vaginal Probiotic
4996,329.33115992733036,152.4744811259712,1580.66.sbml.csv,Vaginal Probiotic
4997,-462.7095188330037,-602.4005165626302,1580.66.sbml.csv,Vaginal Probiotic
4998,-423.05664082834994,1117.021439255725,1580.66.sbml.csv,Vaginal Probiotic
4999,7.150599050226922,505.94725924296097,1580.66.sbml.csv,Vaginal Probiotic
5000,136.55186407967838,458.6458651715097,784613.4.sbml.csv,Vaginal Probiotic
5001,-400.20516565413953,818.8306404323253,784613.4.sbml.csv,Vaginal Probiotic
5002,1046.99740588149,-516.1951904580702,784613.4.sbml.csv,Vaginal Probiotic
5003,1171.6510379524857,1136.242415244359,784613.4.sbml.csv,Vaginal Probiotic
5004,387.7275624581266,1433.4178918765665,784613.4.sbml.csv,Vaginal Probiotic
5005,-393.7020976027401,306.4428430161321,784613.4.sbml.csv,Vaginal Probiotic
5006,570.246492804266,647.1564156708804,784613.4.sbml.csv,Vaginal Probiotic
5007,-572.6018970764635,388.198532331934,784613.4.sbml.csv,Vaginal Probiotic
5008,256.5811177647199,-81.09662677395097,784613.4.sbml.csv,Vaginal Probiotic
5009,709.5024028477054,2017.1803223345203,784613.4.sbml.csv,Vaginal Probiotic
5010,-672.822228536547,-570.2085318650243,784613.4.sbml.csv,Vaginal Probiotic
5011,-104.02139324063252,2208.1821938830217,784613.4.sbml.csv,Vaginal Probiotic
5012,342.0138197636512,2418.9578473878955,784613.4.sbml.csv,Vaginal Probiotic
5013,817.4285525102314,1000.3158316998899,784613.4.sbml.csv,Vaginal Probiotic
5014,374.87323994357763,112.73348302871307,784613.4.sbml.csv,Vaginal Probiotic
5015,-316.4969489866088,759.4345701954092,784613.4.sbml.csv,Vaginal Probiotic
5016,-1085.357617980974,1295.610645127079,784613.4.sbml.csv,Vaginal Probiotic
5017,-589.266198096639,547.8745810287709,784613.4.sbml.csv,Vaginal Probiotic
5018,1524.565436829184,-196.90244834164199,784613.4.sbml.csv,Vaginal Probiotic
5019,481.296011287824,541.5902296258954,784613.4.sbml.csv,Vaginal Probiotic
5020,-112.64980249304695,157.39519043152612,784613.4.sbml.csv,Vaginal Probiotic
5021,-445.1730972758033,1653.1646935015979,784613.4.sbml.csv,Vaginal Probiotic
5022,231.1548413788225,972.1875392609869,784613.4.sbml.csv,Vaginal Probiotic
5023,121.25207515093312,1471.2725431008369,784613.4.sbml.csv,Vaginal Probiotic
5024,-527.066243647782,452.47527674691923,784613.4.sbml.csv,Vaginal Probiotic
5025,816.0621154937154,736.4567232634537,784613.4.sbml.csv,Vaginal Probiotic
5026,455.38638119033226,-262.82711085428986,784613.4.sbml.csv,Vaginal Probiotic
5027,667.9789667591873,128.44686173337848,784613.4.sbml.csv,Vaginal Probiotic
5028,-1287.648585403337,1947.111534067888,784613.4.sbml.csv,Vaginal Probiotic
5029,1339.1765586850865,787.1002302860528,784613.4.sbml.csv,Vaginal Probiotic
5030,291.48171452463674,785.8938939120583,784613.4.sbml.csv,Vaginal Probiotic
5031,230.7489768951258,605.2015686600832,784613.4.sbml.csv,Vaginal Probiotic
5032,-1382.5489860244888,1471.1953537246447,784613.4.sbml.csv,Vaginal Probiotic
5033,611.5815059526929,411.01920212564227,784613.4.sbml.csv,Vaginal Probiotic
5034,1139.7203007905914,826.2992542122334,784613.4.sbml.csv,Vaginal Probiotic
5035,1308.3587256072428,320.29432454799854,784613.4.sbml.csv,Vaginal Probiotic
5036,-253.03994687327688,1150.6082254143405,784613.4.sbml.csv,Vaginal Probiotic
5037,533.5455021078224,1005.8798969814235,784613.4.sbml.csv,Vaginal Probiotic
5038,-110.60158428911497,-732.9180218616717,784613.4.sbml.csv,Vaginal Probiotic
5039,-1289.269540852556,1039.7301101062385,784613.4.sbml.csv,Vaginal Probiotic
5040,-786.3811736225992,401.7920454960364,784613.4.sbml.csv,Vaginal Probiotic
5041,1506.739882758511,-210.01056955412545,784613.4.sbml.csv,Vaginal Probiotic
5042,227.10965208364482,893.1993366247832,784613.4.sbml.csv,Vaginal Probiotic
5043,1335.0882345111188,-231.66989309779973,784613.4.sbml.csv,Vaginal Probiotic
5044,77.03660557362936,313.4024213280238,784613.4.sbml.csv,Vaginal Probiotic
5045,-126.72282381551157,271.9154325462369,784613.4.sbml.csv,Vaginal Probiotic
5046,-402.2295923549017,-280.98745111124606,784613.4.sbml.csv,Vaginal Probiotic
5047,-645.1007215433965,-1564.6658386593992,784613.4.sbml.csv,Vaginal Probiotic
5048,-809.022612648762,1006.2474506894395,784613.4.sbml.csv,Vaginal Probiotic
5049,-716.8383645305562,1696.7289780363187,784613.4.sbml.csv,Vaginal Probiotic
5050,379.8072937996021,841.3657849597671,784613.4.sbml.csv,Vaginal Probiotic
5051,-1710.3770742889672,1032.476700545855,784613.4.sbml.csv,Vaginal Probiotic
5052,1049.1939128678682,16.07405754957295,784613.4.sbml.csv,Vaginal Probiotic
5053,283.644169147714,-138.56441819302472,784613.4.sbml.csv,Vaginal Probiotic
5054,754.502853155012,393.8024988697891,784613.4.sbml.csv,Vaginal Probiotic
5055,1089.6573894544001,443.2865513337677,784613.4.sbml.csv,Vaginal Probiotic
5056,-1382.3573514341056,169.24115057853072,784613.4.sbml.csv,Vaginal Probiotic
5057,160.62328278317577,-288.1805355450537,784613.4.sbml.csv,Vaginal Probiotic
5058,1450.1081803115203,555.2278425217321,784613.4.sbml.csv,Vaginal Probiotic
5059,418.03247810115386,1148.6554718636905,784613.4.sbml.csv,Vaginal Probiotic
5060,-441.6286329085736,1395.1269460309638,784613.4.sbml.csv,Vaginal Probiotic
5061,-1690.411644563883,422.172909084368,784613.4.sbml.csv,Vaginal Probiotic
5062,-1588.378379003254,1385.4265897281584,784613.4.sbml.csv,Vaginal Probiotic
5063,-528.7711923693028,726.993248401282,784613.4.sbml.csv,Vaginal Probiotic
5064,581.1959116712814,49.87591134779822,784613.4.sbml.csv,Vaginal Probiotic
5065,-716.863196938397,1625.7552573685937,784613.4.sbml.csv,Vaginal Probiotic
5066,367.8233706743156,412.4232856072364,784613.4.sbml.csv,Vaginal Probiotic
5067,-620.456940401194,-8.32016252697071,784613.4.sbml.csv,Vaginal Probiotic
5068,1183.078640171648,141.71624356958213,784613.4.sbml.csv,Vaginal Probiotic
5069,-508.9996278023718,2021.3171547064,784613.4.sbml.csv,Vaginal Probiotic
5070,108.0859222679352,709.7187725275003,784613.4.sbml.csv,Vaginal Probiotic
5071,398.8286646372314,1212.9795116608243,784613.4.sbml.csv,Vaginal Probiotic
5072,-623.7513021250387,1623.4225258499052,784613.4.sbml.csv,Vaginal Probiotic
5073,-580.3828750608448,-364.02468689128733,784613.4.sbml.csv,Vaginal Probiotic
5074,-1032.6782981196884,107.80990143050565,784613.4.sbml.csv,Vaginal Probiotic
5075,-382.49955050952224,-237.11421749861077,784613.4.sbml.csv,Vaginal Probiotic
5076,-785.5375065930805,876.3714468537985,784613.4.sbml.csv,Vaginal Probiotic
5077,-931.7736680373539,-88.46348004662696,784613.4.sbml.csv,Vaginal Probiotic
5078,295.0407439454688,-28.13951762322051,784613.4.sbml.csv,Vaginal Probiotic
5079,-33.00994704743052,1595.2847048067288,784613.4.sbml.csv,Vaginal Probiotic
5080,-98.04612761628603,-289.1884027421947,784613.4.sbml.csv,Vaginal Probiotic
5081,-844.1463117649229,1687.0178663486417,784613.4.sbml.csv,Vaginal Probiotic
5082,1847.4711757484836,59.68840239987472,784613.4.sbml.csv,Vaginal Probiotic
5083,-301.6666331749847,1946.9248202173467,784613.4.sbml.csv,Vaginal Probiotic
5084,-352.6349910057864,2033.4172313826675,784613.4.sbml.csv,Vaginal Probiotic
5085,-987.108912251728,-716.0270751327389,784613.4.sbml.csv,Vaginal Probiotic
5086,-1830.1260913753933,-53.203462726329896,784613.4.sbml.csv,Vaginal Probiotic
5087,-43.48139008987164,1187.5963636382062,784613.4.sbml.csv,Vaginal Probiotic
5088,1341.0659272374023,170.01969810686435,784613.4.sbml.csv,Vaginal Probiotic
5089,-8.820721163313195,908.9556581670913,784613.4.sbml.csv,Vaginal Probiotic
5090,1702.9578584300125,552.814566196107,784613.4.sbml.csv,Vaginal Probiotic
5091,882.7250461658828,481.79970417172007,784613.4.sbml.csv,Vaginal Probiotic
5092,-930.0977250663417,1150.5523741335296,784613.4.sbml.csv,Vaginal Probiotic
5093,-287.77494798813007,933.9226690255091,784613.4.sbml.csv,Vaginal Probiotic
5094,1114.466479352727,604.5744138734511,784613.4.sbml.csv,Vaginal Probiotic
5095,161.74764505185027,450.1953648879047,784613.4.sbml.csv,Vaginal Probiotic
5096,252.9325485423943,-189.94515251345817,784613.4.sbml.csv,Vaginal Probiotic
5097,178.07165975583828,855.6867837742109,784613.4.sbml.csv,Vaginal Probiotic
5098,-176.82791232606974,1149.5853260690553,784613.4.sbml.csv,Vaginal Probiotic
5099,1354.6970848671474,273.78026361012394,784613.4.sbml.csv,Vaginal Probiotic
5100,761.718493633606,-225.54887864374965,784613.4.sbml.csv,Vaginal Probiotic
5101,25.027743159997303,2451.9644172538688,784613.4.sbml.csv,Vaginal Probiotic
5102,538.5506971792684,162.5349165471729,784613.4.sbml.csv,Vaginal Probiotic
5103,-213.27472105590655,795.1885171334396,784613.4.sbml.csv,Vaginal Probiotic
5104,7.342775711051053,1596.1719678501277,784613.4.sbml.csv,Vaginal Probiotic
5105,207.65096921876025,627.0237877002958,784613.4.sbml.csv,Vaginal Probiotic
5106,-903.6994498563032,1549.2496962232542,784613.4.sbml.csv,Vaginal Probiotic
5107,432.9527867755141,-465.83974775781286,784613.4.sbml.csv,Vaginal Probiotic
5108,104.7074589776618,-348.1635195944394,784613.4.sbml.csv,Vaginal Probiotic
5109,910.459932884431,-362.56716716878907,784613.4.sbml.csv,Vaginal Probiotic
5110,45.31563616429863,227.22744388926614,784613.4.sbml.csv,Vaginal Probiotic
5111,1066.0689155839407,962.5104420502223,784613.4.sbml.csv,Vaginal Probiotic
5112,-538.6665865848316,682.9023697897585,784613.4.sbml.csv,Vaginal Probiotic
5113,-532.1554927557881,-475.3226652972063,784613.4.sbml.csv,Vaginal Probiotic
5114,313.8611528280734,808.3967714330641,784613.4.sbml.csv,Vaginal Probiotic
5115,-577.6706612280003,144.0766119540441,784613.4.sbml.csv,Vaginal Probiotic
5116,-2961.2119699397704,1250.1445352935364,784613.4.sbml.csv,Vaginal Probiotic
5117,919.5611928546379,469.7263124718154,784613.4.sbml.csv,Vaginal Probiotic
5118,-123.40642095763313,-19.09748405069372,784613.4.sbml.csv,Vaginal Probiotic
5119,233.8043199108605,-163.13705281830698,784613.4.sbml.csv,Vaginal Probiotic
5120,150.06072370871408,1282.347895569524,784613.4.sbml.csv,Vaginal Probiotic
5121,-61.64037201554645,-718.9943950062833,784613.4.sbml.csv,Vaginal Probiotic
5122,-779.8478846787148,2571.359936976703,784613.4.sbml.csv,Vaginal Probiotic
5123,120.5936717845962,2116.81765916801,784613.4.sbml.csv,Vaginal Probiotic
5124,1006.1261036370477,-295.90530504380746,784613.4.sbml.csv,Vaginal Probiotic
5125,488.6611254030586,1618.35573652842,784613.4.sbml.csv,Vaginal Probiotic
5126,-260.08267626893917,48.28177618242458,784613.4.sbml.csv,Vaginal Probiotic
5127,-541.4488723100717,1407.3248713425212,784613.4.sbml.csv,Vaginal Probiotic
5128,-540.7715727795561,1459.0413587814392,784613.4.sbml.csv,Vaginal Probiotic
5129,487.592604304926,1403.2622089562813,784613.4.sbml.csv,Vaginal Probiotic
5130,-1513.7985116734892,545.4952697176391,784613.4.sbml.csv,Vaginal Probiotic
5131,-1029.0410713393671,869.109276856504,784613.4.sbml.csv,Vaginal Probiotic
5132,-973.5031473660142,1027.0413108761963,784613.4.sbml.csv,Vaginal Probiotic
5133,-870.1763525596598,1400.6120689540617,784613.4.sbml.csv,Vaginal Probiotic
5134,-522.1358477520398,1319.5451435970147,784613.4.sbml.csv,Vaginal Probiotic
5135,-1241.3118311032492,1118.7580690791428,784613.4.sbml.csv,Vaginal Probiotic
5136,-1128.4727070325073,300.4524480602346,784613.4.sbml.csv,Vaginal Probiotic
5137,1080.9114678153296,313.39409817930124,784613.4.sbml.csv,Vaginal Probiotic
5138,1310.7721688910763,546.3032314883335,784613.4.sbml.csv,Vaginal Probiotic
5139,1250.1123780624046,234.59338582380644,784613.4.sbml.csv,Vaginal Probiotic
5140,1250.9100277340572,-399.82187081579934,784613.4.sbml.csv,Vaginal Probiotic
5141,-1272.5496269706653,713.9281023139677,784613.4.sbml.csv,Vaginal Probiotic
5142,-317.047536101665,1423.091217799767,784613.4.sbml.csv,Vaginal Probiotic
5143,266.147382638689,615.3878153025165,784613.4.sbml.csv,Vaginal Probiotic
5144,-35.02615182468601,929.7856953135082,784613.4.sbml.csv,Vaginal Probiotic
5145,-1203.0529092353042,-960.3431689285497,784613.4.sbml.csv,Vaginal Probiotic
5146,365.2992790283263,1596.661769880647,784613.4.sbml.csv,Vaginal Probiotic
5147,333.5785486522087,34.58844483225438,784613.4.sbml.csv,Vaginal Probiotic
5148,-1011.779554463699,-535.0143070255373,784613.4.sbml.csv,Vaginal Probiotic
5149,548.8506114752961,627.1047477633098,784613.4.sbml.csv,Vaginal Probiotic
5150,952.5584423066022,581.8196477034528,784613.4.sbml.csv,Vaginal Probiotic
5151,-73.34823929493085,223.8080668702069,784613.4.sbml.csv,Vaginal Probiotic
5152,489.78953463126953,758.3717092326176,784613.4.sbml.csv,Vaginal Probiotic
5153,-564.0930826096446,1671.6331057285618,784613.4.sbml.csv,Vaginal Probiotic
5154,890.1202997479166,1446.433894194577,784613.4.sbml.csv,Vaginal Probiotic
5155,451.8336668431709,598.3681858855986,784613.4.sbml.csv,Vaginal Probiotic
5156,-376.8995115029993,1402.0574178191303,784613.4.sbml.csv,Vaginal Probiotic
5157,-944.6607730097471,362.52926288267645,784613.4.sbml.csv,Vaginal Probiotic
5158,-120.3042933641246,712.9479618997543,784613.4.sbml.csv,Vaginal Probiotic
5159,451.53856701177466,-447.40085250477193,784613.4.sbml.csv,Vaginal Probiotic
5160,1240.2651650101416,698.7684851465096,784613.4.sbml.csv,Vaginal Probiotic
5161,-1385.5913478087605,378.6245963291295,784613.4.sbml.csv,Vaginal Probiotic
5162,-1640.946568450607,418.5885523343094,784613.4.sbml.csv,Vaginal Probiotic
5163,310.85190601187696,181.44829205512286,784613.4.sbml.csv,Vaginal Probiotic
5164,-209.53065267169308,1063.611643757635,784613.4.sbml.csv,Vaginal Probiotic
5165,-254.58728990066817,1344.6743586354607,784613.4.sbml.csv,Vaginal Probiotic
5166,885.7062527751294,834.0462514339744,784613.4.sbml.csv,Vaginal Probiotic
5167,-1829.6554225296475,644.0371040249913,784613.4.sbml.csv,Vaginal Probiotic
5168,86.47998244918715,927.6442820426006,784613.4.sbml.csv,Vaginal Probiotic
5169,-202.647259210877,529.904231794064,784613.4.sbml.csv,Vaginal Probiotic
5170,264.06213803341143,2357.6445034285193,784613.4.sbml.csv,Vaginal Probiotic
5171,134.9259410086836,495.8952878847105,784613.4.sbml.csv,Vaginal Probiotic
5172,1208.5881540121238,446.14188186173595,784613.4.sbml.csv,Vaginal Probiotic
5173,978.521273359545,314.94782404904754,784613.4.sbml.csv,Vaginal Probiotic
5174,122.59855779170343,1532.658246326821,784613.4.sbml.csv,Vaginal Probiotic
5175,-400.9601248084837,295.50415050374306,784613.4.sbml.csv,Vaginal Probiotic
5176,-487.0197090809364,893.4188419235907,784613.4.sbml.csv,Vaginal Probiotic
5177,23.051444432053295,861.3825562365021,784613.4.sbml.csv,Vaginal Probiotic
5178,1149.7056772180265,-108.30874150665431,784613.4.sbml.csv,Vaginal Probiotic
5179,51.90408450857932,-144.03587257776485,784613.4.sbml.csv,Vaginal Probiotic
5180,419.6102646483417,1564.4705627419946,784613.4.sbml.csv,Vaginal Probiotic
5181,1465.745249694838,-963.4899682896022,784613.4.sbml.csv,Vaginal Probiotic
5182,-619.701679743247,1899.2328668036953,784613.4.sbml.csv,Vaginal Probiotic
5183,-11.294880668508487,1024.3678124924581,784613.4.sbml.csv,Vaginal Probiotic
5184,840.3851016368229,780.3319287662981,784613.4.sbml.csv,Vaginal Probiotic
5185,65.64271254518,-349.21347267898074,784613.4.sbml.csv,Vaginal Probiotic
5186,-1891.526642072284,788.0835529152921,784613.4.sbml.csv,Vaginal Probiotic
5187,1037.7213702837307,539.6358224054802,784613.4.sbml.csv,Vaginal Probiotic
5188,404.58535099315657,1870.472278006995,784613.4.sbml.csv,Vaginal Probiotic
5189,-479.87494827838265,1339.358676017306,784613.4.sbml.csv,Vaginal Probiotic
5190,1223.6905173694497,1260.4260837985016,784613.4.sbml.csv,Vaginal Probiotic
5191,-12.029046590367308,-1145.6545383631603,784613.4.sbml.csv,Vaginal Probiotic
5192,782.5912495112509,32.31791508795784,784613.4.sbml.csv,Vaginal Probiotic
5193,-57.150041154515336,665.7729595536888,784613.4.sbml.csv,Vaginal Probiotic
5194,609.65089381986,552.5628151360428,784613.4.sbml.csv,Vaginal Probiotic
5195,673.235720593924,-290.2101941472446,784613.4.sbml.csv,Vaginal Probiotic
5196,-236.48262211864653,1593.8015091347968,784613.4.sbml.csv,Vaginal Probiotic
5197,-559.6119623973701,1017.1372930354611,784613.4.sbml.csv,Vaginal Probiotic
5198,-1057.0543031983157,2019.5592816963037,784613.4.sbml.csv,Vaginal Probiotic
5199,1689.2848693249002,-6.3411443723780385,784613.4.sbml.csv,Vaginal Probiotic
5200,114.77211143262211,275.11402718928485,784613.4.sbml.csv,Vaginal Probiotic
5201,-106.29121151940446,1275.4570229055778,784613.4.sbml.csv,Vaginal Probiotic
5202,340.3193190809953,1854.8281127602486,784613.4.sbml.csv,Vaginal Probiotic
5203,-1614.563191675681,1835.72292788237,784613.4.sbml.csv,Vaginal Probiotic
5204,93.13848295574944,1628.6678958390603,784613.4.sbml.csv,Vaginal Probiotic
5205,34.22626076247463,299.56102627823367,784613.4.sbml.csv,Vaginal Probiotic
5206,1337.2506648221645,1529.6183034614653,784613.4.sbml.csv,Vaginal Probiotic
5207,532.1399667069285,1392.6642153906405,784613.4.sbml.csv,Vaginal Probiotic
5208,-1001.1908004998078,422.4267588654559,784613.4.sbml.csv,Vaginal Probiotic
5209,332.3744373262233,2368.3267528152155,784613.4.sbml.csv,Vaginal Probiotic
5210,194.44725329160815,431.9512455167148,784613.4.sbml.csv,Vaginal Probiotic
5211,362.9860707289179,1374.7755849855216,784613.4.sbml.csv,Vaginal Probiotic
5212,-340.3105455341704,-1102.1278725639686,784613.4.sbml.csv,Vaginal Probiotic
5213,127.88242114026127,1030.2070923838203,784613.4.sbml.csv,Vaginal Probiotic
5214,-1511.4927649909657,-760.8587438209065,784613.4.sbml.csv,Vaginal Probiotic
5215,-2263.1527738432974,-287.39374070437583,784613.4.sbml.csv,Vaginal Probiotic
5216,-90.64282434735115,-410.82262757800623,784613.4.sbml.csv,Vaginal Probiotic
5217,702.4908998670247,11.862689513014647,784613.4.sbml.csv,Vaginal Probiotic
5218,-581.943753322642,-657.5382195879296,784613.4.sbml.csv,Vaginal Probiotic
5219,836.4338447398189,1499.7872061377414,784613.4.sbml.csv,Vaginal Probiotic
5220,-63.6921973782811,1411.7032374851951,784613.4.sbml.csv,Vaginal Probiotic
5221,-1272.5348237502183,1171.3713038888568,784613.4.sbml.csv,Vaginal Probiotic
5222,449.56141251124956,539.8773913094835,784613.4.sbml.csv,Vaginal Probiotic
5223,276.2577175595386,-349.06516412563514,784613.4.sbml.csv,Vaginal Probiotic
5224,1064.0512157148048,1008.3501201254538,784613.4.sbml.csv,Vaginal Probiotic
5225,1147.5096727590048,1608.4029312567425,784613.4.sbml.csv,Vaginal Probiotic
5226,1031.7163240206046,445.4631080272909,784613.4.sbml.csv,Vaginal Probiotic
5227,471.0368002712104,303.69191726645266,784613.4.sbml.csv,Vaginal Probiotic
5228,-1254.7709714894763,986.6270987518578,784613.4.sbml.csv,Vaginal Probiotic
5229,-93.64459887791467,2376.314782853692,784613.4.sbml.csv,Vaginal Probiotic
5230,-101.94153162197806,1364.2933580427696,784613.4.sbml.csv,Vaginal Probiotic
5231,-96.06319326758309,1402.423281355934,784613.4.sbml.csv,Vaginal Probiotic
5232,703.7746071222375,-282.9653915392102,784613.4.sbml.csv,Vaginal Probiotic
5233,278.59956598029135,-14.935004297042894,784613.4.sbml.csv,Vaginal Probiotic
5234,543.838792656448,863.019496236594,784613.4.sbml.csv,Vaginal Probiotic
5235,376.40603427080043,-325.55579514462914,784613.4.sbml.csv,Vaginal Probiotic
5236,-1667.1571489543685,987.0241425739287,784613.4.sbml.csv,Vaginal Probiotic
5237,-579.1457008738524,845.2376800928896,784613.4.sbml.csv,Vaginal Probiotic
5238,-248.09155710706156,-641.8824520560562,784613.4.sbml.csv,Vaginal Probiotic
5239,-348.369534863287,325.03339007416196,784613.4.sbml.csv,Vaginal Probiotic
5240,267.31025567877293,755.0225973611493,784613.4.sbml.csv,Vaginal Probiotic
5241,-498.1745715808023,684.2763411591931,784613.4.sbml.csv,Vaginal Probiotic
5242,918.1628581042386,391.10111775588456,784613.4.sbml.csv,Vaginal Probiotic
5243,1430.2163474466324,-273.6733320827313,784613.4.sbml.csv,Vaginal Probiotic
5244,328.3905975704969,100.41204768799953,784613.4.sbml.csv,Vaginal Probiotic
5245,1332.115990104675,-73.3091553010848,784613.4.sbml.csv,Vaginal Probiotic
5246,483.12640608023963,409.3183574329789,784613.4.sbml.csv,Vaginal Probiotic
5247,-793.0405189972184,-946.9315143770158,784613.4.sbml.csv,Vaginal Probiotic
5248,707.6281093904662,216.93812346126944,784613.4.sbml.csv,Vaginal Probiotic
5249,-1262.4884000037648,1630.3141615389668,784613.4.sbml.csv,Vaginal Probiotic
5250,348.61676886679396,377.0429945050578,938288.17.sbml.csv,Vaginal Commensal
5251,217.90710758955848,-282.409283897719,938288.17.sbml.csv,Vaginal Commensal
5252,495.0211826595821,634.7862392671083,938288.17.sbml.csv,Vaginal Commensal
5253,480.25276089311785,165.2042095759164,938288.17.sbml.csv,Vaginal Commensal
5254,1077.0488513566202,364.11061741460577,938288.17.sbml.csv,Vaginal Commensal
5255,933.2530007189287,578.446881029285,938288.17.sbml.csv,Vaginal Commensal
5256,1110.5748998922513,848.2408151709128,938288.17.sbml.csv,Vaginal Commensal
5257,384.519496804855,979.8717107080311,938288.17.sbml.csv,Vaginal Commensal
5258,1300.5264756957606,720.401317838684,938288.17.sbml.csv,Vaginal Commensal
5259,112.66413000052832,404.0166333743685,938288.17.sbml.csv,Vaginal Commensal
5260,-1.527973743797817,688.1114843441321,938288.17.sbml.csv,Vaginal Commensal
5261,380.5133764175224,112.72239049794268,938288.17.sbml.csv,Vaginal Commensal
5262,249.6342470202538,605.3645903576751,938288.17.sbml.csv,Vaginal Commensal
5263,69.66403037055512,91.9816089996823,938288.17.sbml.csv,Vaginal Commensal
5264,536.1378213635611,503.3185907100417,938288.17.sbml.csv,Vaginal Commensal
5265,-211.80933005839847,217.21716823673677,938288.17.sbml.csv,Vaginal Commensal
5266,434.5537443882376,908.0842572461767,938288.17.sbml.csv,Vaginal Commensal
5267,899.4253232140381,343.0942737653009,938288.17.sbml.csv,Vaginal Commensal
5268,1499.5591930485077,-329.1760471337704,938288.17.sbml.csv,Vaginal Commensal
5269,514.2542296264993,-303.59216832036964,938288.17.sbml.csv,Vaginal Commensal
5270,1018.1298937389523,483.584359312637,938288.17.sbml.csv,Vaginal Commensal
5271,1349.6261451920518,-108.41218716036012,938288.17.sbml.csv,Vaginal Commensal
5272,789.4550786909416,666.6658545772384,938288.17.sbml.csv,Vaginal Commensal
5273,489.63725675819984,-374.7169190240477,938288.17.sbml.csv,Vaginal Commensal
5274,53.23169588570255,705.6612006016228,938288.17.sbml.csv,Vaginal Commensal
5275,467.34916399909235,327.556235251868,938288.17.sbml.csv,Vaginal Commensal
5276,717.8059235094354,244.3479430346398,938288.17.sbml.csv,Vaginal Commensal
5277,1131.7855353896684,452.9871327588955,938288.17.sbml.csv,Vaginal Commensal
5278,684.226235574429,544.4200467931361,938288.17.sbml.csv,Vaginal Commensal
5279,406.91963468469277,176.76217679934712,938288.17.sbml.csv,Vaginal Commensal
5280,571.9812503048424,-33.956385075922135,938288.17.sbml.csv,Vaginal Commensal
5281,746.3772549244965,-254.2833768753867,938288.17.sbml.csv,Vaginal Commensal
5282,1005.226125001167,128.64897101162774,938288.17.sbml.csv,Vaginal Commensal
5283,1099.5362976754363,460.3252378774946,938288.17.sbml.csv,Vaginal Commensal
5284,-107.9620025158387,817.0201181855732,938288.17.sbml.csv,Vaginal Commensal
5285,1243.8236393307632,589.5832152168643,938288.17.sbml.csv,Vaginal Commensal
5286,1627.7041901207963,696.4724035121199,938288.17.sbml.csv,Vaginal Commensal
5287,489.5410535643018,249.4578053284957,938288.17.sbml.csv,Vaginal Commensal
5288,-199.9107332948604,720.5163833035548,938288.17.sbml.csv,Vaginal Commensal
5289,811.2774842685405,-365.50402995718656,938288.17.sbml.csv,Vaginal Commensal
5290,40.28849669749095,236.40304009042177,938288.17.sbml.csv,Vaginal Commensal
5291,818.905868715221,465.32330954544057,938288.17.sbml.csv,Vaginal Commensal
5292,403.11970786861326,977.0842960218604,938288.17.sbml.csv,Vaginal Commensal
5293,1313.6201092868127,328.74875139630075,938288.17.sbml.csv,Vaginal Commensal
5294,870.4409368031374,817.3993631648633,938288.17.sbml.csv,Vaginal Commensal
5295,888.8610838832574,798.2536719642216,938288.17.sbml.csv,Vaginal Commensal
5296,-57.90485892009174,-97.43987929692224,938288.17.sbml.csv,Vaginal Commensal
5297,502.9852416323489,186.6448616139022,938288.17.sbml.csv,Vaginal Commensal
5298,924.9860614137749,32.91790235083967,938288.17.sbml.csv,Vaginal Commensal
5299,-62.5084751417639,406.9476900412869,938288.17.sbml.csv,Vaginal Commensal
5300,360.13609441826884,320.8360939705425,938288.17.sbml.csv,Vaginal Commensal
5301,1008.5164984464288,1017.522833649131,938288.17.sbml.csv,Vaginal Commensal
5302,671.5599616409478,114.72996100515809,938288.17.sbml.csv,Vaginal Commensal
5303,-313.9952081923285,639.2204402065742,938288.17.sbml.csv,Vaginal Commensal
5304,453.8489035364833,496.766116111113,938288.17.sbml.csv,Vaginal Commensal
5305,-54.492991256698765,414.51690992520184,938288.17.sbml.csv,Vaginal Commensal
5306,572.7537988811198,440.034241469463,938288.17.sbml.csv,Vaginal Commensal
5307,297.1171531548645,309.27192318144427,938288.17.sbml.csv,Vaginal Commensal
5308,733.155119180995,219.21075081002164,938288.17.sbml.csv,Vaginal Commensal
5309,307.85537561935297,531.3427282492742,938288.17.sbml.csv,Vaginal Commensal
5310,438.7425679173622,251.357023649723,938288.17.sbml.csv,Vaginal Commensal
5311,251.09180149542289,591.6155904453144,938288.17.sbml.csv,Vaginal Commensal
5312,529.7973673684797,942.6271569686174,938288.17.sbml.csv,Vaginal Commensal
5313,-186.40186021048143,300.45432081667906,938288.17.sbml.csv,Vaginal Commensal
5314,206.31059592873555,-648.2611446576511,938288.17.sbml.csv,Vaginal Commensal
5315,921.3828747596649,-11.813143119067007,938288.17.sbml.csv,Vaginal Commensal
5316,1003.5998713351953,581.3631482379882,938288.17.sbml.csv,Vaginal Commensal
5317,1194.0894006896867,1137.6491983843412,938288.17.sbml.csv,Vaginal Commensal
5318,1055.1294641540153,357.9601339112321,938288.17.sbml.csv,Vaginal Commensal
5319,773.5841348229608,939.6024702594178,938288.17.sbml.csv,Vaginal Commensal
5320,808.8192935961051,-475.01057473254235,938288.17.sbml.csv,Vaginal Commensal
5321,1088.5781120080362,-77.02042007852545,938288.17.sbml.csv,Vaginal Commensal
5322,-38.80466197226326,359.6947884849888,938288.17.sbml.csv,Vaginal Commensal
5323,249.41832950492054,858.5152780402661,938288.17.sbml.csv,Vaginal Commensal
5324,729.4016274732605,186.45054878495927,938288.17.sbml.csv,Vaginal Commensal
5325,548.794560915585,1076.7598558940865,938288.17.sbml.csv,Vaginal Commensal
5326,1044.6019501166302,924.8848672555324,938288.17.sbml.csv,Vaginal Commensal
5327,1396.7709652733154,38.06684505569197,938288.17.sbml.csv,Vaginal Commensal
5328,611.8954210202303,74.67823106612364,938288.17.sbml.csv,Vaginal Commensal
5329,497.49957936030114,-345.1373267650269,938288.17.sbml.csv,Vaginal Commensal
5330,440.7517148669717,967.093270039982,938288.17.sbml.csv,Vaginal Commensal
5331,69.98004420433374,533.0427574253679,938288.17.sbml.csv,Vaginal Commensal
5332,13.543511614562235,460.7232433456249,938288.17.sbml.csv,Vaginal Commensal
5333,-220.54962700608033,81.86116042221076,938288.17.sbml.csv,Vaginal Commensal
5334,968.9241853029511,3.9482764257486758,938288.17.sbml.csv,Vaginal Commensal
5335,321.03627035587795,183.02883296593214,938288.17.sbml.csv,Vaginal Commensal
5336,-221.46007086124337,850.9272337602429,938288.17.sbml.csv,Vaginal Commensal
5337,1216.988649564382,344.52440418567585,938288.17.sbml.csv,Vaginal Commensal
5338,1222.988788992781,544.6453345605028,938288.17.sbml.csv,Vaginal Commensal
5339,572.5047468309755,417.3332039463987,938288.17.sbml.csv,Vaginal Commensal
5340,-153.9234733862195,1000.7421490492407,938288.17.sbml.csv,Vaginal Commensal
5341,1198.8535351720718,571.8851214512325,938288.17.sbml.csv,Vaginal Commensal
5342,664.5984667356938,571.3745854223118,938288.17.sbml.csv,Vaginal Commensal
5343,605.9164816015618,642.1869708527838,938288.17.sbml.csv,Vaginal Commensal
5344,734.4499465614367,255.15924743841157,938288.17.sbml.csv,Vaginal Commensal
5345,929.2881625573724,633.8369247455712,938288.17.sbml.csv,Vaginal Commensal
5346,-20.787668974684376,145.20626515955317,938288.17.sbml.csv,Vaginal Commensal
5347,541.8891195076416,413.23511437860435,938288.17.sbml.csv,Vaginal Commensal
5348,746.9549686774699,568.254386481089,938288.17.sbml.csv,Vaginal Commensal
5349,816.1216726574331,890.3810383976828,938288.17.sbml.csv,Vaginal Commensal
5350,545.66109983034,1003.0982774133779,938288.17.sbml.csv,Vaginal Commensal
5351,900.8137508299435,135.9592742255316,938288.17.sbml.csv,Vaginal Commensal
5352,770.6226594482999,627.0947382911993,938288.17.sbml.csv,Vaginal Commensal
5353,-340.5746925354897,775.0274477379669,938288.17.sbml.csv,Vaginal Commensal
5354,547.2806487939453,848.8811633725852,938288.17.sbml.csv,Vaginal Commensal
5355,907.5771909375019,48.142135558533475,938288.17.sbml.csv,Vaginal Commensal
5356,819.2160864168943,636.8393810135137,938288.17.sbml.csv,Vaginal Commensal
5357,645.8718263323531,525.8482325016084,938288.17.sbml.csv,Vaginal Commensal
5358,1019.2916023804634,829.4189132427243,938288.17.sbml.csv,Vaginal Commensal
5359,-162.5223033774599,-128.54358601335093,938288.17.sbml.csv,Vaginal Commensal
5360,1006.9954682223529,640.6107640027915,938288.17.sbml.csv,Vaginal Commensal
5361,1230.613213593396,594.3213967585841,938288.17.sbml.csv,Vaginal Commensal
5362,146.63439256198876,858.7378035175645,938288.17.sbml.csv,Vaginal Commensal
5363,958.042502878037,1335.7736625938842,938288.17.sbml.csv,Vaginal Commensal
5364,845.946408385924,33.76003893505189,938288.17.sbml.csv,Vaginal Commensal
5365,1120.9366874474144,1045.6190902466526,938288.17.sbml.csv,Vaginal Commensal
5366,824.9566386818487,721.7087908611675,938288.17.sbml.csv,Vaginal Commensal
5367,-321.29660052966915,167.60592191296254,938288.17.sbml.csv,Vaginal Commensal
5368,624.8246935160419,874.6692330125485,938288.17.sbml.csv,Vaginal Commensal
5369,645.2952012945102,-3.9765177869272654,938288.17.sbml.csv,Vaginal Commensal
5370,-56.41683397639759,265.4563329487247,938288.17.sbml.csv,Vaginal Commensal
5371,255.20452955678118,675.1052447165084,938288.17.sbml.csv,Vaginal Commensal
5372,400.210379300299,-41.98033355189567,938288.17.sbml.csv,Vaginal Commensal
5373,1213.1850056713329,777.7540140349331,938288.17.sbml.csv,Vaginal Commensal
5374,854.3761125896294,536.3410440624482,938288.17.sbml.csv,Vaginal Commensal
5375,566.6864203470172,36.57418033514442,938288.17.sbml.csv,Vaginal Commensal
5376,631.6567257772421,406.1843762068193,938288.17.sbml.csv,Vaginal Commensal
5377,16.602489720050745,834.13923986442,938288.17.sbml.csv,Vaginal Commensal
5378,1606.208421638125,513.1173000440797,938288.17.sbml.csv,Vaginal Commensal
5379,-190.57121485373793,1252.711576952987,938288.17.sbml.csv,Vaginal Commensal
5380,1006.1980589409334,312.4522997116613,938288.17.sbml.csv,Vaginal Commensal
5381,99.7442218914717,400.7708298455555,938288.17.sbml.csv,Vaginal Commensal
5382,830.0099734609388,433.50351527711166,938288.17.sbml.csv,Vaginal Commensal
5383,-58.829969635132464,622.2419182812012,938288.17.sbml.csv,Vaginal Commensal
5384,791.353326285435,23.335978771521287,938288.17.sbml.csv,Vaginal Commensal
5385,710.773263011933,967.6652712235039,938288.17.sbml.csv,Vaginal Commensal
5386,713.7345186045022,-0.11102598669360499,938288.17.sbml.csv,Vaginal Commensal
5387,19.331817865249704,641.0517475151481,938288.17.sbml.csv,Vaginal Commensal
5388,700.1505693675633,495.7680301434382,938288.17.sbml.csv,Vaginal Commensal
5389,818.1791147136588,738.1419699043419,938288.17.sbml.csv,Vaginal Commensal
5390,730.2213543468399,-176.0158797381467,938288.17.sbml.csv,Vaginal Commensal
5391,446.6359070753712,165.37833313857988,938288.17.sbml.csv,Vaginal Commensal
5392,1422.8972007823234,153.07265992638148,938288.17.sbml.csv,Vaginal Commensal
5393,744.0878369739609,346.20497456644677,938288.17.sbml.csv,Vaginal Commensal
5394,544.419939641379,278.233307560177,938288.17.sbml.csv,Vaginal Commensal
5395,-22.821236574246498,300.4589912822737,938288.17.sbml.csv,Vaginal Commensal
5396,293.84187926598037,613.871364479279,938288.17.sbml.csv,Vaginal Commensal
5397,745.0400816999563,789.9558833166984,938288.17.sbml.csv,Vaginal Commensal
5398,819.7778632900295,335.77033567052183,938288.17.sbml.csv,Vaginal Commensal
5399,413.045578025356,876.666300691077,938288.17.sbml.csv,Vaginal Commensal
5400,538.6640174748643,1156.5565529698024,938288.17.sbml.csv,Vaginal Commensal
5401,1188.8342207655262,437.6457439267473,938288.17.sbml.csv,Vaginal Commensal
5402,-342.8556290697645,1279.1165071020719,938288.17.sbml.csv,Vaginal Commensal
5403,627.7559721691536,-485.4991590049043,938288.17.sbml.csv,Vaginal Commensal
5404,423.3257145661118,1054.2237521438235,938288.17.sbml.csv,Vaginal Commensal
5405,43.61859122149205,994.9895568180816,938288.17.sbml.csv,Vaginal Commensal
5406,1093.4222422279659,428.9502359235021,938288.17.sbml.csv,Vaginal Commensal
5407,645.348640771932,456.4549759306223,938288.17.sbml.csv,Vaginal Commensal
5408,417.2279771245962,396.93560404185524,938288.17.sbml.csv,Vaginal Commensal
5409,1111.6728678643706,527.0122423808167,938288.17.sbml.csv,Vaginal Commensal
5410,333.59696314840994,311.71573394845655,938288.17.sbml.csv,Vaginal Commensal
5411,65.42243434446458,758.0564693656095,938288.17.sbml.csv,Vaginal Commensal
5412,-416.82752588850707,420.12554838796734,938288.17.sbml.csv,Vaginal Commensal
5413,344.41360326756154,250.21754722245558,938288.17.sbml.csv,Vaginal Commensal
5414,-152.1672599577373,127.06253253663196,938288.17.sbml.csv,Vaginal Commensal
5415,-612.6098401490538,-80.85814188070408,938288.17.sbml.csv,Vaginal Commensal
5416,492.08798543305886,766.4427594978889,938288.17.sbml.csv,Vaginal Commensal
5417,158.78178198431644,601.7181487853534,938288.17.sbml.csv,Vaginal Commensal
5418,306.60471783756236,411.3834487745674,938288.17.sbml.csv,Vaginal Commensal
5419,209.25909397715836,304.8744140498618,938288.17.sbml.csv,Vaginal Commensal
5420,53.69946974915654,159.1270036508098,938288.17.sbml.csv,Vaginal Commensal
5421,504.6244620874175,-87.84485407980789,938288.17.sbml.csv,Vaginal Commensal
5422,336.6823936967017,601.9955628059479,938288.17.sbml.csv,Vaginal Commensal
5423,605.9394055597361,730.342539637306,938288.17.sbml.csv,Vaginal Commensal
5424,502.4569383660242,827.3935574421309,938288.17.sbml.csv,Vaginal Commensal
5425,455.94220849611014,223.54894751349897,938288.17.sbml.csv,Vaginal Commensal
5426,913.3498964571143,505.2283979238139,938288.17.sbml.csv,Vaginal Commensal
5427,737.9532759672899,12.240142509855676,938288.17.sbml.csv,Vaginal Commensal
5428,1057.4259635684396,451.8729865462315,938288.17.sbml.csv,Vaginal Commensal
5429,282.0657957975317,366.99195799776294,938288.17.sbml.csv,Vaginal Commensal
5430,-6.060906900796807,691.4193961566065,938288.17.sbml.csv,Vaginal Commensal
5431,315.5278826151978,403.8696351012439,938288.17.sbml.csv,Vaginal Commensal
5432,1058.4449970762532,887.2725872945697,938288.17.sbml.csv,Vaginal Commensal
5433,932.4624773757669,765.0439010651611,938288.17.sbml.csv,Vaginal Commensal
5434,756.4162630327442,555.1167470144546,938288.17.sbml.csv,Vaginal Commensal
5435,494.8247290402884,-13.59013894714542,938288.17.sbml.csv,Vaginal Commensal
5436,202.44454919246846,-445.47327622023766,938288.17.sbml.csv,Vaginal Commensal
5437,829.6270404233362,1022.1625503262338,938288.17.sbml.csv,Vaginal Commensal
5438,-14.250320232955676,-2.46994631995978,938288.17.sbml.csv,Vaginal Commensal
5439,688.5188437418917,629.1408827100407,938288.17.sbml.csv,Vaginal Commensal
5440,437.1721499656534,-790.1045198833858,938288.17.sbml.csv,Vaginal Commensal
5441,513.6694142393607,781.7723598911956,938288.17.sbml.csv,Vaginal Commensal
5442,610.3523367679443,709.1833294781355,938288.17.sbml.csv,Vaginal Commensal
5443,552.1932683685861,1026.5115000422297,938288.17.sbml.csv,Vaginal Commensal
5444,1060.2606539682417,691.167645258355,938288.17.sbml.csv,Vaginal Commensal
5445,323.5942090882789,434.4680694414499,938288.17.sbml.csv,Vaginal Commensal
5446,-103.86050639643268,-161.27388098762836,938288.17.sbml.csv,Vaginal Commensal
5447,861.4738002350604,1067.3671592054743,938288.17.sbml.csv,Vaginal Commensal
5448,90.78026184410972,1032.6281194029461,938288.17.sbml.csv,Vaginal Commensal
5449,620.2211052689054,705.1804551824976,938288.17.sbml.csv,Vaginal Commensal
5450,1002.768412756805,-181.01143964924148,938288.17.sbml.csv,Vaginal Commensal
5451,-560.8993729799389,-412.57126178425347,938288.17.sbml.csv,Vaginal Commensal
5452,134.60549109707003,494.38515578971607,938288.17.sbml.csv,Vaginal Commensal
5453,403.69376477670363,156.13096252035862,938288.17.sbml.csv,Vaginal Commensal
5454,171.58284901759262,438.48685084924796,938288.17.sbml.csv,Vaginal Commensal
5455,369.15452493310016,435.67040670846484,938288.17.sbml.csv,Vaginal Commensal
5456,1128.6790876622906,165.93323081436668,938288.17.sbml.csv,Vaginal Commensal
5457,516.9275709546044,315.34061284177943,938288.17.sbml.csv,Vaginal Commensal
5458,323.6082228904484,26.43630675732319,938288.17.sbml.csv,Vaginal Commensal
5459,660.7722249251974,643.3337790054156,938288.17.sbml.csv,Vaginal Commensal
5460,896.7158074337113,762.11496074314,938288.17.sbml.csv,Vaginal Commensal
5461,-466.6707665772386,483.2535404806442,938288.17.sbml.csv,Vaginal Commensal
5462,40.171980724058805,887.066103360707,938288.17.sbml.csv,Vaginal Commensal
5463,500.3272262840204,596.7267682554045,938288.17.sbml.csv,Vaginal Commensal
5464,1066.371363571943,726.6948051197743,938288.17.sbml.csv,Vaginal Commensal
5465,935.5176188309662,437.3263072236714,938288.17.sbml.csv,Vaginal Commensal
5466,391.62731065657033,-92.87500559794718,938288.17.sbml.csv,Vaginal Commensal
5467,301.7687196956043,-24.654804348105255,938288.17.sbml.csv,Vaginal Commensal
5468,1239.6851887999933,75.78495626226871,938288.17.sbml.csv,Vaginal Commensal
5469,386.13737739716777,428.6709972231545,938288.17.sbml.csv,Vaginal Commensal
5470,658.1816307877098,316.16153357274874,938288.17.sbml.csv,Vaginal Commensal
5471,57.229274797049186,196.66259135466325,938288.17.sbml.csv,Vaginal Commensal
5472,133.7637092388971,275.0524141037706,938288.17.sbml.csv,Vaginal Commensal
5473,-507.9431893811525,797.3687817347304,938288.17.sbml.csv,Vaginal Commensal
5474,446.22595876033307,441.3580047670369,938288.17.sbml.csv,Vaginal Commensal
5475,1222.8427168292155,783.0387126572532,938288.17.sbml.csv,Vaginal Commensal
5476,621.2870267626689,368.8688193711294,938288.17.sbml.csv,Vaginal Commensal
5477,1931.6621829486683,853.8359047980298,938288.17.sbml.csv,Vaginal Commensal
5478,491.38992872820603,955.1579093710209,938288.17.sbml.csv,Vaginal Commensal
5479,460.70662347334496,468.00792223235203,938288.17.sbml.csv,Vaginal Commensal
5480,874.8216973561218,332.9066947379947,938288.17.sbml.csv,Vaginal Commensal
5481,820.6955698053694,511.01975887768873,938288.17.sbml.csv,Vaginal Commensal
5482,521.4920271372664,367.84057550094303,938288.17.sbml.csv,Vaginal Commensal
5483,343.96888142683264,285.39185771480544,938288.17.sbml.csv,Vaginal Commensal
5484,273.3941613529069,583.5622819719545,938288.17.sbml.csv,Vaginal Commensal
5485,1236.628603276028,242.13928683643462,938288.17.sbml.csv,Vaginal Commensal
5486,-21.30993074935746,839.404097424522,938288.17.sbml.csv,Vaginal Commensal
5487,-65.061605398776,605.6908894047008,938288.17.sbml.csv,Vaginal Commensal
5488,1041.8615078771231,947.6321721344699,938288.17.sbml.csv,Vaginal Commensal
5489,352.5469280999409,349.6390429950721,938288.17.sbml.csv,Vaginal Commensal
5490,445.88358854637363,715.3984161181069,938288.17.sbml.csv,Vaginal Commensal
5491,1145.669206561906,733.3079443854589,938288.17.sbml.csv,Vaginal Commensal
5492,293.8714200802038,140.39719526730096,938288.17.sbml.csv,Vaginal Commensal
5493,498.54298747706116,439.2461346890247,938288.17.sbml.csv,Vaginal Commensal
5494,745.7023179186326,965.604797685111,938288.17.sbml.csv,Vaginal Commensal
5495,909.2251225466778,-136.37561824812192,938288.17.sbml.csv,Vaginal Commensal
5496,121.36126573427237,765.9397741119016,938288.17.sbml.csv,Vaginal Commensal
5497,131.38528436167994,975.2261414038638,938288.17.sbml.csv,Vaginal Commensal
5498,606.8350464275546,535.6063142431883,938288.17.sbml.csv,Vaginal Commensal
5499,869.4367578494155,365.5647263749495,938288.17.sbml.csv,Vaginal Commensal
5500,-325.6085489519067,-823.2658130227987,1685.10.sbml.csv,Vaginal Probiotic
5501,535.6125033775755,-1011.586658725646,1685.10.sbml.csv,Vaginal Probiotic
5502,-694.6826036803742,-1917.3951700978193,1685.10.sbml.csv,Vaginal Probiotic
5503,750.8015886208256,-551.9173870623077,1685.10.sbml.csv,Vaginal Probiotic
5504,-1717.36917381546,-1324.9838636957402,1685.10.sbml.csv,Vaginal Probiotic
5505,42.77342928628269,-1319.0368274077948,1685.10.sbml.csv,Vaginal Probiotic
5506,501.35406349090965,-531.2265411185185,1685.10.sbml.csv,Vaginal Probiotic
5507,-1026.6799290342774,-674.5308870688502,1685.10.sbml.csv,Vaginal Probiotic
5508,-1075.9582405327997,-1371.9689686652298,1685.10.sbml.csv,Vaginal Probiotic
5509,-1024.8946310114634,-1902.3330208675254,1685.10.sbml.csv,Vaginal Probiotic
5510,-1123.1699225886698,-1207.9913988692786,1685.10.sbml.csv,Vaginal Probiotic
5511,-38.099556678777994,-1562.004244880751,1685.10.sbml.csv,Vaginal Probiotic
5512,-617.1886656493283,-994.0553285922739,1685.10.sbml.csv,Vaginal Probiotic
5513,692.2596393805698,-2493.1357845735124,1685.10.sbml.csv,Vaginal Probiotic
5514,-215.19895617578013,-579.1703730597312,1685.10.sbml.csv,Vaginal Probiotic
5515,-2038.0371468461515,178.3096382861542,1685.10.sbml.csv,Vaginal Probiotic
5516,-62.549341243317116,-1370.845017445719,1685.10.sbml.csv,Vaginal Probiotic
5517,-1899.6371788652173,-734.1924440968899,1685.10.sbml.csv,Vaginal Probiotic
5518,-257.33025274358374,-1152.8437528236987,1685.10.sbml.csv,Vaginal Probiotic
5519,-1090.3256812028112,-768.7991109542577,1685.10.sbml.csv,Vaginal Probiotic
5520,-1674.4533118846682,-1124.3937887199156,1685.10.sbml.csv,Vaginal Probiotic
5521,-665.128939178243,-584.529189088412,1685.10.sbml.csv,Vaginal Probiotic
5522,-1333.8094425388572,-1645.5956804669238,1685.10.sbml.csv,Vaginal Probiotic
5523,-340.4371244816817,-721.5991436717118,1685.10.sbml.csv,Vaginal Probiotic
5524,-1130.0686849942754,-1348.1357583990657,1685.10.sbml.csv,Vaginal Probiotic
5525,-1366.8549717495455,-1222.7109665197597,1685.10.sbml.csv,Vaginal Probiotic
5526,-1104.2166500832866,-751.5086845697656,1685.10.sbml.csv,Vaginal Probiotic
5527,-722.2681506852068,-626.7783102929304,1685.10.sbml.csv,Vaginal Probiotic
5528,-1446.0627345625016,-564.8626464351788,1685.10.sbml.csv,Vaginal Probiotic
5529,-396.8626260744094,-1777.0054354838169,1685.10.sbml.csv,Vaginal Probiotic
5530,-2627.303043793833,-1782.7607463294682,1685.10.sbml.csv,Vaginal Probiotic
5531,-33.981006605345925,-2433.5188595110726,1685.10.sbml.csv,Vaginal Probiotic
5532,-733.2982519931852,-1523.6083447249464,1685.10.sbml.csv,Vaginal Probiotic
5533,-2024.3330023870421,-195.3251520553409,1685.10.sbml.csv,Vaginal Probiotic
5534,1081.4226758653906,-1419.8437993371263,1685.10.sbml.csv,Vaginal Probiotic
5535,134.45919640568493,-529.7777044553759,1685.10.sbml.csv,Vaginal Probiotic
5536,-431.05262380891975,-297.9596840843415,1685.10.sbml.csv,Vaginal Probiotic
5537,-295.08554578745304,-997.8108945776032,1685.10.sbml.csv,Vaginal Probiotic
5538,406.97641677980647,-1985.121057779661,1685.10.sbml.csv,Vaginal Probiotic
5539,88.38042227182588,-720.716191332556,1685.10.sbml.csv,Vaginal Probiotic
5540,437.16966475453773,-1826.1962776570858,1685.10.sbml.csv,Vaginal Probiotic
5541,898.3778510876054,-533.8066409305121,1685.10.sbml.csv,Vaginal Probiotic
5542,515.2008940196228,54.14606641052203,1685.10.sbml.csv,Vaginal Probiotic
5543,-583.1003382572709,-2203.3469041333633,1685.10.sbml.csv,Vaginal Probiotic
5544,-1922.47428362354,-1488.6498101765465,1685.10.sbml.csv,Vaginal Probiotic
5545,-1288.1023292207692,104.33790128231155,1685.10.sbml.csv,Vaginal Probiotic
5546,-666.5019218603583,-369.4127537179113,1685.10.sbml.csv,Vaginal Probiotic
5547,-895.8444982379636,-483.4848603738145,1685.10.sbml.csv,Vaginal Probiotic
5548,-2444.2307060046,-876.6097183615095,1685.10.sbml.csv,Vaginal Probiotic
5549,-1307.7208580513895,-224.20960121896786,1685.10.sbml.csv,Vaginal Probiotic
5550,-919.9914659879256,-576.5928803377217,1685.10.sbml.csv,Vaginal Probiotic
5551,-1022.1205545016321,-996.7965097212207,1685.10.sbml.csv,Vaginal Probiotic
5552,-1829.3502239517313,942.6381442648612,1685.10.sbml.csv,Vaginal Probiotic
5553,999.0457489990929,-1130.2969734704523,1685.10.sbml.csv,Vaginal Probiotic
5554,-2312.2704998852187,-842.7056771569045,1685.10.sbml.csv,Vaginal Probiotic
5555,-449.45067782800635,-1352.8220067605698,1685.10.sbml.csv,Vaginal Probiotic
5556,-1073.204273847466,-657.3749396591668,1685.10.sbml.csv,Vaginal Probiotic
5557,-952.3980637019321,-1506.3957522130054,1685.10.sbml.csv,Vaginal Probiotic
5558,-2340.0732609680394,-422.23859445405947,1685.10.sbml.csv,Vaginal Probiotic
5559,248.04327671652703,-1079.1002922082566,1685.10.sbml.csv,Vaginal Probiotic
5560,-1007.0631366513478,306.83381767394485,1685.10.sbml.csv,Vaginal Probiotic
5561,282.8375128050229,-1186.8181448598157,1685.10.sbml.csv,Vaginal Probiotic
5562,-401.8298334526323,-1542.198433699336,1685.10.sbml.csv,Vaginal Probiotic
5563,-1495.1251788594966,-751.7661033790298,1685.10.sbml.csv,Vaginal Probiotic
5564,139.0047991692966,-1486.5839397887123,1685.10.sbml.csv,Vaginal Probiotic
5565,-1059.4111697033527,-175.07531524130385,1685.10.sbml.csv,Vaginal Probiotic
5566,-172.97919530040454,-1481.9169445861537,1685.10.sbml.csv,Vaginal Probiotic
5567,-2504.8506182272445,-612.1558448992521,1685.10.sbml.csv,Vaginal Probiotic
5568,-1114.9942020804795,-1586.641705703475,1685.10.sbml.csv,Vaginal Probiotic
5569,-1513.6628362187955,-868.2263904276024,1685.10.sbml.csv,Vaginal Probiotic
5570,-2220.433615534676,-970.4875934401548,1685.10.sbml.csv,Vaginal Probiotic
5571,531.5802551176517,-760.0463384522919,1685.10.sbml.csv,Vaginal Probiotic
5572,-245.02592305726546,-464.6837068795804,1685.10.sbml.csv,Vaginal Probiotic
5573,102.1307344502877,-712.0284449370562,1685.10.sbml.csv,Vaginal Probiotic
5574,-1525.3738569204165,-388.78313651830786,1685.10.sbml.csv,Vaginal Probiotic
5575,-1172.1986226966926,-1196.2797843921599,1685.10.sbml.csv,Vaginal Probiotic
5576,-603.4362150605633,-1714.983310559062,1685.10.sbml.csv,Vaginal Probiotic
5577,-864.3382856924219,-2628.3961977437702,1685.10.sbml.csv,Vaginal Probiotic
5578,-335.94036729361767,-1433.8347620714244,1685.10.sbml.csv,Vaginal Probiotic
5579,135.90773112610978,-354.3693538932248,1685.10.sbml.csv,Vaginal Probiotic
5580,-1782.7389912827907,-91.44723547649217,1685.10.sbml.csv,Vaginal Probiotic
5581,-942.521768673036,-1117.056468638579,1685.10.sbml.csv,Vaginal Probiotic
5582,-303.4114413263979,-494.00110945153824,1685.10.sbml.csv,Vaginal Probiotic
5583,2.8749970422835185,118.06506555815287,1685.10.sbml.csv,Vaginal Probiotic
5584,-1149.87701046279,-1349.3727486211149,1685.10.sbml.csv,Vaginal Probiotic
5585,758.1392965299747,-586.4339413633276,1685.10.sbml.csv,Vaginal Probiotic
5586,372.87699324085895,-1624.1300621771925,1685.10.sbml.csv,Vaginal Probiotic
5587,-1161.2313714247612,672.2935789733708,1685.10.sbml.csv,Vaginal Probiotic
5588,1371.624423293278,788.904510679244,1685.10.sbml.csv,Vaginal Probiotic
5589,-2189.695233871207,-1014.0792081937855,1685.10.sbml.csv,Vaginal Probiotic
5590,-576.8934255897765,-1459.8484448961592,1685.10.sbml.csv,Vaginal Probiotic
5591,-2132.547814990351,-1442.6397948285241,1685.10.sbml.csv,Vaginal Probiotic
5592,-2001.8931293833075,-1664.9760603232858,1685.10.sbml.csv,Vaginal Probiotic
5593,-1603.3982528817596,-2051.368971452079,1685.10.sbml.csv,Vaginal Probiotic
5594,-439.6265649432654,-2029.6055549045009,1685.10.sbml.csv,Vaginal Probiotic
5595,-1840.1594005605161,422.2339733730966,1685.10.sbml.csv,Vaginal Probiotic
5596,-941.950979179527,-371.2168410212541,1685.10.sbml.csv,Vaginal Probiotic
5597,-841.7132450003395,-1109.9541424230567,1685.10.sbml.csv,Vaginal Probiotic
5598,-1746.4622227429493,31.282800629567117,1685.10.sbml.csv,Vaginal Probiotic
5599,-1659.925469316928,-217.3218353091266,1685.10.sbml.csv,Vaginal Probiotic
5600,-216.92035710575053,-2261.2100075801322,1685.10.sbml.csv,Vaginal Probiotic
5601,639.3932794519284,-1542.3721643397712,1685.10.sbml.csv,Vaginal Probiotic
5602,-1249.5452398607777,-415.04862274467877,1685.10.sbml.csv,Vaginal Probiotic
5603,-554.4830795846533,142.35251318494426,1685.10.sbml.csv,Vaginal Probiotic
5604,-10.376616722531903,-1560.5627968717342,1685.10.sbml.csv,Vaginal Probiotic
5605,129.298372254775,-1017.7803638867116,1685.10.sbml.csv,Vaginal Probiotic
5606,-1004.8181607130923,-219.19195329166513,1685.10.sbml.csv,Vaginal Probiotic
5607,-737.1276213281709,-645.3636143619773,1685.10.sbml.csv,Vaginal Probiotic
5608,-2730.9154670158246,-906.1616243494072,1685.10.sbml.csv,Vaginal Probiotic
5609,-2072.781849816299,-1508.300963845678,1685.10.sbml.csv,Vaginal Probiotic
5610,-634.590164484947,-364.5998927204986,1685.10.sbml.csv,Vaginal Probiotic
5611,25.01434963236932,-1949.1665011373627,1685.10.sbml.csv,Vaginal Probiotic
5612,-1554.5410253419234,-376.98234093764825,1685.10.sbml.csv,Vaginal Probiotic
5613,86.5520531480618,-1327.8947470664511,1685.10.sbml.csv,Vaginal Probiotic
5614,-1285.528032791153,-967.9003812564468,1685.10.sbml.csv,Vaginal Probiotic
5615,709.2266985210553,-699.7977762710728,1685.10.sbml.csv,Vaginal Probiotic
5616,-1585.087762113416,-1703.638633513582,1685.10.sbml.csv,Vaginal Probiotic
5617,-1906.0974073382786,280.01925793631204,1685.10.sbml.csv,Vaginal Probiotic
5618,-1502.2048716432066,-567.5865102122733,1685.10.sbml.csv,Vaginal Probiotic
5619,-179.69410554439344,616.9094405698916,1685.10.sbml.csv,Vaginal Probiotic
5620,-528.8191719811745,-1490.808136167684,1685.10.sbml.csv,Vaginal Probiotic
5621,-353.34449616802584,-1015.6860683637912,1685.10.sbml.csv,Vaginal Probiotic
5622,-1298.2405344856036,-159.31860739808607,1685.10.sbml.csv,Vaginal Probiotic
5623,622.0439613701075,-1015.72631004311,1685.10.sbml.csv,Vaginal Probiotic
5624,961.8013658053026,-1142.3235444650898,1685.10.sbml.csv,Vaginal Probiotic
5625,37.42794997885385,-1104.5196473883748,1685.10.sbml.csv,Vaginal Probiotic
5626,-60.66267325405665,-1131.8197657659925,1685.10.sbml.csv,Vaginal Probiotic
5627,-2205.982572240146,-560.5308520707381,1685.10.sbml.csv,Vaginal Probiotic
5628,-1795.6441920321352,-1607.214183526831,1685.10.sbml.csv,Vaginal Probiotic
5629,-725.2008914937605,-969.1786004374852,1685.10.sbml.csv,Vaginal Probiotic
5630,-2409.5160284074846,-1443.3742034137233,1685.10.sbml.csv,Vaginal Probiotic
5631,797.3764163307575,-985.170550521283,1685.10.sbml.csv,Vaginal Probiotic
5632,-141.22201352575559,-1431.1907344556232,1685.10.sbml.csv,Vaginal Probiotic
5633,-454.56232426082914,-47.5419137036745,1685.10.sbml.csv,Vaginal Probiotic
5634,-93.05152641199079,-1177.5008594561948,1685.10.sbml.csv,Vaginal Probiotic
5635,-44.521628451940906,-123.25913841620435,1685.10.sbml.csv,Vaginal Probiotic
5636,-2210.8036541351184,-1089.1446403688365,1685.10.sbml.csv,Vaginal Probiotic
5637,-1753.6437294480334,-553.0825698347143,1685.10.sbml.csv,Vaginal Probiotic
5638,-847.2895579201714,-615.4933919242384,1685.10.sbml.csv,Vaginal Probiotic
5639,-1594.4840129151783,-1805.286882032434,1685.10.sbml.csv,Vaginal Probiotic
5640,-1328.373111392991,-1253.377703577806,1685.10.sbml.csv,Vaginal Probiotic
5641,-681.8206132678695,-914.8813548973424,1685.10.sbml.csv,Vaginal Probiotic
5642,-178.1298842467197,-1420.0880129416682,1685.10.sbml.csv,Vaginal Probiotic
5643,-1006.3287395791015,-685.6729912256055,1685.10.sbml.csv,Vaginal Probiotic
5644,-924.1481702460185,42.50338351740427,1685.10.sbml.csv,Vaginal Probiotic
5645,-70.55493046120289,-817.1634032476763,1685.10.sbml.csv,Vaginal Probiotic
5646,368.43780437131954,-581.3577498031931,1685.10.sbml.csv,Vaginal Probiotic
5647,-913.2386726861765,427.02200051625596,1685.10.sbml.csv,Vaginal Probiotic
5648,-351.2651924919314,20.323879212453765,1685.10.sbml.csv,Vaginal Probiotic
5649,253.19008470860084,-1923.986594041382,1685.10.sbml.csv,Vaginal Probiotic
5650,-456.0364094041484,-201.34104509201853,1685.10.sbml.csv,Vaginal Probiotic
5651,-2337.1050093948315,-1035.2756614077532,1685.10.sbml.csv,Vaginal Probiotic
5652,-2877.765377988979,-652.9448354636511,1685.10.sbml.csv,Vaginal Probiotic
5653,-94.58513101546079,-732.0157899499332,1685.10.sbml.csv,Vaginal Probiotic
5654,211.59080014352782,-917.7219875670578,1685.10.sbml.csv,Vaginal Probiotic
5655,-1641.8419452201942,-1821.4001154719447,1685.10.sbml.csv,Vaginal Probiotic
5656,-657.6476004361195,-521.9607444837443,1685.10.sbml.csv,Vaginal Probiotic
5657,-1381.717350571875,-751.500187842967,1685.10.sbml.csv,Vaginal Probiotic
5658,-1952.555618969796,-1632.9981677197927,1685.10.sbml.csv,Vaginal Probiotic
5659,72.60469865063608,-1749.6677769239639,1685.10.sbml.csv,Vaginal Probiotic
5660,-394.92498486588676,-1780.218107258689,1685.10.sbml.csv,Vaginal Probiotic
5661,583.758804139637,-1445.253743490052,1685.10.sbml.csv,Vaginal Probiotic
5662,-321.0982011012527,-135.31720096456195,1685.10.sbml.csv,Vaginal Probiotic
5663,-290.3052271918282,-1864.6306193196074,1685.10.sbml.csv,Vaginal Probiotic
5664,-1177.9628567266966,-14.507981240458037,1685.10.sbml.csv,Vaginal Probiotic
5665,-1114.807556054282,-1478.6804665838213,1685.10.sbml.csv,Vaginal Probiotic
5666,-2427.762190454364,-1461.394476107301,1685.10.sbml.csv,Vaginal Probiotic
5667,-256.0587484640974,-1999.8428786947177,1685.10.sbml.csv,Vaginal Probiotic
5668,541.664263143924,-608.7238099818633,1685.10.sbml.csv,Vaginal Probiotic
5669,-1353.8905271767533,-976.2246786815942,1685.10.sbml.csv,Vaginal Probiotic
5670,1086.6772275038616,-1023.3202661857102,1685.10.sbml.csv,Vaginal Probiotic
5671,-686.6178189497351,859.1844934790944,1685.10.sbml.csv,Vaginal Probiotic
5672,-2148.0475280512233,-363.278750988702,1685.10.sbml.csv,Vaginal Probiotic
5673,-1069.1194186718803,-1763.6641806705502,1685.10.sbml.csv,Vaginal Probiotic
5674,-798.9865784528015,-250.3617451204845,1685.10.sbml.csv,Vaginal Probiotic
5675,-1740.8380268777762,-1019.3104251370324,1685.10.sbml.csv,Vaginal Probiotic
5676,-165.93140989967762,-1339.6104784561971,1685.10.sbml.csv,Vaginal Probiotic
5677,-2023.6753662922054,-1261.4931292014498,1685.10.sbml.csv,Vaginal Probiotic
5678,-272.82381424362256,145.88787578798076,1685.10.sbml.csv,Vaginal Probiotic
5679,-1378.4431224909379,-1830.0100252109319,1685.10.sbml.csv,Vaginal Probiotic
5680,-594.9168799049952,-2117.59769392732,1685.10.sbml.csv,Vaginal Probiotic
5681,-1278.9763535269083,-965.846409198837,1685.10.sbml.csv,Vaginal Probiotic
5682,-1713.6268241003559,-202.3988655297902,1685.10.sbml.csv,Vaginal Probiotic
5683,-1352.9440456200327,-2008.3040690546159,1685.10.sbml.csv,Vaginal Probiotic
5684,-1623.020653237299,-1262.6956006196824,1685.10.sbml.csv,Vaginal Probiotic
5685,-2877.8542401557,515.8656240494098,1685.10.sbml.csv,Vaginal Probiotic
5686,151.7669910874661,-1770.3806911104973,1685.10.sbml.csv,Vaginal Probiotic
5687,1160.1249692905176,-1573.78218849067,1685.10.sbml.csv,Vaginal Probiotic
5688,-1818.9263788766937,-1181.8631521117832,1685.10.sbml.csv,Vaginal Probiotic
5689,495.0370033308805,-1593.407249522482,1685.10.sbml.csv,Vaginal Probiotic
5690,-706.5766052199283,-1352.6306071571914,1685.10.sbml.csv,Vaginal Probiotic
5691,-2520.80952078366,-1854.1659839948709,1685.10.sbml.csv,Vaginal Probiotic
5692,-759.4890574461201,-1471.1613452562715,1685.10.sbml.csv,Vaginal Probiotic
5693,-2718.3924345973696,-731.777463986161,1685.10.sbml.csv,Vaginal Probiotic
5694,-1551.3227920204959,-1435.7202110235874,1685.10.sbml.csv,Vaginal Probiotic
5695,420.82391218184756,-883.4484397489477,1685.10.sbml.csv,Vaginal Probiotic
5696,166.11766170735063,-1002.6360234178244,1685.10.sbml.csv,Vaginal Probiotic
5697,-105.10212460448209,-377.20832645265824,1685.10.sbml.csv,Vaginal Probiotic
5698,-660.4216497882835,-1317.281543939921,1685.10.sbml.csv,Vaginal Probiotic
5699,982.5276520389071,-1854.4321938056169,1685.10.sbml.csv,Vaginal Probiotic
5700,77.20461956828906,-2490.4310538560608,1685.10.sbml.csv,Vaginal Probiotic
5701,-1657.4605528185925,-1869.676543784195,1685.10.sbml.csv,Vaginal Probiotic
5702,-2518.757121999865,-1316.7121335856048,1685.10.sbml.csv,Vaginal Probiotic
5703,480.66123120513265,234.61631642592033,1685.10.sbml.csv,Vaginal Probiotic
5704,-706.7374596704623,-1045.379749639233,1685.10.sbml.csv,Vaginal Probiotic
5705,-821.4017527696815,-542.1342567097096,1685.10.sbml.csv,Vaginal Probiotic
5706,-687.7367546083042,-1956.9729585167465,1685.10.sbml.csv,Vaginal Probiotic
5707,-775.2227213905335,-1335.9557588249227,1685.10.sbml.csv,Vaginal Probiotic
5708,-808.1057630427191,-1270.8431032064673,1685.10.sbml.csv,Vaginal Probiotic
5709,-1000.2569514041809,-1043.5440140556605,1685.10.sbml.csv,Vaginal Probiotic
5710,396.8135868882878,-1658.798233240846,1685.10.sbml.csv,Vaginal Probiotic
5711,-1047.403673655786,-1378.1902403078032,1685.10.sbml.csv,Vaginal Probiotic
5712,21.093780741260883,-1035.868396907827,1685.10.sbml.csv,Vaginal Probiotic
5713,-1290.892850229064,123.84119403294352,1685.10.sbml.csv,Vaginal Probiotic
5714,260.07591257504663,-602.551698273378,1685.10.sbml.csv,Vaginal Probiotic
5715,-500.6547331569954,-1316.369281937246,1685.10.sbml.csv,Vaginal Probiotic
5716,-353.10628878513467,-1494.1418432676523,1685.10.sbml.csv,Vaginal Probiotic
5717,-955.0614596148384,-1081.8161667621396,1685.10.sbml.csv,Vaginal Probiotic
5718,-1724.5369230874926,-741.1670572640007,1685.10.sbml.csv,Vaginal Probiotic
5719,347.6573550973247,-731.6255571842984,1685.10.sbml.csv,Vaginal Probiotic
5720,-624.0277620229864,-648.7974652330483,1685.10.sbml.csv,Vaginal Probiotic
5721,-1205.4368592819922,-1848.4724781406817,1685.10.sbml.csv,Vaginal Probiotic
5722,-468.8950468744887,-1007.1434413232549,1685.10.sbml.csv,Vaginal Probiotic
5723,-367.46617382612186,-1460.8871646089588,1685.10.sbml.csv,Vaginal Probiotic
5724,302.36165728285147,-1154.0086985497235,1685.10.sbml.csv,Vaginal Probiotic
5725,696.6798616195307,269.0194145374003,1685.10.sbml.csv,Vaginal Probiotic
5726,-2164.9852850193574,-1694.2958146147728,1685.10.sbml.csv,Vaginal Probiotic
5727,-854.8666379353199,-822.9114545594033,1685.10.sbml.csv,Vaginal Probiotic
5728,-1847.9995052570841,-1026.5495262209304,1685.10.sbml.csv,Vaginal Probiotic
5729,-222.2730785736118,62.378608811391324,1685.10.sbml.csv,Vaginal Probiotic
5730,-210.78647039978446,-2424.674523943136,1685.10.sbml.csv,Vaginal Probiotic
5731,-589.0075689339842,-2239.2302321713455,1685.10.sbml.csv,Vaginal Probiotic
5732,-1323.0240381592696,-307.77870141377394,1685.10.sbml.csv,Vaginal Probiotic
5733,209.78936290361577,-728.0165551876651,1685.10.sbml.csv,Vaginal Probiotic
5734,-560.0233803339657,-412.84120787853186,1685.10.sbml.csv,Vaginal Probiotic
5735,-2551.8588770667893,-1201.4621204579828,1685.10.sbml.csv,Vaginal Probiotic
5736,-528.8079296904241,-574.8318428709528,1685.10.sbml.csv,Vaginal Probiotic
5737,-1796.7224503499021,-1482.156864248698,1685.10.sbml.csv,Vaginal Probiotic
5738,231.72766252185963,-882.9906355476221,1685.10.sbml.csv,Vaginal Probiotic
5739,505.6101897022339,-1091.2299339333154,1685.10.sbml.csv,Vaginal Probiotic
5740,146.9434086131992,-852.5707889937739,1685.10.sbml.csv,Vaginal Probiotic
5741,-409.7089439152838,-669.8029662259934,1685.10.sbml.csv,Vaginal Probiotic
5742,81.81626018167061,-1731.946536108607,1685.10.sbml.csv,Vaginal Probiotic
5743,122.21032239081634,-667.7233348190326,1685.10.sbml.csv,Vaginal Probiotic
5744,-936.80514505976,-691.844002344045,1685.10.sbml.csv,Vaginal Probiotic
5745,407.84233717079894,-1206.3762087612458,1685.10.sbml.csv,Vaginal Probiotic
5746,-260.9056052508928,-568.6581069111547,1685.10.sbml.csv,Vaginal Probiotic
5747,-1927.3676082831664,-642.3436015851812,1685.10.sbml.csv,Vaginal Probiotic
5748,-1716.904604381308,-1446.552248593555,1685.10.sbml.csv,Vaginal Probiotic
5749,-1231.892067812388,-70.23101869927798,1685.10.sbml.csv,Vaginal Probiotic
5750,501.2831674706001,1044.507611588385,1598.864.sbml.csv,Vaginal Probiotic
5751,42.427753338763196,1403.9362951421379,1598.864.sbml.csv,Vaginal Probiotic
5752,684.6797774518783,1057.4265870810452,1598.864.sbml.csv,Vaginal Probiotic
5753,-561.5483894946126,1834.3526258829938,1598.864.sbml.csv,Vaginal Probiotic
5754,591.9213293458752,605.1765675619461,1598.864.sbml.csv,Vaginal Probiotic
5755,864.7094018069209,1010.6429624605889,1598.864.sbml.csv,Vaginal Probiotic
5756,-744.8848754767596,1235.360751436042,1598.864.sbml.csv,Vaginal Probiotic
5757,-234.4941077512925,378.92471439976055,1598.864.sbml.csv,Vaginal Probiotic
5758,-135.36057469911714,1420.298656329934,1598.864.sbml.csv,Vaginal Probiotic
5759,-676.7121537141177,230.57157853806368,1598.864.sbml.csv,Vaginal Probiotic
5760,467.20373106243215,737.9596616895687,1598.864.sbml.csv,Vaginal Probiotic
5761,-67.65855779210209,2575.962329785574,1598.864.sbml.csv,Vaginal Probiotic
5762,1086.0179428164877,951.7888303500778,1598.864.sbml.csv,Vaginal Probiotic
5763,-752.903433470621,1571.0737314477267,1598.864.sbml.csv,Vaginal Probiotic
5764,793.9796857307366,986.8807715751758,1598.864.sbml.csv,Vaginal Probiotic
5765,833.3327806080239,262.0302894106975,1598.864.sbml.csv,Vaginal Probiotic
5766,685.3343878408673,1289.2638338602796,1598.864.sbml.csv,Vaginal Probiotic
5767,-163.50026321358334,1004.4938046665893,1598.864.sbml.csv,Vaginal Probiotic
5768,-768.258837588773,1278.4897011330943,1598.864.sbml.csv,Vaginal Probiotic
5769,21.53188715252912,1625.1193634819754,1598.864.sbml.csv,Vaginal Probiotic
5770,21.62798504673722,1832.3150476001754,1598.864.sbml.csv,Vaginal Probiotic
5771,466.6744526249408,510.78345129017333,1598.864.sbml.csv,Vaginal Probiotic
5772,-929.2237900022199,1317.005975177237,1598.864.sbml.csv,Vaginal Probiotic
5773,-497.66056079278957,874.9407422805757,1598.864.sbml.csv,Vaginal Probiotic
5774,465.88107837542464,924.7200695226032,1598.864.sbml.csv,Vaginal Probiotic
5775,788.5875025763851,1406.919120524215,1598.864.sbml.csv,Vaginal Probiotic
5776,-376.6586597620733,1768.9382226667503,1598.864.sbml.csv,Vaginal Probiotic
5777,-559.1556387254949,290.6694205718518,1598.864.sbml.csv,Vaginal Probiotic
5778,539.4237586837997,884.0261864744529,1598.864.sbml.csv,Vaginal Probiotic
5779,372.6680459685521,1370.455354208487,1598.864.sbml.csv,Vaginal Probiotic
5780,451.41329948083217,664.2539805096151,1598.864.sbml.csv,Vaginal Probiotic
5781,268.8898874195653,1253.8901645161122,1598.864.sbml.csv,Vaginal Probiotic
5782,496.3764235416851,926.4780507352245,1598.864.sbml.csv,Vaginal Probiotic
5783,742.9519278852811,748.3606146927659,1598.864.sbml.csv,Vaginal Probiotic
5784,-25.53283527023416,1810.6016752108483,1598.864.sbml.csv,Vaginal Probiotic
5785,20.41700755013397,637.7525583344843,1598.864.sbml.csv,Vaginal Probiotic
5786,143.0103522956165,891.7291735646307,1598.864.sbml.csv,Vaginal Probiotic
5787,-771.4007795191335,1065.5376396354416,1598.864.sbml.csv,Vaginal Probiotic
5788,365.0488698605791,1179.722295961393,1598.864.sbml.csv,Vaginal Probiotic
5789,-1417.407725688221,972.4735869798621,1598.864.sbml.csv,Vaginal Probiotic
5790,181.92933618754088,249.9308954931313,1598.864.sbml.csv,Vaginal Probiotic
5791,71.36560894619946,835.0725672001356,1598.864.sbml.csv,Vaginal Probiotic
5792,1000.7540598698688,1474.0723307086027,1598.864.sbml.csv,Vaginal Probiotic
5793,-102.68709612491536,1277.5345918557582,1598.864.sbml.csv,Vaginal Probiotic
5794,-1079.7285714809022,1505.4531430868647,1598.864.sbml.csv,Vaginal Probiotic
5795,-1657.2111393676132,2046.4506976762307,1598.864.sbml.csv,Vaginal Probiotic
5796,337.49216197046235,1061.4524437210391,1598.864.sbml.csv,Vaginal Probiotic
5797,334.06930374996654,941.164962175334,1598.864.sbml.csv,Vaginal Probiotic
5798,-520.2758953989661,438.76797645796927,1598.864.sbml.csv,Vaginal Probiotic
5799,335.87876679579546,1907.7803538808917,1598.864.sbml.csv,Vaginal Probiotic
5800,-43.37470936793469,1835.230355555934,1598.864.sbml.csv,Vaginal Probiotic
5801,571.1347618145667,803.1667974557029,1598.864.sbml.csv,Vaginal Probiotic
5802,-834.7353657492328,623.3079700549923,1598.864.sbml.csv,Vaginal Probiotic
5803,339.496968253338,1072.9988114842695,1598.864.sbml.csv,Vaginal Probiotic
5804,161.98984174352432,904.7363461025802,1598.864.sbml.csv,Vaginal Probiotic
5805,-192.67116622209664,1194.624111370708,1598.864.sbml.csv,Vaginal Probiotic
5806,-345.158668915494,1878.084180007438,1598.864.sbml.csv,Vaginal Probiotic
5807,302.9382518158094,849.7065880472235,1598.864.sbml.csv,Vaginal Probiotic
5808,29.508581289923463,1292.3526679114264,1598.864.sbml.csv,Vaginal Probiotic
5809,534.4348675582663,656.5580494936756,1598.864.sbml.csv,Vaginal Probiotic
5810,-509.3641362672754,891.7034951854504,1598.864.sbml.csv,Vaginal Probiotic
5811,-598.115405269504,1632.477340273624,1598.864.sbml.csv,Vaginal Probiotic
5812,205.8842156408249,1279.6754346805108,1598.864.sbml.csv,Vaginal Probiotic
5813,610.5810601988138,778.8966569573556,1598.864.sbml.csv,Vaginal Probiotic
5814,1114.38904534902,630.2838382613301,1598.864.sbml.csv,Vaginal Probiotic
5815,462.9577282341708,1344.2558695016585,1598.864.sbml.csv,Vaginal Probiotic
5816,519.9385927102041,651.2325862350403,1598.864.sbml.csv,Vaginal Probiotic
5817,1089.3793909757553,536.7904174214797,1598.864.sbml.csv,Vaginal Probiotic
5818,1066.3757389452314,590.9191629311566,1598.864.sbml.csv,Vaginal Probiotic
5819,299.9383508488689,413.8734866455658,1598.864.sbml.csv,Vaginal Probiotic
5820,104.28473346761878,945.7273220546159,1598.864.sbml.csv,Vaginal Probiotic
5821,849.173519446726,564.7566946201661,1598.864.sbml.csv,Vaginal Probiotic
5822,523.7511353890322,2068.4149419319374,1598.864.sbml.csv,Vaginal Probiotic
5823,217.72252137616266,732.6685954904699,1598.864.sbml.csv,Vaginal Probiotic
5824,-134.71038445676348,1677.9055798105207,1598.864.sbml.csv,Vaginal Probiotic
5825,-795.501327111487,1179.4392356525534,1598.864.sbml.csv,Vaginal Probiotic
5826,-84.72408863935742,1032.020083335618,1598.864.sbml.csv,Vaginal Probiotic
5827,57.86104160877069,378.4641315673875,1598.864.sbml.csv,Vaginal Probiotic
5828,73.53441445468927,1628.3447358608055,1598.864.sbml.csv,Vaginal Probiotic
5829,236.88486255929237,1197.2485446428711,1598.864.sbml.csv,Vaginal Probiotic
5830,-740.064956821893,1361.6656849028222,1598.864.sbml.csv,Vaginal Probiotic
5831,-959.8483747107834,2016.163749521531,1598.864.sbml.csv,Vaginal Probiotic
5832,-550.8127536053456,1838.6981691436763,1598.864.sbml.csv,Vaginal Probiotic
5833,559.1458490172548,1557.99648881561,1598.864.sbml.csv,Vaginal Probiotic
5834,70.57536823968952,563.2854758180291,1598.864.sbml.csv,Vaginal Probiotic
5835,973.8781074883607,907.9599196000447,1598.864.sbml.csv,Vaginal Probiotic
5836,1139.707889671164,1034.5839158310769,1598.864.sbml.csv,Vaginal Probiotic
5837,-1213.1080439368225,1229.3354218716938,1598.864.sbml.csv,Vaginal Probiotic
5838,898.8670401914101,447.2269496510159,1598.864.sbml.csv,Vaginal Probiotic
5839,830.8961356765377,490.34433711833407,1598.864.sbml.csv,Vaginal Probiotic
5840,-842.6953209211242,1657.390598678604,1598.864.sbml.csv,Vaginal Probiotic
5841,538.9221516622075,201.6841841464196,1598.864.sbml.csv,Vaginal Probiotic
5842,-1339.164145734048,1145.2479990153208,1598.864.sbml.csv,Vaginal Probiotic
5843,972.5867865633103,1046.2200134921109,1598.864.sbml.csv,Vaginal Probiotic
5844,951.2972514458529,1217.3810465631616,1598.864.sbml.csv,Vaginal Probiotic
5845,-188.08999894250186,823.4831886041716,1598.864.sbml.csv,Vaginal Probiotic
5846,758.788783353843,878.0012271869365,1598.864.sbml.csv,Vaginal Probiotic
5847,-1650.7166087777873,2559.190881995756,1598.864.sbml.csv,Vaginal Probiotic
5848,-138.01209259916132,1196.5082562062798,1598.864.sbml.csv,Vaginal Probiotic
5849,1040.5559974256926,705.1925583823473,1598.864.sbml.csv,Vaginal Probiotic
5850,-240.05799963054335,1182.2304244427507,1598.864.sbml.csv,Vaginal Probiotic
5851,89.70403851337612,1625.2492283005568,1598.864.sbml.csv,Vaginal Probiotic
5852,-1068.0743307727764,2160.055076380021,1598.864.sbml.csv,Vaginal Probiotic
5853,877.3521490725573,1231.5086328910677,1598.864.sbml.csv,Vaginal Probiotic
5854,-322.58336520704563,1793.9809378642972,1598.864.sbml.csv,Vaginal Probiotic
5855,834.7098385073016,1562.4101045245768,1598.864.sbml.csv,Vaginal Probiotic
5856,-475.66852927921025,992.511428881047,1598.864.sbml.csv,Vaginal Probiotic
5857,-567.4359810666082,383.10770725382764,1598.864.sbml.csv,Vaginal Probiotic
5858,58.22954425982317,1271.7936737901114,1598.864.sbml.csv,Vaginal Probiotic
5859,841.5666893208493,1011.6062988164118,1598.864.sbml.csv,Vaginal Probiotic
5860,-56.60177223036688,1234.0433729704828,1598.864.sbml.csv,Vaginal Probiotic
5861,-467.776485668731,1140.7243851945152,1598.864.sbml.csv,Vaginal Probiotic
5862,-1495.3676410283558,1653.906445122922,1598.864.sbml.csv,Vaginal Probiotic
5863,789.6134170981218,758.9044944387472,1598.864.sbml.csv,Vaginal Probiotic
5864,236.79253359961066,934.0866493185317,1598.864.sbml.csv,Vaginal Probiotic
5865,-174.77290164498237,1706.0254059438992,1598.864.sbml.csv,Vaginal Probiotic
5866,-1462.9274134090813,2248.765524181541,1598.864.sbml.csv,Vaginal Probiotic
5867,77.74233248808922,1125.5290021042345,1598.864.sbml.csv,Vaginal Probiotic
5868,-69.37430691596907,1262.4768789447555,1598.864.sbml.csv,Vaginal Probiotic
5869,248.47655668720623,470.59420895673674,1598.864.sbml.csv,Vaginal Probiotic
5870,1057.181570561242,719.359584643307,1598.864.sbml.csv,Vaginal Probiotic
5871,-329.5107715302985,554.5247804151797,1598.864.sbml.csv,Vaginal Probiotic
5872,175.37283300555558,588.4152451830655,1598.864.sbml.csv,Vaginal Probiotic
5873,-121.98625441344426,1202.0677955777244,1598.864.sbml.csv,Vaginal Probiotic
5874,586.6645014913857,581.3731333048092,1598.864.sbml.csv,Vaginal Probiotic
5875,-230.5001128106334,935.471706984796,1598.864.sbml.csv,Vaginal Probiotic
5876,-730.7639736550755,927.3244600474978,1598.864.sbml.csv,Vaginal Probiotic
5877,-472.93872225535097,1546.7609197241222,1598.864.sbml.csv,Vaginal Probiotic
5878,1070.0637046557397,332.91785624963876,1598.864.sbml.csv,Vaginal Probiotic
5879,583.4661640526783,1381.4489182055345,1598.864.sbml.csv,Vaginal Probiotic
5880,-459.7276922028014,1281.5153249957405,1598.864.sbml.csv,Vaginal Probiotic
5881,643.8505449125728,480.58207506957666,1598.864.sbml.csv,Vaginal Probiotic
5882,687.746315114456,852.985767292819,1598.864.sbml.csv,Vaginal Probiotic
5883,848.0628553170568,345.8640448359761,1598.864.sbml.csv,Vaginal Probiotic
5884,887.7467266703677,1452.6329411539427,1598.864.sbml.csv,Vaginal Probiotic
5885,-1005.1659706340672,1365.7379850475288,1598.864.sbml.csv,Vaginal Probiotic
5886,-108.28781058056363,942.4731801640929,1598.864.sbml.csv,Vaginal Probiotic
5887,324.1045140610326,662.6880801754644,1598.864.sbml.csv,Vaginal Probiotic
5888,-1021.8578229694183,1566.0521380900973,1598.864.sbml.csv,Vaginal Probiotic
5889,911.802930980339,292.69737599143906,1598.864.sbml.csv,Vaginal Probiotic
5890,-87.6787334299503,1002.8635875645348,1598.864.sbml.csv,Vaginal Probiotic
5891,-495.023408345888,1287.643927154627,1598.864.sbml.csv,Vaginal Probiotic
5892,-863.862507963314,685.4835805007021,1598.864.sbml.csv,Vaginal Probiotic
5893,-445.8297611669867,448.93228632560096,1598.864.sbml.csv,Vaginal Probiotic
5894,-1448.2576647848095,1034.0046100089405,1598.864.sbml.csv,Vaginal Probiotic
5895,-215.5963377302069,1345.9479647995188,1598.864.sbml.csv,Vaginal Probiotic
5896,728.1093817464669,1567.4355913351685,1598.864.sbml.csv,Vaginal Probiotic
5897,943.9211338606624,605.5913960596029,1598.864.sbml.csv,Vaginal Probiotic
5898,-1338.983913585431,774.7047640301561,1598.864.sbml.csv,Vaginal Probiotic
5899,-330.41661236615465,897.9181460903671,1598.864.sbml.csv,Vaginal Probiotic
5900,-963.8126224996521,1693.0448457240177,1598.864.sbml.csv,Vaginal Probiotic
5901,620.6891267223605,792.3263706276845,1598.864.sbml.csv,Vaginal Probiotic
5902,926.2161857918843,1032.0705015917886,1598.864.sbml.csv,Vaginal Probiotic
5903,622.1017029787756,863.6678075598317,1598.864.sbml.csv,Vaginal Probiotic
5904,299.95973851026235,724.1225854496086,1598.864.sbml.csv,Vaginal Probiotic
5905,-952.4929974858704,1882.967989637365,1598.864.sbml.csv,Vaginal Probiotic
5906,1004.7372673638442,932.247588898941,1598.864.sbml.csv,Vaginal Probiotic
5907,634.2401472443382,231.95381064821697,1598.864.sbml.csv,Vaginal Probiotic
5908,1097.8693281542235,2348.5632968049586,1598.864.sbml.csv,Vaginal Probiotic
5909,671.4108240021998,1508.1590211609007,1598.864.sbml.csv,Vaginal Probiotic
5910,-35.708118366812975,1638.2337010602519,1598.864.sbml.csv,Vaginal Probiotic
5911,750.0903633824854,1348.73760227206,1598.864.sbml.csv,Vaginal Probiotic
5912,193.59509889751374,936.102484499982,1598.864.sbml.csv,Vaginal Probiotic
5913,1029.6710770536406,1247.0705861511585,1598.864.sbml.csv,Vaginal Probiotic
5914,826.1879503961318,1010.7644429017217,1598.864.sbml.csv,Vaginal Probiotic
5915,738.1503732841464,832.3570521851562,1598.864.sbml.csv,Vaginal Probiotic
5916,712.749597686833,502.78551943909486,1598.864.sbml.csv,Vaginal Probiotic
5917,-1091.2634311821712,1492.8184470609558,1598.864.sbml.csv,Vaginal Probiotic
5918,655.0056527099146,1033.6633644491974,1598.864.sbml.csv,Vaginal Probiotic
5919,-1513.3952157222893,1446.200498808045,1598.864.sbml.csv,Vaginal Probiotic
5920,203.98517695875753,1868.514478558738,1598.864.sbml.csv,Vaginal Probiotic
5921,-18.13659355650569,1410.8141250972421,1598.864.sbml.csv,Vaginal Probiotic
5922,-1109.2418357293902,710.0681829082465,1598.864.sbml.csv,Vaginal Probiotic
5923,-157.69767734849748,1312.069953678948,1598.864.sbml.csv,Vaginal Probiotic
5924,58.557484750865086,847.1794271429465,1598.864.sbml.csv,Vaginal Probiotic
5925,219.01907707543353,934.8410810004789,1598.864.sbml.csv,Vaginal Probiotic
5926,90.59380579054557,1446.5103409368105,1598.864.sbml.csv,Vaginal Probiotic
5927,880.2447180491687,925.7601885140848,1598.864.sbml.csv,Vaginal Probiotic
5928,-182.80094583100333,1219.7865851085987,1598.864.sbml.csv,Vaginal Probiotic
5929,48.953969536094704,1273.4541078886998,1598.864.sbml.csv,Vaginal Probiotic
5930,675.2928554325684,1416.3773173865186,1598.864.sbml.csv,Vaginal Probiotic
5931,-183.62089875136977,1815.3116275023783,1598.864.sbml.csv,Vaginal Probiotic
5932,393.0684152717231,1123.0065675380445,1598.864.sbml.csv,Vaginal Probiotic
5933,446.63108871017096,1437.3370413648167,1598.864.sbml.csv,Vaginal Probiotic
5934,214.3485442249571,1524.0686899952084,1598.864.sbml.csv,Vaginal Probiotic
5935,724.7002769683374,822.7552027102141,1598.864.sbml.csv,Vaginal Probiotic
5936,158.14614862603793,298.8548727984648,1598.864.sbml.csv,Vaginal Probiotic
5937,-96.54944269055865,2176.286718540831,1598.864.sbml.csv,Vaginal Probiotic
5938,317.2352083504396,1357.0098744890056,1598.864.sbml.csv,Vaginal Probiotic
5939,-1065.7308187721983,1686.3432748959708,1598.864.sbml.csv,Vaginal Probiotic
5940,-713.0150087027423,1887.1300548308648,1598.864.sbml.csv,Vaginal Probiotic
5941,643.9334824610804,557.492576733419,1598.864.sbml.csv,Vaginal Probiotic
5942,758.5753165668007,1350.3486319946535,1598.864.sbml.csv,Vaginal Probiotic
5943,-988.3066061509176,386.64118124932565,1598.864.sbml.csv,Vaginal Probiotic
5944,-447.45120734743193,1582.8928925322368,1598.864.sbml.csv,Vaginal Probiotic
5945,-1708.1979293704767,1539.1551636489096,1598.864.sbml.csv,Vaginal Probiotic
5946,-277.11218179315665,2809.865499784806,1598.864.sbml.csv,Vaginal Probiotic
5947,-493.8211840876219,966.1889982954343,1598.864.sbml.csv,Vaginal Probiotic
5948,-804.2253307371845,1394.0361765970847,1598.864.sbml.csv,Vaginal Probiotic
5949,780.4675236705532,1318.6365610492437,1598.864.sbml.csv,Vaginal Probiotic
5950,46.66135005051787,1409.0596559354274,1598.864.sbml.csv,Vaginal Probiotic
5951,207.75918155414868,634.3846852165628,1598.864.sbml.csv,Vaginal Probiotic
5952,629.3838038885807,605.0643692537462,1598.864.sbml.csv,Vaginal Probiotic
5953,218.74444564653825,1160.256272616513,1598.864.sbml.csv,Vaginal Probiotic
5954,222.30816054445242,898.0810925475984,1598.864.sbml.csv,Vaginal Probiotic
5955,-135.68323474499252,1623.0496132683431,1598.864.sbml.csv,Vaginal Probiotic
5956,891.6578045254896,648.7882309400208,1598.864.sbml.csv,Vaginal Probiotic
5957,-131.54999389162188,1574.6402610012146,1598.864.sbml.csv,Vaginal Probiotic
5958,-273.61850728771583,1615.8199606907353,1598.864.sbml.csv,Vaginal Probiotic
5959,-146.58727704391384,1101.8287873451025,1598.864.sbml.csv,Vaginal Probiotic
5960,497.52558520556283,546.5191791821604,1598.864.sbml.csv,Vaginal Probiotic
5961,-709.5476534819185,918.8995100900985,1598.864.sbml.csv,Vaginal Probiotic
5962,733.9433360732813,452.8464815669855,1598.864.sbml.csv,Vaginal Probiotic
5963,779.2019931409053,1270.5730016412538,1598.864.sbml.csv,Vaginal Probiotic
5964,2.0470917683229954,756.8193365467507,1598.864.sbml.csv,Vaginal Probiotic
5965,1184.6986219604485,1418.1671522290508,1598.864.sbml.csv,Vaginal Probiotic
5966,77.4214512681118,1521.8659014362045,1598.864.sbml.csv,Vaginal Probiotic
5967,-56.452224912968155,1307.5597982886604,1598.864.sbml.csv,Vaginal Probiotic
5968,905.0012552658667,908.0613391934248,1598.864.sbml.csv,Vaginal Probiotic
5969,1036.890733904866,1260.0427212453853,1598.864.sbml.csv,Vaginal Probiotic
5970,255.87601633490004,872.5876142573345,1598.864.sbml.csv,Vaginal Probiotic
5971,-691.276471126054,2023.6613790806052,1598.864.sbml.csv,Vaginal Probiotic
5972,75.08214754454629,970.4449507480532,1598.864.sbml.csv,Vaginal Probiotic
5973,904.9090593020607,558.8639535079705,1598.864.sbml.csv,Vaginal Probiotic
5974,269.8229302724322,837.1098986496145,1598.864.sbml.csv,Vaginal Probiotic
5975,-41.23465188406436,1181.573605636978,1598.864.sbml.csv,Vaginal Probiotic
5976,104.13239580357155,1046.2930609998105,1598.864.sbml.csv,Vaginal Probiotic
5977,80.99600915463499,376.1557453866291,1598.864.sbml.csv,Vaginal Probiotic
5978,-868.4323061389289,853.1615562125276,1598.864.sbml.csv,Vaginal Probiotic
5979,473.88981551115654,1078.1067002614316,1598.864.sbml.csv,Vaginal Probiotic
5980,-962.4111851594141,2083.6357142745837,1598.864.sbml.csv,Vaginal Probiotic
5981,-125.08088745383937,1712.0632305887868,1598.864.sbml.csv,Vaginal Probiotic
5982,588.2818463801135,1178.8406277154036,1598.864.sbml.csv,Vaginal Probiotic
5983,88.46973125251473,1351.2096494916061,1598.864.sbml.csv,Vaginal Probiotic
5984,703.5817781689383,695.612774177354,1598.864.sbml.csv,Vaginal Probiotic
5985,722.9737055416074,48.13370286520362,1598.864.sbml.csv,Vaginal Probiotic
5986,-625.3481347437174,1517.4977875779578,1598.864.sbml.csv,Vaginal Probiotic
5987,721.1787013600328,679.9118312039046,1598.864.sbml.csv,Vaginal Probiotic
5988,546.7044478951445,1114.764386464306,1598.864.sbml.csv,Vaginal Probiotic
5989,391.88881352251195,788.9968556431156,1598.864.sbml.csv,Vaginal Probiotic
5990,-1083.8619123485362,1222.4355692730524,1598.864.sbml.csv,Vaginal Probiotic
5991,304.73096748860274,1991.647598068822,1598.864.sbml.csv,Vaginal Probiotic
5992,-2.3794218130997007,659.4531417136154,1598.864.sbml.csv,Vaginal Probiotic
5993,-863.4221455253615,1268.07853885322,1598.864.sbml.csv,Vaginal Probiotic
5994,402.05591253573306,1457.945669243838,1598.864.sbml.csv,Vaginal Probiotic
5995,-789.5179816355338,932.8115680615116,1598.864.sbml.csv,Vaginal Probiotic
5996,690.93488214379,1205.0086385106965,1598.864.sbml.csv,Vaginal Probiotic
5997,-117.9199139953824,309.3936422650577,1598.864.sbml.csv,Vaginal Probiotic
5998,555.7892145436678,1058.0335438113098,1598.864.sbml.csv,Vaginal Probiotic
5999,454.42321309349916,606.9957898039269,1598.864.sbml.csv,Vaginal Probiotic
6000,-2688.653509177671,4160.181053098712,1314884.3.sbml.csv,Vaginal Probiotic
6001,474.9615348982998,2567.116046473546,1314884.3.sbml.csv,Vaginal Probiotic
6002,388.44649650874004,3238.0507180676555,1314884.3.sbml.csv,Vaginal Probiotic
6003,-2561.8224401874572,3372.4318246462726,1314884.3.sbml.csv,Vaginal Probiotic
6004,-1496.2754692208744,3122.6219087961504,1314884.3.sbml.csv,Vaginal Probiotic
6005,-1446.4125019069504,2536.237339309673,1314884.3.sbml.csv,Vaginal Probiotic
6006,422.01151862777647,1018.2256964797955,1314884.3.sbml.csv,Vaginal Probiotic
6007,-684.522271808902,3331.788306185373,1314884.3.sbml.csv,Vaginal Probiotic
6008,-1800.3281861718326,2141.8782431480463,1314884.3.sbml.csv,Vaginal Probiotic
6009,-1819.5017231613238,2822.1798630987023,1314884.3.sbml.csv,Vaginal Probiotic
6010,-1567.5543344584012,2881.5971633179233,1314884.3.sbml.csv,Vaginal Probiotic
6011,-1717.7688797308522,2405.666425591133,1314884.3.sbml.csv,Vaginal Probiotic
6012,-1494.8860793917422,2990.3553694883967,1314884.3.sbml.csv,Vaginal Probiotic
6013,-535.7293340493424,3826.4824484758356,1314884.3.sbml.csv,Vaginal Probiotic
6014,-1903.192123611694,3039.3063431676546,1314884.3.sbml.csv,Vaginal Probiotic
6015,-503.87402504695393,1943.4627982398697,1314884.3.sbml.csv,Vaginal Probiotic
6016,-2741.3349552702457,3888.631054538483,1314884.3.sbml.csv,Vaginal Probiotic
6017,-1031.250207113577,3283.5947736773555,1314884.3.sbml.csv,Vaginal Probiotic
6018,-1757.447508577345,3751.421273886866,1314884.3.sbml.csv,Vaginal Probiotic
6019,-2735.225990785044,3069.0218324164575,1314884.3.sbml.csv,Vaginal Probiotic
6020,-254.33744374128415,3923.7959810311027,1314884.3.sbml.csv,Vaginal Probiotic
6021,-2101.51636881934,3037.242386347775,1314884.3.sbml.csv,Vaginal Probiotic
6022,-1354.7157293115367,2784.9477954047084,1314884.3.sbml.csv,Vaginal Probiotic
6023,-2052.5116358099463,2419.1146357907614,1314884.3.sbml.csv,Vaginal Probiotic
6024,-1847.3159475166208,3232.351933421514,1314884.3.sbml.csv,Vaginal Probiotic
6025,-1232.841693363994,3533.589211278822,1314884.3.sbml.csv,Vaginal Probiotic
6026,-1059.3345004818395,3268.938062581441,1314884.3.sbml.csv,Vaginal Probiotic
6027,-1130.8147066401184,2860.886811956614,1314884.3.sbml.csv,Vaginal Probiotic
6028,-802.1251649954844,2193.834200534755,1314884.3.sbml.csv,Vaginal Probiotic
6029,864.4779767367937,1904.8902598372817,1314884.3.sbml.csv,Vaginal Probiotic
6030,-896.037441712175,2372.3956384083353,1314884.3.sbml.csv,Vaginal Probiotic
6031,119.15246629638695,3209.523912631952,1314884.3.sbml.csv,Vaginal Probiotic
6032,-2876.701123559903,3352.083733740295,1314884.3.sbml.csv,Vaginal Probiotic
6033,-775.8610343501038,3829.895241170632,1314884.3.sbml.csv,Vaginal Probiotic
6034,-1824.9130688166772,3531.8443561894874,1314884.3.sbml.csv,Vaginal Probiotic
6035,-887.5986307063935,3591.3936183510923,1314884.3.sbml.csv,Vaginal Probiotic
6036,-343.07689247087336,3348.9864866595167,1314884.3.sbml.csv,Vaginal Probiotic
6037,-1169.599903716513,3290.4832819590574,1314884.3.sbml.csv,Vaginal Probiotic
6038,-2106.5199698826145,2876.5965042127496,1314884.3.sbml.csv,Vaginal Probiotic
6039,-2656.393911664153,3887.927263569987,1314884.3.sbml.csv,Vaginal Probiotic
6040,-291.5124298845852,1984.6751058083405,1314884.3.sbml.csv,Vaginal Probiotic
6041,-1895.670338268563,2922.0087931116514,1314884.3.sbml.csv,Vaginal Probiotic
6042,-84.17760948629463,3006.188453604837,1314884.3.sbml.csv,Vaginal Probiotic
6043,-1221.6778993396283,2980.651647749216,1314884.3.sbml.csv,Vaginal Probiotic
6044,-1655.527390927296,2562.341565545114,1314884.3.sbml.csv,Vaginal Probiotic
6045,207.37170599652217,3000.2999490018915,1314884.3.sbml.csv,Vaginal Probiotic
6046,-835.3488881213266,3228.0425741534245,1314884.3.sbml.csv,Vaginal Probiotic
6047,-13.113525362392412,3571.6860628151007,1314884.3.sbml.csv,Vaginal Probiotic
6048,-1712.2130885721044,2578.0050714587296,1314884.3.sbml.csv,Vaginal Probiotic
6049,182.3181275758421,2385.3484880678097,1314884.3.sbml.csv,Vaginal Probiotic
6050,-934.6748521821346,1565.9481416103997,1314884.3.sbml.csv,Vaginal Probiotic
6051,-840.0797171447131,3409.741135373927,1314884.3.sbml.csv,Vaginal Probiotic
6052,-396.0241810951405,2977.8431083797095,1314884.3.sbml.csv,Vaginal Probiotic
6053,-459.73756517617693,3376.47358669643,1314884.3.sbml.csv,Vaginal Probiotic
6054,-1631.4004954087713,3554.6562607954565,1314884.3.sbml.csv,Vaginal Probiotic
6055,-2009.6077621695079,1950.5464677531427,1314884.3.sbml.csv,Vaginal Probiotic
6056,-985.2378916347112,3547.509280459553,1314884.3.sbml.csv,Vaginal Probiotic
6057,-2075.7532497016223,2868.507082099254,1314884.3.sbml.csv,Vaginal Probiotic
6058,8.635980259700219,3449.4692424284794,1314884.3.sbml.csv,Vaginal Probiotic
6059,560.6573430170449,4564.285355674762,1314884.3.sbml.csv,Vaginal Probiotic
6060,225.85541897653266,3601.733140322368,1314884.3.sbml.csv,Vaginal Probiotic
6061,41.01744777743913,3020.1152223497675,1314884.3.sbml.csv,Vaginal Probiotic
6062,-425.9756731194375,2049.797494759923,1314884.3.sbml.csv,Vaginal Probiotic
6063,-294.96017218165025,3533.1184487779747,1314884.3.sbml.csv,Vaginal Probiotic
6064,932.802294721612,2288.4964090202097,1314884.3.sbml.csv,Vaginal Probiotic
6065,-1234.6997086624526,3212.7473804073998,1314884.3.sbml.csv,Vaginal Probiotic
6066,-688.1664576931678,3228.340401296871,1314884.3.sbml.csv,Vaginal Probiotic
6067,-235.3784213220888,3704.991772754261,1314884.3.sbml.csv,Vaginal Probiotic
6068,-1111.7357589632504,3608.023455225419,1314884.3.sbml.csv,Vaginal Probiotic
6069,74.64599330057082,1947.9901010492927,1314884.3.sbml.csv,Vaginal Probiotic
6070,-1645.0647717458921,3390.3148687561134,1314884.3.sbml.csv,Vaginal Probiotic
6071,-1344.622163353631,3516.112819409921,1314884.3.sbml.csv,Vaginal Probiotic
6072,-670.8284572566907,2463.5474085478604,1314884.3.sbml.csv,Vaginal Probiotic
6073,-1416.6039116075578,3375.621000831236,1314884.3.sbml.csv,Vaginal Probiotic
6074,-2374.38986484098,3819.95241574137,1314884.3.sbml.csv,Vaginal Probiotic
6075,-1783.5785367696024,2531.6851274918754,1314884.3.sbml.csv,Vaginal Probiotic
6076,-2065.83300077915,4009.9898059626053,1314884.3.sbml.csv,Vaginal Probiotic
6077,-364.77772831482184,3184.988551486605,1314884.3.sbml.csv,Vaginal Probiotic
6078,-1767.8113936259817,3599.7382036741383,1314884.3.sbml.csv,Vaginal Probiotic
6079,-2782.5082926171754,3439.1119774850704,1314884.3.sbml.csv,Vaginal Probiotic
6080,-1110.772984471116,1508.4632199161824,1314884.3.sbml.csv,Vaginal Probiotic
6081,-1092.8682946948197,3593.831343106326,1314884.3.sbml.csv,Vaginal Probiotic
6082,-1661.6573955200288,3088.4302311956562,1314884.3.sbml.csv,Vaginal Probiotic
6083,-1965.130409422941,2840.496710223245,1314884.3.sbml.csv,Vaginal Probiotic
6084,-2057.3628500724335,4064.6632017253196,1314884.3.sbml.csv,Vaginal Probiotic
6085,-2852.5821208907632,2547.5306951446264,1314884.3.sbml.csv,Vaginal Probiotic
6086,-1577.4549007605995,3393.0669076617255,1314884.3.sbml.csv,Vaginal Probiotic
6087,-1935.5814680387207,3701.1639218936716,1314884.3.sbml.csv,Vaginal Probiotic
6088,-517.0177496021141,3490.5735820845894,1314884.3.sbml.csv,Vaginal Probiotic
6089,614.8511925731901,2377.080236781398,1314884.3.sbml.csv,Vaginal Probiotic
6090,-2600.9472563906265,3776.411262872231,1314884.3.sbml.csv,Vaginal Probiotic
6091,-903.5745686711216,3868.4134371556725,1314884.3.sbml.csv,Vaginal Probiotic
6092,-1589.106091472661,3677.1303038505225,1314884.3.sbml.csv,Vaginal Probiotic
6093,-1766.3383457598795,3405.2597510528844,1314884.3.sbml.csv,Vaginal Probiotic
6094,-421.67140506081614,3555.1001027005123,1314884.3.sbml.csv,Vaginal Probiotic
6095,-337.93676923232096,2089.5420450359375,1314884.3.sbml.csv,Vaginal Probiotic
6096,-875.9750333461051,3153.5748218214653,1314884.3.sbml.csv,Vaginal Probiotic
6097,-1399.250766659868,2472.7336244249846,1314884.3.sbml.csv,Vaginal Probiotic
6098,-1317.5621994729574,2741.9146207273157,1314884.3.sbml.csv,Vaginal Probiotic
6099,-938.6627884913692,3431.098807706572,1314884.3.sbml.csv,Vaginal Probiotic
6100,-1733.2728226497948,3030.2738523135763,1314884.3.sbml.csv,Vaginal Probiotic
6101,-2553.545810374349,3439.456479854799,1314884.3.sbml.csv,Vaginal Probiotic
6102,-1357.608391226314,3169.6199649758946,1314884.3.sbml.csv,Vaginal Probiotic
6103,-978.6076147009429,3074.1951830800162,1314884.3.sbml.csv,Vaginal Probiotic
6104,-271.61844222671436,3017.0612395011917,1314884.3.sbml.csv,Vaginal Probiotic
6105,-202.64026299320346,3307.886223514787,1314884.3.sbml.csv,Vaginal Probiotic
6106,-1064.5831827005784,3702.2927596854306,1314884.3.sbml.csv,Vaginal Probiotic
6107,-1712.6067243849402,3453.020458711378,1314884.3.sbml.csv,Vaginal Probiotic
6108,-685.6892442313584,2907.4103941937533,1314884.3.sbml.csv,Vaginal Probiotic
6109,75.23070498985665,3708.58955198952,1314884.3.sbml.csv,Vaginal Probiotic
6110,-1435.8124692797005,2618.121402272892,1314884.3.sbml.csv,Vaginal Probiotic
6111,-795.1626632814833,3722.914683821786,1314884.3.sbml.csv,Vaginal Probiotic
6112,-1553.460296122607,3054.177582113512,1314884.3.sbml.csv,Vaginal Probiotic
6113,-912.7376195377099,3263.0521689882034,1314884.3.sbml.csv,Vaginal Probiotic
6114,-1454.9100701018872,2227.767402323157,1314884.3.sbml.csv,Vaginal Probiotic
6115,-684.9335709240976,3281.4420908278094,1314884.3.sbml.csv,Vaginal Probiotic
6116,-615.8622274632756,2728.506456854776,1314884.3.sbml.csv,Vaginal Probiotic
6117,-1566.4138115015073,3396.905163115153,1314884.3.sbml.csv,Vaginal Probiotic
6118,-902.3145833757108,3991.3749115870614,1314884.3.sbml.csv,Vaginal Probiotic
6119,-522.7739678792533,3256.656923389316,1314884.3.sbml.csv,Vaginal Probiotic
6120,-2432.6311854189926,4068.9510809355074,1314884.3.sbml.csv,Vaginal Probiotic
6121,-2570.7664345457956,3136.6914456306845,1314884.3.sbml.csv,Vaginal Probiotic
6122,-2359.4895847680486,3580.357774319937,1314884.3.sbml.csv,Vaginal Probiotic
6123,-1724.5754355876231,3658.2838577866896,1314884.3.sbml.csv,Vaginal Probiotic
6124,-1474.2257452941287,1946.2067606740993,1314884.3.sbml.csv,Vaginal Probiotic
6125,-807.6891744342425,4645.159906417166,1314884.3.sbml.csv,Vaginal Probiotic
6126,-1504.2645474172675,3280.2967316802465,1314884.3.sbml.csv,Vaginal Probiotic
6127,-2004.6697735564799,3570.3964306474777,1314884.3.sbml.csv,Vaginal Probiotic
6128,-2176.0599340931303,4037.167829019954,1314884.3.sbml.csv,Vaginal Probiotic
6129,237.52671472032733,2699.61275227269,1314884.3.sbml.csv,Vaginal Probiotic
6130,-2077.9194662648674,3504.184262694718,1314884.3.sbml.csv,Vaginal Probiotic
6131,126.49431437187773,3336.028834786645,1314884.3.sbml.csv,Vaginal Probiotic
6132,-1819.396405463481,3475.328012737351,1314884.3.sbml.csv,Vaginal Probiotic
6133,-1335.9878696571695,3547.1405944536336,1314884.3.sbml.csv,Vaginal Probiotic
6134,-1325.6925233024938,2433.956248933401,1314884.3.sbml.csv,Vaginal Probiotic
6135,-559.0267781016597,3441.4565039611766,1314884.3.sbml.csv,Vaginal Probiotic
6136,-530.6596716167647,2900.981133087934,1314884.3.sbml.csv,Vaginal Probiotic
6137,-1256.1972646262882,2295.531249520733,1314884.3.sbml.csv,Vaginal Probiotic
6138,-47.53797211252567,3723.108824921004,1314884.3.sbml.csv,Vaginal Probiotic
6139,-2236.5237163589377,2932.582534709119,1314884.3.sbml.csv,Vaginal Probiotic
6140,-2169.7975711741765,2173.52453409789,1314884.3.sbml.csv,Vaginal Probiotic
6141,-2821.018464694242,2793.453140650718,1314884.3.sbml.csv,Vaginal Probiotic
6142,-490.07390738598673,3332.554208383937,1314884.3.sbml.csv,Vaginal Probiotic
6143,-619.5661054670195,3526.4939912854384,1314884.3.sbml.csv,Vaginal Probiotic
6144,966.9375626670386,2973.9887081935904,1314884.3.sbml.csv,Vaginal Probiotic
6145,-1391.6945426347754,2015.0886773412951,1314884.3.sbml.csv,Vaginal Probiotic
6146,-1334.8603949335502,3543.876257103691,1314884.3.sbml.csv,Vaginal Probiotic
6147,-1174.5566367960428,3018.9762583777706,1314884.3.sbml.csv,Vaginal Probiotic
6148,-1545.8068493573337,1985.5409815126848,1314884.3.sbml.csv,Vaginal Probiotic
6149,-262.00873889173903,2470.4608326011175,1314884.3.sbml.csv,Vaginal Probiotic
6150,-1085.495861618271,2816.7424798822763,1314884.3.sbml.csv,Vaginal Probiotic
6151,-2752.3603813152076,3955.734847623933,1314884.3.sbml.csv,Vaginal Probiotic
6152,-2625.0488547424907,3575.5029012762366,1314884.3.sbml.csv,Vaginal Probiotic
6153,1159.6747843660241,2597.820614026932,1314884.3.sbml.csv,Vaginal Probiotic
6154,-1749.769722125984,3269.8807661760693,1314884.3.sbml.csv,Vaginal Probiotic
6155,-1363.1700004741542,1939.1312959668535,1314884.3.sbml.csv,Vaginal Probiotic
6156,-894.466941949356,2597.2654038367004,1314884.3.sbml.csv,Vaginal Probiotic
6157,-717.8648583251429,3413.413831006889,1314884.3.sbml.csv,Vaginal Probiotic
6158,880.7206411174208,2910.183205442156,1314884.3.sbml.csv,Vaginal Probiotic
6159,299.50905219822954,2879.5617216452733,1314884.3.sbml.csv,Vaginal Probiotic
6160,-2403.333352778441,2113.2542874571573,1314884.3.sbml.csv,Vaginal Probiotic
6161,-1632.551374683041,2672.0052462892127,1314884.3.sbml.csv,Vaginal Probiotic
6162,-1678.0776997422859,2468.2926426724866,1314884.3.sbml.csv,Vaginal Probiotic
6163,124.77569867364834,3813.7464973149595,1314884.3.sbml.csv,Vaginal Probiotic
6164,-1541.0788975685655,2824.3569375618513,1314884.3.sbml.csv,Vaginal Probiotic
6165,-1380.7255292133505,3739.165839717971,1314884.3.sbml.csv,Vaginal Probiotic
6166,-237.4360615500487,2140.3013704964314,1314884.3.sbml.csv,Vaginal Probiotic
6167,-1014.9596848884034,2886.971144054487,1314884.3.sbml.csv,Vaginal Probiotic
6168,-2550.537802153579,2175.48391697351,1314884.3.sbml.csv,Vaginal Probiotic
6169,-2484.953378633674,2237.5412835198053,1314884.3.sbml.csv,Vaginal Probiotic
6170,-262.91509972541945,2045.839374779146,1314884.3.sbml.csv,Vaginal Probiotic
6171,-1415.5884924700179,3011.859655948984,1314884.3.sbml.csv,Vaginal Probiotic
6172,900.0853556957327,1711.9120742427149,1314884.3.sbml.csv,Vaginal Probiotic
6173,-1297.2570639088628,3206.3661096894457,1314884.3.sbml.csv,Vaginal Probiotic
6174,-301.90505564635924,2739.513302804277,1314884.3.sbml.csv,Vaginal Probiotic
6175,-643.3527199435099,3811.023482986858,1314884.3.sbml.csv,Vaginal Probiotic
6176,75.12962660003477,3217.6932321389763,1314884.3.sbml.csv,Vaginal Probiotic
6177,-899.6639253272433,2501.104154260405,1314884.3.sbml.csv,Vaginal Probiotic
6178,-1414.076406163241,3587.099420574514,1314884.3.sbml.csv,Vaginal Probiotic
6179,638.0452283834782,2783.9557715143897,1314884.3.sbml.csv,Vaginal Probiotic
6180,-1873.423872383093,3397.808800711187,1314884.3.sbml.csv,Vaginal Probiotic
6181,-46.287095550368,2787.4994507867223,1314884.3.sbml.csv,Vaginal Probiotic
6182,259.5893734544094,3065.846244403637,1314884.3.sbml.csv,Vaginal Probiotic
6183,-769.014863636652,3287.1255916715945,1314884.3.sbml.csv,Vaginal Probiotic
6184,-2018.0589286057977,3095.2826932029834,1314884.3.sbml.csv,Vaginal Probiotic
6185,-2447.226595980034,4022.581171601739,1314884.3.sbml.csv,Vaginal Probiotic
6186,-408.8179391805966,3364.3789634580135,1314884.3.sbml.csv,Vaginal Probiotic
6187,-1368.513163080334,1751.172192594804,1314884.3.sbml.csv,Vaginal Probiotic
6188,-1529.7401454302699,4694.713294196858,1314884.3.sbml.csv,Vaginal Probiotic
6189,-566.0430504557595,3680.186595810808,1314884.3.sbml.csv,Vaginal Probiotic
6190,-555.5635026728766,2249.7702152973065,1314884.3.sbml.csv,Vaginal Probiotic
6191,-160.12425536607492,3741.997509413562,1314884.3.sbml.csv,Vaginal Probiotic
6192,-617.1555087235296,3239.0133827998266,1314884.3.sbml.csv,Vaginal Probiotic
6193,234.4012827687993,2957.040629627839,1314884.3.sbml.csv,Vaginal Probiotic
6194,-1116.7190002116915,2453.1310097798873,1314884.3.sbml.csv,Vaginal Probiotic
6195,-329.28571976907193,3419.90163880436,1314884.3.sbml.csv,Vaginal Probiotic
6196,1166.9576810534672,2610.0947839046826,1314884.3.sbml.csv,Vaginal Probiotic
6197,-1834.4757943309305,2445.12501956505,1314884.3.sbml.csv,Vaginal Probiotic
6198,-357.2456000655599,2919.731325523708,1314884.3.sbml.csv,Vaginal Probiotic
6199,-2724.4010437938305,3320.2494989848883,1314884.3.sbml.csv,Vaginal Probiotic
6200,-283.37332569419397,2382.304440396705,1314884.3.sbml.csv,Vaginal Probiotic
6201,-1695.0514823038309,3119.504721571056,1314884.3.sbml.csv,Vaginal Probiotic
6202,23.292875717781,2254.451336618211,1314884.3.sbml.csv,Vaginal Probiotic
6203,-2056.4216987334494,3071.977609892782,1314884.3.sbml.csv,Vaginal Probiotic
6204,-2168.9438327506064,2694.043005144762,1314884.3.sbml.csv,Vaginal Probiotic
6205,-774.3139860062039,2519.8268408163162,1314884.3.sbml.csv,Vaginal Probiotic
6206,-2010.0096755415775,3447.1634399998816,1314884.3.sbml.csv,Vaginal Probiotic
6207,-2540.491275944735,3584.5032782691337,1314884.3.sbml.csv,Vaginal Probiotic
6208,-803.9945947907124,2807.4199588651036,1314884.3.sbml.csv,Vaginal Probiotic
6209,-1718.8701962388564,2665.64581754207,1314884.3.sbml.csv,Vaginal Probiotic
6210,-2886.283611422092,3290.0907827578562,1314884.3.sbml.csv,Vaginal Probiotic
6211,-1691.375204694767,3575.607813039209,1314884.3.sbml.csv,Vaginal Probiotic
6212,-730.0726045886654,3501.8332494779124,1314884.3.sbml.csv,Vaginal Probiotic
6213,-223.01568632342696,2746.975748268216,1314884.3.sbml.csv,Vaginal Probiotic
6214,-1196.523691982586,3094.9997097341347,1314884.3.sbml.csv,Vaginal Probiotic
6215,-1006.3395002508819,3578.9364575326185,1314884.3.sbml.csv,Vaginal Probiotic
6216,-2360.878168115886,3462.707954801198,1314884.3.sbml.csv,Vaginal Probiotic
6217,21.383956881867537,4265.199975539229,1314884.3.sbml.csv,Vaginal Probiotic
6218,-845.228918327434,1506.6416421025672,1314884.3.sbml.csv,Vaginal Probiotic
6219,-444.63887751086423,3336.292750046027,1314884.3.sbml.csv,Vaginal Probiotic
6220,133.49558040095232,1881.8131067179095,1314884.3.sbml.csv,Vaginal Probiotic
6221,-1496.866047772813,4174.037105140398,1314884.3.sbml.csv,Vaginal Probiotic
6222,-700.5771840032569,1966.794204264398,1314884.3.sbml.csv,Vaginal Probiotic
6223,670.7849026012794,2955.6612477938734,1314884.3.sbml.csv,Vaginal Probiotic
6224,9.026011273737165,3570.52641506457,1314884.3.sbml.csv,Vaginal Probiotic
6225,-274.63110555948043,3696.756784879834,1314884.3.sbml.csv,Vaginal Probiotic
6226,-1681.5225264175103,3072.681125005277,1314884.3.sbml.csv,Vaginal Probiotic
6227,-2999.4554332506555,3780.595240156709,1314884.3.sbml.csv,Vaginal Probiotic
6228,-2380.9083096200798,2221.421687641001,1314884.3.sbml.csv,Vaginal Probiotic
6229,-1440.9218519915878,2505.988880253561,1314884.3.sbml.csv,Vaginal Probiotic
6230,-1585.542174592243,2655.7189286827074,1314884.3.sbml.csv,Vaginal Probiotic
6231,-1493.6842753227045,3177.4582105790682,1314884.3.sbml.csv,Vaginal Probiotic
6232,-1986.3608742421454,3544.487879674079,1314884.3.sbml.csv,Vaginal Probiotic
6233,568.9531374764899,2526.3108268403043,1314884.3.sbml.csv,Vaginal Probiotic
6234,-959.6278509651582,2098.8985758871795,1314884.3.sbml.csv,Vaginal Probiotic
6235,-1216.835807418761,2747.622217550049,1314884.3.sbml.csv,Vaginal Probiotic
6236,-1145.0540355038347,2921.405835418436,1314884.3.sbml.csv,Vaginal Probiotic
6237,927.2824273375232,2648.766485002728,1314884.3.sbml.csv,Vaginal Probiotic
6238,-2299.5361294387885,2919.1433633471484,1314884.3.sbml.csv,Vaginal Probiotic
6239,-2105.6364690848595,3647.7421489150265,1314884.3.sbml.csv,Vaginal Probiotic
6240,-1560.212222541608,2796.5612529565947,1314884.3.sbml.csv,Vaginal Probiotic
6241,-2316.3331608701196,2488.3030675677137,1314884.3.sbml.csv,Vaginal Probiotic
6242,-2163.884730750377,3818.6170195790796,1314884.3.sbml.csv,Vaginal Probiotic
6243,-2029.5895316568126,4130.994417983274,1314884.3.sbml.csv,Vaginal Probiotic
6244,-304.9206470451559,3668.8113910862853,1314884.3.sbml.csv,Vaginal Probiotic
6245,-888.4794761163955,3254.38879131292,1314884.3.sbml.csv,Vaginal Probiotic
6246,-1508.1521299458454,3803.597498245824,1314884.3.sbml.csv,Vaginal Probiotic
6247,-2596.2938107994,3808.382457402063,1314884.3.sbml.csv,Vaginal Probiotic
6248,-1298.6103838823155,2541.4013406124704,1314884.3.sbml.csv,Vaginal Probiotic
6249,353.18802946295216,2929.638332505712,1314884.3.sbml.csv,Vaginal Probiotic
6250,313.7766405882847,-2963.6169901461526,1682.258.sbml.csv,Vaginal Probiotic
6251,-1355.7220868090765,-2445.556437307279,1682.258.sbml.csv,Vaginal Probiotic
6252,-1470.0195059371229,-3481.712901003651,1682.258.sbml.csv,Vaginal Probiotic
6253,-978.1261927085978,-1633.0072065693591,1682.258.sbml.csv,Vaginal Probiotic
6254,-787.1849421450346,-2662.693786548795,1682.258.sbml.csv,Vaginal Probiotic
6255,-2067.2195858934433,-2497.761572372552,1682.258.sbml.csv,Vaginal Probiotic
6256,-2436.7308979235704,-1710.4842210027455,1682.258.sbml.csv,Vaginal Probiotic
6257,-408.7035043879345,-1527.3511415822845,1682.258.sbml.csv,Vaginal Probiotic
6258,-2418.6974639921054,-1229.3906326971326,1682.258.sbml.csv,Vaginal Probiotic
6259,-30.71790309507008,-2139.535663039448,1682.258.sbml.csv,Vaginal Probiotic
6260,-2033.2315585295717,-2068.373706925692,1682.258.sbml.csv,Vaginal Probiotic
6261,-427.98820212145455,-2957.7413385352943,1682.258.sbml.csv,Vaginal Probiotic
6262,-1925.2784103810754,-1855.339249182819,1682.258.sbml.csv,Vaginal Probiotic
6263,-815.1830026127537,-1831.7385759077795,1682.258.sbml.csv,Vaginal Probiotic
6264,-730.4994397262091,-1989.8576848275907,1682.258.sbml.csv,Vaginal Probiotic
6265,596.2114107563791,-769.037298579303,1682.258.sbml.csv,Vaginal Probiotic
6266,-1454.7992569454432,-1555.0519700662487,1682.258.sbml.csv,Vaginal Probiotic
6267,-764.1648905072084,-2975.1607087732655,1682.258.sbml.csv,Vaginal Probiotic
6268,-172.6493260852312,-2086.7524567830283,1682.258.sbml.csv,Vaginal Probiotic
6269,-424.793808537822,-1571.3091178491084,1682.258.sbml.csv,Vaginal Probiotic
6270,-755.5552791990658,-1344.5415310292688,1682.258.sbml.csv,Vaginal Probiotic
6271,-3351.5710050355374,-1129.7601473742839,1682.258.sbml.csv,Vaginal Probiotic
6272,-1175.9813132231184,-2261.7748585210156,1682.258.sbml.csv,Vaginal Probiotic
6273,-1919.1668466164715,-1429.7794735027553,1682.258.sbml.csv,Vaginal Probiotic
6274,-906.1861692959122,-2258.787344851659,1682.258.sbml.csv,Vaginal Probiotic
6275,-514.9186455345862,-2937.3942984411387,1682.258.sbml.csv,Vaginal Probiotic
6276,-2575.9199168326654,-1229.9181386705354,1682.258.sbml.csv,Vaginal Probiotic
6277,-2028.8477529185266,-1744.6729919438276,1682.258.sbml.csv,Vaginal Probiotic
6278,-77.29111256724856,-3244.870615591311,1682.258.sbml.csv,Vaginal Probiotic
6279,-1516.8725733329663,-1335.2603866281775,1682.258.sbml.csv,Vaginal Probiotic
6280,-477.12892660394516,-1544.7533486939603,1682.258.sbml.csv,Vaginal Probiotic
6281,-1052.0026574648473,-1707.5501448255566,1682.258.sbml.csv,Vaginal Probiotic
6282,-310.3557750364061,-2979.658718304369,1682.258.sbml.csv,Vaginal Probiotic
6283,-1835.6055692283178,-2115.2299421710914,1682.258.sbml.csv,Vaginal Probiotic
6284,-2056.815026268248,-1360.465569617673,1682.258.sbml.csv,Vaginal Probiotic
6285,-895.8773724268461,-972.7187706833744,1682.258.sbml.csv,Vaginal Probiotic
6286,-2104.632038504817,-2081.3378057398418,1682.258.sbml.csv,Vaginal Probiotic
6287,-2978.3399990437606,-876.7169177854295,1682.258.sbml.csv,Vaginal Probiotic
6288,97.07792360480683,-2660.309738849292,1682.258.sbml.csv,Vaginal Probiotic
6289,411.3994975599996,-402.9229567727504,1682.258.sbml.csv,Vaginal Probiotic
6290,-1439.5289799685954,-1386.5061135179244,1682.258.sbml.csv,Vaginal Probiotic
6291,-587.2993521261417,-3162.184583705766,1682.258.sbml.csv,Vaginal Probiotic
6292,-583.90177449183,-2180.4953534844994,1682.258.sbml.csv,Vaginal Probiotic
6293,-765.1616188971926,-3100.2916188505237,1682.258.sbml.csv,Vaginal Probiotic
6294,-21.766961704568555,-1754.3831410116732,1682.258.sbml.csv,Vaginal Probiotic
6295,-1792.2086744861672,-1455.022432920716,1682.258.sbml.csv,Vaginal Probiotic
6296,521.8549128064312,-2374.3798017329555,1682.258.sbml.csv,Vaginal Probiotic
6297,-1890.9884103864374,-2466.800497245934,1682.258.sbml.csv,Vaginal Probiotic
6298,-536.7047184118709,-2590.712711182749,1682.258.sbml.csv,Vaginal Probiotic
6299,-2811.9906913097284,-2486.839145888676,1682.258.sbml.csv,Vaginal Probiotic
6300,-1823.260238951847,-2132.251260079944,1682.258.sbml.csv,Vaginal Probiotic
6301,-1345.3334140200645,-2068.1071847386024,1682.258.sbml.csv,Vaginal Probiotic
6302,-880.067035405219,-1852.640376432856,1682.258.sbml.csv,Vaginal Probiotic
6303,1825.823512971805,162.8266852382856,1682.258.sbml.csv,Vaginal Probiotic
6304,-689.1284791124559,-2916.543324650555,1682.258.sbml.csv,Vaginal Probiotic
6305,667.6801861605823,-1430.709089626868,1682.258.sbml.csv,Vaginal Probiotic
6306,-2268.840804118336,-2639.5703021000713,1682.258.sbml.csv,Vaginal Probiotic
6307,-889.6770216176035,-2478.5714673747284,1682.258.sbml.csv,Vaginal Probiotic
6308,-914.7889267292555,-2420.002633077969,1682.258.sbml.csv,Vaginal Probiotic
6309,-1111.8329768348199,-1911.4477221013171,1682.258.sbml.csv,Vaginal Probiotic
6310,-784.5276102864003,-1755.4861109767883,1682.258.sbml.csv,Vaginal Probiotic
6311,-2725.0823530659636,-1752.469628285906,1682.258.sbml.csv,Vaginal Probiotic
6312,-386.45090545977246,-2700.942355115155,1682.258.sbml.csv,Vaginal Probiotic
6313,-2678.565711769979,-2249.8661579258464,1682.258.sbml.csv,Vaginal Probiotic
6314,-2391.194293496504,-2597.4607941427607,1682.258.sbml.csv,Vaginal Probiotic
6315,-3484.5128469354845,-966.0475675216387,1682.258.sbml.csv,Vaginal Probiotic
6316,-2220.2648269043752,-1848.8589038457014,1682.258.sbml.csv,Vaginal Probiotic
6317,-2075.8036179256674,-1074.9919876731442,1682.258.sbml.csv,Vaginal Probiotic
6318,-176.57318856627538,-1954.619708172398,1682.258.sbml.csv,Vaginal Probiotic
6319,-1116.249019097077,-3108.9540569288088,1682.258.sbml.csv,Vaginal Probiotic
6320,-1550.6269029040113,-964.6333941853427,1682.258.sbml.csv,Vaginal Probiotic
6321,-3329.8307514672565,-1431.155170221973,1682.258.sbml.csv,Vaginal Probiotic
6322,-1484.9261262563912,-2268.0411920897113,1682.258.sbml.csv,Vaginal Probiotic
6323,-1203.2950416559756,-2189.1689146066046,1682.258.sbml.csv,Vaginal Probiotic
6324,180.14971615552213,-1598.7321322306232,1682.258.sbml.csv,Vaginal Probiotic
6325,-1607.4794070948303,-882.8827847341653,1682.258.sbml.csv,Vaginal Probiotic
6326,-1966.0460480023817,-1327.108046091476,1682.258.sbml.csv,Vaginal Probiotic
6327,-628.4728384707643,-2635.2302486183667,1682.258.sbml.csv,Vaginal Probiotic
6328,191.86180605457247,-529.5038795482336,1682.258.sbml.csv,Vaginal Probiotic
6329,-2522.676393902243,-1643.5295159116133,1682.258.sbml.csv,Vaginal Probiotic
6330,-2033.64328682509,-1987.846399587158,1682.258.sbml.csv,Vaginal Probiotic
6331,-1168.1804858425903,-1525.2736178423097,1682.258.sbml.csv,Vaginal Probiotic
6332,-2271.2100210186245,-2473.6360653011243,1682.258.sbml.csv,Vaginal Probiotic
6333,-41.27767227395877,-1377.9265390699388,1682.258.sbml.csv,Vaginal Probiotic
6334,-1279.75321420252,-2075.876562118281,1682.258.sbml.csv,Vaginal Probiotic
6335,-2093.4870977799455,-2230.0078035086794,1682.258.sbml.csv,Vaginal Probiotic
6336,-783.8083085187817,-976.5731792879926,1682.258.sbml.csv,Vaginal Probiotic
6337,-1631.8187874442592,-1476.7610608950226,1682.258.sbml.csv,Vaginal Probiotic
6338,-2547.3075129244876,161.94591669565574,1682.258.sbml.csv,Vaginal Probiotic
6339,-437.0078886325509,-1871.8101020281827,1682.258.sbml.csv,Vaginal Probiotic
6340,-2792.5938978724703,-416.2427886626544,1682.258.sbml.csv,Vaginal Probiotic
6341,-2785.0595166891817,-2292.5553309701686,1682.258.sbml.csv,Vaginal Probiotic
6342,-961.5377575335751,-2790.8287821649133,1682.258.sbml.csv,Vaginal Probiotic
6343,-1694.2733788238506,-2376.5557429447967,1682.258.sbml.csv,Vaginal Probiotic
6344,-1614.632783883319,-1460.891617796808,1682.258.sbml.csv,Vaginal Probiotic
6345,-2259.425484747901,-513.2719852869621,1682.258.sbml.csv,Vaginal Probiotic
6346,-30.169027168274237,-508.148326849888,1682.258.sbml.csv,Vaginal Probiotic
6347,-102.23228540956266,-1995.2806522866024,1682.258.sbml.csv,Vaginal Probiotic
6348,-1402.1583328271215,-1900.0913515207424,1682.258.sbml.csv,Vaginal Probiotic
6349,-819.2651869312175,-1288.5812770651196,1682.258.sbml.csv,Vaginal Probiotic
6350,-1323.0575458165272,-1957.8069452679747,1682.258.sbml.csv,Vaginal Probiotic
6351,308.55571328609597,-2068.0265636391014,1682.258.sbml.csv,Vaginal Probiotic
6352,-1358.5967127296249,-2015.6381850977152,1682.258.sbml.csv,Vaginal Probiotic
6353,-2669.52829068083,-718.5096550898787,1682.258.sbml.csv,Vaginal Probiotic
6354,-303.3749691497095,-2587.7501857285447,1682.258.sbml.csv,Vaginal Probiotic
6355,-2961.1194301999067,-280.6807673445388,1682.258.sbml.csv,Vaginal Probiotic
6356,-1969.4823118119555,-2190.808298563983,1682.258.sbml.csv,Vaginal Probiotic
6357,5.11082163528947,-2484.1969327514466,1682.258.sbml.csv,Vaginal Probiotic
6358,-730.0452756138168,-2393.4457295239586,1682.258.sbml.csv,Vaginal Probiotic
6359,-864.9478548956894,-2669.694420878167,1682.258.sbml.csv,Vaginal Probiotic
6360,-1788.8684489534444,-3870.026913790292,1682.258.sbml.csv,Vaginal Probiotic
6361,-1603.1592197622076,-2134.9595305045796,1682.258.sbml.csv,Vaginal Probiotic
6362,-176.0578446259563,-2195.424836773703,1682.258.sbml.csv,Vaginal Probiotic
6363,148.09347869873864,-3066.4609480336853,1682.258.sbml.csv,Vaginal Probiotic
6364,-1444.4111824484844,-1974.3130986482072,1682.258.sbml.csv,Vaginal Probiotic
6365,1048.8683767152124,322.9646768406734,1682.258.sbml.csv,Vaginal Probiotic
6366,274.2843080002111,-1233.9931214951189,1682.258.sbml.csv,Vaginal Probiotic
6367,-2314.76399229984,-1123.0804242355732,1682.258.sbml.csv,Vaginal Probiotic
6368,-297.2957198923814,-3043.4159617213586,1682.258.sbml.csv,Vaginal Probiotic
6369,-490.31631860847233,-1905.5524574691308,1682.258.sbml.csv,Vaginal Probiotic
6370,330.5415525249699,-1542.0652418422685,1682.258.sbml.csv,Vaginal Probiotic
6371,-23.266992824833686,17.292210286478355,1682.258.sbml.csv,Vaginal Probiotic
6372,-1171.7207297659563,-2872.992048971757,1682.258.sbml.csv,Vaginal Probiotic
6373,-1622.0675004823681,-442.71772179142846,1682.258.sbml.csv,Vaginal Probiotic
6374,-1955.9057784578424,-1093.7568828230496,1682.258.sbml.csv,Vaginal Probiotic
6375,-638.9962179505546,-2023.5885980925939,1682.258.sbml.csv,Vaginal Probiotic
6376,-741.1904438321968,-2726.4364567851508,1682.258.sbml.csv,Vaginal Probiotic
6377,-2236.4410216447204,-3199.7091598053757,1682.258.sbml.csv,Vaginal Probiotic
6378,-719.8673088648138,-2590.8940071234197,1682.258.sbml.csv,Vaginal Probiotic
6379,-996.974927687468,-2334.9977821656753,1682.258.sbml.csv,Vaginal Probiotic
6380,-1899.3797936814674,-1334.4801786722903,1682.258.sbml.csv,Vaginal Probiotic
6381,-62.602914349954204,-586.9323003301616,1682.258.sbml.csv,Vaginal Probiotic
6382,-286.0385485484002,-3133.8349412652906,1682.258.sbml.csv,Vaginal Probiotic
6383,-1150.5723569785066,-1134.4659363641515,1682.258.sbml.csv,Vaginal Probiotic
6384,-3650.0661707382983,-921.661592632512,1682.258.sbml.csv,Vaginal Probiotic
6385,-2061.0356566603123,-1813.1861985542857,1682.258.sbml.csv,Vaginal Probiotic
6386,-2336.429500356211,-1023.4102542700759,1682.258.sbml.csv,Vaginal Probiotic
6387,-989.6116690896898,-1653.7358158240036,1682.258.sbml.csv,Vaginal Probiotic
6388,-1065.080709672986,-1784.4807714729786,1682.258.sbml.csv,Vaginal Probiotic
6389,-1487.2245000550995,-1769.2377826854604,1682.258.sbml.csv,Vaginal Probiotic
6390,866.1468173153603,-2493.8946458808505,1682.258.sbml.csv,Vaginal Probiotic
6391,-42.72317942312298,-2017.575610603576,1682.258.sbml.csv,Vaginal Probiotic
6392,1648.755278775744,-1683.6874184494625,1682.258.sbml.csv,Vaginal Probiotic
6393,-1874.7035004475567,-1881.0502571549666,1682.258.sbml.csv,Vaginal Probiotic
6394,-1464.7643981620986,-1257.1240801864135,1682.258.sbml.csv,Vaginal Probiotic
6395,-2204.137501539423,-1562.5840879651043,1682.258.sbml.csv,Vaginal Probiotic
6396,-2228.9578918465727,-2107.400890923373,1682.258.sbml.csv,Vaginal Probiotic
6397,-1203.5550915332146,-3179.632506382275,1682.258.sbml.csv,Vaginal Probiotic
6398,-2787.652942974631,-1653.5628921872312,1682.258.sbml.csv,Vaginal Probiotic
6399,-2087.9021279121635,-1898.5981438100737,1682.258.sbml.csv,Vaginal Probiotic
6400,-1814.7911800024858,-2390.116550262883,1682.258.sbml.csv,Vaginal Probiotic
6401,-2013.6952517317204,-1919.594420735834,1682.258.sbml.csv,Vaginal Probiotic
6402,-327.09388217334714,-2260.1800508491465,1682.258.sbml.csv,Vaginal Probiotic
6403,154.94054791721058,-2581.5478216181723,1682.258.sbml.csv,Vaginal Probiotic
6404,-225.18629021604454,-2507.637165702508,1682.258.sbml.csv,Vaginal Probiotic
6405,59.31644738140341,-1576.678497996984,1682.258.sbml.csv,Vaginal Probiotic
6406,-1727.018443102192,-2188.6515396756768,1682.258.sbml.csv,Vaginal Probiotic
6407,-1390.6977018594773,-1036.6453801197113,1682.258.sbml.csv,Vaginal Probiotic
6408,-2176.6962955645195,-2437.4990022832712,1682.258.sbml.csv,Vaginal Probiotic
6409,-657.1775064235172,-1660.2560595470945,1682.258.sbml.csv,Vaginal Probiotic
6410,-2184.8140945909327,-1983.259923051933,1682.258.sbml.csv,Vaginal Probiotic
6411,-846.7412156870029,-1886.4834864189445,1682.258.sbml.csv,Vaginal Probiotic
6412,-611.9898135081078,-2634.8630991479477,1682.258.sbml.csv,Vaginal Probiotic
6413,-1160.3556193295447,-1378.9339874640943,1682.258.sbml.csv,Vaginal Probiotic
6414,-438.3607251491997,-1143.8289075357957,1682.258.sbml.csv,Vaginal Probiotic
6415,444.10101471221617,-482.00341737196425,1682.258.sbml.csv,Vaginal Probiotic
6416,-1236.3373845038066,-1619.0670782472107,1682.258.sbml.csv,Vaginal Probiotic
6417,-1520.792568193984,-2175.73464204433,1682.258.sbml.csv,Vaginal Probiotic
6418,-2985.534983765161,-1651.2208224878827,1682.258.sbml.csv,Vaginal Probiotic
6419,-1818.4091685612327,-1824.0263187127136,1682.258.sbml.csv,Vaginal Probiotic
6420,499.19580193572665,-1502.5892545178035,1682.258.sbml.csv,Vaginal Probiotic
6421,-1264.765390803498,-1870.4115608854086,1682.258.sbml.csv,Vaginal Probiotic
6422,-2886.3155078599307,-2207.6566064204,1682.258.sbml.csv,Vaginal Probiotic
6423,-2007.1125148356562,-1147.0155535792228,1682.258.sbml.csv,Vaginal Probiotic
6424,-2365.5280779259792,-3004.2922511781835,1682.258.sbml.csv,Vaginal Probiotic
6425,-3345.2678293831227,-1427.3679334823473,1682.258.sbml.csv,Vaginal Probiotic
6426,-1015.022971930077,-1827.529944757798,1682.258.sbml.csv,Vaginal Probiotic
6427,-745.4343608517377,-1524.5562748415787,1682.258.sbml.csv,Vaginal Probiotic
6428,-1375.2086690735039,-1379.2769881198521,1682.258.sbml.csv,Vaginal Probiotic
6429,-564.4442567488152,-2524.7044956734794,1682.258.sbml.csv,Vaginal Probiotic
6430,-2155.7902012615596,-1509.3636559122247,1682.258.sbml.csv,Vaginal Probiotic
6431,-579.4473284849834,-1377.2711899696483,1682.258.sbml.csv,Vaginal Probiotic
6432,136.79616119176424,-2081.3316762501354,1682.258.sbml.csv,Vaginal Probiotic
6433,-2943.5450807765606,-1215.980649924568,1682.258.sbml.csv,Vaginal Probiotic
6434,-1152.9633321248307,-2473.4492090969966,1682.258.sbml.csv,Vaginal Probiotic
6435,-473.598473435751,-1735.966432048473,1682.258.sbml.csv,Vaginal Probiotic
6436,-204.20330111378644,-1947.9573675453767,1682.258.sbml.csv,Vaginal Probiotic
6437,-2165.948202264072,-2589.342421617269,1682.258.sbml.csv,Vaginal Probiotic
6438,-1167.250952829408,-328.98344800107145,1682.258.sbml.csv,Vaginal Probiotic
6439,-2714.360813865072,-702.4204045808996,1682.258.sbml.csv,Vaginal Probiotic
6440,-1917.3119816495064,-406.8909164960835,1682.258.sbml.csv,Vaginal Probiotic
6441,-127.07647917944239,-1532.6293882987395,1682.258.sbml.csv,Vaginal Probiotic
6442,-318.3705015253829,-1772.7976147521103,1682.258.sbml.csv,Vaginal Probiotic
6443,-78.82089819538932,-2606.954370706695,1682.258.sbml.csv,Vaginal Probiotic
6444,-792.5422575861335,-1386.7593849803352,1682.258.sbml.csv,Vaginal Probiotic
6445,-2941.4157446301265,-2576.0708762249064,1682.258.sbml.csv,Vaginal Probiotic
6446,-576.9741242389238,-2146.1429850783534,1682.258.sbml.csv,Vaginal Probiotic
6447,-852.6105656079262,-2247.4101955473852,1682.258.sbml.csv,Vaginal Probiotic
6448,-2693.8542139082147,-1437.5459402549482,1682.258.sbml.csv,Vaginal Probiotic
6449,-2041.449492071422,-2968.2400867113015,1682.258.sbml.csv,Vaginal Probiotic
6450,-1103.9109950261486,-2165.254812757714,1682.258.sbml.csv,Vaginal Probiotic
6451,-2256.4408475863606,-1706.8733519266739,1682.258.sbml.csv,Vaginal Probiotic
6452,-993.5007810773272,-2561.151075785119,1682.258.sbml.csv,Vaginal Probiotic
6453,-535.3590571047682,-2115.698491698986,1682.258.sbml.csv,Vaginal Probiotic
6454,1312.454544717027,-2196.700378309998,1682.258.sbml.csv,Vaginal Probiotic
6455,-1389.3841463096308,-2349.0889047684527,1682.258.sbml.csv,Vaginal Probiotic
6456,-846.2835826454814,-1759.3526271741468,1682.258.sbml.csv,Vaginal Probiotic
6457,-2958.5740847913094,-1855.8163364415143,1682.258.sbml.csv,Vaginal Probiotic
6458,-592.3553461555122,-3275.8352123130185,1682.258.sbml.csv,Vaginal Probiotic
6459,-490.6010862356778,-2815.7951185220986,1682.258.sbml.csv,Vaginal Probiotic
6460,599.4857460008998,-1489.541466912592,1682.258.sbml.csv,Vaginal Probiotic
6461,-1641.5107278018293,-1400.5089999989366,1682.258.sbml.csv,Vaginal Probiotic
6462,-1123.7462016468705,-2735.348479698751,1682.258.sbml.csv,Vaginal Probiotic
6463,622.0172006808015,-2198.323485890609,1682.258.sbml.csv,Vaginal Probiotic
6464,-878.6647756838025,-3152.783956829599,1682.258.sbml.csv,Vaginal Probiotic
6465,-2200.765724594178,-3153.574262645681,1682.258.sbml.csv,Vaginal Probiotic
6466,-261.69887608717573,-2826.2281359922886,1682.258.sbml.csv,Vaginal Probiotic
6467,-114.12912159922037,-1734.134372138442,1682.258.sbml.csv,Vaginal Probiotic
6468,-1508.1519493366247,-946.1883200110695,1682.258.sbml.csv,Vaginal Probiotic
6469,-1218.9553295964238,-304.3453556734336,1682.258.sbml.csv,Vaginal Probiotic
6470,-2188.1984299200576,-2142.357940584327,1682.258.sbml.csv,Vaginal Probiotic
6471,-1436.5114602326566,-1891.7414766574357,1682.258.sbml.csv,Vaginal Probiotic
6472,-1770.5991126137926,-477.3706281669311,1682.258.sbml.csv,Vaginal Probiotic
6473,752.610234034934,-2801.347512246324,1682.258.sbml.csv,Vaginal Probiotic
6474,-1389.896913475821,-2124.917671763126,1682.258.sbml.csv,Vaginal Probiotic
6475,-2486.878759927162,-2421.374940865844,1682.258.sbml.csv,Vaginal Probiotic
6476,-1161.1112898821848,-1586.786750145085,1682.258.sbml.csv,Vaginal Probiotic
6477,-1143.80309830664,-867.8496630950967,1682.258.sbml.csv,Vaginal Probiotic
6478,-474.18172757961514,-1456.3617507782046,1682.258.sbml.csv,Vaginal Probiotic
6479,-2096.659650713965,-2791.72514479007,1682.258.sbml.csv,Vaginal Probiotic
6480,-1965.127044399747,-2275.5778579850585,1682.258.sbml.csv,Vaginal Probiotic
6481,-1820.2604492083078,-1404.1031748425619,1682.258.sbml.csv,Vaginal Probiotic
6482,21.35992812186914,-2378.4809044957788,1682.258.sbml.csv,Vaginal Probiotic
6483,-1647.7742792698486,-1467.0574413614975,1682.258.sbml.csv,Vaginal Probiotic
6484,-1623.0998449239044,-2311.0114977534527,1682.258.sbml.csv,Vaginal Probiotic
6485,-1289.297937114374,-1569.2057566700034,1682.258.sbml.csv,Vaginal Probiotic
6486,2161.303850776794,-979.4564184243028,1682.258.sbml.csv,Vaginal Probiotic
6487,-858.4926912139294,-2684.287093073757,1682.258.sbml.csv,Vaginal Probiotic
6488,-1890.682532706298,-1848.0239398791234,1682.258.sbml.csv,Vaginal Probiotic
6489,-3216.2106610643054,-1860.9531794920001,1682.258.sbml.csv,Vaginal Probiotic
6490,-2219.674140877006,-2997.968475550384,1682.258.sbml.csv,Vaginal Probiotic
6491,-324.5592067880611,-1737.2212784582082,1682.258.sbml.csv,Vaginal Probiotic
6492,-760.7541484315359,-2792.2911288533915,1682.258.sbml.csv,Vaginal Probiotic
6493,472.4802838716713,-1596.4700780355388,1682.258.sbml.csv,Vaginal Probiotic
6494,-428.72514752186737,-2695.084450959505,1682.258.sbml.csv,Vaginal Probiotic
6495,-1003.509566303148,-601.4977206478401,1682.258.sbml.csv,Vaginal Probiotic
6496,-1376.1154234510486,-1748.889405655041,1682.258.sbml.csv,Vaginal Probiotic
6497,-3101.9819381367024,-1179.1204917818634,1682.258.sbml.csv,Vaginal Probiotic
6498,-2665.914483526646,-1513.4004214239583,1682.258.sbml.csv,Vaginal Probiotic
6499,-1247.233253140581,-2645.973775711503,1682.258.sbml.csv,Vaginal Probiotic
6500,3730.018723019223,601.5709519217979,1852374.3.sbml.csv,Vaginal Commensal
6501,2164.840537822255,584.1263497527517,1852374.3.sbml.csv,Vaginal Commensal
6502,1935.48265680063,839.1663423276834,1852374.3.sbml.csv,Vaginal Commensal
6503,3771.387458400072,121.05379368548564,1852374.3.sbml.csv,Vaginal Commensal
6504,2746.865555474672,-333.63225871961765,1852374.3.sbml.csv,Vaginal Commensal
6505,2985.6852669323266,273.27927522495906,1852374.3.sbml.csv,Vaginal Commensal
6506,1927.6229522184613,175.37917494117124,1852374.3.sbml.csv,Vaginal Commensal
6507,2369.572348486604,-377.60665900333527,1852374.3.sbml.csv,Vaginal Commensal
6508,3816.1759777382326,472.4533118634521,1852374.3.sbml.csv,Vaginal Commensal
6509,855.9164910877571,1003.4240135961477,1852374.3.sbml.csv,Vaginal Commensal
6510,2697.7400905073305,575.7810544937413,1852374.3.sbml.csv,Vaginal Commensal
6511,3029.647077596501,504.62875853893695,1852374.3.sbml.csv,Vaginal Commensal
6512,1061.2930941035386,368.74651268559813,1852374.3.sbml.csv,Vaginal Commensal
6513,2069.1869796975784,310.71747242450107,1852374.3.sbml.csv,Vaginal Commensal
6514,3679.0545241376512,888.572684035419,1852374.3.sbml.csv,Vaginal Commensal
6515,3397.323517619031,876.3117158605648,1852374.3.sbml.csv,Vaginal Commensal
6516,1939.3982062254988,182.86321773590507,1852374.3.sbml.csv,Vaginal Commensal
6517,1904.009076465494,1217.0714349124805,1852374.3.sbml.csv,Vaginal Commensal
6518,2523.467356820657,1357.0465647104488,1852374.3.sbml.csv,Vaginal Commensal
6519,1971.4244150209697,-74.97756695583442,1852374.3.sbml.csv,Vaginal Commensal
6520,2412.8137528781863,943.2879685029887,1852374.3.sbml.csv,Vaginal Commensal
6521,2802.002524536828,527.3526937879641,1852374.3.sbml.csv,Vaginal Commensal
6522,4007.361937474017,612.0925992249265,1852374.3.sbml.csv,Vaginal Commensal
6523,765.8629199342498,1119.743135115683,1852374.3.sbml.csv,Vaginal Commensal
6524,1760.5245454467404,822.956125349258,1852374.3.sbml.csv,Vaginal Commensal
6525,2633.921653686546,404.63898970607266,1852374.3.sbml.csv,Vaginal Commensal
6526,1997.6768360490382,151.87170350333557,1852374.3.sbml.csv,Vaginal Commensal
6527,3171.39223802236,69.78282304730438,1852374.3.sbml.csv,Vaginal Commensal
6528,3517.735218271861,251.0462266783115,1852374.3.sbml.csv,Vaginal Commensal
6529,4040.2418339144874,415.5116590115758,1852374.3.sbml.csv,Vaginal Commensal
6530,3625.1871990600316,685.2581052655305,1852374.3.sbml.csv,Vaginal Commensal
6531,2787.564607443821,513.3430123632963,1852374.3.sbml.csv,Vaginal Commensal
6532,3433.356372325446,474.76906964391765,1852374.3.sbml.csv,Vaginal Commensal
6533,3315.661860562504,207.54952366194124,1852374.3.sbml.csv,Vaginal Commensal
6534,2395.345956412145,525.8869905613598,1852374.3.sbml.csv,Vaginal Commensal
6535,2567.3507790197737,796.6872224500706,1852374.3.sbml.csv,Vaginal Commensal
6536,3591.3104575071306,35.08420312040621,1852374.3.sbml.csv,Vaginal Commensal
6537,3225.9569499688646,26.038989692539733,1852374.3.sbml.csv,Vaginal Commensal
6538,2712.8402407142266,229.88151228371422,1852374.3.sbml.csv,Vaginal Commensal
6539,1549.7327051727498,609.7447085595487,1852374.3.sbml.csv,Vaginal Commensal
6540,3704.598645879992,270.3637203741459,1852374.3.sbml.csv,Vaginal Commensal
6541,1579.3748695339812,907.2500056472496,1852374.3.sbml.csv,Vaginal Commensal
6542,3097.347043078767,526.115002455322,1852374.3.sbml.csv,Vaginal Commensal
6543,1842.2486331910566,-65.18964094012858,1852374.3.sbml.csv,Vaginal Commensal
6544,1602.4608117016335,1031.5438337178118,1852374.3.sbml.csv,Vaginal Commensal
6545,3439.85354680457,-126.61980793325965,1852374.3.sbml.csv,Vaginal Commensal
6546,2222.970959455888,-44.00222160841578,1852374.3.sbml.csv,Vaginal Commensal
6547,4159.498221978264,425.61359145966634,1852374.3.sbml.csv,Vaginal Commensal
6548,3814.5231468559027,484.7347895849484,1852374.3.sbml.csv,Vaginal Commensal
6549,2350.3980853661405,-165.89940796794724,1852374.3.sbml.csv,Vaginal Commensal
6550,1558.226478926086,-30.736892492342374,1852374.3.sbml.csv,Vaginal Commensal
6551,2670.5207556236637,-224.05640914585553,1852374.3.sbml.csv,Vaginal Commensal
6552,3863.8711952523513,227.5709613149705,1852374.3.sbml.csv,Vaginal Commensal
6553,1612.725740384083,645.3671865067676,1852374.3.sbml.csv,Vaginal Commensal
6554,3894.3425932353944,221.98814920349582,1852374.3.sbml.csv,Vaginal Commensal
6555,1976.7452680081453,431.88258174163724,1852374.3.sbml.csv,Vaginal Commensal
6556,1465.774589467472,-130.74659948731235,1852374.3.sbml.csv,Vaginal Commensal
6557,2596.9185279698554,802.9277181286382,1852374.3.sbml.csv,Vaginal Commensal
6558,3034.351232226515,551.0312877647697,1852374.3.sbml.csv,Vaginal Commensal
6559,2622.760446180691,1263.4710151754107,1852374.3.sbml.csv,Vaginal Commensal
6560,4230.00079198476,550.1713377854745,1852374.3.sbml.csv,Vaginal Commensal
6561,1244.0713918339882,-36.74564564093981,1852374.3.sbml.csv,Vaginal Commensal
6562,1534.9386175862123,218.77179738560744,1852374.3.sbml.csv,Vaginal Commensal
6563,1306.5663303253816,-52.274328181792725,1852374.3.sbml.csv,Vaginal Commensal
6564,1777.8723697247508,552.4758507218484,1852374.3.sbml.csv,Vaginal Commensal
6565,2828.900286218163,700.4482891473184,1852374.3.sbml.csv,Vaginal Commensal
6566,3907.210125673937,478.40841130569333,1852374.3.sbml.csv,Vaginal Commensal
6567,2479.1542771421286,641.2763322339293,1852374.3.sbml.csv,Vaginal Commensal
6568,1398.4486898870462,-203.28082094425042,1852374.3.sbml.csv,Vaginal Commensal
6569,2703.6767982385527,479.80115471486437,1852374.3.sbml.csv,Vaginal Commensal
6570,1562.6880586108516,93.88809178136063,1852374.3.sbml.csv,Vaginal Commensal
6571,1880.8295057133146,-343.5456331706863,1852374.3.sbml.csv,Vaginal Commensal
6572,2604.3063547734937,304.22383937767484,1852374.3.sbml.csv,Vaginal Commensal
6573,1725.7556925886201,1275.1783085833795,1852374.3.sbml.csv,Vaginal Commensal
6574,2452.186086061239,1032.0841373455792,1852374.3.sbml.csv,Vaginal Commensal
6575,2974.528700862074,238.50680840415555,1852374.3.sbml.csv,Vaginal Commensal
6576,2751.2696908512235,772.3352534024986,1852374.3.sbml.csv,Vaginal Commensal
6577,2898.094799308996,-433.5193197913167,1852374.3.sbml.csv,Vaginal Commensal
6578,2539.83048611915,140.05068952700012,1852374.3.sbml.csv,Vaginal Commensal
6579,2476.3178508928295,816.2777931519737,1852374.3.sbml.csv,Vaginal Commensal
6580,3279.627356107862,-50.22159605114066,1852374.3.sbml.csv,Vaginal Commensal
6581,1549.2567298632562,696.6122755120741,1852374.3.sbml.csv,Vaginal Commensal
6582,2224.099038570344,15.679996084259159,1852374.3.sbml.csv,Vaginal Commensal
6583,1873.8156968570227,851.4744434870044,1852374.3.sbml.csv,Vaginal Commensal
6584,3467.5156050131286,326.807022475196,1852374.3.sbml.csv,Vaginal Commensal
6585,1315.6888178819709,-295.60516308683407,1852374.3.sbml.csv,Vaginal Commensal
6586,3146.0425737945184,216.9027805878827,1852374.3.sbml.csv,Vaginal Commensal
6587,2322.90923819582,73.33007489741067,1852374.3.sbml.csv,Vaginal Commensal
6588,1894.2152285069317,954.0857797913151,1852374.3.sbml.csv,Vaginal Commensal
6589,1557.5284386427702,1025.1311030576724,1852374.3.sbml.csv,Vaginal Commensal
6590,2641.0300545985597,254.9215731175302,1852374.3.sbml.csv,Vaginal Commensal
6591,1748.076051559787,-311.35899798256236,1852374.3.sbml.csv,Vaginal Commensal
6592,3583.2703553878227,324.35986138882555,1852374.3.sbml.csv,Vaginal Commensal
6593,3769.4949857320776,45.823671047834864,1852374.3.sbml.csv,Vaginal Commensal
6594,1571.2153136370925,640.2221240386532,1852374.3.sbml.csv,Vaginal Commensal
6595,3687.9792975426953,255.7400222712951,1852374.3.sbml.csv,Vaginal Commensal
6596,2953.7369572742286,457.6671258493371,1852374.3.sbml.csv,Vaginal Commensal
6597,1295.8428276255304,694.2295409801945,1852374.3.sbml.csv,Vaginal Commensal
6598,3867.4748608571585,-270.24007700207903,1852374.3.sbml.csv,Vaginal Commensal
6599,3752.813039928517,614.0810140435541,1852374.3.sbml.csv,Vaginal Commensal
6600,3521.1173610928363,369.2860086588188,1852374.3.sbml.csv,Vaginal Commensal
6601,575.3617524325903,709.6448739837228,1852374.3.sbml.csv,Vaginal Commensal
6602,2118.6782108590814,709.5620913075048,1852374.3.sbml.csv,Vaginal Commensal
6603,1952.4328818020233,-191.01645341264575,1852374.3.sbml.csv,Vaginal Commensal
6604,3109.57843042964,310.95729595343073,1852374.3.sbml.csv,Vaginal Commensal
6605,3284.1516916302116,647.7912275263969,1852374.3.sbml.csv,Vaginal Commensal
6606,2626.529542660252,-10.39929573323319,1852374.3.sbml.csv,Vaginal Commensal
6607,3416.3326240713336,769.9695033921555,1852374.3.sbml.csv,Vaginal Commensal
6608,2554.083802468957,1279.7077315616652,1852374.3.sbml.csv,Vaginal Commensal
6609,1701.7764906896462,942.2288550959723,1852374.3.sbml.csv,Vaginal Commensal
6610,2796.769622956922,99.15622466998893,1852374.3.sbml.csv,Vaginal Commensal
6611,2387.2343798905913,29.894585315802207,1852374.3.sbml.csv,Vaginal Commensal
6612,2022.8159010584066,-279.37629291312817,1852374.3.sbml.csv,Vaginal Commensal
6613,1815.6638652132353,-46.52545475338032,1852374.3.sbml.csv,Vaginal Commensal
6614,2415.0762608760574,1135.1424287585328,1852374.3.sbml.csv,Vaginal Commensal
6615,3592.8985571491335,381.18509053534643,1852374.3.sbml.csv,Vaginal Commensal
6616,1953.031695069805,848.5975812809639,1852374.3.sbml.csv,Vaginal Commensal
6617,2391.234610682841,397.265185328751,1852374.3.sbml.csv,Vaginal Commensal
6618,2666.4329225228744,334.3032990419936,1852374.3.sbml.csv,Vaginal Commensal
6619,1761.440886214373,1179.433918404122,1852374.3.sbml.csv,Vaginal Commensal
6620,1203.7567842562098,231.11100049057092,1852374.3.sbml.csv,Vaginal Commensal
6621,2677.8045468054484,359.01238279874383,1852374.3.sbml.csv,Vaginal Commensal
6622,1766.910943145391,-84.52396310675074,1852374.3.sbml.csv,Vaginal Commensal
6623,3061.949145772144,421.9178239610799,1852374.3.sbml.csv,Vaginal Commensal
6624,2614.585248356542,-120.7612302484787,1852374.3.sbml.csv,Vaginal Commensal
6625,3251.90679000309,164.49799302002017,1852374.3.sbml.csv,Vaginal Commensal
6626,3820.2812575887797,339.3198901822364,1852374.3.sbml.csv,Vaginal Commensal
6627,1248.2888887177796,154.67656281222725,1852374.3.sbml.csv,Vaginal Commensal
6628,2142.504450135788,240.4293128901026,1852374.3.sbml.csv,Vaginal Commensal
6629,1877.8064581152273,150.65550093490285,1852374.3.sbml.csv,Vaginal Commensal
6630,1667.304896470387,553.0729683362232,1852374.3.sbml.csv,Vaginal Commensal
6631,3064.7637103787465,-11.206602277848116,1852374.3.sbml.csv,Vaginal Commensal
6632,2357.0886694821747,1128.287152341657,1852374.3.sbml.csv,Vaginal Commensal
6633,3741.322594028477,406.1128993910465,1852374.3.sbml.csv,Vaginal Commensal
6634,2075.215839323016,342.0874359415164,1852374.3.sbml.csv,Vaginal Commensal
6635,1585.710180306289,1114.5574455388487,1852374.3.sbml.csv,Vaginal Commensal
6636,1868.3298641886856,633.1581678512667,1852374.3.sbml.csv,Vaginal Commensal
6637,2281.5732118370724,332.9593948693172,1852374.3.sbml.csv,Vaginal Commensal
6638,3614.1853635256466,48.771887068265954,1852374.3.sbml.csv,Vaginal Commensal
6639,2315.585939756109,499.32291322095415,1852374.3.sbml.csv,Vaginal Commensal
6640,779.6952586992797,371.33650051594606,1852374.3.sbml.csv,Vaginal Commensal
6641,1870.3542234962133,69.67360032605622,1852374.3.sbml.csv,Vaginal Commensal
6642,3090.346949372423,764.9330352236985,1852374.3.sbml.csv,Vaginal Commensal
6643,1739.8764130558063,867.4672538405907,1852374.3.sbml.csv,Vaginal Commensal
6644,936.3750760440342,153.00409553572146,1852374.3.sbml.csv,Vaginal Commensal
6645,3388.0241207062563,618.5658095171709,1852374.3.sbml.csv,Vaginal Commensal
6646,1078.3819772129896,-354.64302713292363,1852374.3.sbml.csv,Vaginal Commensal
6647,2830.5947636780634,-7.200626549509855,1852374.3.sbml.csv,Vaginal Commensal
6648,3875.4446704808292,547.2196827846235,1852374.3.sbml.csv,Vaginal Commensal
6649,1970.1071442087903,547.0945698084023,1852374.3.sbml.csv,Vaginal Commensal
6650,2502.0206378028197,708.1405310356606,1852374.3.sbml.csv,Vaginal Commensal
6651,3738.298670193307,458.163077170637,1852374.3.sbml.csv,Vaginal Commensal
6652,1695.429747032547,328.627239572876,1852374.3.sbml.csv,Vaginal Commensal
6653,2691.973816159906,439.6367840021596,1852374.3.sbml.csv,Vaginal Commensal
6654,4216.741356750376,-166.15741413238982,1852374.3.sbml.csv,Vaginal Commensal
6655,807.0707071010322,111.36060845645198,1852374.3.sbml.csv,Vaginal Commensal
6656,3536.647026443818,102.39586635723549,1852374.3.sbml.csv,Vaginal Commensal
6657,1300.1021608132162,676.9209459359945,1852374.3.sbml.csv,Vaginal Commensal
6658,1144.3398108345925,379.97884107165527,1852374.3.sbml.csv,Vaginal Commensal
6659,1295.2618184191836,17.182978308936153,1852374.3.sbml.csv,Vaginal Commensal
6660,3251.86004268591,490.80399988467224,1852374.3.sbml.csv,Vaginal Commensal
6661,1805.8132066153762,197.54562453572805,1852374.3.sbml.csv,Vaginal Commensal
6662,2681.8201494695595,244.63725781433786,1852374.3.sbml.csv,Vaginal Commensal
6663,1076.9116700315244,821.0621834398286,1852374.3.sbml.csv,Vaginal Commensal
6664,3908.673462392324,424.3509374080629,1852374.3.sbml.csv,Vaginal Commensal
6665,3011.4245122086795,331.3370078138942,1852374.3.sbml.csv,Vaginal Commensal
6666,2507.8582334512457,-70.81349876169836,1852374.3.sbml.csv,Vaginal Commensal
6667,3546.3543272696193,-43.41254421502983,1852374.3.sbml.csv,Vaginal Commensal
6668,2907.3964657331535,-281.88622002717307,1852374.3.sbml.csv,Vaginal Commensal
6669,2685.6936139539384,153.27550841292992,1852374.3.sbml.csv,Vaginal Commensal
6670,1366.1016210593518,253.44578056138434,1852374.3.sbml.csv,Vaginal Commensal
6671,3574.153857796093,-82.36073159916529,1852374.3.sbml.csv,Vaginal Commensal
6672,3222.1993851611774,59.084670584209846,1852374.3.sbml.csv,Vaginal Commensal
6673,3479.600171411122,443.9958405545747,1852374.3.sbml.csv,Vaginal Commensal
6674,1540.6434316047805,490.7986445767533,1852374.3.sbml.csv,Vaginal Commensal
6675,2580.8618287064637,182.09891869473105,1852374.3.sbml.csv,Vaginal Commensal
6676,3180.7917846687333,1158.4366628453854,1852374.3.sbml.csv,Vaginal Commensal
6677,646.3965203339939,827.9505408268939,1852374.3.sbml.csv,Vaginal Commensal
6678,2392.2941330953186,856.809109785215,1852374.3.sbml.csv,Vaginal Commensal
6679,1624.8477604265317,478.5538865908342,1852374.3.sbml.csv,Vaginal Commensal
6680,4108.482426221231,58.677488718486565,1852374.3.sbml.csv,Vaginal Commensal
6681,1375.8495611643018,105.65166636126358,1852374.3.sbml.csv,Vaginal Commensal
6682,2759.2970722181135,831.5048900051851,1852374.3.sbml.csv,Vaginal Commensal
6683,2642.309313201728,303.8174100801227,1852374.3.sbml.csv,Vaginal Commensal
6684,2180.5727909638163,223.631530483492,1852374.3.sbml.csv,Vaginal Commensal
6685,3851.0814162029956,-190.00716934243817,1852374.3.sbml.csv,Vaginal Commensal
6686,1942.8488635554434,495.01028479602,1852374.3.sbml.csv,Vaginal Commensal
6687,1046.0555459183613,268.2047373857381,1852374.3.sbml.csv,Vaginal Commensal
6688,3384.1737829591616,279.91942454692526,1852374.3.sbml.csv,Vaginal Commensal
6689,1522.3032244360359,58.61084508468382,1852374.3.sbml.csv,Vaginal Commensal
6690,2534.3681177644926,51.36959686909992,1852374.3.sbml.csv,Vaginal Commensal
6691,2823.427380061598,712.1076556775178,1852374.3.sbml.csv,Vaginal Commensal
6692,2509.519778789067,435.70831827401196,1852374.3.sbml.csv,Vaginal Commensal
6693,1395.547651711525,192.4448417619008,1852374.3.sbml.csv,Vaginal Commensal
6694,1379.35444500254,595.1858101544444,1852374.3.sbml.csv,Vaginal Commensal
6695,2365.308317121801,-19.38327696484299,1852374.3.sbml.csv,Vaginal Commensal
6696,2313.0558111982923,261.63255071386845,1852374.3.sbml.csv,Vaginal Commensal
6697,1978.0352235233468,201.13820191882024,1852374.3.sbml.csv,Vaginal Commensal
6698,2505.9995951521205,1546.6240983969683,1852374.3.sbml.csv,Vaginal Commensal
6699,2795.2210118691974,143.60915746781401,1852374.3.sbml.csv,Vaginal Commensal
6700,2788.5530013891325,-335.6614828775824,1852374.3.sbml.csv,Vaginal Commensal
6701,3417.4986324246684,716.5508239223526,1852374.3.sbml.csv,Vaginal Commensal
6702,971.8107105635432,651.2712841167835,1852374.3.sbml.csv,Vaginal Commensal
6703,2613.5791025000945,353.9081088937478,1852374.3.sbml.csv,Vaginal Commensal
6704,946.0940002770765,754.2713569111054,1852374.3.sbml.csv,Vaginal Commensal
6705,2261.352791098104,124.81576283280913,1852374.3.sbml.csv,Vaginal Commensal
6706,3648.718117981634,471.70318923368274,1852374.3.sbml.csv,Vaginal Commensal
6707,2349.0565221133047,-160.79803186133185,1852374.3.sbml.csv,Vaginal Commensal
6708,2082.1623155858883,357.35735264516626,1852374.3.sbml.csv,Vaginal Commensal
6709,1737.2460261886558,1033.6275300434177,1852374.3.sbml.csv,Vaginal Commensal
6710,1267.9069666537953,591.8939469127785,1852374.3.sbml.csv,Vaginal Commensal
6711,1286.7116201563597,-85.27005243862868,1852374.3.sbml.csv,Vaginal Commensal
6712,3686.4396971958167,431.2500754389263,1852374.3.sbml.csv,Vaginal Commensal
6713,1754.4860362316838,832.0406216826048,1852374.3.sbml.csv,Vaginal Commensal
6714,1222.4369869108893,-146.3589342257674,1852374.3.sbml.csv,Vaginal Commensal
6715,3116.238323632475,364.28762276351523,1852374.3.sbml.csv,Vaginal Commensal
6716,3806.397166889784,323.879467863567,1852374.3.sbml.csv,Vaginal Commensal
6717,867.8509735841004,788.4903609130071,1852374.3.sbml.csv,Vaginal Commensal
6718,3151.919940092184,160.9422149743458,1852374.3.sbml.csv,Vaginal Commensal
6719,2449.5348554009547,585.0507341329409,1852374.3.sbml.csv,Vaginal Commensal
6720,3462.4336779506684,653.1605287298968,1852374.3.sbml.csv,Vaginal Commensal
6721,2740.2036216033753,107.63789540978847,1852374.3.sbml.csv,Vaginal Commensal
6722,2648.799428358168,1019.5888767926451,1852374.3.sbml.csv,Vaginal Commensal
6723,1235.3561158057857,-628.7452531859058,1852374.3.sbml.csv,Vaginal Commensal
6724,1169.1730299740886,661.5338857692389,1852374.3.sbml.csv,Vaginal Commensal
6725,1404.190406599348,-228.71644852421605,1852374.3.sbml.csv,Vaginal Commensal
6726,1845.3286743660988,-549.8425593068071,1852374.3.sbml.csv,Vaginal Commensal
6727,1405.329196531343,863.5148629868945,1852374.3.sbml.csv,Vaginal Commensal
6728,2608.672196918862,179.74715525030783,1852374.3.sbml.csv,Vaginal Commensal
6729,1519.8859690240542,810.1368006612034,1852374.3.sbml.csv,Vaginal Commensal
6730,854.7095899948229,881.9695191631125,1852374.3.sbml.csv,Vaginal Commensal
6731,2154.3524746483145,858.7697201466066,1852374.3.sbml.csv,Vaginal Commensal
6732,1648.8776264935834,50.46994270153779,1852374.3.sbml.csv,Vaginal Commensal
6733,2487.495287586132,584.9088783757167,1852374.3.sbml.csv,Vaginal Commensal
6734,1515.4402762697227,409.15666041041203,1852374.3.sbml.csv,Vaginal Commensal
6735,2129.7178555939477,344.353040057545,1852374.3.sbml.csv,Vaginal Commensal
6736,2667.2718297537704,658.218745989096,1852374.3.sbml.csv,Vaginal Commensal
6737,3702.7966826875995,483.3798220164574,1852374.3.sbml.csv,Vaginal Commensal
6738,1238.2858422703066,70.28531567851886,1852374.3.sbml.csv,Vaginal Commensal
6739,883.216865409087,155.701579640106,1852374.3.sbml.csv,Vaginal Commensal
6740,3530.244916752607,-107.92173086760988,1852374.3.sbml.csv,Vaginal Commensal
6741,1411.644010618848,-113.8176788415305,1852374.3.sbml.csv,Vaginal Commensal
6742,1298.457150446391,648.5924394183411,1852374.3.sbml.csv,Vaginal Commensal
6743,3403.515094544458,1162.7597852019865,1852374.3.sbml.csv,Vaginal Commensal
6744,3436.259518427713,747.8711799975059,1852374.3.sbml.csv,Vaginal Commensal
6745,3607.369322261122,275.6102765490666,1852374.3.sbml.csv,Vaginal Commensal
6746,2951.3180270087482,172.13235511285893,1852374.3.sbml.csv,Vaginal Commensal
6747,1497.5736683401362,648.2881618758556,1852374.3.sbml.csv,Vaginal Commensal
6748,1636.1519694878666,760.0711090666204,1852374.3.sbml.csv,Vaginal Commensal
6749,1380.6014539513187,392.1842183275832,1852374.3.sbml.csv,Vaginal Commensal
6750,-51.38627503047865,-99.96165113767668,47715.1833.sbml.csv,Vaginal Probiotic
6751,2016.3724031217241,-1160.545860023301,47715.1833.sbml.csv,Vaginal Probiotic
6752,-1455.3670569808544,-961.4701960329901,47715.1833.sbml.csv,Vaginal Probiotic
6753,-1783.8223037799191,-1074.7710012963757,47715.1833.sbml.csv,Vaginal Probiotic
6754,-777.2729777059933,-208.97929303820194,47715.1833.sbml.csv,Vaginal Probiotic
6755,-1402.1532722316688,-530.2506714959336,47715.1833.sbml.csv,Vaginal Probiotic
6756,238.31560458939566,-120.88458046441859,47715.1833.sbml.csv,Vaginal Probiotic
6757,398.5166991674037,-626.4843422720471,47715.1833.sbml.csv,Vaginal Probiotic
6758,-692.2435096467121,-1110.267720090304,47715.1833.sbml.csv,Vaginal Probiotic
6759,862.5657684906944,-1327.972501278013,47715.1833.sbml.csv,Vaginal Probiotic
6760,-1226.0734924981682,-2286.87948897578,47715.1833.sbml.csv,Vaginal Probiotic
6761,-1135.4501705686894,586.8963576855266,47715.1833.sbml.csv,Vaginal Probiotic
6762,1380.323238050434,-1382.2086185260537,47715.1833.sbml.csv,Vaginal Probiotic
6763,-1309.580177119071,-1160.2087264248191,47715.1833.sbml.csv,Vaginal Probiotic
6764,1244.5226400701329,-741.0040814548398,47715.1833.sbml.csv,Vaginal Probiotic
6765,-897.7569683353713,-249.32637156896624,47715.1833.sbml.csv,Vaginal Probiotic
6766,-631.170504629353,-475.29618967800616,47715.1833.sbml.csv,Vaginal Probiotic
6767,-1052.3570849193986,-129.77332143915598,47715.1833.sbml.csv,Vaginal Probiotic
6768,-769.426102262045,-1683.2561804267457,47715.1833.sbml.csv,Vaginal Probiotic
6769,-561.794982169499,-449.99135338830916,47715.1833.sbml.csv,Vaginal Probiotic
6770,-1185.5525183733416,-629.0856267139707,47715.1833.sbml.csv,Vaginal Probiotic
6771,1795.3423863294975,101.25651763549614,47715.1833.sbml.csv,Vaginal Probiotic
6772,553.6213268928486,-824.820641153865,47715.1833.sbml.csv,Vaginal Probiotic
6773,18.893867668715277,135.3916242050687,47715.1833.sbml.csv,Vaginal Probiotic
6774,-393.2323193062997,-1371.2485287102193,47715.1833.sbml.csv,Vaginal Probiotic
6775,235.64261646992048,-808.5628949052382,47715.1833.sbml.csv,Vaginal Probiotic
6776,-549.8305027738872,-955.4663663624458,47715.1833.sbml.csv,Vaginal Probiotic
6777,1221.4125360390233,-775.8050861978628,47715.1833.sbml.csv,Vaginal Probiotic
6778,-395.68648234162816,-834.1767597801738,47715.1833.sbml.csv,Vaginal Probiotic
6779,-1137.023999159553,378.493665576878,47715.1833.sbml.csv,Vaginal Probiotic
6780,-1715.9467824040528,182.71546042838347,47715.1833.sbml.csv,Vaginal Probiotic
6781,26.287147630114177,-1507.7021016011838,47715.1833.sbml.csv,Vaginal Probiotic
6782,-1039.107932249789,-747.5266442557753,47715.1833.sbml.csv,Vaginal Probiotic
6783,543.1548949008304,-1091.577897415107,47715.1833.sbml.csv,Vaginal Probiotic
6784,50.76478014524422,7.100711392574394,47715.1833.sbml.csv,Vaginal Probiotic
6785,-288.8558772334258,-1882.6261564493057,47715.1833.sbml.csv,Vaginal Probiotic
6786,-1072.1279917609786,-1246.5071954112068,47715.1833.sbml.csv,Vaginal Probiotic
6787,-53.99787508854295,-370.4502785114879,47715.1833.sbml.csv,Vaginal Probiotic
6788,-37.68663609910564,731.6143957925707,47715.1833.sbml.csv,Vaginal Probiotic
6789,62.167965164897275,-421.1206560001833,47715.1833.sbml.csv,Vaginal Probiotic
6790,-1672.715422631501,-1472.7254815149076,47715.1833.sbml.csv,Vaginal Probiotic
6791,-1468.3365184883062,-98.74706103601615,47715.1833.sbml.csv,Vaginal Probiotic
6792,-883.3768901570212,-379.427553131277,47715.1833.sbml.csv,Vaginal Probiotic
6793,-901.7946310370098,-1118.6615760215154,47715.1833.sbml.csv,Vaginal Probiotic
6794,-1733.07968670593,-566.8500398015476,47715.1833.sbml.csv,Vaginal Probiotic
6795,-747.3396689932413,-1014.811583138914,47715.1833.sbml.csv,Vaginal Probiotic
6796,-959.39992777277,-998.5508794710632,47715.1833.sbml.csv,Vaginal Probiotic
6797,146.59896315609154,-1686.2566382465045,47715.1833.sbml.csv,Vaginal Probiotic
6798,-2152.527176218664,-1343.9983496613436,47715.1833.sbml.csv,Vaginal Probiotic
6799,525.4677915109907,-1580.165323483748,47715.1833.sbml.csv,Vaginal Probiotic
6800,413.18085630164416,81.79053710403174,47715.1833.sbml.csv,Vaginal Probiotic
6801,-1093.8990279615102,-1716.45258299749,47715.1833.sbml.csv,Vaginal Probiotic
6802,-1197.5133554785464,-1245.0407832590765,47715.1833.sbml.csv,Vaginal Probiotic
6803,-1116.2554917445218,-289.28179208641575,47715.1833.sbml.csv,Vaginal Probiotic
6804,-529.3427176779131,243.07385234624786,47715.1833.sbml.csv,Vaginal Probiotic
6805,-999.5462633056623,-94.58369958587738,47715.1833.sbml.csv,Vaginal Probiotic
6806,305.32568071363323,-1026.2772288017513,47715.1833.sbml.csv,Vaginal Probiotic
6807,-2443.779325418444,897.7997984893134,47715.1833.sbml.csv,Vaginal Probiotic
6808,-670.3514621498198,-1271.2413251516314,47715.1833.sbml.csv,Vaginal Probiotic
6809,-368.34735072494425,-1078.4671135658564,47715.1833.sbml.csv,Vaginal Probiotic
6810,1053.0558597555912,-1228.6223431292763,47715.1833.sbml.csv,Vaginal Probiotic
6811,6.613738039707143,-1073.5107726253168,47715.1833.sbml.csv,Vaginal Probiotic
6812,-2155.197476702847,-1269.87838881206,47715.1833.sbml.csv,Vaginal Probiotic
6813,-113.60660742757649,-1283.4270605438187,47715.1833.sbml.csv,Vaginal Probiotic
6814,1186.09285227869,-1212.7671431900187,47715.1833.sbml.csv,Vaginal Probiotic
6815,96.57188903778238,-501.94970745942317,47715.1833.sbml.csv,Vaginal Probiotic
6816,-1404.43620965785,7.129163986570153,47715.1833.sbml.csv,Vaginal Probiotic
6817,-1088.0864808892807,704.4672436356069,47715.1833.sbml.csv,Vaginal Probiotic
6818,563.6768264547985,819.098899742106,47715.1833.sbml.csv,Vaginal Probiotic
6819,-770.662368294119,-532.5930302995025,47715.1833.sbml.csv,Vaginal Probiotic
6820,-83.07143509441754,-1276.7984053350694,47715.1833.sbml.csv,Vaginal Probiotic
6821,-887.7618132975751,-873.1682759548897,47715.1833.sbml.csv,Vaginal Probiotic
6822,998.6965147522483,-736.5474255626974,47715.1833.sbml.csv,Vaginal Probiotic
6823,-625.2348298107013,-542.7649703526032,47715.1833.sbml.csv,Vaginal Probiotic
6824,-1023.2984547975497,-13.468319528349948,47715.1833.sbml.csv,Vaginal Probiotic
6825,501.71017810757,-1326.0201374246174,47715.1833.sbml.csv,Vaginal Probiotic
6826,668.2070146421544,-897.3291885008755,47715.1833.sbml.csv,Vaginal Probiotic
6827,-514.2330854176727,-761.5206586912092,47715.1833.sbml.csv,Vaginal Probiotic
6828,-488.58589173294297,-817.0570635612938,47715.1833.sbml.csv,Vaginal Probiotic
6829,-2100.8876622950006,-870.8361763188366,47715.1833.sbml.csv,Vaginal Probiotic
6830,172.04654945897954,-1137.1632946667667,47715.1833.sbml.csv,Vaginal Probiotic
6831,1291.5074110519968,-1191.4593945547763,47715.1833.sbml.csv,Vaginal Probiotic
6832,-1861.701318993579,-1062.3391033311657,47715.1833.sbml.csv,Vaginal Probiotic
6833,-917.9955798695918,-982.9431328897125,47715.1833.sbml.csv,Vaginal Probiotic
6834,-637.810383120234,90.70664484886156,47715.1833.sbml.csv,Vaginal Probiotic
6835,-1572.6051890786498,142.811725191369,47715.1833.sbml.csv,Vaginal Probiotic
6836,-22.008612682128724,-984.050304440222,47715.1833.sbml.csv,Vaginal Probiotic
6837,-905.9208982766913,-1559.5137319889066,47715.1833.sbml.csv,Vaginal Probiotic
6838,-110.7541439773167,-245.34099112146723,47715.1833.sbml.csv,Vaginal Probiotic
6839,1626.7543066432786,231.16998938806864,47715.1833.sbml.csv,Vaginal Probiotic
6840,-2022.6653357376963,-610.2580948612473,47715.1833.sbml.csv,Vaginal Probiotic
6841,-1050.147018308578,-912.3873786700264,47715.1833.sbml.csv,Vaginal Probiotic
6842,-95.49801805630362,-892.4568380886564,47715.1833.sbml.csv,Vaginal Probiotic
6843,-2970.2244638880798,-497.6675206915287,47715.1833.sbml.csv,Vaginal Probiotic
6844,-1076.6973439408519,50.16603781440702,47715.1833.sbml.csv,Vaginal Probiotic
6845,-598.6783604672136,-307.25396025978995,47715.1833.sbml.csv,Vaginal Probiotic
6846,-1468.544011086114,258.14823742017046,47715.1833.sbml.csv,Vaginal Probiotic
6847,-1006.6194195288147,-1850.3566066305546,47715.1833.sbml.csv,Vaginal Probiotic
6848,-2113.1146509184478,-1371.7354006264002,47715.1833.sbml.csv,Vaginal Probiotic
6849,1782.1012025683563,238.11596988525912,47715.1833.sbml.csv,Vaginal Probiotic
6850,-1837.3752424353731,-1192.8469298935513,47715.1833.sbml.csv,Vaginal Probiotic
6851,120.7742979552889,590.1010237983512,47715.1833.sbml.csv,Vaginal Probiotic
6852,-1820.794698021955,-664.5152764541118,47715.1833.sbml.csv,Vaginal Probiotic
6853,-1349.2686651969593,-259.4841500409925,47715.1833.sbml.csv,Vaginal Probiotic
6854,-198.8177167378293,-287.3031766566779,47715.1833.sbml.csv,Vaginal Probiotic
6855,-702.6420448588237,-659.5197332756495,47715.1833.sbml.csv,Vaginal Probiotic
6856,-1762.9794035537832,-399.475365256525,47715.1833.sbml.csv,Vaginal Probiotic
6857,-1275.7840150188515,650.9040746924312,47715.1833.sbml.csv,Vaginal Probiotic
6858,1680.5545277167635,-1118.9597341622607,47715.1833.sbml.csv,Vaginal Probiotic
6859,634.1105914969631,-1249.546135796426,47715.1833.sbml.csv,Vaginal Probiotic
6860,1893.6010440487873,-1533.619260389051,47715.1833.sbml.csv,Vaginal Probiotic
6861,-2158.8287453600547,-541.61849528227,47715.1833.sbml.csv,Vaginal Probiotic
6862,1188.4061803897519,252.10626195519396,47715.1833.sbml.csv,Vaginal Probiotic
6863,-573.7862198908146,-1456.9111441785954,47715.1833.sbml.csv,Vaginal Probiotic
6864,696.9063752334173,-1568.2780482333656,47715.1833.sbml.csv,Vaginal Probiotic
6865,-992.51367115887,-935.4507222808077,47715.1833.sbml.csv,Vaginal Probiotic
6866,-131.79666420769308,-975.0214238396638,47715.1833.sbml.csv,Vaginal Probiotic
6867,-908.9298480194229,-1225.2603640458385,47715.1833.sbml.csv,Vaginal Probiotic
6868,-1969.2914744709708,41.81269154789843,47715.1833.sbml.csv,Vaginal Probiotic
6869,-250.3750604831049,-855.0740212059807,47715.1833.sbml.csv,Vaginal Probiotic
6870,1389.8916930147896,-533.1969515320613,47715.1833.sbml.csv,Vaginal Probiotic
6871,-628.426682509153,260.2655261722959,47715.1833.sbml.csv,Vaginal Probiotic
6872,300.37170674925613,-134.0266397110582,47715.1833.sbml.csv,Vaginal Probiotic
6873,-1317.4180190335421,-407.0134266358242,47715.1833.sbml.csv,Vaginal Probiotic
6874,-2041.3282529110118,507.03484652945053,47715.1833.sbml.csv,Vaginal Probiotic
6875,-17.607396918486273,-1007.6680855940598,47715.1833.sbml.csv,Vaginal Probiotic
6876,-586.1681237231592,202.64659569490524,47715.1833.sbml.csv,Vaginal Probiotic
6877,-817.1275943640549,-1193.1780539315453,47715.1833.sbml.csv,Vaginal Probiotic
6878,-1567.8970707483006,-662.657294706841,47715.1833.sbml.csv,Vaginal Probiotic
6879,89.74182295873185,-1323.4418823549938,47715.1833.sbml.csv,Vaginal Probiotic
6880,-634.9917111307424,-157.9065763426397,47715.1833.sbml.csv,Vaginal Probiotic
6881,747.1781139330627,189.80175172442287,47715.1833.sbml.csv,Vaginal Probiotic
6882,646.846855936549,-62.3483789192607,47715.1833.sbml.csv,Vaginal Probiotic
6883,860.2351697285927,-1493.3257574098266,47715.1833.sbml.csv,Vaginal Probiotic
6884,-1433.79361165756,-1274.0851184039452,47715.1833.sbml.csv,Vaginal Probiotic
6885,-109.79193470578433,-784.6651912051036,47715.1833.sbml.csv,Vaginal Probiotic
6886,-86.89621085005403,-305.40637405933114,47715.1833.sbml.csv,Vaginal Probiotic
6887,705.9853365452116,57.54270057224663,47715.1833.sbml.csv,Vaginal Probiotic
6888,-2433.1246645023066,15.850427665045439,47715.1833.sbml.csv,Vaginal Probiotic
6889,311.21815169576024,-838.3618691057887,47715.1833.sbml.csv,Vaginal Probiotic
6890,-883.9869782264722,647.2479577768784,47715.1833.sbml.csv,Vaginal Probiotic
6891,-953.7861079440861,546.4590729010208,47715.1833.sbml.csv,Vaginal Probiotic
6892,-410.42060063918063,-656.1663384116405,47715.1833.sbml.csv,Vaginal Probiotic
6893,-468.4338260729432,-642.22741704689,47715.1833.sbml.csv,Vaginal Probiotic
6894,91.26035147328567,-199.51322976449202,47715.1833.sbml.csv,Vaginal Probiotic
6895,-634.8724393485855,-975.6762953819655,47715.1833.sbml.csv,Vaginal Probiotic
6896,-2816.8011595091466,-495.4801746007779,47715.1833.sbml.csv,Vaginal Probiotic
6897,1880.1942008873066,-1212.673940643498,47715.1833.sbml.csv,Vaginal Probiotic
6898,-1433.9966308985768,-2101.1760479452983,47715.1833.sbml.csv,Vaginal Probiotic
6899,456.59743546040386,-274.8725079568619,47715.1833.sbml.csv,Vaginal Probiotic
6900,-1938.136887823154,-1694.0718826770742,47715.1833.sbml.csv,Vaginal Probiotic
6901,-993.2061053161187,-422.33725273437506,47715.1833.sbml.csv,Vaginal Probiotic
6902,-436.21105724796496,-1024.108459076217,47715.1833.sbml.csv,Vaginal Probiotic
6903,-1819.902138069267,-844.8464073768847,47715.1833.sbml.csv,Vaginal Probiotic
6904,-2378.8621444051146,-1292.7151048264586,47715.1833.sbml.csv,Vaginal Probiotic
6905,-119.5674764084685,-1373.6143112030202,47715.1833.sbml.csv,Vaginal Probiotic
6906,-2115.924423922508,-1599.8537680566044,47715.1833.sbml.csv,Vaginal Probiotic
6907,2160.3898294359274,-824.1547538148707,47715.1833.sbml.csv,Vaginal Probiotic
6908,-289.34879137736266,-1016.2476465478916,47715.1833.sbml.csv,Vaginal Probiotic
6909,-388.9763666642996,-1793.287478822273,47715.1833.sbml.csv,Vaginal Probiotic
6910,591.4610194247308,-156.31041701177676,47715.1833.sbml.csv,Vaginal Probiotic
6911,169.42382334329074,-550.0043417124027,47715.1833.sbml.csv,Vaginal Probiotic
6912,18.722068231596595,-8.802544178582634,47715.1833.sbml.csv,Vaginal Probiotic
6913,-269.0400389373664,-603.3120860546496,47715.1833.sbml.csv,Vaginal Probiotic
6914,-1248.7716490442344,-1149.7914136867746,47715.1833.sbml.csv,Vaginal Probiotic
6915,553.4119291127384,-1029.9706765818867,47715.1833.sbml.csv,Vaginal Probiotic
6916,-408.96842816465477,-493.54404796525336,47715.1833.sbml.csv,Vaginal Probiotic
6917,687.3002533645937,-1172.105441671161,47715.1833.sbml.csv,Vaginal Probiotic
6918,-48.38183277037629,-615.9905328983209,47715.1833.sbml.csv,Vaginal Probiotic
6919,-1105.679512791145,124.66694150016707,47715.1833.sbml.csv,Vaginal Probiotic
6920,470.2714560982056,-826.9563832044807,47715.1833.sbml.csv,Vaginal Probiotic
6921,-1661.5961514022754,-828.1713449576727,47715.1833.sbml.csv,Vaginal Probiotic
6922,-1806.6481154183914,-768.9183639194547,47715.1833.sbml.csv,Vaginal Probiotic
6923,-785.0310565919061,-195.19804595856357,47715.1833.sbml.csv,Vaginal Probiotic
6924,-1507.3509277960395,-748.4975078002853,47715.1833.sbml.csv,Vaginal Probiotic
6925,-1547.8168657446874,-483.291925781655,47715.1833.sbml.csv,Vaginal Probiotic
6926,-1111.1436907075943,669.9938758851753,47715.1833.sbml.csv,Vaginal Probiotic
6927,74.58576252442758,-770.0285917480627,47715.1833.sbml.csv,Vaginal Probiotic
6928,-381.96965363808386,-412.74949903760756,47715.1833.sbml.csv,Vaginal Probiotic
6929,-1145.7614560866066,-1355.3482387313566,47715.1833.sbml.csv,Vaginal Probiotic
6930,-78.32251119705857,-1236.585551841316,47715.1833.sbml.csv,Vaginal Probiotic
6931,-1144.507632523401,-431.0339667261473,47715.1833.sbml.csv,Vaginal Probiotic
6932,-394.0297788410977,-1671.3472701596932,47715.1833.sbml.csv,Vaginal Probiotic
6933,-3149.3412663677673,43.48448236172345,47715.1833.sbml.csv,Vaginal Probiotic
6934,1377.8318156125622,-951.3904253736624,47715.1833.sbml.csv,Vaginal Probiotic
6935,-1957.168336826853,-1557.4838384208367,47715.1833.sbml.csv,Vaginal Probiotic
6936,-2052.245335363235,-133.43169731743382,47715.1833.sbml.csv,Vaginal Probiotic
6937,-152.67823559602647,-1762.4294900007283,47715.1833.sbml.csv,Vaginal Probiotic
6938,-1372.4810196660794,-845.5597387364573,47715.1833.sbml.csv,Vaginal Probiotic
6939,-1159.2391094991751,135.78552085829884,47715.1833.sbml.csv,Vaginal Probiotic
6940,-123.07677784287178,-1768.835555145514,47715.1833.sbml.csv,Vaginal Probiotic
6941,-897.0295328508072,-566.1576951557695,47715.1833.sbml.csv,Vaginal Probiotic
6942,-770.0261283437542,-203.30245566395791,47715.1833.sbml.csv,Vaginal Probiotic
6943,-1647.6510993188808,-317.2948385260672,47715.1833.sbml.csv,Vaginal Probiotic
6944,-175.63721132707445,-1780.1370663238793,47715.1833.sbml.csv,Vaginal Probiotic
6945,-2063.979259964412,-512.8500269932916,47715.1833.sbml.csv,Vaginal Probiotic
6946,-100.1514010219686,-832.743441787025,47715.1833.sbml.csv,Vaginal Probiotic
6947,-646.3771724864848,-1157.5284619619033,47715.1833.sbml.csv,Vaginal Probiotic
6948,446.13258098751527,-632.4849880788588,47715.1833.sbml.csv,Vaginal Probiotic
6949,498.40146204418824,-1549.8124658376778,47715.1833.sbml.csv,Vaginal Probiotic
6950,-2208.9864631220485,-468.93847332005157,47715.1833.sbml.csv,Vaginal Probiotic
6951,-348.4182043558671,553.8323974100448,47715.1833.sbml.csv,Vaginal Probiotic
6952,-301.3388090107106,836.273080437441,47715.1833.sbml.csv,Vaginal Probiotic
6953,-2516.4333336282093,-864.0880760194373,47715.1833.sbml.csv,Vaginal Probiotic
6954,1290.0416600680678,-305.77572632706557,47715.1833.sbml.csv,Vaginal Probiotic
6955,425.83370095201644,-2021.3886393821233,47715.1833.sbml.csv,Vaginal Probiotic
6956,-969.6865449272094,343.7688258846229,47715.1833.sbml.csv,Vaginal Probiotic
6957,-516.037980258835,461.5099468439233,47715.1833.sbml.csv,Vaginal Probiotic
6958,401.33244043860844,-62.5737439049139,47715.1833.sbml.csv,Vaginal Probiotic
6959,-540.3154506247827,-501.1894127988371,47715.1833.sbml.csv,Vaginal Probiotic
6960,1537.1678778605049,-490.4886699769539,47715.1833.sbml.csv,Vaginal Probiotic
6961,-907.0537965905872,-292.14240189245754,47715.1833.sbml.csv,Vaginal Probiotic
6962,495.4631435943702,-289.836044214751,47715.1833.sbml.csv,Vaginal Probiotic
6963,-2025.1331626102656,-709.0221264489165,47715.1833.sbml.csv,Vaginal Probiotic
6964,-154.8948415798544,-247.4302975939363,47715.1833.sbml.csv,Vaginal Probiotic
6965,-1240.3237576975093,-1381.2979593760153,47715.1833.sbml.csv,Vaginal Probiotic
6966,698.3463991367875,-1132.7301570665434,47715.1833.sbml.csv,Vaginal Probiotic
6967,-1455.671917671611,-535.3567056538063,47715.1833.sbml.csv,Vaginal Probiotic
6968,2084.330938805396,-555.8696511128543,47715.1833.sbml.csv,Vaginal Probiotic
6969,702.2890384025802,-444.9249661564794,47715.1833.sbml.csv,Vaginal Probiotic
6970,-960.695413037246,-48.36230199908112,47715.1833.sbml.csv,Vaginal Probiotic
6971,-1045.9382455597288,745.7601741898324,47715.1833.sbml.csv,Vaginal Probiotic
6972,-809.7886168638129,-1698.4033032810657,47715.1833.sbml.csv,Vaginal Probiotic
6973,251.63426319111824,-924.8772022905026,47715.1833.sbml.csv,Vaginal Probiotic
6974,-1552.3595637566843,-864.8852959874627,47715.1833.sbml.csv,Vaginal Probiotic
6975,-1421.243060728127,-449.1841341339835,47715.1833.sbml.csv,Vaginal Probiotic
6976,-831.1045692465657,-209.28244457865293,47715.1833.sbml.csv,Vaginal Probiotic
6977,-863.9289370851235,217.92657779927268,47715.1833.sbml.csv,Vaginal Probiotic
6978,-725.2062147278485,-1248.921912853045,47715.1833.sbml.csv,Vaginal Probiotic
6979,168.97043338216298,-489.3826440807695,47715.1833.sbml.csv,Vaginal Probiotic
6980,-1228.942389903696,4.625084378484021,47715.1833.sbml.csv,Vaginal Probiotic
6981,-975.0886114620844,-302.04438697298207,47715.1833.sbml.csv,Vaginal Probiotic
6982,745.6379794078224,-1127.8572326865383,47715.1833.sbml.csv,Vaginal Probiotic
6983,-1369.7467259704179,-2485.177257277318,47715.1833.sbml.csv,Vaginal Probiotic
6984,-341.3158115474268,66.17145897415125,47715.1833.sbml.csv,Vaginal Probiotic
6985,-1959.8959655081865,-1502.747105139018,47715.1833.sbml.csv,Vaginal Probiotic
6986,214.6068416130355,-283.09466919174724,47715.1833.sbml.csv,Vaginal Probiotic
6987,-919.0004812707618,-374.77288632353316,47715.1833.sbml.csv,Vaginal Probiotic
6988,-1643.93820230152,-1789.934763258358,47715.1833.sbml.csv,Vaginal Probiotic
6989,-1366.9087342611522,267.79234811264007,47715.1833.sbml.csv,Vaginal Probiotic
6990,307.4461254175507,-291.6515240832897,47715.1833.sbml.csv,Vaginal Probiotic
6991,-1398.3411745340813,33.9275914582959,47715.1833.sbml.csv,Vaginal Probiotic
6992,629.1967425062069,-1022.471026081658,47715.1833.sbml.csv,Vaginal Probiotic
6993,-1960.274524238979,-763.3206363855121,47715.1833.sbml.csv,Vaginal Probiotic
6994,-875.5767993646649,-464.01576021817056,47715.1833.sbml.csv,Vaginal Probiotic
6995,1091.6506179772025,-1450.1027173992336,47715.1833.sbml.csv,Vaginal Probiotic
6996,-99.14855306141489,-710.9443058599159,47715.1833.sbml.csv,Vaginal Probiotic
6997,-1685.6208204158108,-249.97204776114347,47715.1833.sbml.csv,Vaginal Probiotic
6998,1144.4421666841,-896.7366198149482,47715.1833.sbml.csv,Vaginal Probiotic
6999,610.6170656497976,-324.784036654954,47715.1833.sbml.csv,Vaginal Probiotic
7000,-396.6242067761401,-966.0082801089075,502393.12.sbml.csv,Vaginal Commensal
7001,-526.4076685008112,-1979.1238175626495,502393.12.sbml.csv,Vaginal Commensal
7002,-1298.4355567278544,-868.9886175012875,502393.12.sbml.csv,Vaginal Commensal
7003,-2602.237611683287,-769.3926971571535,502393.12.sbml.csv,Vaginal Commensal
7004,-2409.0490727333154,-1272.101371048323,502393.12.sbml.csv,Vaginal Commensal
7005,-3164.3285264985193,-556.2237187066187,502393.12.sbml.csv,Vaginal Commensal
7006,-1226.229758360611,-901.3551947433186,502393.12.sbml.csv,Vaginal Commensal
7007,-2139.5289342234087,-1403.1297333564517,502393.12.sbml.csv,Vaginal Commensal
7008,-386.09607710302265,-643.4463868117405,502393.12.sbml.csv,Vaginal Commensal
7009,-86.19826123802963,-301.8585844976071,502393.12.sbml.csv,Vaginal Commensal
7010,-2990.65368435552,-733.6472001286232,502393.12.sbml.csv,Vaginal Commensal
7011,-1317.2373539896662,-1086.301017849374,502393.12.sbml.csv,Vaginal Commensal
7012,-2148.829930845403,-1263.185810558266,502393.12.sbml.csv,Vaginal Commensal
7013,-2998.2713113556706,-1198.5180731302796,502393.12.sbml.csv,Vaginal Commensal
7014,-1505.5636428463063,17.04475693938272,502393.12.sbml.csv,Vaginal Commensal
7015,-3836.0102863436196,-1192.379456597341,502393.12.sbml.csv,Vaginal Commensal
7016,-1392.9324485327643,-983.0042188959569,502393.12.sbml.csv,Vaginal Commensal
7017,-544.3295853579532,-946.606210171524,502393.12.sbml.csv,Vaginal Commensal
7018,-2116.89798985696,-1424.358225139747,502393.12.sbml.csv,Vaginal Commensal
7019,-2990.458116715998,-1235.2182282834062,502393.12.sbml.csv,Vaginal Commensal
7020,-2751.74820218966,-1474.4843100168944,502393.12.sbml.csv,Vaginal Commensal
7021,-2435.5262079845234,786.4837422773871,502393.12.sbml.csv,Vaginal Commensal
7022,-2193.53671752739,-1007.3522172247004,502393.12.sbml.csv,Vaginal Commensal
7023,-2178.828895109904,-165.62804952083533,502393.12.sbml.csv,Vaginal Commensal
7024,-1598.0609349840142,-1209.6460280635129,502393.12.sbml.csv,Vaginal Commensal
7025,-1372.1885363307413,-654.661547294186,502393.12.sbml.csv,Vaginal Commensal
7026,-1948.1733939864132,299.8500564744495,502393.12.sbml.csv,Vaginal Commensal
7027,-198.70535370883206,-613.7574843346023,502393.12.sbml.csv,Vaginal Commensal
7028,1030.6898625150993,-1516.117394525633,502393.12.sbml.csv,Vaginal Commensal
7029,-779.340187714737,-1137.9088887634919,502393.12.sbml.csv,Vaginal Commensal
7030,80.35768756283834,-964.3192268051941,502393.12.sbml.csv,Vaginal Commensal
7031,-267.40770483069144,-1511.484067543304,502393.12.sbml.csv,Vaginal Commensal
7032,158.03872286081796,-184.6321003193156,502393.12.sbml.csv,Vaginal Commensal
7033,-2337.961392100428,-933.313732313091,502393.12.sbml.csv,Vaginal Commensal
7034,-1250.8165534799464,-1189.6256270692359,502393.12.sbml.csv,Vaginal Commensal
7035,-2012.513379622924,-649.558066684316,502393.12.sbml.csv,Vaginal Commensal
7036,-3086.4562799499945,-547.2301618631882,502393.12.sbml.csv,Vaginal Commensal
7037,-390.31809346346154,-607.2362054602867,502393.12.sbml.csv,Vaginal Commensal
7038,-1070.0709407320996,-854.6931228767975,502393.12.sbml.csv,Vaginal Commensal
7039,-1403.0776327373385,-1300.9337224795408,502393.12.sbml.csv,Vaginal Commensal
7040,-1168.8723999112385,-706.8180689415174,502393.12.sbml.csv,Vaginal Commensal
7041,-1581.831824645062,-663.5385365119373,502393.12.sbml.csv,Vaginal Commensal
7042,-951.3986099037601,-755.4160403545164,502393.12.sbml.csv,Vaginal Commensal
7043,-1291.306034906789,-884.9187942127891,502393.12.sbml.csv,Vaginal Commensal
7044,486.5593476591084,-975.1065546411926,502393.12.sbml.csv,Vaginal Commensal
7045,-1098.592110373206,-136.9593473497775,502393.12.sbml.csv,Vaginal Commensal
7046,-1169.8362181849961,-643.2479068899434,502393.12.sbml.csv,Vaginal Commensal
7047,-1968.760849405945,-354.76787780592946,502393.12.sbml.csv,Vaginal Commensal
7048,-523.3372887207493,-101.80281478558933,502393.12.sbml.csv,Vaginal Commensal
7049,-515.1676864251347,-1145.3660406795427,502393.12.sbml.csv,Vaginal Commensal
7050,40.6568062864921,-931.4883280407598,502393.12.sbml.csv,Vaginal Commensal
7051,-1864.5900478982905,-1340.9266769850412,502393.12.sbml.csv,Vaginal Commensal
7052,-2022.0519291509938,427.01114022088643,502393.12.sbml.csv,Vaginal Commensal
7053,-2512.4878794530637,-838.7924034367045,502393.12.sbml.csv,Vaginal Commensal
7054,-2134.821120912431,-1154.9869346726891,502393.12.sbml.csv,Vaginal Commensal
7055,-2776.226464107279,136.44984048105917,502393.12.sbml.csv,Vaginal Commensal
7056,560.2500025623011,-1013.0696537882637,502393.12.sbml.csv,Vaginal Commensal
7057,-2842.862536600339,81.62654942698954,502393.12.sbml.csv,Vaginal Commensal
7058,-1744.1993650345698,-779.72348650044,502393.12.sbml.csv,Vaginal Commensal
7059,-2832.660403724937,-821.7650546792753,502393.12.sbml.csv,Vaginal Commensal
7060,-1379.5153969092996,128.88317950343404,502393.12.sbml.csv,Vaginal Commensal
7061,-1109.139716329757,-849.3066371755765,502393.12.sbml.csv,Vaginal Commensal
7062,-3187.7364254221916,-541.1929158717556,502393.12.sbml.csv,Vaginal Commensal
7063,-1771.1948131360787,128.45301179316414,502393.12.sbml.csv,Vaginal Commensal
7064,-730.5741606557308,-922.2297205262394,502393.12.sbml.csv,Vaginal Commensal
7065,-536.6487167634515,-730.5002854606228,502393.12.sbml.csv,Vaginal Commensal
7066,-2597.870447023504,-1452.467812792343,502393.12.sbml.csv,Vaginal Commensal
7067,-823.3636572982814,-333.13518507151804,502393.12.sbml.csv,Vaginal Commensal
7068,-2831.222093942269,-737.085680241274,502393.12.sbml.csv,Vaginal Commensal
7069,-2618.3120744820017,-1327.7117813671766,502393.12.sbml.csv,Vaginal Commensal
7070,-708.8231720062305,-919.6020349417594,502393.12.sbml.csv,Vaginal Commensal
7071,-2500.427359692582,-1080.3001234532255,502393.12.sbml.csv,Vaginal Commensal
7072,-99.9129689295819,-584.6335256395332,502393.12.sbml.csv,Vaginal Commensal
7073,-1811.5336153944186,-649.873291032808,502393.12.sbml.csv,Vaginal Commensal
7074,-2267.642144074477,-682.2443727208855,502393.12.sbml.csv,Vaginal Commensal
7075,-976.9461668339449,4.918748144708165,502393.12.sbml.csv,Vaginal Commensal
7076,-1826.3018106746817,-1093.4443120065225,502393.12.sbml.csv,Vaginal Commensal
7077,-456.57416555928194,-378.9006563690712,502393.12.sbml.csv,Vaginal Commensal
7078,-904.7011860350871,-807.6039828696838,502393.12.sbml.csv,Vaginal Commensal
7079,1021.3078258763561,-859.5629798239497,502393.12.sbml.csv,Vaginal Commensal
7080,-1292.3143571519863,-694.6065100293542,502393.12.sbml.csv,Vaginal Commensal
7081,-1222.3432340991337,-1370.4666341069546,502393.12.sbml.csv,Vaginal Commensal
7082,1151.3510819116857,-1020.1411367025652,502393.12.sbml.csv,Vaginal Commensal
7083,-827.0806591955306,-282.79290945524536,502393.12.sbml.csv,Vaginal Commensal
7084,-2550.9696816993287,-864.5239963013572,502393.12.sbml.csv,Vaginal Commensal
7085,408.49662418582403,-577.9384537214987,502393.12.sbml.csv,Vaginal Commensal
7086,-1825.3843842666029,145.66879171846068,502393.12.sbml.csv,Vaginal Commensal
7087,-1217.554189242709,615.7761648753324,502393.12.sbml.csv,Vaginal Commensal
7088,-1158.7242216700809,-718.7633865213163,502393.12.sbml.csv,Vaginal Commensal
7089,-1232.1279917513834,-866.9068278811127,502393.12.sbml.csv,Vaginal Commensal
7090,-1663.4694220815318,-219.96872691008173,502393.12.sbml.csv,Vaginal Commensal
7091,-2246.174838534822,-1563.6559282224753,502393.12.sbml.csv,Vaginal Commensal
7092,-2711.2341644427283,-530.877757259398,502393.12.sbml.csv,Vaginal Commensal
7093,-1107.2847595784601,-277.3010644115695,502393.12.sbml.csv,Vaginal Commensal
7094,-2397.3104205491163,-893.506183821388,502393.12.sbml.csv,Vaginal Commensal
7095,-142.71301128406216,-787.094485072603,502393.12.sbml.csv,Vaginal Commensal
7096,-2594.4205298369384,-1298.2971719699503,502393.12.sbml.csv,Vaginal Commensal
7097,-1544.8873733699347,-134.3029946633489,502393.12.sbml.csv,Vaginal Commensal
7098,-2894.5468970982506,743.8829807958142,502393.12.sbml.csv,Vaginal Commensal
7099,-88.45111811992255,-770.0901230839921,502393.12.sbml.csv,Vaginal Commensal
7100,-582.813310628732,-506.87410193453695,502393.12.sbml.csv,Vaginal Commensal
7101,-3503.036698869318,-493.14104378278734,502393.12.sbml.csv,Vaginal Commensal
7102,-216.149277487013,-320.95750968795295,502393.12.sbml.csv,Vaginal Commensal
7103,-2434.860339727817,-1328.5152864754698,502393.12.sbml.csv,Vaginal Commensal
7104,-3127.6852050820335,-1173.2072587520565,502393.12.sbml.csv,Vaginal Commensal
7105,-919.5347998024603,-1015.3486099944912,502393.12.sbml.csv,Vaginal Commensal
7106,-2539.6287043834654,-694.4313138295803,502393.12.sbml.csv,Vaginal Commensal
7107,627.4724792028125,-948.041403483459,502393.12.sbml.csv,Vaginal Commensal
7108,-1054.3794717310075,570.4271560169517,502393.12.sbml.csv,Vaginal Commensal
7109,-1235.3116030250037,-635.7275703567051,502393.12.sbml.csv,Vaginal Commensal
7110,-1963.7117652609684,-515.7003134673758,502393.12.sbml.csv,Vaginal Commensal
7111,-448.34803019437936,-906.6742563025392,502393.12.sbml.csv,Vaginal Commensal
7112,96.84121946188034,-990.0087060663818,502393.12.sbml.csv,Vaginal Commensal
7113,-414.23144864106166,-1209.7539827418088,502393.12.sbml.csv,Vaginal Commensal
7114,-2519.5953690585266,-273.81011914126884,502393.12.sbml.csv,Vaginal Commensal
7115,253.83316075303313,-455.69012907896564,502393.12.sbml.csv,Vaginal Commensal
7116,-1582.871281250314,-900.8678096183352,502393.12.sbml.csv,Vaginal Commensal
7117,-1410.364778683476,-82.76441939457375,502393.12.sbml.csv,Vaginal Commensal
7118,-1955.339736945482,-670.249168645114,502393.12.sbml.csv,Vaginal Commensal
7119,-3220.609684091945,-1518.358764701551,502393.12.sbml.csv,Vaginal Commensal
7120,-1955.2846307699053,-403.57714796695234,502393.12.sbml.csv,Vaginal Commensal
7121,-1853.492012864271,-669.5832413830435,502393.12.sbml.csv,Vaginal Commensal
7122,153.15412589110704,-708.2798911820929,502393.12.sbml.csv,Vaginal Commensal
7123,-1788.526321309301,-2005.4157411226731,502393.12.sbml.csv,Vaginal Commensal
7124,1041.6619539494272,-292.1088163740244,502393.12.sbml.csv,Vaginal Commensal
7125,-459.9188464426298,-1369.548029471345,502393.12.sbml.csv,Vaginal Commensal
7126,-2293.3987587888823,188.4619582669937,502393.12.sbml.csv,Vaginal Commensal
7127,-2229.39915244392,-1195.0223617470135,502393.12.sbml.csv,Vaginal Commensal
7128,-804.5925922650335,-1777.566597425524,502393.12.sbml.csv,Vaginal Commensal
7129,-1485.2325854625576,-630.4175577287324,502393.12.sbml.csv,Vaginal Commensal
7130,-2278.403048995102,-1224.500392591337,502393.12.sbml.csv,Vaginal Commensal
7131,-1101.7631452159487,-1481.1427695282537,502393.12.sbml.csv,Vaginal Commensal
7132,304.07409709670185,-439.1933442330453,502393.12.sbml.csv,Vaginal Commensal
7133,-1740.2561156659006,-1365.2620628418522,502393.12.sbml.csv,Vaginal Commensal
7134,-1864.039194002695,-1104.6756638896716,502393.12.sbml.csv,Vaginal Commensal
7135,409.6380027886899,-1095.4208441170126,502393.12.sbml.csv,Vaginal Commensal
7136,-2058.8808200752533,-1574.9068893713022,502393.12.sbml.csv,Vaginal Commensal
7137,-1583.1176305315223,-358.8198621101914,502393.12.sbml.csv,Vaginal Commensal
7138,124.59824297189424,-1069.9663149579508,502393.12.sbml.csv,Vaginal Commensal
7139,-2747.1071482126413,-1842.1527333049503,502393.12.sbml.csv,Vaginal Commensal
7140,-391.57434652181047,-552.4181008561399,502393.12.sbml.csv,Vaginal Commensal
7141,-2909.418213994118,-727.1740863956321,502393.12.sbml.csv,Vaginal Commensal
7142,-1779.8284292302346,-1134.370294605705,502393.12.sbml.csv,Vaginal Commensal
7143,-2083.274365716526,-953.2596264262595,502393.12.sbml.csv,Vaginal Commensal
7144,-827.8401937970926,-1389.2957588919696,502393.12.sbml.csv,Vaginal Commensal
7145,-1591.7005037079307,-1036.5602673516287,502393.12.sbml.csv,Vaginal Commensal
7146,-1740.0674266617011,319.5317796240997,502393.12.sbml.csv,Vaginal Commensal
7147,-1516.6048631575943,-1415.0864486077774,502393.12.sbml.csv,Vaginal Commensal
7148,-30.262420392981664,308.1976233732337,502393.12.sbml.csv,Vaginal Commensal
7149,1851.0376136282355,-860.349495425688,502393.12.sbml.csv,Vaginal Commensal
7150,797.5130452387398,-1325.1147000426768,502393.12.sbml.csv,Vaginal Commensal
7151,-2393.417084486173,-1429.4547268737101,502393.12.sbml.csv,Vaginal Commensal
7152,1346.8538226362762,-666.3936692442305,502393.12.sbml.csv,Vaginal Commensal
7153,-3137.675915630045,-1394.319710457175,502393.12.sbml.csv,Vaginal Commensal
7154,-2110.759213816578,-1031.1904908724302,502393.12.sbml.csv,Vaginal Commensal
7155,-1205.5269784131856,-1238.6875602602577,502393.12.sbml.csv,Vaginal Commensal
7156,-692.2728493009844,-1004.2532984672371,502393.12.sbml.csv,Vaginal Commensal
7157,-2224.186323089963,-239.44947859565065,502393.12.sbml.csv,Vaginal Commensal
7158,-962.1140418698848,-675.7802926399951,502393.12.sbml.csv,Vaginal Commensal
7159,482.2791681654165,-730.2827232200341,502393.12.sbml.csv,Vaginal Commensal
7160,-1258.5154041726075,-634.978194335087,502393.12.sbml.csv,Vaginal Commensal
7161,-1207.13102870573,-503.00190691156786,502393.12.sbml.csv,Vaginal Commensal
7162,-12.466760827264284,-1509.8256641701157,502393.12.sbml.csv,Vaginal Commensal
7163,-3201.020714843818,-659.9113430636029,502393.12.sbml.csv,Vaginal Commensal
7164,-1602.9209357808543,-517.7417756695236,502393.12.sbml.csv,Vaginal Commensal
7165,174.4630255294975,-286.10491836145326,502393.12.sbml.csv,Vaginal Commensal
7166,-700.7041171455668,-460.2868928777567,502393.12.sbml.csv,Vaginal Commensal
7167,-2683.6749523988174,-1171.1550435890224,502393.12.sbml.csv,Vaginal Commensal
7168,-564.5291056362793,-1723.7795314174562,502393.12.sbml.csv,Vaginal Commensal
7169,-1649.188648156859,-361.5946007445641,502393.12.sbml.csv,Vaginal Commensal
7170,-1966.4543582344522,-1336.767965772957,502393.12.sbml.csv,Vaginal Commensal
7171,-960.7564763763031,-536.7329831680703,502393.12.sbml.csv,Vaginal Commensal
7172,-3836.983309010243,-985.1345035007844,502393.12.sbml.csv,Vaginal Commensal
7173,-1160.8790373289849,-1106.2373587198729,502393.12.sbml.csv,Vaginal Commensal
7174,-505.448476914821,-812.9887835463677,502393.12.sbml.csv,Vaginal Commensal
7175,-1293.9410283602342,-435.33671184696055,502393.12.sbml.csv,Vaginal Commensal
7176,-1646.881373405437,-1213.1966713959243,502393.12.sbml.csv,Vaginal Commensal
7177,-1184.678336448508,-112.61219049406711,502393.12.sbml.csv,Vaginal Commensal
7178,250.02518523831287,-1101.4926421029531,502393.12.sbml.csv,Vaginal Commensal
7179,-3176.6500896922716,-65.77190195989007,502393.12.sbml.csv,Vaginal Commensal
7180,-1251.188736897625,-1482.718365669467,502393.12.sbml.csv,Vaginal Commensal
7181,-2275.280094929801,15.160821569849558,502393.12.sbml.csv,Vaginal Commensal
7182,-1008.6505410539044,-555.8307520364611,502393.12.sbml.csv,Vaginal Commensal
7183,-2027.3860661313406,-1691.0009131388415,502393.12.sbml.csv,Vaginal Commensal
7184,-532.7888551511202,-976.2411631594224,502393.12.sbml.csv,Vaginal Commensal
7185,-2269.7600203308266,61.79072893984869,502393.12.sbml.csv,Vaginal Commensal
7186,-1279.9610376639075,-259.9336893309943,502393.12.sbml.csv,Vaginal Commensal
7187,502.4426758638687,-862.238461220006,502393.12.sbml.csv,Vaginal Commensal
7188,-1609.4711345048404,-1405.8331815283018,502393.12.sbml.csv,Vaginal Commensal
7189,-1302.3041730186326,-513.8329267772348,502393.12.sbml.csv,Vaginal Commensal
7190,-3499.4435803877473,-1498.1687069669167,502393.12.sbml.csv,Vaginal Commensal
7191,-1796.3426544102465,-1430.9831796063818,502393.12.sbml.csv,Vaginal Commensal
7192,-745.2068859540277,-1094.219912256364,502393.12.sbml.csv,Vaginal Commensal
7193,-1069.1488071883136,-1570.2190147849867,502393.12.sbml.csv,Vaginal Commensal
7194,506.9294856806175,-227.87511731498765,502393.12.sbml.csv,Vaginal Commensal
7195,-394.4080963234814,-607.523382379528,502393.12.sbml.csv,Vaginal Commensal
7196,-2221.963130138355,1149.7642102889681,502393.12.sbml.csv,Vaginal Commensal
7197,-2119.1595685514276,-1097.501356006945,502393.12.sbml.csv,Vaginal Commensal
7198,126.75834557696676,7.459481230449481,502393.12.sbml.csv,Vaginal Commensal
7199,105.34296467624738,-1087.273379553988,502393.12.sbml.csv,Vaginal Commensal
7200,-2882.2554451980254,47.741252371406574,502393.12.sbml.csv,Vaginal Commensal
7201,-1648.5884408352165,-472.1232062526591,502393.12.sbml.csv,Vaginal Commensal
7202,-2583.4050299130668,-598.0538038839186,502393.12.sbml.csv,Vaginal Commensal
7203,-1336.2702391914395,-836.0808033362332,502393.12.sbml.csv,Vaginal Commensal
7204,-1632.7945553818638,-754.9979147259453,502393.12.sbml.csv,Vaginal Commensal
7205,-563.5710458613825,-731.4965116058592,502393.12.sbml.csv,Vaginal Commensal
7206,-3048.403692037395,-642.8099292921721,502393.12.sbml.csv,Vaginal Commensal
7207,1418.8721896936825,-345.82769393108686,502393.12.sbml.csv,Vaginal Commensal
7208,-2605.2407247008823,-737.6710182810555,502393.12.sbml.csv,Vaginal Commensal
7209,-3378.9029583025826,-1011.9001636793253,502393.12.sbml.csv,Vaginal Commensal
7210,-1244.6904423593435,-1143.6186650025852,502393.12.sbml.csv,Vaginal Commensal
7211,-2401.155919621285,186.30871380014423,502393.12.sbml.csv,Vaginal Commensal
7212,-108.27072890689057,-1270.0955505177508,502393.12.sbml.csv,Vaginal Commensal
7213,337.3808443744132,-188.24710473000158,502393.12.sbml.csv,Vaginal Commensal
7214,-2663.9238192379316,-1264.3729618880916,502393.12.sbml.csv,Vaginal Commensal
7215,-2332.1602502349383,-1242.492408458838,502393.12.sbml.csv,Vaginal Commensal
7216,189.2852705636296,-658.1455329148212,502393.12.sbml.csv,Vaginal Commensal
7217,-1793.4805403657135,-1537.42541983353,502393.12.sbml.csv,Vaginal Commensal
7218,-887.9193838892016,-550.9988884057339,502393.12.sbml.csv,Vaginal Commensal
7219,-2530.0637983734287,225.5244178217597,502393.12.sbml.csv,Vaginal Commensal
7220,-935.2174711536761,-412.9349627200781,502393.12.sbml.csv,Vaginal Commensal
7221,526.2070776946763,-762.3057743316567,502393.12.sbml.csv,Vaginal Commensal
7222,-3269.3927970801724,-609.919925959164,502393.12.sbml.csv,Vaginal Commensal
7223,-3355.928079606103,-1123.7769621013176,502393.12.sbml.csv,Vaginal Commensal
7224,-1535.1967962014378,-1390.10397032186,502393.12.sbml.csv,Vaginal Commensal
7225,-1974.9601841637782,-747.7425102367197,502393.12.sbml.csv,Vaginal Commensal
7226,-1579.8121268229345,-930.4650422727755,502393.12.sbml.csv,Vaginal Commensal
7227,-1277.2106962207176,-759.2874105446799,502393.12.sbml.csv,Vaginal Commensal
7228,-1722.90876443062,-660.224118899181,502393.12.sbml.csv,Vaginal Commensal
7229,-2761.156558818374,431.49067628467435,502393.12.sbml.csv,Vaginal Commensal
7230,-1959.791435055912,-776.2969439807285,502393.12.sbml.csv,Vaginal Commensal
7231,-801.3876866340763,-1645.3391872130776,502393.12.sbml.csv,Vaginal Commensal
7232,-2841.281242545443,-1340.473654142709,502393.12.sbml.csv,Vaginal Commensal
7233,-948.9114912354881,-489.504128738209,502393.12.sbml.csv,Vaginal Commensal
7234,-1992.5771612618812,65.85003048553521,502393.12.sbml.csv,Vaginal Commensal
7235,-2436.475612762268,-186.94261460177418,502393.12.sbml.csv,Vaginal Commensal
7236,-2998.1525026324457,-953.8560252759344,502393.12.sbml.csv,Vaginal Commensal
7237,-244.76779068750503,-1079.7448588260734,502393.12.sbml.csv,Vaginal Commensal
7238,-330.78880252557383,-976.9966446132172,502393.12.sbml.csv,Vaginal Commensal
7239,-288.1698327262971,-906.4819360323801,502393.12.sbml.csv,Vaginal Commensal
7240,30.42464746520043,-1247.1461994175766,502393.12.sbml.csv,Vaginal Commensal
7241,-849.1294386887279,-1120.6952139728292,502393.12.sbml.csv,Vaginal Commensal
7242,-1768.9826041633467,-518.1991886833177,502393.12.sbml.csv,Vaginal Commensal
7243,-503.4522836324126,-1596.1462377160203,502393.12.sbml.csv,Vaginal Commensal
7244,-216.29481091160875,-467.2693116784848,502393.12.sbml.csv,Vaginal Commensal
7245,-3167.735419108797,229.14569056727763,502393.12.sbml.csv,Vaginal Commensal
7246,-3251.709696302422,-143.40619844647506,502393.12.sbml.csv,Vaginal Commensal
7247,-2291.4169126923016,-768.3954823294735,502393.12.sbml.csv,Vaginal Commensal
7248,-455.4787605889421,-705.8536952814945,502393.12.sbml.csv,Vaginal Commensal
7249,-735.7433201183007,333.5820726890332,502393.12.sbml.csv,Vaginal Commensal
7250,3381.711487412487,351.1995480440918,1870984.4.sbml.csv,Vaginal Commensal
7251,2390.867108971623,1144.567266636354,1870984.4.sbml.csv,Vaginal Commensal
7252,3612.963852701994,63.16692942002731,1870984.4.sbml.csv,Vaginal Commensal
7253,3562.1155563337115,-250.2117022316341,1870984.4.sbml.csv,Vaginal Commensal
7254,2703.3991383885227,804.39195922261,1870984.4.sbml.csv,Vaginal Commensal
7255,3170.597924173987,612.9248425169927,1870984.4.sbml.csv,Vaginal Commensal
7256,-599.247169481172,1978.4531511938221,1870984.4.sbml.csv,Vaginal Commensal
7257,1177.682026603737,674.580479427172,1870984.4.sbml.csv,Vaginal Commensal
7258,2910.8536928964327,302.18102716236035,1870984.4.sbml.csv,Vaginal Commensal
7259,797.743555502773,776.4381956250334,1870984.4.sbml.csv,Vaginal Commensal
7260,2309.3945753587,749.0736892739734,1870984.4.sbml.csv,Vaginal Commensal
7261,2863.271188248098,589.4757453541176,1870984.4.sbml.csv,Vaginal Commensal
7262,-67.27527583150217,919.7771008291113,1870984.4.sbml.csv,Vaginal Commensal
7263,-1149.8596476416637,750.3035160746541,1870984.4.sbml.csv,Vaginal Commensal
7264,1791.127824029483,1353.7020004085934,1870984.4.sbml.csv,Vaginal Commensal
7265,2461.539287691439,1499.2678379703586,1870984.4.sbml.csv,Vaginal Commensal
7266,1060.6109469756916,594.8724612095209,1870984.4.sbml.csv,Vaginal Commensal
7267,2126.4487757333195,1137.5804111213008,1870984.4.sbml.csv,Vaginal Commensal
7268,3313.659322880575,975.3651534508014,1870984.4.sbml.csv,Vaginal Commensal
7269,2695.1510210606025,321.422071457492,1870984.4.sbml.csv,Vaginal Commensal
7270,2252.0754027824028,1425.0102786401906,1870984.4.sbml.csv,Vaginal Commensal
7271,2534.2517268249517,1614.6569366024132,1870984.4.sbml.csv,Vaginal Commensal
7272,2629.2996187336457,961.6576646889337,1870984.4.sbml.csv,Vaginal Commensal
7273,610.4337421172904,940.3988748550679,1870984.4.sbml.csv,Vaginal Commensal
7274,3113.641613304164,276.287533198811,1870984.4.sbml.csv,Vaginal Commensal
7275,-241.99730847852658,1634.5094436996676,1870984.4.sbml.csv,Vaginal Commensal
7276,1567.104599292301,1374.2255848356842,1870984.4.sbml.csv,Vaginal Commensal
7277,3370.21286655937,72.83881871169808,1870984.4.sbml.csv,Vaginal Commensal
7278,3441.2496590579162,116.56654308538552,1870984.4.sbml.csv,Vaginal Commensal
7279,-46.284365951566706,1518.4919113287217,1870984.4.sbml.csv,Vaginal Commensal
7280,2786.3832374025747,317.3929751618582,1870984.4.sbml.csv,Vaginal Commensal
7281,-318.82910147433796,1771.1988254859261,1870984.4.sbml.csv,Vaginal Commensal
7282,3060.7336369001223,337.7215690234325,1870984.4.sbml.csv,Vaginal Commensal
7283,2935.519454115661,1305.777664868694,1870984.4.sbml.csv,Vaginal Commensal
7284,-577.9255451036556,84.00336607767443,1870984.4.sbml.csv,Vaginal Commensal
7285,2334.965058756823,21.86161096852941,1870984.4.sbml.csv,Vaginal Commensal
7286,2831.8926914729104,1221.8463140538004,1870984.4.sbml.csv,Vaginal Commensal
7287,2511.0113284800273,814.522936212069,1870984.4.sbml.csv,Vaginal Commensal
7288,-473.97530568313357,449.73004185099074,1870984.4.sbml.csv,Vaginal Commensal
7289,3981.4860359296003,367.24942951457933,1870984.4.sbml.csv,Vaginal Commensal
7290,2270.584970452323,1678.783547297737,1870984.4.sbml.csv,Vaginal Commensal
7291,1492.8127132913567,486.432856239092,1870984.4.sbml.csv,Vaginal Commensal
7292,3284.900639242741,239.81881076235155,1870984.4.sbml.csv,Vaginal Commensal
7293,3146.828154694321,282.7020331131668,1870984.4.sbml.csv,Vaginal Commensal
7294,3714.2505667875857,-72.78914893931437,1870984.4.sbml.csv,Vaginal Commensal
7295,1521.2561272890298,920.437642806593,1870984.4.sbml.csv,Vaginal Commensal
7296,1988.8250169020268,549.4259627203153,1870984.4.sbml.csv,Vaginal Commensal
7297,2039.978915929996,863.9392495987464,1870984.4.sbml.csv,Vaginal Commensal
7298,1634.2383439024486,813.6280325397504,1870984.4.sbml.csv,Vaginal Commensal
7299,2581.581792722887,113.8146465221008,1870984.4.sbml.csv,Vaginal Commensal
7300,2390.5173435716474,360.9018115203556,1870984.4.sbml.csv,Vaginal Commensal
7301,2928.739619070382,605.4669347100515,1870984.4.sbml.csv,Vaginal Commensal
7302,3802.4677518561066,-138.0420125050351,1870984.4.sbml.csv,Vaginal Commensal
7303,3364.7124084910674,749.3989444955729,1870984.4.sbml.csv,Vaginal Commensal
7304,2914.982811279319,267.84640978799547,1870984.4.sbml.csv,Vaginal Commensal
7305,2839.5013038625575,313.7171145132828,1870984.4.sbml.csv,Vaginal Commensal
7306,3279.47575474905,103.5742630165362,1870984.4.sbml.csv,Vaginal Commensal
7307,593.181599621144,-353.45489442232196,1870984.4.sbml.csv,Vaginal Commensal
7308,2182.1699170720553,928.0557521060185,1870984.4.sbml.csv,Vaginal Commensal
7309,2266.9433718700448,26.138993150261403,1870984.4.sbml.csv,Vaginal Commensal
7310,2753.2396918418417,296.96668872964347,1870984.4.sbml.csv,Vaginal Commensal
7311,-547.2213471669755,1117.444651339736,1870984.4.sbml.csv,Vaginal Commensal
7312,304.06244628408734,1126.369696596818,1870984.4.sbml.csv,Vaginal Commensal
7313,3043.2599874563016,1048.7265579348007,1870984.4.sbml.csv,Vaginal Commensal
7314,-767.977524131663,1290.269142756339,1870984.4.sbml.csv,Vaginal Commensal
7315,2645.3359733828966,0.2740146942969856,1870984.4.sbml.csv,Vaginal Commensal
7316,1263.4631079687244,290.3833849991805,1870984.4.sbml.csv,Vaginal Commensal
7317,168.29829300151545,1327.7271139005659,1870984.4.sbml.csv,Vaginal Commensal
7318,2661.9653433321655,1080.602250090659,1870984.4.sbml.csv,Vaginal Commensal
7319,73.93670891339922,1288.8414676033995,1870984.4.sbml.csv,Vaginal Commensal
7320,2143.4559434144435,596.699241464409,1870984.4.sbml.csv,Vaginal Commensal
7321,1308.5854446048086,540.2492321906292,1870984.4.sbml.csv,Vaginal Commensal
7322,2389.363982801474,-87.23758111087835,1870984.4.sbml.csv,Vaginal Commensal
7323,1355.4476443056353,1149.834976232942,1870984.4.sbml.csv,Vaginal Commensal
7324,2489.703085410033,801.2517417664371,1870984.4.sbml.csv,Vaginal Commensal
7325,513.841900856453,616.0393408827674,1870984.4.sbml.csv,Vaginal Commensal
7326,1427.64892328867,866.2726672923022,1870984.4.sbml.csv,Vaginal Commensal
7327,2872.7249503675357,642.0775682805443,1870984.4.sbml.csv,Vaginal Commensal
7328,3193.0679104563005,690.4879443636996,1870984.4.sbml.csv,Vaginal Commensal
7329,3899.750305631288,148.35995104062167,1870984.4.sbml.csv,Vaginal Commensal
7330,3281.4080595864625,808.9236588521829,1870984.4.sbml.csv,Vaginal Commensal
7331,4102.149743369956,131.5388586944443,1870984.4.sbml.csv,Vaginal Commensal
7332,2673.9248641917347,-154.83089276935718,1870984.4.sbml.csv,Vaginal Commensal
7333,2207.420078298695,647.6121204135367,1870984.4.sbml.csv,Vaginal Commensal
7334,2450.618517301857,274.1949204185086,1870984.4.sbml.csv,Vaginal Commensal
7335,680.2030715127155,809.3945689471356,1870984.4.sbml.csv,Vaginal Commensal
7336,2866.7203802327904,1304.6416112247543,1870984.4.sbml.csv,Vaginal Commensal
7337,2139.156580813527,697.9859351536736,1870984.4.sbml.csv,Vaginal Commensal
7338,2715.4800807551387,431.2305187255266,1870984.4.sbml.csv,Vaginal Commensal
7339,1873.8907418542638,1442.1298846898744,1870984.4.sbml.csv,Vaginal Commensal
7340,1875.0405177902203,703.2708941370547,1870984.4.sbml.csv,Vaginal Commensal
7341,1900.186166304537,743.2894924867636,1870984.4.sbml.csv,Vaginal Commensal
7342,2444.717190908608,83.19025179637842,1870984.4.sbml.csv,Vaginal Commensal
7343,1223.0274602097033,-26.634789025831463,1870984.4.sbml.csv,Vaginal Commensal
7344,2713.5133662411645,760.4031842359777,1870984.4.sbml.csv,Vaginal Commensal
7345,2705.687856388273,630.2560567188086,1870984.4.sbml.csv,Vaginal Commensal
7346,503.4087191619842,1156.7536138104142,1870984.4.sbml.csv,Vaginal Commensal
7347,1657.973725490305,582.6247521984632,1870984.4.sbml.csv,Vaginal Commensal
7348,-635.3888527721085,260.2268824217759,1870984.4.sbml.csv,Vaginal Commensal
7349,3520.3443288535277,290.8241749397252,1870984.4.sbml.csv,Vaginal Commensal
7350,647.8801392448385,583.492230091808,1870984.4.sbml.csv,Vaginal Commensal
7351,1851.244721912703,528.1697501393137,1870984.4.sbml.csv,Vaginal Commensal
7352,2755.718702613984,1077.7375883398404,1870984.4.sbml.csv,Vaginal Commensal
7353,2712.3553414195453,1147.1120095914323,1870984.4.sbml.csv,Vaginal Commensal
7354,3291.7287606925915,539.1088719005281,1870984.4.sbml.csv,Vaginal Commensal
7355,2666.3714089417836,704.9876903473458,1870984.4.sbml.csv,Vaginal Commensal
7356,2360.3310772567256,294.2353862204876,1870984.4.sbml.csv,Vaginal Commensal
7357,771.3561947826896,472.8798652074196,1870984.4.sbml.csv,Vaginal Commensal
7358,2282.445592924949,1046.7523293222707,1870984.4.sbml.csv,Vaginal Commensal
7359,1235.7232318462397,868.174248542273,1870984.4.sbml.csv,Vaginal Commensal
7360,2386.512752492476,1309.7916903677215,1870984.4.sbml.csv,Vaginal Commensal
7361,59.10292912014903,634.7218320771075,1870984.4.sbml.csv,Vaginal Commensal
7362,2423.7614273342983,750.0209637466075,1870984.4.sbml.csv,Vaginal Commensal
7363,290.77106167327804,1918.689568955866,1870984.4.sbml.csv,Vaginal Commensal
7364,2890.9826653624928,354.28207385569004,1870984.4.sbml.csv,Vaginal Commensal
7365,331.75088350292054,776.9900608644639,1870984.4.sbml.csv,Vaginal Commensal
7366,2237.6163327148242,393.33737017415206,1870984.4.sbml.csv,Vaginal Commensal
7367,2677.3788703965747,983.7094318507133,1870984.4.sbml.csv,Vaginal Commensal
7368,2368.6642974884035,429.12441927278417,1870984.4.sbml.csv,Vaginal Commensal
7369,2644.4463336155827,1394.0265673600938,1870984.4.sbml.csv,Vaginal Commensal
7370,3288.0336977381216,145.8341422962555,1870984.4.sbml.csv,Vaginal Commensal
7371,2652.1661087834655,106.55224247504188,1870984.4.sbml.csv,Vaginal Commensal
7372,1903.9642689496823,1459.1764207361189,1870984.4.sbml.csv,Vaginal Commensal
7373,3561.4551520095165,525.3205692865398,1870984.4.sbml.csv,Vaginal Commensal
7374,3323.176028627297,785.4290577796255,1870984.4.sbml.csv,Vaginal Commensal
7375,2933.125571790173,361.0277771379882,1870984.4.sbml.csv,Vaginal Commensal
7376,3447.6211056085576,-37.82582221606744,1870984.4.sbml.csv,Vaginal Commensal
7377,3187.1419606202926,1150.9253935774486,1870984.4.sbml.csv,Vaginal Commensal
7378,3757.5646170959767,530.1869190638057,1870984.4.sbml.csv,Vaginal Commensal
7379,3716.393141935689,-728.4795218412581,1870984.4.sbml.csv,Vaginal Commensal
7380,-192.65888997956574,527.2433812022028,1870984.4.sbml.csv,Vaginal Commensal
7381,-33.70075686344907,816.3969844854155,1870984.4.sbml.csv,Vaginal Commensal
7382,2981.291395815955,1131.8251237592501,1870984.4.sbml.csv,Vaginal Commensal
7383,4256.203820722984,-94.2361224328771,1870984.4.sbml.csv,Vaginal Commensal
7384,2290.1540885303116,1128.4840801790986,1870984.4.sbml.csv,Vaginal Commensal
7385,1536.3244175918153,1892.44189550847,1870984.4.sbml.csv,Vaginal Commensal
7386,2996.6038944086185,912.8954768187748,1870984.4.sbml.csv,Vaginal Commensal
7387,707.4000101812009,289.20261668364407,1870984.4.sbml.csv,Vaginal Commensal
7388,698.3847134742812,547.2637447923098,1870984.4.sbml.csv,Vaginal Commensal
7389,2638.817634885138,502.1704955009154,1870984.4.sbml.csv,Vaginal Commensal
7390,1293.7490660967435,1279.1710535733823,1870984.4.sbml.csv,Vaginal Commensal
7391,1802.4769353507768,573.6405152981368,1870984.4.sbml.csv,Vaginal Commensal
7392,1898.546887708019,1626.9946889267073,1870984.4.sbml.csv,Vaginal Commensal
7393,1998.1652683361044,825.4293569083212,1870984.4.sbml.csv,Vaginal Commensal
7394,2637.8471855765492,287.82417639530786,1870984.4.sbml.csv,Vaginal Commensal
7395,1626.5347361170702,385.3630528329223,1870984.4.sbml.csv,Vaginal Commensal
7396,1750.6158360193804,666.068965776587,1870984.4.sbml.csv,Vaginal Commensal
7397,3559.854096452785,625.5151476576168,1870984.4.sbml.csv,Vaginal Commensal
7398,3718.704810098529,299.13522231110636,1870984.4.sbml.csv,Vaginal Commensal
7399,2888.3305102886384,1213.6921710608094,1870984.4.sbml.csv,Vaginal Commensal
7400,2760.2638957548447,329.7234528114836,1870984.4.sbml.csv,Vaginal Commensal
7401,2548.6769075475872,1098.8156070243042,1870984.4.sbml.csv,Vaginal Commensal
7402,4068.7934313911214,11.976678546261432,1870984.4.sbml.csv,Vaginal Commensal
7403,1899.2686077300925,-88.0596656004828,1870984.4.sbml.csv,Vaginal Commensal
7404,3465.2468140571555,1082.7879013610543,1870984.4.sbml.csv,Vaginal Commensal
7405,2443.4599306355285,1165.5669924183148,1870984.4.sbml.csv,Vaginal Commensal
7406,401.96743785446876,399.4990310136283,1870984.4.sbml.csv,Vaginal Commensal
7407,1016.252406098509,679.7921315043552,1870984.4.sbml.csv,Vaginal Commensal
7408,2268.257092642458,1469.10422581579,1870984.4.sbml.csv,Vaginal Commensal
7409,1147.0237446955339,96.68107862399233,1870984.4.sbml.csv,Vaginal Commensal
7410,2707.9729227220046,803.4706321311842,1870984.4.sbml.csv,Vaginal Commensal
7411,397.4199665609033,641.9802702005907,1870984.4.sbml.csv,Vaginal Commensal
7412,3027.7998092582475,946.5699842372367,1870984.4.sbml.csv,Vaginal Commensal
7413,3501.318516971906,-260.2555296959672,1870984.4.sbml.csv,Vaginal Commensal
7414,3111.605887020344,852.3851203556409,1870984.4.sbml.csv,Vaginal Commensal
7415,3151.8643064162666,868.3953243168598,1870984.4.sbml.csv,Vaginal Commensal
7416,2306.130810483278,-103.515105274951,1870984.4.sbml.csv,Vaginal Commensal
7417,2602.0850057582716,1568.5445523001508,1870984.4.sbml.csv,Vaginal Commensal
7418,2936.5130257601436,1179.464276434964,1870984.4.sbml.csv,Vaginal Commensal
7419,1858.909196160079,1053.9067649898786,1870984.4.sbml.csv,Vaginal Commensal
7420,2449.3041129706753,507.2469363737882,1870984.4.sbml.csv,Vaginal Commensal
7421,2005.5221015897928,1276.3499430758955,1870984.4.sbml.csv,Vaginal Commensal
7422,3808.538963530527,216.8616737473654,1870984.4.sbml.csv,Vaginal Commensal
7423,1673.7078630224921,777.2060703152438,1870984.4.sbml.csv,Vaginal Commensal
7424,808.471891375697,1339.7864131871438,1870984.4.sbml.csv,Vaginal Commensal
7425,2109.2369613704823,128.85453122034002,1870984.4.sbml.csv,Vaginal Commensal
7426,2654.9220254458282,1002.1907211088462,1870984.4.sbml.csv,Vaginal Commensal
7427,1459.6754471612471,957.2228111616232,1870984.4.sbml.csv,Vaginal Commensal
7428,1842.3959661314548,409.49323413642566,1870984.4.sbml.csv,Vaginal Commensal
7429,4252.515220893106,-170.34647558988829,1870984.4.sbml.csv,Vaginal Commensal
7430,1198.3706470702705,1131.2573412995305,1870984.4.sbml.csv,Vaginal Commensal
7431,2801.518410815833,796.390033740387,1870984.4.sbml.csv,Vaginal Commensal
7432,3620.044890290394,1217.8216365634569,1870984.4.sbml.csv,Vaginal Commensal
7433,278.6587377350528,1908.8675503362467,1870984.4.sbml.csv,Vaginal Commensal
7434,1822.5322698769273,387.51620980873435,1870984.4.sbml.csv,Vaginal Commensal
7435,740.1620066952275,765.0898109629176,1870984.4.sbml.csv,Vaginal Commensal
7436,3515.9856201199345,340.97751534838267,1870984.4.sbml.csv,Vaginal Commensal
7437,1391.5948565113888,480.2673545528792,1870984.4.sbml.csv,Vaginal Commensal
7438,4108.898830204171,419.1957255604335,1870984.4.sbml.csv,Vaginal Commensal
7439,1583.057245338341,1545.9078329926383,1870984.4.sbml.csv,Vaginal Commensal
7440,2618.2133891320127,1222.2837020911793,1870984.4.sbml.csv,Vaginal Commensal
7441,3131.132860696341,801.7216633154937,1870984.4.sbml.csv,Vaginal Commensal
7442,2770.7858168366174,630.1115040330334,1870984.4.sbml.csv,Vaginal Commensal
7443,2828.3172404726542,867.1072078487937,1870984.4.sbml.csv,Vaginal Commensal
7444,-1142.9968711815793,1241.1628709563697,1870984.4.sbml.csv,Vaginal Commensal
7445,2171.985835224749,757.3214989749528,1870984.4.sbml.csv,Vaginal Commensal
7446,4012.4904669607195,219.1861357386277,1870984.4.sbml.csv,Vaginal Commensal
7447,3935.999110024204,-258.5516464271264,1870984.4.sbml.csv,Vaginal Commensal
7448,2310.6711247951953,763.7531535719097,1870984.4.sbml.csv,Vaginal Commensal
7449,3138.112909968092,522.6486868604065,1870984.4.sbml.csv,Vaginal Commensal
7450,2634.735756990631,1335.76801753045,1870984.4.sbml.csv,Vaginal Commensal
7451,316.77048678565643,345.9897690476743,1870984.4.sbml.csv,Vaginal Commensal
7452,2875.7062307163337,1139.0892226539584,1870984.4.sbml.csv,Vaginal Commensal
7453,-572.3767450444134,192.72421998900288,1870984.4.sbml.csv,Vaginal Commensal
7454,2238.386094588467,592.4867605328138,1870984.4.sbml.csv,Vaginal Commensal
7455,1951.0895708038352,1257.530629984199,1870984.4.sbml.csv,Vaginal Commensal
7456,2484.6516243802707,79.38988966772727,1870984.4.sbml.csv,Vaginal Commensal
7457,2473.609207147215,1179.2393725598145,1870984.4.sbml.csv,Vaginal Commensal
7458,1728.8402579422652,1000.8652514736484,1870984.4.sbml.csv,Vaginal Commensal
7459,109.47789606981685,969.9834590273044,1870984.4.sbml.csv,Vaginal Commensal
7460,2333.403427991004,922.2642388507031,1870984.4.sbml.csv,Vaginal Commensal
7461,1474.281866050919,278.48586595059885,1870984.4.sbml.csv,Vaginal Commensal
7462,2656.5459199376005,263.16977649368107,1870984.4.sbml.csv,Vaginal Commensal
7463,2657.596011968187,325.72237901101124,1870984.4.sbml.csv,Vaginal Commensal
7464,3604.9565669186118,249.82273649227628,1870984.4.sbml.csv,Vaginal Commensal
7465,2680.1298413278746,673.921984009618,1870984.4.sbml.csv,Vaginal Commensal
7466,2991.948943615986,638.8995337532041,1870984.4.sbml.csv,Vaginal Commensal
7467,2597.1014188451686,1121.6515954513916,1870984.4.sbml.csv,Vaginal Commensal
7468,3051.198412004896,897.1024665905286,1870984.4.sbml.csv,Vaginal Commensal
7469,488.04789329453064,559.057800146997,1870984.4.sbml.csv,Vaginal Commensal
7470,2772.2673973994983,677.7601626659572,1870984.4.sbml.csv,Vaginal Commensal
7471,3609.4103001903527,968.7428751696972,1870984.4.sbml.csv,Vaginal Commensal
7472,2619.475189102359,1567.0097906813094,1870984.4.sbml.csv,Vaginal Commensal
7473,2509.946999120244,883.3578154068723,1870984.4.sbml.csv,Vaginal Commensal
7474,2686.029737288171,1028.6905559709935,1870984.4.sbml.csv,Vaginal Commensal
7475,2191.044678075527,514.6445426422931,1870984.4.sbml.csv,Vaginal Commensal
7476,2478.541277847763,802.0067750672631,1870984.4.sbml.csv,Vaginal Commensal
7477,318.6429444179538,267.2200010197265,1870984.4.sbml.csv,Vaginal Commensal
7478,-366.79471168518216,456.2241930314788,1870984.4.sbml.csv,Vaginal Commensal
7479,3473.3845038243394,402.400724955283,1870984.4.sbml.csv,Vaginal Commensal
7480,864.7436354610163,1296.7485169622341,1870984.4.sbml.csv,Vaginal Commensal
7481,2857.7743671785242,624.5165304149298,1870984.4.sbml.csv,Vaginal Commensal
7482,2676.782689251971,1096.4688753132666,1870984.4.sbml.csv,Vaginal Commensal
7483,1372.6514093941632,1333.4569990663151,1870984.4.sbml.csv,Vaginal Commensal
7484,3478.1432338892323,-25.714707940966893,1870984.4.sbml.csv,Vaginal Commensal
7485,-146.0241822751534,1096.710156173138,1870984.4.sbml.csv,Vaginal Commensal
7486,4097.604987650099,-375.8573641513582,1870984.4.sbml.csv,Vaginal Commensal
7487,546.7937971401253,611.2551279111535,1870984.4.sbml.csv,Vaginal Commensal
7488,2217.6515101124814,862.0715926403941,1870984.4.sbml.csv,Vaginal Commensal
7489,2352.6353795014043,934.9115133043098,1870984.4.sbml.csv,Vaginal Commensal
7490,342.06281086782957,703.0110495184051,1870984.4.sbml.csv,Vaginal Commensal
7491,1510.9193535879435,513.6329325990001,1870984.4.sbml.csv,Vaginal Commensal
7492,1255.500073347091,1721.0208821043009,1870984.4.sbml.csv,Vaginal Commensal
7493,1575.8037440757385,1816.5594773772361,1870984.4.sbml.csv,Vaginal Commensal
7494,1493.6529670186442,591.885414092734,1870984.4.sbml.csv,Vaginal Commensal
7495,2344.498930986051,725.6174685859518,1870984.4.sbml.csv,Vaginal Commensal
7496,3222.5794415591968,13.154147010695201,1870984.4.sbml.csv,Vaginal Commensal
7497,2790.9638446954027,1884.5347048343574,1870984.4.sbml.csv,Vaginal Commensal
7498,2599.635600830699,529.5342470053492,1870984.4.sbml.csv,Vaginal Commensal
7499,2383.433261830915,743.3445546929523,1870984.4.sbml.csv,Vaginal Commensal
7500,2130.880175288988,-2322.77803786689,1787.14.sbml.csv,Vaginal Commensal
7501,231.78917302197823,-2940.447326053956,1787.14.sbml.csv,Vaginal Commensal
7502,429.6750938089262,-2629.9476322657697,1787.14.sbml.csv,Vaginal Commensal
7503,-18.124485389660318,-3395.5621131229677,1787.14.sbml.csv,Vaginal Commensal
7504,1983.6605336070124,-2995.249829534726,1787.14.sbml.csv,Vaginal Commensal
7505,2037.687033205567,-3224.7997984780195,1787.14.sbml.csv,Vaginal Commensal
7506,681.4691143484426,-1167.7959902642515,1787.14.sbml.csv,Vaginal Commensal
7507,1094.8871125471903,-3172.583619652513,1787.14.sbml.csv,Vaginal Commensal
7508,444.7442348965248,-2433.5744407382526,1787.14.sbml.csv,Vaginal Commensal
7509,2117.5177334063246,-3297.234395643226,1787.14.sbml.csv,Vaginal Commensal
7510,1023.1871785189916,-2528.6686520459953,1787.14.sbml.csv,Vaginal Commensal
7511,1062.679717172166,-2425.2265523279866,1787.14.sbml.csv,Vaginal Commensal
7512,1572.6319296679715,-2565.7116726670315,1787.14.sbml.csv,Vaginal Commensal
7513,1770.055906338248,-2532.2605959866323,1787.14.sbml.csv,Vaginal Commensal
7514,269.1197819049593,-2003.7613393363597,1787.14.sbml.csv,Vaginal Commensal
7515,557.6028128913438,-3162.295885147549,1787.14.sbml.csv,Vaginal Commensal
7516,1530.2355312508878,-2943.4282627597313,1787.14.sbml.csv,Vaginal Commensal
7517,287.4984899078655,-2394.684586719056,1787.14.sbml.csv,Vaginal Commensal
7518,2141.393036531897,-2482.5404359097265,1787.14.sbml.csv,Vaginal Commensal
7519,1054.2467876375404,-2815.3427601552876,1787.14.sbml.csv,Vaginal Commensal
7520,655.0750210588196,-2558.6660227327548,1787.14.sbml.csv,Vaginal Commensal
7521,2626.679656551632,-3289.4392824848414,1787.14.sbml.csv,Vaginal Commensal
7522,-144.19796538777342,-3735.965190484038,1787.14.sbml.csv,Vaginal Commensal
7523,1341.4984944030762,-4252.644033982962,1787.14.sbml.csv,Vaginal Commensal
7524,413.7345714662309,-3092.8630141899525,1787.14.sbml.csv,Vaginal Commensal
7525,1837.430141276335,-3448.30170601871,1787.14.sbml.csv,Vaginal Commensal
7526,1694.1982737112826,-3541.7094339355936,1787.14.sbml.csv,Vaginal Commensal
7527,2350.774716110622,-3179.6663627164826,1787.14.sbml.csv,Vaginal Commensal
7528,474.53270725231107,-2879.8209329609826,1787.14.sbml.csv,Vaginal Commensal
7529,1212.6986936098106,-3035.6116159860217,1787.14.sbml.csv,Vaginal Commensal
7530,2748.961209557902,-3221.8822295826963,1787.14.sbml.csv,Vaginal Commensal
7531,631.0475853279434,-2923.0951951091383,1787.14.sbml.csv,Vaginal Commensal
7532,2294.252944805755,-2759.330154864031,1787.14.sbml.csv,Vaginal Commensal
7533,1881.971272691681,-3278.476448078513,1787.14.sbml.csv,Vaginal Commensal
7534,508.3677629132403,-3199.463187349077,1787.14.sbml.csv,Vaginal Commensal
7535,2258.9784425725966,-2594.2456427854463,1787.14.sbml.csv,Vaginal Commensal
7536,1924.1207686549528,-2621.9402303346274,1787.14.sbml.csv,Vaginal Commensal
7537,472.27514805387096,-3166.051162000124,1787.14.sbml.csv,Vaginal Commensal
7538,-290.92479955060304,-2817.6638003972353,1787.14.sbml.csv,Vaginal Commensal
7539,774.1715191346854,-3569.8018354693877,1787.14.sbml.csv,Vaginal Commensal
7540,2195.7743494895635,-2497.769712643241,1787.14.sbml.csv,Vaginal Commensal
7541,532.5602797485136,-3335.039868618171,1787.14.sbml.csv,Vaginal Commensal
7542,813.0341368011932,-2364.9980542104186,1787.14.sbml.csv,Vaginal Commensal
7543,1401.3586823404628,-2513.491172474916,1787.14.sbml.csv,Vaginal Commensal
7544,1159.6199971918415,-3017.101173780226,1787.14.sbml.csv,Vaginal Commensal
7545,281.6853233142437,-1174.8759899814886,1787.14.sbml.csv,Vaginal Commensal
7546,188.04150752721938,-3283.331298742459,1787.14.sbml.csv,Vaginal Commensal
7547,2481.8800085452085,-2540.7812407927668,1787.14.sbml.csv,Vaginal Commensal
7548,1149.63841076221,-2988.8311492967177,1787.14.sbml.csv,Vaginal Commensal
7549,1748.4498049154265,-2966.4144744923165,1787.14.sbml.csv,Vaginal Commensal
7550,2093.0034732800355,-2690.507066046105,1787.14.sbml.csv,Vaginal Commensal
7551,1080.7022489990488,-3118.2062996424106,1787.14.sbml.csv,Vaginal Commensal
7552,1617.079852342166,-3611.0845352807646,1787.14.sbml.csv,Vaginal Commensal
7553,1495.603652897912,-3444.4465573668963,1787.14.sbml.csv,Vaginal Commensal
7554,934.8027452243033,-2688.4149185323477,1787.14.sbml.csv,Vaginal Commensal
7555,-383.7742014076134,-3244.107567116316,1787.14.sbml.csv,Vaginal Commensal
7556,1103.2422584050119,-2459.9896020987344,1787.14.sbml.csv,Vaginal Commensal
7557,2454.572961693217,-2320.5095274009336,1787.14.sbml.csv,Vaginal Commensal
7558,359.9242791758512,-3416.3431517337767,1787.14.sbml.csv,Vaginal Commensal
7559,782.0199779398148,-3466.438286370138,1787.14.sbml.csv,Vaginal Commensal
7560,781.0762260892639,-3027.5704324939475,1787.14.sbml.csv,Vaginal Commensal
7561,2075.388595031921,-2216.3353316026783,1787.14.sbml.csv,Vaginal Commensal
7562,1487.5779316461035,-2345.475947495226,1787.14.sbml.csv,Vaginal Commensal
7563,-173.712205039774,-2983.5651072736464,1787.14.sbml.csv,Vaginal Commensal
7564,652.6159001648801,-2865.484204700671,1787.14.sbml.csv,Vaginal Commensal
7565,1523.5384175791485,-3495.1313692917083,1787.14.sbml.csv,Vaginal Commensal
7566,1583.3935697980044,-1761.0136938155595,1787.14.sbml.csv,Vaginal Commensal
7567,47.35289256715247,-3951.1088481551487,1787.14.sbml.csv,Vaginal Commensal
7568,1921.7891811120962,-3089.775412714233,1787.14.sbml.csv,Vaginal Commensal
7569,1741.3707676241365,-2401.4230224699136,1787.14.sbml.csv,Vaginal Commensal
7570,524.7316918679663,-2658.985573865218,1787.14.sbml.csv,Vaginal Commensal
7571,694.8113994508803,-2964.316841469329,1787.14.sbml.csv,Vaginal Commensal
7572,1726.3474201921335,-3099.9089148317867,1787.14.sbml.csv,Vaginal Commensal
7573,2158.5853851682996,-2763.7522055142317,1787.14.sbml.csv,Vaginal Commensal
7574,2019.9429953394508,-2923.15853158745,1787.14.sbml.csv,Vaginal Commensal
7575,582.3291703173129,-2453.9924125641455,1787.14.sbml.csv,Vaginal Commensal
7576,714.069968557439,-2845.377820480067,1787.14.sbml.csv,Vaginal Commensal
7577,1464.8697931383965,-3112.3446406192957,1787.14.sbml.csv,Vaginal Commensal
7578,-580.487665083445,-3800.654519531591,1787.14.sbml.csv,Vaginal Commensal
7579,1638.4344761344814,-3224.2329863932378,1787.14.sbml.csv,Vaginal Commensal
7580,891.3161707324222,-1428.1328789476531,1787.14.sbml.csv,Vaginal Commensal
7581,722.1647145483026,-2092.2241161759966,1787.14.sbml.csv,Vaginal Commensal
7582,514.8829844634142,-2650.3471040967943,1787.14.sbml.csv,Vaginal Commensal
7583,2323.2520915391083,-2605.8612772226015,1787.14.sbml.csv,Vaginal Commensal
7584,817.3237869108448,-2741.14422859719,1787.14.sbml.csv,Vaginal Commensal
7585,1547.2313960391596,-3628.872648318471,1787.14.sbml.csv,Vaginal Commensal
7586,2225.899985862639,-2958.7757565249362,1787.14.sbml.csv,Vaginal Commensal
7587,1630.1483613917815,-3158.190166718975,1787.14.sbml.csv,Vaginal Commensal
7588,1505.30491123882,-2717.8844621612307,1787.14.sbml.csv,Vaginal Commensal
7589,1969.902197342272,-1468.968629347656,1787.14.sbml.csv,Vaginal Commensal
7590,852.7923856173984,-2591.2320994579886,1787.14.sbml.csv,Vaginal Commensal
7591,894.7884277519894,-3597.295595922024,1787.14.sbml.csv,Vaginal Commensal
7592,713.1851899553762,-2564.6892614972367,1787.14.sbml.csv,Vaginal Commensal
7593,1081.774366834133,-2424.044373813126,1787.14.sbml.csv,Vaginal Commensal
7594,107.56640906501643,-2467.319551767266,1787.14.sbml.csv,Vaginal Commensal
7595,1829.3983236719737,-2514.859761009736,1787.14.sbml.csv,Vaginal Commensal
7596,878.1745233310276,-2881.2253478858497,1787.14.sbml.csv,Vaginal Commensal
7597,1583.5551284168582,-3080.8410070756695,1787.14.sbml.csv,Vaginal Commensal
7598,957.005960377954,-3116.998179468236,1787.14.sbml.csv,Vaginal Commensal
7599,1032.9158143322773,-1577.0051894931867,1787.14.sbml.csv,Vaginal Commensal
7600,2251.1639845080417,-2579.878207961029,1787.14.sbml.csv,Vaginal Commensal
7601,2200.4840681350365,-2967.2520678787073,1787.14.sbml.csv,Vaginal Commensal
7602,1171.0132797437486,-3970.637704547801,1787.14.sbml.csv,Vaginal Commensal
7603,454.36002244776336,-2997.4599874761266,1787.14.sbml.csv,Vaginal Commensal
7604,1600.1536506199247,-1075.2688950784568,1787.14.sbml.csv,Vaginal Commensal
7605,1559.8948954837772,-2865.9544779620096,1787.14.sbml.csv,Vaginal Commensal
7606,-170.8673794383803,-563.408146790732,1787.14.sbml.csv,Vaginal Commensal
7607,1026.063350306645,-1878.6743021787638,1787.14.sbml.csv,Vaginal Commensal
7608,1503.6741782743004,-2835.535669974117,1787.14.sbml.csv,Vaginal Commensal
7609,2447.5544224311466,-2779.3482172356853,1787.14.sbml.csv,Vaginal Commensal
7610,2540.0075441963586,-2174.300922089039,1787.14.sbml.csv,Vaginal Commensal
7611,1177.3533166293703,-1751.6180069706586,1787.14.sbml.csv,Vaginal Commensal
7612,2416.206435219477,-2156.5281397975327,1787.14.sbml.csv,Vaginal Commensal
7613,2721.324378914188,-3191.995505185625,1787.14.sbml.csv,Vaginal Commensal
7614,-135.29570301493655,-1335.7796553082173,1787.14.sbml.csv,Vaginal Commensal
7615,1708.7869261428245,-3070.675645883083,1787.14.sbml.csv,Vaginal Commensal
7616,1568.0917451202415,-2433.7841405498325,1787.14.sbml.csv,Vaginal Commensal
7617,1708.5631565539957,-2350.131018493305,1787.14.sbml.csv,Vaginal Commensal
7618,2409.877206056885,-2507.614012030722,1787.14.sbml.csv,Vaginal Commensal
7619,-201.23114924949127,-3806.145304933603,1787.14.sbml.csv,Vaginal Commensal
7620,1.7233301755744845,-2264.098474130874,1787.14.sbml.csv,Vaginal Commensal
7621,616.1002281030462,-3107.9834756173564,1787.14.sbml.csv,Vaginal Commensal
7622,-257.00265137217383,-1644.9466047196383,1787.14.sbml.csv,Vaginal Commensal
7623,1123.0359951061926,-2911.0587501540363,1787.14.sbml.csv,Vaginal Commensal
7624,1582.7078534048483,-2756.664833841524,1787.14.sbml.csv,Vaginal Commensal
7625,530.0697036441222,-3454.0432237935297,1787.14.sbml.csv,Vaginal Commensal
7626,1609.5434140733512,-3051.3757089102805,1787.14.sbml.csv,Vaginal Commensal
7627,2672.741191043073,-3766.3750145403333,1787.14.sbml.csv,Vaginal Commensal
7628,2162.4482427600424,-3020.2137934673965,1787.14.sbml.csv,Vaginal Commensal
7629,2094.100792635617,-3273.3375445592937,1787.14.sbml.csv,Vaginal Commensal
7630,1650.0028221497978,-2488.1457012024375,1787.14.sbml.csv,Vaginal Commensal
7631,2436.550474945939,-2987.7921710468786,1787.14.sbml.csv,Vaginal Commensal
7632,1018.4686132813821,-2183.370034787514,1787.14.sbml.csv,Vaginal Commensal
7633,1308.2173205223621,-3381.211706991806,1787.14.sbml.csv,Vaginal Commensal
7634,2270.5666620903,-3133.4813062592493,1787.14.sbml.csv,Vaginal Commensal
7635,2735.6485061827807,-2619.8590843608686,1787.14.sbml.csv,Vaginal Commensal
7636,1102.1181256616312,-3053.5751825797875,1787.14.sbml.csv,Vaginal Commensal
7637,2159.7521258394,-2830.5137562182567,1787.14.sbml.csv,Vaginal Commensal
7638,1683.8872826802651,-4225.427404388195,1787.14.sbml.csv,Vaginal Commensal
7639,2436.7863839197003,-2886.243169533654,1787.14.sbml.csv,Vaginal Commensal
7640,739.2184589667546,-3986.4261346646517,1787.14.sbml.csv,Vaginal Commensal
7641,1602.7377099103323,-2914.2782363208394,1787.14.sbml.csv,Vaginal Commensal
7642,2141.989689296001,-2407.78232283599,1787.14.sbml.csv,Vaginal Commensal
7643,1560.6290027099733,-3609.801243949684,1787.14.sbml.csv,Vaginal Commensal
7644,217.95284670321314,-2245.2279641831883,1787.14.sbml.csv,Vaginal Commensal
7645,2015.352701284295,-2329.682060187876,1787.14.sbml.csv,Vaginal Commensal
7646,1336.765735187099,-2520.4523781405005,1787.14.sbml.csv,Vaginal Commensal
7647,1823.9891461894372,-2064.299864655833,1787.14.sbml.csv,Vaginal Commensal
7648,2289.3928627671935,-3020.3176858776405,1787.14.sbml.csv,Vaginal Commensal
7649,1262.4412887489714,-2850.217592108548,1787.14.sbml.csv,Vaginal Commensal
7650,1515.2327180230527,-2756.2703210678123,1787.14.sbml.csv,Vaginal Commensal
7651,1670.875379268945,-2782.2770428067506,1787.14.sbml.csv,Vaginal Commensal
7652,1332.462974546155,-2532.383587238271,1787.14.sbml.csv,Vaginal Commensal
7653,974.8459378942777,-3186.3816429689205,1787.14.sbml.csv,Vaginal Commensal
7654,2228.5337908545125,-2319.119429292833,1787.14.sbml.csv,Vaginal Commensal
7655,419.9377116187971,-3410.7230069424595,1787.14.sbml.csv,Vaginal Commensal
7656,1293.906150849679,-2560.3864899251334,1787.14.sbml.csv,Vaginal Commensal
7657,593.7858108567475,-2534.967197869716,1787.14.sbml.csv,Vaginal Commensal
7658,1020.2615877014513,-2053.7351039775026,1787.14.sbml.csv,Vaginal Commensal
7659,2345.4357472617667,-2408.5082798905614,1787.14.sbml.csv,Vaginal Commensal
7660,893.7726998790878,-3198.4168861791454,1787.14.sbml.csv,Vaginal Commensal
7661,626.1882233693897,-2862.311225391489,1787.14.sbml.csv,Vaginal Commensal
7662,2171.4897372996243,-2598.3702979832165,1787.14.sbml.csv,Vaginal Commensal
7663,1664.1550496813938,-3157.638542909039,1787.14.sbml.csv,Vaginal Commensal
7664,2063.564591393001,-3244.323707525398,1787.14.sbml.csv,Vaginal Commensal
7665,2633.8332468416984,-3433.116632776495,1787.14.sbml.csv,Vaginal Commensal
7666,2101.785494022585,-3270.0985530509156,1787.14.sbml.csv,Vaginal Commensal
7667,169.03933852979745,-3669.0248424424917,1787.14.sbml.csv,Vaginal Commensal
7668,1224.8180247214052,-1681.7996644523062,1787.14.sbml.csv,Vaginal Commensal
7669,1670.7472645920361,-2857.6446262836353,1787.14.sbml.csv,Vaginal Commensal
7670,1833.3693493433414,-3332.710013817395,1787.14.sbml.csv,Vaginal Commensal
7671,1704.382991573399,-2156.432256477741,1787.14.sbml.csv,Vaginal Commensal
7672,906.4054940886974,-1798.7344535621162,1787.14.sbml.csv,Vaginal Commensal
7673,1735.2118387706616,-2552.751561492541,1787.14.sbml.csv,Vaginal Commensal
7674,2307.1421071804357,-2626.0014542914514,1787.14.sbml.csv,Vaginal Commensal
7675,8.750531645603047,-2726.6996067432974,1787.14.sbml.csv,Vaginal Commensal
7676,1211.4468471356925,-2755.4799143846503,1787.14.sbml.csv,Vaginal Commensal
7677,-381.2871606009497,-3220.9148989827177,1787.14.sbml.csv,Vaginal Commensal
7678,2375.2394363911067,-2291.7640503132725,1787.14.sbml.csv,Vaginal Commensal
7679,760.2105034806895,-2029.6369444498853,1787.14.sbml.csv,Vaginal Commensal
7680,335.8932495541875,-1888.5827750801268,1787.14.sbml.csv,Vaginal Commensal
7681,1194.0038630065399,-2967.6107495864126,1787.14.sbml.csv,Vaginal Commensal
7682,1154.0718005684914,-3439.305718971739,1787.14.sbml.csv,Vaginal Commensal
7683,2882.9089725997574,-2664.916027656743,1787.14.sbml.csv,Vaginal Commensal
7684,1839.174441080948,-3629.6198012604827,1787.14.sbml.csv,Vaginal Commensal
7685,778.8013976459574,-2027.118637524894,1787.14.sbml.csv,Vaginal Commensal
7686,2051.790719669063,-3367.4692405938426,1787.14.sbml.csv,Vaginal Commensal
7687,1901.9828156826288,-3030.7724140392443,1787.14.sbml.csv,Vaginal Commensal
7688,1402.3622343652341,-2555.550704482528,1787.14.sbml.csv,Vaginal Commensal
7689,1426.9870924401278,-2311.1242200842557,1787.14.sbml.csv,Vaginal Commensal
7690,2686.1964730842033,-3359.475449421389,1787.14.sbml.csv,Vaginal Commensal
7691,489.9959674032727,-3005.487796091564,1787.14.sbml.csv,Vaginal Commensal
7692,1568.9848956634,-2314.784965624371,1787.14.sbml.csv,Vaginal Commensal
7693,23.127249290398904,-3022.694184759408,1787.14.sbml.csv,Vaginal Commensal
7694,54.71131667356593,-1701.318388121994,1787.14.sbml.csv,Vaginal Commensal
7695,2338.3708917224444,-2101.052570799521,1787.14.sbml.csv,Vaginal Commensal
7696,555.3608680463678,-2772.399079671182,1787.14.sbml.csv,Vaginal Commensal
7697,2326.342230156719,-3615.5469176021393,1787.14.sbml.csv,Vaginal Commensal
7698,746.1357673360739,-3057.2264665781604,1787.14.sbml.csv,Vaginal Commensal
7699,1153.6559188685114,-1897.336136166792,1787.14.sbml.csv,Vaginal Commensal
7700,1823.7324102380894,-3571.1308347261074,1787.14.sbml.csv,Vaginal Commensal
7701,1175.1993886540183,-2571.625131872804,1787.14.sbml.csv,Vaginal Commensal
7702,1788.6836169457033,-3432.7226535154537,1787.14.sbml.csv,Vaginal Commensal
7703,1743.7758841700547,-2383.2982298261813,1787.14.sbml.csv,Vaginal Commensal
7704,1690.4407774585238,-2504.0391313448968,1787.14.sbml.csv,Vaginal Commensal
7705,3139.7937848590936,-2629.8697550311313,1787.14.sbml.csv,Vaginal Commensal
7706,1155.4003062512743,-2820.5461030364404,1787.14.sbml.csv,Vaginal Commensal
7707,554.9648881482416,-2942.942402128179,1787.14.sbml.csv,Vaginal Commensal
7708,262.44100372664707,-3308.941411443596,1787.14.sbml.csv,Vaginal Commensal
7709,2076.837216029685,-2771.5196118925896,1787.14.sbml.csv,Vaginal Commensal
7710,1088.0171719143564,-3176.1068630891327,1787.14.sbml.csv,Vaginal Commensal
7711,-263.51622408832117,-1922.921018418219,1787.14.sbml.csv,Vaginal Commensal
7712,2103.899090980735,-3749.2457063399183,1787.14.sbml.csv,Vaginal Commensal
7713,1339.5702520807815,-2602.77570041595,1787.14.sbml.csv,Vaginal Commensal
7714,332.4157463172008,-3220.5772597705254,1787.14.sbml.csv,Vaginal Commensal
7715,671.906751720439,-1512.1843527894227,1787.14.sbml.csv,Vaginal Commensal
7716,1993.1165531389827,-3156.039876753757,1787.14.sbml.csv,Vaginal Commensal
7717,1065.7449234028297,-2884.541961269025,1787.14.sbml.csv,Vaginal Commensal
7718,1970.9543349704131,-2179.1776086716054,1787.14.sbml.csv,Vaginal Commensal
7719,2345.354629470756,-3082.6119383430528,1787.14.sbml.csv,Vaginal Commensal
7720,2010.4118603249278,-2266.8191442349375,1787.14.sbml.csv,Vaginal Commensal
7721,1460.0653830982474,-3134.805988772025,1787.14.sbml.csv,Vaginal Commensal
7722,380.4821121816128,-2098.549935337472,1787.14.sbml.csv,Vaginal Commensal
7723,1596.8999055604802,-3214.3747782765818,1787.14.sbml.csv,Vaginal Commensal
7724,1781.1690946186302,-2785.2172973907186,1787.14.sbml.csv,Vaginal Commensal
7725,1632.20650480933,-2934.0706515423776,1787.14.sbml.csv,Vaginal Commensal
7726,1495.8402646746504,-3117.1075379661243,1787.14.sbml.csv,Vaginal Commensal
7727,1989.9794884587902,-3042.2722166889994,1787.14.sbml.csv,Vaginal Commensal
7728,1145.7987905622986,-3134.0444661852725,1787.14.sbml.csv,Vaginal Commensal
7729,1235.7014720455434,-1992.68436630791,1787.14.sbml.csv,Vaginal Commensal
7730,609.8707636004681,-2001.3692195768333,1787.14.sbml.csv,Vaginal Commensal
7731,1266.8173315208226,-3273.7825019784527,1787.14.sbml.csv,Vaginal Commensal
7732,1943.9286702710517,-3252.2367201949733,1787.14.sbml.csv,Vaginal Commensal
7733,1875.810747264558,-1462.7101590196858,1787.14.sbml.csv,Vaginal Commensal
7734,1281.5840480288432,-2222.20412674113,1787.14.sbml.csv,Vaginal Commensal
7735,368.0384458522216,-1773.0976027100003,1787.14.sbml.csv,Vaginal Commensal
7736,1606.1732739614056,-2692.482435219865,1787.14.sbml.csv,Vaginal Commensal
7737,996.7755367383553,-1907.9357807022182,1787.14.sbml.csv,Vaginal Commensal
7738,1273.7795625418817,-1896.9012750972277,1787.14.sbml.csv,Vaginal Commensal
7739,1782.6531147154897,-2862.965920553266,1787.14.sbml.csv,Vaginal Commensal
7740,1298.0795552678655,-2731.8536286691515,1787.14.sbml.csv,Vaginal Commensal
7741,2519.3830184373046,-2811.211291151877,1787.14.sbml.csv,Vaginal Commensal
7742,35.24720618481721,-3132.261234508169,1787.14.sbml.csv,Vaginal Commensal
7743,1432.418372154043,-2922.34767082767,1787.14.sbml.csv,Vaginal Commensal
7744,1387.0386441474623,-2605.2776429369587,1787.14.sbml.csv,Vaginal Commensal
7745,2694.6608694527877,-2524.4717971981995,1787.14.sbml.csv,Vaginal Commensal
7746,1286.584445344508,-2386.153751439608,1787.14.sbml.csv,Vaginal Commensal
7747,-679.3543875761136,-1670.8807660991265,1787.14.sbml.csv,Vaginal Commensal
7748,89.81975068573145,-3849.5678441615964,1787.14.sbml.csv,Vaginal Commensal
7749,973.6293632880348,-2935.103007517006,1787.14.sbml.csv,Vaginal Commensal
7750,264.31499473438345,-367.51113960150985,1756987.3.sbml.csv,Vaginal Commensal
7751,300.1321809369944,551.4617340646597,1756987.3.sbml.csv,Vaginal Commensal
7752,2204.237929902861,46.37108269560755,1756987.3.sbml.csv,Vaginal Commensal
7753,2608.1976829717532,185.7980533975364,1756987.3.sbml.csv,Vaginal Commensal
7754,663.7649163038084,1198.4405181947568,1756987.3.sbml.csv,Vaginal Commensal
7755,2313.435008033845,21.347420037459838,1756987.3.sbml.csv,Vaginal Commensal
7756,245.71594489648342,23.250195087899186,1756987.3.sbml.csv,Vaginal Commensal
7757,357.030811391847,-687.5096262479565,1756987.3.sbml.csv,Vaginal Commensal
7758,310.3563204764214,-342.42644721965235,1756987.3.sbml.csv,Vaginal Commensal
7759,3266.196017557714,219.50491181577698,1756987.3.sbml.csv,Vaginal Commensal
7760,2539.887520700001,744.3246726635865,1756987.3.sbml.csv,Vaginal Commensal
7761,756.689940984875,379.4596391334771,1756987.3.sbml.csv,Vaginal Commensal
7762,187.6970119681193,25.638525730909073,1756987.3.sbml.csv,Vaginal Commensal
7763,274.78806246735223,-438.4710268035267,1756987.3.sbml.csv,Vaginal Commensal
7764,3177.7947537040372,717.7658979336786,1756987.3.sbml.csv,Vaginal Commensal
7765,-16.487770971560376,437.2380604487656,1756987.3.sbml.csv,Vaginal Commensal
7766,2085.9392085160325,541.916544584127,1756987.3.sbml.csv,Vaginal Commensal
7767,940.9981005478986,110.51242788360848,1756987.3.sbml.csv,Vaginal Commensal
7768,980.0214697091379,-1030.6257651064454,1756987.3.sbml.csv,Vaginal Commensal
7769,895.1079750379708,853.1383974461932,1756987.3.sbml.csv,Vaginal Commensal
7770,1172.9601132180069,975.045021815851,1756987.3.sbml.csv,Vaginal Commensal
7771,2287.7945243958766,404.5925903437096,1756987.3.sbml.csv,Vaginal Commensal
7772,1122.6341700809558,-454.59053202612455,1756987.3.sbml.csv,Vaginal Commensal
7773,-96.79467969855745,747.4631192393663,1756987.3.sbml.csv,Vaginal Commensal
7774,1689.2887040640467,405.8096670713252,1756987.3.sbml.csv,Vaginal Commensal
7775,1172.7747966667591,-209.85559920169678,1756987.3.sbml.csv,Vaginal Commensal
7776,-120.41463405344113,-175.55014674961518,1756987.3.sbml.csv,Vaginal Commensal
7777,2854.2134337179705,1047.758693235949,1756987.3.sbml.csv,Vaginal Commensal
7778,2782.874258193411,78.06542070294621,1756987.3.sbml.csv,Vaginal Commensal
7779,48.336201626477795,-498.75516896093075,1756987.3.sbml.csv,Vaginal Commensal
7780,2214.7906869466274,432.2915404668132,1756987.3.sbml.csv,Vaginal Commensal
7781,150.65265830103584,-235.81290936148864,1756987.3.sbml.csv,Vaginal Commensal
7782,168.26361085872608,591.3455470890852,1756987.3.sbml.csv,Vaginal Commensal
7783,859.1122036822849,103.08370257797792,1756987.3.sbml.csv,Vaginal Commensal
7784,1222.2514205326363,-139.60981977530435,1756987.3.sbml.csv,Vaginal Commensal
7785,3520.986940509675,494.9138886833132,1756987.3.sbml.csv,Vaginal Commensal
7786,1577.6171792590758,-403.1376386776087,1756987.3.sbml.csv,Vaginal Commensal
7787,3364.304678722655,1034.1673685036362,1756987.3.sbml.csv,Vaginal Commensal
7788,2402.132776330469,756.9067054509838,1756987.3.sbml.csv,Vaginal Commensal
7789,436.73474823462954,570.3687521627401,1756987.3.sbml.csv,Vaginal Commensal
7790,-1112.0910243277194,689.8378792990516,1756987.3.sbml.csv,Vaginal Commensal
7791,1546.630358938021,868.4697189053691,1756987.3.sbml.csv,Vaginal Commensal
7792,1658.028394787033,478.2300990140557,1756987.3.sbml.csv,Vaginal Commensal
7793,722.7665227724186,34.0970236579005,1756987.3.sbml.csv,Vaginal Commensal
7794,-63.89667870292131,93.06179088741706,1756987.3.sbml.csv,Vaginal Commensal
7795,1807.02148358278,-217.35813728666818,1756987.3.sbml.csv,Vaginal Commensal
7796,3636.8965773820196,1066.9266318365146,1756987.3.sbml.csv,Vaginal Commensal
7797,1605.590867365909,1052.7466446722865,1756987.3.sbml.csv,Vaginal Commensal
7798,389.9232380195803,163.52869754068757,1756987.3.sbml.csv,Vaginal Commensal
7799,1329.6061922341776,15.089456525969384,1756987.3.sbml.csv,Vaginal Commensal
7800,2391.6958250510497,94.6568266792632,1756987.3.sbml.csv,Vaginal Commensal
7801,32.883912850379154,-413.9707534481827,1756987.3.sbml.csv,Vaginal Commensal
7802,36.415809006332125,425.0890080491553,1756987.3.sbml.csv,Vaginal Commensal
7803,-232.95845748977456,-22.47053440025692,1756987.3.sbml.csv,Vaginal Commensal
7804,1663.702293602914,-913.5542805710256,1756987.3.sbml.csv,Vaginal Commensal
7805,2474.7809666395283,326.24805755441696,1756987.3.sbml.csv,Vaginal Commensal
7806,521.2970845769287,637.1979538420807,1756987.3.sbml.csv,Vaginal Commensal
7807,-1036.0376403660289,253.4131764268857,1756987.3.sbml.csv,Vaginal Commensal
7808,-66.90640585793528,338.04005336344426,1756987.3.sbml.csv,Vaginal Commensal
7809,238.8471782746486,-31.242947487379627,1756987.3.sbml.csv,Vaginal Commensal
7810,1703.9989260027155,-24.293839406490388,1756987.3.sbml.csv,Vaginal Commensal
7811,3378.6421334990196,765.5390511157054,1756987.3.sbml.csv,Vaginal Commensal
7812,-124.66841348880067,242.41382752158805,1756987.3.sbml.csv,Vaginal Commensal
7813,1286.1043949813118,313.0727382631713,1756987.3.sbml.csv,Vaginal Commensal
7814,1552.4122399599112,976.9702734370003,1756987.3.sbml.csv,Vaginal Commensal
7815,973.5863045679937,-190.0332876133416,1756987.3.sbml.csv,Vaginal Commensal
7816,-684.7109849074221,1228.1037496817755,1756987.3.sbml.csv,Vaginal Commensal
7817,1809.821603992384,126.71854960061448,1756987.3.sbml.csv,Vaginal Commensal
7818,2273.5703956559996,206.74677228653775,1756987.3.sbml.csv,Vaginal Commensal
7819,580.8701418137998,668.3302267995347,1756987.3.sbml.csv,Vaginal Commensal
7820,1207.5149865592587,592.0015020734402,1756987.3.sbml.csv,Vaginal Commensal
7821,2635.501800552503,-159.56050433792277,1756987.3.sbml.csv,Vaginal Commensal
7822,1025.3651140207016,-395.0502093370229,1756987.3.sbml.csv,Vaginal Commensal
7823,3115.9889570514024,-244.45817050312942,1756987.3.sbml.csv,Vaginal Commensal
7824,1344.6610209300477,1245.7166142055344,1756987.3.sbml.csv,Vaginal Commensal
7825,2032.7725358070306,636.14837211495,1756987.3.sbml.csv,Vaginal Commensal
7826,458.96533413271607,320.8760940559991,1756987.3.sbml.csv,Vaginal Commensal
7827,-98.12362952797474,307.94885000544554,1756987.3.sbml.csv,Vaginal Commensal
7828,558.9516599904179,-713.6721828813977,1756987.3.sbml.csv,Vaginal Commensal
7829,1727.2999304298446,-263.56479505555586,1756987.3.sbml.csv,Vaginal Commensal
7830,108.92977018932488,623.8828816692331,1756987.3.sbml.csv,Vaginal Commensal
7831,-701.603109935351,57.76476506730551,1756987.3.sbml.csv,Vaginal Commensal
7832,451.3567324661893,401.3118719075673,1756987.3.sbml.csv,Vaginal Commensal
7833,2534.2931098889467,445.17081018579347,1756987.3.sbml.csv,Vaginal Commensal
7834,2547.770207912789,1051.3778764994615,1756987.3.sbml.csv,Vaginal Commensal
7835,743.5053468380052,858.0367168667559,1756987.3.sbml.csv,Vaginal Commensal
7836,359.00175511197205,77.04279019472351,1756987.3.sbml.csv,Vaginal Commensal
7837,26.17438090850441,-146.68336763335753,1756987.3.sbml.csv,Vaginal Commensal
7838,2495.314305161711,124.50700250233236,1756987.3.sbml.csv,Vaginal Commensal
7839,874.0508924985497,-899.9378450181383,1756987.3.sbml.csv,Vaginal Commensal
7840,1037.4968668688014,-235.38919512962624,1756987.3.sbml.csv,Vaginal Commensal
7841,850.1146649565112,277.12874400308175,1756987.3.sbml.csv,Vaginal Commensal
7842,601.4077060024813,663.8259046167815,1756987.3.sbml.csv,Vaginal Commensal
7843,1229.4955797407156,257.26538435952295,1756987.3.sbml.csv,Vaginal Commensal
7844,1251.7217341215487,-882.0665758181663,1756987.3.sbml.csv,Vaginal Commensal
7845,2420.6375838081653,422.1383336953011,1756987.3.sbml.csv,Vaginal Commensal
7846,-925.1766296007725,375.05812396204743,1756987.3.sbml.csv,Vaginal Commensal
7847,3074.216043961311,637.0890474081757,1756987.3.sbml.csv,Vaginal Commensal
7848,9.32251111985779,-29.207766660774507,1756987.3.sbml.csv,Vaginal Commensal
7849,1066.2662375843804,457.20363452791554,1756987.3.sbml.csv,Vaginal Commensal
7850,3146.501844675791,455.45868781697897,1756987.3.sbml.csv,Vaginal Commensal
7851,1890.4417739056792,-95.91175998095122,1756987.3.sbml.csv,Vaginal Commensal
7852,1744.7323456142879,1250.4833795202014,1756987.3.sbml.csv,Vaginal Commensal
7853,-519.4089732263244,-287.28172381994335,1756987.3.sbml.csv,Vaginal Commensal
7854,645.1082251667881,-550.030783521248,1756987.3.sbml.csv,Vaginal Commensal
7855,265.2723149951708,14.361706389212122,1756987.3.sbml.csv,Vaginal Commensal
7856,585.7169398587952,283.23835605873444,1756987.3.sbml.csv,Vaginal Commensal
7857,-358.7557065553164,122.92801528144818,1756987.3.sbml.csv,Vaginal Commensal
7858,250.69772838339458,949.689820558947,1756987.3.sbml.csv,Vaginal Commensal
7859,2249.354766427022,570.3981800040392,1756987.3.sbml.csv,Vaginal Commensal
7860,2450.587552117035,3.174406651822556,1756987.3.sbml.csv,Vaginal Commensal
7861,1656.9896820920035,-889.6346056386237,1756987.3.sbml.csv,Vaginal Commensal
7862,3155.4100551027013,307.5863567164431,1756987.3.sbml.csv,Vaginal Commensal
7863,1916.5665573999274,-429.1757168609628,1756987.3.sbml.csv,Vaginal Commensal
7864,3330.3432244862947,1391.3289539760565,1756987.3.sbml.csv,Vaginal Commensal
7865,815.3827162564345,24.991205047065773,1756987.3.sbml.csv,Vaginal Commensal
7866,735.4263216775026,-227.6871092091962,1756987.3.sbml.csv,Vaginal Commensal
7867,591.4453810561052,94.37724748882411,1756987.3.sbml.csv,Vaginal Commensal
7868,1094.9676909877683,914.0823505228778,1756987.3.sbml.csv,Vaginal Commensal
7869,2848.2320257044425,537.8576716341423,1756987.3.sbml.csv,Vaginal Commensal
7870,1048.3648563093698,356.90847013253415,1756987.3.sbml.csv,Vaginal Commensal
7871,3044.199015623903,210.1736910178773,1756987.3.sbml.csv,Vaginal Commensal
7872,1372.291738553914,474.7331442503556,1756987.3.sbml.csv,Vaginal Commensal
7873,2121.528579761559,318.59243548650886,1756987.3.sbml.csv,Vaginal Commensal
7874,491.58924985071013,-991.6580866852695,1756987.3.sbml.csv,Vaginal Commensal
7875,-385.8453706657145,52.50593957262414,1756987.3.sbml.csv,Vaginal Commensal
7876,1933.584909562145,-532.6899827801833,1756987.3.sbml.csv,Vaginal Commensal
7877,1885.9762759933856,392.6291169027369,1756987.3.sbml.csv,Vaginal Commensal
7878,2294.416883625062,579.3857970872771,1756987.3.sbml.csv,Vaginal Commensal
7879,-233.49743052037502,-627.5329582411688,1756987.3.sbml.csv,Vaginal Commensal
7880,576.1185061498342,501.81831682761214,1756987.3.sbml.csv,Vaginal Commensal
7881,-106.76536951368345,-812.9315488868407,1756987.3.sbml.csv,Vaginal Commensal
7882,3486.1141283508928,913.4631265553313,1756987.3.sbml.csv,Vaginal Commensal
7883,-46.481243145845504,220.55760279117246,1756987.3.sbml.csv,Vaginal Commensal
7884,1073.0491092474908,750.4758915325226,1756987.3.sbml.csv,Vaginal Commensal
7885,2533.6964731551725,674.721575151441,1756987.3.sbml.csv,Vaginal Commensal
7886,2277.5104853521348,19.38249553074131,1756987.3.sbml.csv,Vaginal Commensal
7887,2817.8701582317303,563.2942030712444,1756987.3.sbml.csv,Vaginal Commensal
7888,1739.3492773409837,147.8828761087776,1756987.3.sbml.csv,Vaginal Commensal
7889,365.90588601977277,-161.00633013802192,1756987.3.sbml.csv,Vaginal Commensal
7890,1762.272682719785,158.33352614508593,1756987.3.sbml.csv,Vaginal Commensal
7891,2787.2038647174645,-13.841646215296464,1756987.3.sbml.csv,Vaginal Commensal
7892,1442.5011981392172,1063.7632515558325,1756987.3.sbml.csv,Vaginal Commensal
7893,30.74002295064122,-595.647133875062,1756987.3.sbml.csv,Vaginal Commensal
7894,2248.824755157432,1080.7235065074508,1756987.3.sbml.csv,Vaginal Commensal
7895,882.5169078372468,465.27515594943304,1756987.3.sbml.csv,Vaginal Commensal
7896,2127.8665990214804,699.3741937343136,1756987.3.sbml.csv,Vaginal Commensal
7897,2600.70731012016,301.8094124786473,1756987.3.sbml.csv,Vaginal Commensal
7898,832.8629067430403,727.1574001536662,1756987.3.sbml.csv,Vaginal Commensal
7899,1171.8812176683975,659.4728198874394,1756987.3.sbml.csv,Vaginal Commensal
7900,1562.1411501102232,555.3724496310189,1756987.3.sbml.csv,Vaginal Commensal
7901,2984.328946235606,291.9833719354416,1756987.3.sbml.csv,Vaginal Commensal
7902,2654.3977242417523,905.8685216602446,1756987.3.sbml.csv,Vaginal Commensal
7903,-103.45396052229276,-319.04056308214115,1756987.3.sbml.csv,Vaginal Commensal
7904,-327.1748111556071,-117.79293519831255,1756987.3.sbml.csv,Vaginal Commensal
7905,323.3586418161306,-333.9181978895972,1756987.3.sbml.csv,Vaginal Commensal
7906,-406.55998872971577,56.79316820649913,1756987.3.sbml.csv,Vaginal Commensal
7907,2711.160831648992,504.4353717138956,1756987.3.sbml.csv,Vaginal Commensal
7908,-356.81594516571846,403.60745213473825,1756987.3.sbml.csv,Vaginal Commensal
7909,2903.192889893777,486.36335384131314,1756987.3.sbml.csv,Vaginal Commensal
7910,362.26308391783607,682.3612770757549,1756987.3.sbml.csv,Vaginal Commensal
7911,2529.122125002834,-25.383850671330162,1756987.3.sbml.csv,Vaginal Commensal
7912,-7.868433923690191,456.8814371221375,1756987.3.sbml.csv,Vaginal Commensal
7913,3650.055748012286,480.009700775663,1756987.3.sbml.csv,Vaginal Commensal
7914,2623.8755554183917,421.7592139737373,1756987.3.sbml.csv,Vaginal Commensal
7915,791.2167905481954,-73.1170332670444,1756987.3.sbml.csv,Vaginal Commensal
7916,301.4537724001076,278.3692597331051,1756987.3.sbml.csv,Vaginal Commensal
7917,720.7810450319554,547.4025934798893,1756987.3.sbml.csv,Vaginal Commensal
7918,1108.3986022303698,218.29457177649508,1756987.3.sbml.csv,Vaginal Commensal
7919,440.9441708773425,-652.8232353623918,1756987.3.sbml.csv,Vaginal Commensal
7920,1697.0817231710432,142.02936689951733,1756987.3.sbml.csv,Vaginal Commensal
7921,1565.203438255112,-259.5054313851705,1756987.3.sbml.csv,Vaginal Commensal
7922,1674.3347274731923,-204.36108855529218,1756987.3.sbml.csv,Vaginal Commensal
7923,-160.58014267773058,-340.27049633191126,1756987.3.sbml.csv,Vaginal Commensal
7924,526.1712947072784,860.1645579842537,1756987.3.sbml.csv,Vaginal Commensal
7925,2013.0285366664086,711.3193776031075,1756987.3.sbml.csv,Vaginal Commensal
7926,138.50598872144843,222.23462870858677,1756987.3.sbml.csv,Vaginal Commensal
7927,2701.697175473466,232.534998070718,1756987.3.sbml.csv,Vaginal Commensal
7928,1026.0534590836771,-137.75495214405504,1756987.3.sbml.csv,Vaginal Commensal
7929,1780.4253194320688,0.9412241027087435,1756987.3.sbml.csv,Vaginal Commensal
7930,704.7277124685015,418.14803460130616,1756987.3.sbml.csv,Vaginal Commensal
7931,2992.166357572105,595.8536869429959,1756987.3.sbml.csv,Vaginal Commensal
7932,2920.2676088551098,28.238488684533095,1756987.3.sbml.csv,Vaginal Commensal
7933,1706.9651257725366,-26.548679651057146,1756987.3.sbml.csv,Vaginal Commensal
7934,-209.9002802227735,-681.3600973439144,1756987.3.sbml.csv,Vaginal Commensal
7935,2849.872216819947,786.0409788466059,1756987.3.sbml.csv,Vaginal Commensal
7936,1830.1041428619264,-658.908057451998,1756987.3.sbml.csv,Vaginal Commensal
7937,3812.2077172362556,1551.6127215339523,1756987.3.sbml.csv,Vaginal Commensal
7938,-1195.8955194272487,-165.2239929252067,1756987.3.sbml.csv,Vaginal Commensal
7939,1753.3542083505315,1144.4877421658705,1756987.3.sbml.csv,Vaginal Commensal
7940,2473.943028151836,202.1606206774834,1756987.3.sbml.csv,Vaginal Commensal
7941,859.0147674324546,-245.11695373470837,1756987.3.sbml.csv,Vaginal Commensal
7942,1026.87860547205,-517.8043267166671,1756987.3.sbml.csv,Vaginal Commensal
7943,456.4456753595438,-421.62894400698406,1756987.3.sbml.csv,Vaginal Commensal
7944,2207.579554967691,71.11563066556023,1756987.3.sbml.csv,Vaginal Commensal
7945,749.4581081906118,-232.08905584555717,1756987.3.sbml.csv,Vaginal Commensal
7946,-14.58296887227067,565.5215338838897,1756987.3.sbml.csv,Vaginal Commensal
7947,1253.012026596914,78.43984260652343,1756987.3.sbml.csv,Vaginal Commensal
7948,-198.40206573982306,579.5587932559123,1756987.3.sbml.csv,Vaginal Commensal
7949,2465.343368162194,128.57619992394584,1756987.3.sbml.csv,Vaginal Commensal
7950,2295.1175013741117,-84.68320982415607,1756987.3.sbml.csv,Vaginal Commensal
7951,2719.6795259941678,1467.4601017134567,1756987.3.sbml.csv,Vaginal Commensal
7952,1801.9460657790994,-345.93674014155886,1756987.3.sbml.csv,Vaginal Commensal
7953,-427.5948463813083,-404.9603761899289,1756987.3.sbml.csv,Vaginal Commensal
7954,2371.113883675566,803.6842413874964,1756987.3.sbml.csv,Vaginal Commensal
7955,-59.90618109097136,-420.3558188058966,1756987.3.sbml.csv,Vaginal Commensal
7956,2335.9401136564647,658.79458995684,1756987.3.sbml.csv,Vaginal Commensal
7957,3435.466696004931,921.8349909003012,1756987.3.sbml.csv,Vaginal Commensal
7958,570.7720710671102,279.9651497097173,1756987.3.sbml.csv,Vaginal Commensal
7959,1044.2606342879787,-530.5517645071685,1756987.3.sbml.csv,Vaginal Commensal
7960,94.25280207610987,1230.8166035000527,1756987.3.sbml.csv,Vaginal Commensal
7961,2279.2668788562596,497.4586154018984,1756987.3.sbml.csv,Vaginal Commensal
7962,2800.4434663758816,321.73235141207726,1756987.3.sbml.csv,Vaginal Commensal
7963,1546.8542018401304,651.7899070667294,1756987.3.sbml.csv,Vaginal Commensal
7964,2415.444666898336,-222.02699233386676,1756987.3.sbml.csv,Vaginal Commensal
7965,-327.7702647016439,333.9730858125059,1756987.3.sbml.csv,Vaginal Commensal
7966,2830.005277272794,1127.7431017903796,1756987.3.sbml.csv,Vaginal Commensal
7967,619.032743228062,454.4260681972822,1756987.3.sbml.csv,Vaginal Commensal
7968,830.022708641449,304.6467099907535,1756987.3.sbml.csv,Vaginal Commensal
7969,2584.0209027330666,569.1096368471877,1756987.3.sbml.csv,Vaginal Commensal
7970,2742.7633654045762,580.2150075126895,1756987.3.sbml.csv,Vaginal Commensal
7971,-93.22806555820931,-885.4219400540154,1756987.3.sbml.csv,Vaginal Commensal
7972,2389.292779720646,161.7461814634761,1756987.3.sbml.csv,Vaginal Commensal
7973,2793.2729649462863,745.9770247362463,1756987.3.sbml.csv,Vaginal Commensal
7974,2668.5513104372126,628.8847664500901,1756987.3.sbml.csv,Vaginal Commensal
7975,2140.959517212959,-223.24087144543185,1756987.3.sbml.csv,Vaginal Commensal
7976,-411.099449172865,745.1846035917961,1756987.3.sbml.csv,Vaginal Commensal
7977,1640.31740207528,-289.6505470380618,1756987.3.sbml.csv,Vaginal Commensal
7978,1896.5753405880178,464.66795381782816,1756987.3.sbml.csv,Vaginal Commensal
7979,1207.183947815289,688.340955313648,1756987.3.sbml.csv,Vaginal Commensal
7980,332.6609222712025,14.801746454249463,1756987.3.sbml.csv,Vaginal Commensal
7981,1747.126701670171,66.31441882872834,1756987.3.sbml.csv,Vaginal Commensal
7982,748.2900542722859,1018.7705180712595,1756987.3.sbml.csv,Vaginal Commensal
7983,-399.98938680292105,548.4169102792797,1756987.3.sbml.csv,Vaginal Commensal
7984,2346.1424284758464,687.3065709059262,1756987.3.sbml.csv,Vaginal Commensal
7985,1569.9612058615276,805.9302956753559,1756987.3.sbml.csv,Vaginal Commensal
7986,1776.7865581613794,-281.7566250364198,1756987.3.sbml.csv,Vaginal Commensal
7987,1701.3705908386012,133.9233305711302,1756987.3.sbml.csv,Vaginal Commensal
7988,1798.7923229074054,442.0032320043201,1756987.3.sbml.csv,Vaginal Commensal
7989,1217.8931879723182,-0.5206977687472121,1756987.3.sbml.csv,Vaginal Commensal
7990,1029.6097431250832,787.3404484489388,1756987.3.sbml.csv,Vaginal Commensal
7991,3019.295833050321,425.4269331065719,1756987.3.sbml.csv,Vaginal Commensal
7992,2929.4551969584545,951.0988225394476,1756987.3.sbml.csv,Vaginal Commensal
7993,-125.43800995687717,532.1217498292401,1756987.3.sbml.csv,Vaginal Commensal
7994,154.83244698684604,-371.369164896786,1756987.3.sbml.csv,Vaginal Commensal
7995,2188.98721582722,-134.21408874846816,1756987.3.sbml.csv,Vaginal Commensal
7996,1894.0707412315542,-86.31778908434299,1756987.3.sbml.csv,Vaginal Commensal
7997,278.3900701853881,1616.183992833631,1756987.3.sbml.csv,Vaginal Commensal
7998,2623.2769517136267,-182.53098801032047,1756987.3.sbml.csv,Vaginal Commensal
7999,870.4887628244278,-301.52987874398076,1756987.3.sbml.csv,Vaginal Commensal
8000,1469.710092415955,1512.8513036226086,755172.32.sbml.csv,Vaginal Commensal
8001,1581.4215749324624,11.876574845957217,755172.32.sbml.csv,Vaginal Commensal
8002,109.78730890806376,77.50821804547358,755172.32.sbml.csv,Vaginal Commensal
8003,2094.2844469902534,1050.0271835346318,755172.32.sbml.csv,Vaginal Commensal
8004,1406.5031656128149,129.51224064989879,755172.32.sbml.csv,Vaginal Commensal
8005,1762.6745861397417,196.6008275902863,755172.32.sbml.csv,Vaginal Commensal
8006,1162.7926347646853,485.18729525633495,755172.32.sbml.csv,Vaginal Commensal
8007,1602.1734495220144,-76.74611371828291,755172.32.sbml.csv,Vaginal Commensal
8008,876.2410990174737,393.05283953503397,755172.32.sbml.csv,Vaginal Commensal
8009,1799.697355606201,1615.0787283109105,755172.32.sbml.csv,Vaginal Commensal
8010,1829.9264428646243,635.2875529743427,755172.32.sbml.csv,Vaginal Commensal
8011,681.0561928842569,786.9027830103929,755172.32.sbml.csv,Vaginal Commensal
8012,826.7593104805921,1029.1585837740656,755172.32.sbml.csv,Vaginal Commensal
8013,483.74311938870324,751.3690889171259,755172.32.sbml.csv,Vaginal Commensal
8014,2055.7548325066723,830.4686291284335,755172.32.sbml.csv,Vaginal Commensal
8015,-453.1315667479873,163.52768933782647,755172.32.sbml.csv,Vaginal Commensal
8016,3210.725598794373,1059.2018696305206,755172.32.sbml.csv,Vaginal Commensal
8017,1769.540693166003,581.2644214766026,755172.32.sbml.csv,Vaginal Commensal
8018,2230.885587149551,359.6974331558231,755172.32.sbml.csv,Vaginal Commensal
8019,-382.01929195654446,-308.03541633193686,755172.32.sbml.csv,Vaginal Commensal
8020,51.55945253180527,89.03317813932792,755172.32.sbml.csv,Vaginal Commensal
8021,1089.8827434482118,380.767066726728,755172.32.sbml.csv,Vaginal Commensal
8022,-5.437376091948325,573.9666247418675,755172.32.sbml.csv,Vaginal Commensal
8023,1662.5674104817797,281.3047423769651,755172.32.sbml.csv,Vaginal Commensal
8024,64.27482713951429,-34.293437692380785,755172.32.sbml.csv,Vaginal Commensal
8025,-12.118298827703967,293.0293692780656,755172.32.sbml.csv,Vaginal Commensal
8026,2334.4520407098203,663.0727625040231,755172.32.sbml.csv,Vaginal Commensal
8027,-51.07417656118441,758.4573919031202,755172.32.sbml.csv,Vaginal Commensal
8028,589.1508007691533,-78.73113960260417,755172.32.sbml.csv,Vaginal Commensal
8029,1836.7098849251206,816.0920435021768,755172.32.sbml.csv,Vaginal Commensal
8030,2476.408774959477,675.0357335621369,755172.32.sbml.csv,Vaginal Commensal
8031,-313.6155040981436,1257.5025671241024,755172.32.sbml.csv,Vaginal Commensal
8032,2741.090512565527,1712.778307966443,755172.32.sbml.csv,Vaginal Commensal
8033,1644.6662662610433,183.11885456928874,755172.32.sbml.csv,Vaginal Commensal
8034,231.4262718376521,449.7047764204677,755172.32.sbml.csv,Vaginal Commensal
8035,-226.18044442388,538.9328208690881,755172.32.sbml.csv,Vaginal Commensal
8036,1042.1981677663916,789.5274751442059,755172.32.sbml.csv,Vaginal Commensal
8037,2308.893495552699,-212.6935079089188,755172.32.sbml.csv,Vaginal Commensal
8038,293.74118625712134,-54.58369494218898,755172.32.sbml.csv,Vaginal Commensal
8039,1940.6071770907163,691.63205872751,755172.32.sbml.csv,Vaginal Commensal
8040,256.1972052513854,-282.00100093616936,755172.32.sbml.csv,Vaginal Commensal
8041,1940.9857920709203,652.9028298388448,755172.32.sbml.csv,Vaginal Commensal
8042,2030.0940772949516,-30.683119484663376,755172.32.sbml.csv,Vaginal Commensal
8043,671.2839116608886,571.0631438420164,755172.32.sbml.csv,Vaginal Commensal
8044,814.2528674996871,761.1163439392865,755172.32.sbml.csv,Vaginal Commensal
8045,2980.283881497201,331.2549736575507,755172.32.sbml.csv,Vaginal Commensal
8046,659.3579956473579,626.4438254361625,755172.32.sbml.csv,Vaginal Commensal
8047,484.34212188033774,395.1813990352253,755172.32.sbml.csv,Vaginal Commensal
8048,1904.9441434827177,1028.6147079838463,755172.32.sbml.csv,Vaginal Commensal
8049,1820.069269479333,375.253783892443,755172.32.sbml.csv,Vaginal Commensal
8050,358.5023624961309,-608.1773055246064,755172.32.sbml.csv,Vaginal Commensal
8051,515.3941733046872,-151.41130016378216,755172.32.sbml.csv,Vaginal Commensal
8052,2361.558602595241,342.0617956609659,755172.32.sbml.csv,Vaginal Commensal
8053,-112.6657077861215,941.5415951879854,755172.32.sbml.csv,Vaginal Commensal
8054,-649.8180416777917,698.9048403388224,755172.32.sbml.csv,Vaginal Commensal
8055,3582.755627189282,518.0625499446243,755172.32.sbml.csv,Vaginal Commensal
8056,372.565184403235,1051.0951054575967,755172.32.sbml.csv,Vaginal Commensal
8057,1232.0646766855907,575.0626567500719,755172.32.sbml.csv,Vaginal Commensal
8058,2280.5490160941317,-281.2987259277216,755172.32.sbml.csv,Vaginal Commensal
8059,537.5325092293426,457.1703818851878,755172.32.sbml.csv,Vaginal Commensal
8060,1162.0221249076965,-698.1454692680563,755172.32.sbml.csv,Vaginal Commensal
8061,291.34650374442083,483.56392102459347,755172.32.sbml.csv,Vaginal Commensal
8062,1232.3457051079579,468.642196523295,755172.32.sbml.csv,Vaginal Commensal
8063,-286.39661744217346,878.471983602887,755172.32.sbml.csv,Vaginal Commensal
8064,1070.6360121060807,909.9000543188157,755172.32.sbml.csv,Vaginal Commensal
8065,3158.1040868929613,482.34306407772726,755172.32.sbml.csv,Vaginal Commensal
8066,3025.5236579457837,922.508522510748,755172.32.sbml.csv,Vaginal Commensal
8067,3726.6270342738594,458.35123826511943,755172.32.sbml.csv,Vaginal Commensal
8068,2354.6337630268686,170.1996528950887,755172.32.sbml.csv,Vaginal Commensal
8069,1959.0671158490927,-144.55581337345538,755172.32.sbml.csv,Vaginal Commensal
8070,469.3524028434903,842.3286947417611,755172.32.sbml.csv,Vaginal Commensal
8071,325.2710311390828,439.7540367125837,755172.32.sbml.csv,Vaginal Commensal
8072,1032.122372277157,994.1607871081081,755172.32.sbml.csv,Vaginal Commensal
8073,445.1928706736157,60.16543054949798,755172.32.sbml.csv,Vaginal Commensal
8074,-64.60229464660652,625.8641132867361,755172.32.sbml.csv,Vaginal Commensal
8075,1488.8179083337827,568.4700472049747,755172.32.sbml.csv,Vaginal Commensal
8076,1447.6947433884068,590.2155086790876,755172.32.sbml.csv,Vaginal Commensal
8077,211.86202556896424,-290.16222948925173,755172.32.sbml.csv,Vaginal Commensal
8078,900.5281449339521,1030.665726321236,755172.32.sbml.csv,Vaginal Commensal
8079,279.7890786538915,779.7473893135616,755172.32.sbml.csv,Vaginal Commensal
8080,2577.4307451596437,1028.254851094669,755172.32.sbml.csv,Vaginal Commensal
8081,3786.078223354573,345.88863134282843,755172.32.sbml.csv,Vaginal Commensal
8082,3425.1765880267794,1342.9349483271308,755172.32.sbml.csv,Vaginal Commensal
8083,254.92560976633132,298.5742151901689,755172.32.sbml.csv,Vaginal Commensal
8084,1622.421455241912,865.684487646808,755172.32.sbml.csv,Vaginal Commensal
8085,563.7050876451294,-129.0825587394168,755172.32.sbml.csv,Vaginal Commensal
8086,1831.6768492597296,-659.7954951895371,755172.32.sbml.csv,Vaginal Commensal
8087,460.7269458256457,176.34668967832528,755172.32.sbml.csv,Vaginal Commensal
8088,-373.0127318144569,360.1672368396117,755172.32.sbml.csv,Vaginal Commensal
8089,1476.9710374233014,-42.50462479424778,755172.32.sbml.csv,Vaginal Commensal
8090,1876.5425761191711,265.9344861349655,755172.32.sbml.csv,Vaginal Commensal
8091,2065.4811458688464,-605.327447993795,755172.32.sbml.csv,Vaginal Commensal
8092,-940.6107713315943,220.04225569132691,755172.32.sbml.csv,Vaginal Commensal
8093,128.9223185133997,484.9101250581891,755172.32.sbml.csv,Vaginal Commensal
8094,-227.46549231304178,335.03067144858295,755172.32.sbml.csv,Vaginal Commensal
8095,1232.9402052027851,1036.0257932225434,755172.32.sbml.csv,Vaginal Commensal
8096,881.5655242245282,-127.22843997498408,755172.32.sbml.csv,Vaginal Commensal
8097,41.93731033556899,10.81108751778122,755172.32.sbml.csv,Vaginal Commensal
8098,1906.4728592786366,147.2149685708432,755172.32.sbml.csv,Vaginal Commensal
8099,1859.9004552054205,726.4678691165368,755172.32.sbml.csv,Vaginal Commensal
8100,1471.155773654263,1070.0429290991165,755172.32.sbml.csv,Vaginal Commensal
8101,-573.81739706391,733.9808096061031,755172.32.sbml.csv,Vaginal Commensal
8102,2017.751617199292,514.0637424919812,755172.32.sbml.csv,Vaginal Commensal
8103,651.6362996640755,-172.63441378845422,755172.32.sbml.csv,Vaginal Commensal
8104,1811.6537666436514,607.8118915812095,755172.32.sbml.csv,Vaginal Commensal
8105,-710.1219581141312,1035.3954777376268,755172.32.sbml.csv,Vaginal Commensal
8106,377.62568843288574,-192.03854036224766,755172.32.sbml.csv,Vaginal Commensal
8107,2774.0767819465927,313.5251833007536,755172.32.sbml.csv,Vaginal Commensal
8108,776.667936773404,182.4655277144942,755172.32.sbml.csv,Vaginal Commensal
8109,2060.470840192659,1367.5112564387377,755172.32.sbml.csv,Vaginal Commensal
8110,1722.2250853306978,786.9102620929414,755172.32.sbml.csv,Vaginal Commensal
8111,3654.0821367241406,881.8629554959966,755172.32.sbml.csv,Vaginal Commensal
8112,2097.748615589701,628.1891993609428,755172.32.sbml.csv,Vaginal Commensal
8113,2423.4357670085537,252.13016750630706,755172.32.sbml.csv,Vaginal Commensal
8114,2.5323888228871327,100.71087275907658,755172.32.sbml.csv,Vaginal Commensal
8115,-575.6572652732814,563.1162941041136,755172.32.sbml.csv,Vaginal Commensal
8116,647.5839172965078,243.0288699381395,755172.32.sbml.csv,Vaginal Commensal
8117,3873.7698091012,640.8547198653175,755172.32.sbml.csv,Vaginal Commensal
8118,-818.7029571595807,489.894404183136,755172.32.sbml.csv,Vaginal Commensal
8119,1384.050802265097,315.94138617999687,755172.32.sbml.csv,Vaginal Commensal
8120,315.06971994097256,62.65858468387443,755172.32.sbml.csv,Vaginal Commensal
8121,1850.4327650730809,711.1154608000245,755172.32.sbml.csv,Vaginal Commensal
8122,1672.5107762325654,684.2574246811147,755172.32.sbml.csv,Vaginal Commensal
8123,833.1871592962125,-135.64525468263176,755172.32.sbml.csv,Vaginal Commensal
8124,-1001.2691609761407,232.13686189448356,755172.32.sbml.csv,Vaginal Commensal
8125,1004.1063875519859,433.0482550085742,755172.32.sbml.csv,Vaginal Commensal
8126,594.7886589429322,963.1837939269972,755172.32.sbml.csv,Vaginal Commensal
8127,623.6709381292297,-360.1962205663616,755172.32.sbml.csv,Vaginal Commensal
8128,412.662928581966,475.92292279460264,755172.32.sbml.csv,Vaginal Commensal
8129,2246.482533704826,528.1449777857557,755172.32.sbml.csv,Vaginal Commensal
8130,-96.67932485594422,833.851463015882,755172.32.sbml.csv,Vaginal Commensal
8131,853.1770773683726,1804.3472098465984,755172.32.sbml.csv,Vaginal Commensal
8132,56.846221253689485,1.6938934365566751,755172.32.sbml.csv,Vaginal Commensal
8133,2675.391940000818,254.57317443411395,755172.32.sbml.csv,Vaginal Commensal
8134,2400.5224314836178,287.98718821387104,755172.32.sbml.csv,Vaginal Commensal
8135,343.3924601885481,974.1065598763212,755172.32.sbml.csv,Vaginal Commensal
8136,1240.614369012342,1182.905490504712,755172.32.sbml.csv,Vaginal Commensal
8137,170.74959913141205,21.851099950948335,755172.32.sbml.csv,Vaginal Commensal
8138,-456.1833323208298,1302.7103572205067,755172.32.sbml.csv,Vaginal Commensal
8139,-39.95362259436073,-272.6710159262153,755172.32.sbml.csv,Vaginal Commensal
8140,1886.365720522818,132.7863817268334,755172.32.sbml.csv,Vaginal Commensal
8141,909.8527220564449,214.73613321112524,755172.32.sbml.csv,Vaginal Commensal
8142,3439.2255520347226,491.759335695302,755172.32.sbml.csv,Vaginal Commensal
8143,769.4014492394651,674.4576080399484,755172.32.sbml.csv,Vaginal Commensal
8144,-326.63746745476215,826.6508120507409,755172.32.sbml.csv,Vaginal Commensal
8145,580.4813333481076,286.15701011473107,755172.32.sbml.csv,Vaginal Commensal
8146,2030.5463891540996,-29.058605276760954,755172.32.sbml.csv,Vaginal Commensal
8147,870.5020615168443,106.48622202185847,755172.32.sbml.csv,Vaginal Commensal
8148,1138.8636433016254,551.5943946913845,755172.32.sbml.csv,Vaginal Commensal
8149,1306.6643532570838,733.8329325435278,755172.32.sbml.csv,Vaginal Commensal
8150,1210.269922036163,1003.175255402454,755172.32.sbml.csv,Vaginal Commensal
8151,-354.36083944236805,84.3272026309308,755172.32.sbml.csv,Vaginal Commensal
8152,-578.4525795198366,123.09860639266095,755172.32.sbml.csv,Vaginal Commensal
8153,2077.4935214674488,322.69010655937876,755172.32.sbml.csv,Vaginal Commensal
8154,371.7535624029726,980.3848773157716,755172.32.sbml.csv,Vaginal Commensal
8155,1997.984523662323,1117.8540399101896,755172.32.sbml.csv,Vaginal Commensal
8156,434.1555017947038,-357.8348880188388,755172.32.sbml.csv,Vaginal Commensal
8157,3038.1042276287994,508.5749114762097,755172.32.sbml.csv,Vaginal Commensal
8158,2810.990604697621,871.4014588441737,755172.32.sbml.csv,Vaginal Commensal
8159,686.1656189968633,290.7406832110708,755172.32.sbml.csv,Vaginal Commensal
8160,1146.0743412930271,-141.68427125418523,755172.32.sbml.csv,Vaginal Commensal
8161,1666.2787039213927,114.63973176432562,755172.32.sbml.csv,Vaginal Commensal
8162,2481.578733287984,86.01771976232533,755172.32.sbml.csv,Vaginal Commensal
8163,2767.538134119591,-65.67406527540776,755172.32.sbml.csv,Vaginal Commensal
8164,952.0751792812579,278.41291996116485,755172.32.sbml.csv,Vaginal Commensal
8165,1843.3199343675071,465.0177026355177,755172.32.sbml.csv,Vaginal Commensal
8166,3759.6680774567485,513.0458329864742,755172.32.sbml.csv,Vaginal Commensal
8167,3678.038091760057,328.54962041934573,755172.32.sbml.csv,Vaginal Commensal
8168,687.7815754881289,347.29731890046025,755172.32.sbml.csv,Vaginal Commensal
8169,811.5826042466225,-83.61982071068437,755172.32.sbml.csv,Vaginal Commensal
8170,3428.9545627828657,1122.3535030004962,755172.32.sbml.csv,Vaginal Commensal
8171,3249.692500681725,802.4975030830414,755172.32.sbml.csv,Vaginal Commensal
8172,1360.643386851037,-412.51721531655045,755172.32.sbml.csv,Vaginal Commensal
8173,21.112342478473593,1179.4797640326185,755172.32.sbml.csv,Vaginal Commensal
8174,-405.3469348672684,1075.1551538895567,755172.32.sbml.csv,Vaginal Commensal
8175,930.8413696690856,808.7839007636588,755172.32.sbml.csv,Vaginal Commensal
8176,1456.8431984259394,537.5720537144821,755172.32.sbml.csv,Vaginal Commensal
8177,2296.2650809708825,219.8023325986752,755172.32.sbml.csv,Vaginal Commensal
8178,1858.24380543346,-94.38529436425618,755172.32.sbml.csv,Vaginal Commensal
8179,1723.9641138496988,355.21954029953463,755172.32.sbml.csv,Vaginal Commensal
8180,1715.3417890378475,823.3692268562556,755172.32.sbml.csv,Vaginal Commensal
8181,3730.7054614364706,342.0926952669538,755172.32.sbml.csv,Vaginal Commensal
8182,1790.7025740044091,870.4521210598114,755172.32.sbml.csv,Vaginal Commensal
8183,-522.5793927305987,252.7425103688741,755172.32.sbml.csv,Vaginal Commensal
8184,686.0311703559687,287.23788418109586,755172.32.sbml.csv,Vaginal Commensal
8185,120.99798420915378,467.9481018292972,755172.32.sbml.csv,Vaginal Commensal
8186,1318.3126603248234,495.1530663485942,755172.32.sbml.csv,Vaginal Commensal
8187,339.3056361817259,-105.3591537658884,755172.32.sbml.csv,Vaginal Commensal
8188,-544.0901733477962,951.3741042633569,755172.32.sbml.csv,Vaginal Commensal
8189,-172.35877107245074,-211.37877511905526,755172.32.sbml.csv,Vaginal Commensal
8190,441.5885076890946,-907.5825709726797,755172.32.sbml.csv,Vaginal Commensal
8191,2813.5078121269225,402.703367985981,755172.32.sbml.csv,Vaginal Commensal
8192,1584.6927036858901,92.19817389710956,755172.32.sbml.csv,Vaginal Commensal
8193,2390.401113897092,940.4737034113856,755172.32.sbml.csv,Vaginal Commensal
8194,728.9610142927108,1293.4073884411341,755172.32.sbml.csv,Vaginal Commensal
8195,83.62034932749245,805.7286847521561,755172.32.sbml.csv,Vaginal Commensal
8196,2197.0791671531065,314.0894014270201,755172.32.sbml.csv,Vaginal Commensal
8197,3025.4875581772526,474.0678536194086,755172.32.sbml.csv,Vaginal Commensal
8198,2981.961270904179,1089.9014586684236,755172.32.sbml.csv,Vaginal Commensal
8199,-113.87519311898419,-30.937517429288754,755172.32.sbml.csv,Vaginal Commensal
8200,3591.7052402809904,802.3171602752506,755172.32.sbml.csv,Vaginal Commensal
8201,1644.87353978251,307.21425592292735,755172.32.sbml.csv,Vaginal Commensal
8202,270.2892275700645,1269.720395927561,755172.32.sbml.csv,Vaginal Commensal
8203,-527.1425966593515,489.2825635725593,755172.32.sbml.csv,Vaginal Commensal
8204,1876.732440970415,34.579811245646766,755172.32.sbml.csv,Vaginal Commensal
8205,1789.4183406921775,1204.8364713148173,755172.32.sbml.csv,Vaginal Commensal
8206,145.33616112947763,465.8795724664414,755172.32.sbml.csv,Vaginal Commensal
8207,1138.4438932032679,265.5831818260668,755172.32.sbml.csv,Vaginal Commensal
8208,1617.6802494421602,317.45660893182395,755172.32.sbml.csv,Vaginal Commensal
8209,2022.8861219085286,764.724186478371,755172.32.sbml.csv,Vaginal Commensal
8210,2481.852219417314,465.74045134223473,755172.32.sbml.csv,Vaginal Commensal
8211,3415.671389750769,293.1130778459696,755172.32.sbml.csv,Vaginal Commensal
8212,2219.9196889623663,594.9098455770164,755172.32.sbml.csv,Vaginal Commensal
8213,2049.6493556964356,789.2442604670754,755172.32.sbml.csv,Vaginal Commensal
8214,2530.3832026095274,520.6369389343249,755172.32.sbml.csv,Vaginal Commensal
8215,3840.248781167555,283.4281208755583,755172.32.sbml.csv,Vaginal Commensal
8216,1723.4127925815496,213.97879464986758,755172.32.sbml.csv,Vaginal Commensal
8217,1288.9277648578,743.8038673600423,755172.32.sbml.csv,Vaginal Commensal
8218,503.0605170870592,-175.06067758628873,755172.32.sbml.csv,Vaginal Commensal
8219,-15.348089705728988,1037.2894217318478,755172.32.sbml.csv,Vaginal Commensal
8220,1768.577571349507,568.3355055100984,755172.32.sbml.csv,Vaginal Commensal
8221,2092.1866965792283,235.95250563178175,755172.32.sbml.csv,Vaginal Commensal
8222,1139.6862906516758,259.7326281875855,755172.32.sbml.csv,Vaginal Commensal
8223,2250.5696313246003,1634.1209146501653,755172.32.sbml.csv,Vaginal Commensal
8224,3612.4617008728583,544.8473460417279,755172.32.sbml.csv,Vaginal Commensal
8225,1882.6244069859254,-223.02952887324798,755172.32.sbml.csv,Vaginal Commensal
8226,908.2400773663342,470.3744863577631,755172.32.sbml.csv,Vaginal Commensal
8227,949.9196956388039,371.15781635011115,755172.32.sbml.csv,Vaginal Commensal
8228,3482.8053151626355,847.965982546412,755172.32.sbml.csv,Vaginal Commensal
8229,888.7232769099984,468.8434180529039,755172.32.sbml.csv,Vaginal Commensal
8230,-201.12219431316308,407.32296775625576,755172.32.sbml.csv,Vaginal Commensal
8231,887.5698726457769,-130.86520001651814,755172.32.sbml.csv,Vaginal Commensal
8232,803.7314016154918,99.98250073739611,755172.32.sbml.csv,Vaginal Commensal
8233,35.98368896678685,932.9067786371851,755172.32.sbml.csv,Vaginal Commensal
8234,1661.5913890672746,146.17825713768863,755172.32.sbml.csv,Vaginal Commensal
8235,578.9536927587642,699.5617402609244,755172.32.sbml.csv,Vaginal Commensal
8236,2043.3937393558513,522.5499880876039,755172.32.sbml.csv,Vaginal Commensal
8237,1859.0589069653367,989.4163806242218,755172.32.sbml.csv,Vaginal Commensal
8238,-371.72025524814876,1178.2062050524578,755172.32.sbml.csv,Vaginal Commensal
8239,3829.8967627506063,608.4709705809295,755172.32.sbml.csv,Vaginal Commensal
8240,1891.7207185637476,-255.4123535296131,755172.32.sbml.csv,Vaginal Commensal
8241,2037.4706329279957,-238.42416112223304,755172.32.sbml.csv,Vaginal Commensal
8242,55.3485903399522,340.18480106050674,755172.32.sbml.csv,Vaginal Commensal
8243,106.26157107016628,769.4754565488648,755172.32.sbml.csv,Vaginal Commensal
8244,2958.123329537468,74.19121289728092,755172.32.sbml.csv,Vaginal Commensal
8245,218.43060108011795,825.1854128562858,755172.32.sbml.csv,Vaginal Commensal
8246,3217.303904661943,600.9160201080608,755172.32.sbml.csv,Vaginal Commensal
8247,2776.029071578928,113.04940329622247,755172.32.sbml.csv,Vaginal Commensal
8248,202.54497611357488,233.5217276760984,755172.32.sbml.csv,Vaginal Commensal
8249,1206.430387294818,-16.87564985769013,755172.32.sbml.csv,Vaginal Commensal
8250,-1627.1034903988902,-2889.857686241274,548476.3.sbml.csv,Vaginal Commensal
8251,-698.47505065876,-3216.9897213236154,548476.3.sbml.csv,Vaginal Commensal
8252,-1919.7523815844818,-2787.523761482668,548476.3.sbml.csv,Vaginal Commensal
8253,-556.5695158707775,-3229.052521306249,548476.3.sbml.csv,Vaginal Commensal
8254,-1969.5907690226577,-1909.9786361310344,548476.3.sbml.csv,Vaginal Commensal
8255,-2180.853010116067,-2284.69444334561,548476.3.sbml.csv,Vaginal Commensal
8256,-1677.156212319753,-3586.313102583496,548476.3.sbml.csv,Vaginal Commensal
8257,-913.8976795720966,-2698.459089862814,548476.3.sbml.csv,Vaginal Commensal
8258,-587.4041573365447,-2890.21761147357,548476.3.sbml.csv,Vaginal Commensal
8259,-446.62001785913236,-3656.8983778893275,548476.3.sbml.csv,Vaginal Commensal
8260,-500.2782712579065,-3354.38021377286,548476.3.sbml.csv,Vaginal Commensal
8261,-1446.7878468400427,-2923.6073533640238,548476.3.sbml.csv,Vaginal Commensal
8262,-764.546228657173,-3315.959492908878,548476.3.sbml.csv,Vaginal Commensal
8263,-798.5543176894756,-2650.510341895894,548476.3.sbml.csv,Vaginal Commensal
8264,-1300.1917046330593,-3728.051867584206,548476.3.sbml.csv,Vaginal Commensal
8265,-1381.3227263526464,-2323.9394196613316,548476.3.sbml.csv,Vaginal Commensal
8266,-1404.425921470543,-1408.4987905137025,548476.3.sbml.csv,Vaginal Commensal
8267,-1817.4846113211017,-1365.7651654237666,548476.3.sbml.csv,Vaginal Commensal
8268,1353.5280385906656,-2772.3947029745846,548476.3.sbml.csv,Vaginal Commensal
8269,-2474.867637692038,-3107.0574804682774,548476.3.sbml.csv,Vaginal Commensal
8270,-49.08525732092917,-3806.6939185460187,548476.3.sbml.csv,Vaginal Commensal
8271,-971.9589933156454,-2733.4926988468824,548476.3.sbml.csv,Vaginal Commensal
8272,-609.5063847317988,-2955.966990241522,548476.3.sbml.csv,Vaginal Commensal
8273,-120.96005854834505,-3047.3423215521007,548476.3.sbml.csv,Vaginal Commensal
8274,-1510.040804515537,-1923.3147936831763,548476.3.sbml.csv,Vaginal Commensal
8275,-2742.195228613109,-2326.482785570344,548476.3.sbml.csv,Vaginal Commensal
8276,-1941.2253524295897,-2396.438736472136,548476.3.sbml.csv,Vaginal Commensal
8277,-1086.3958837450105,-3766.3356526408816,548476.3.sbml.csv,Vaginal Commensal
8278,-473.3796735885729,-2269.504028539482,548476.3.sbml.csv,Vaginal Commensal
8279,-1227.3459385829995,-4251.599054291177,548476.3.sbml.csv,Vaginal Commensal
8280,130.91702704230426,-2768.098902022594,548476.3.sbml.csv,Vaginal Commensal
8281,-1297.955950866673,-2546.4091705562255,548476.3.sbml.csv,Vaginal Commensal
8282,-1421.0111243926697,-3621.351803770863,548476.3.sbml.csv,Vaginal Commensal
8283,-2137.282522558039,-1849.5903356202095,548476.3.sbml.csv,Vaginal Commensal
8284,-1366.5682124225464,-2830.69930338164,548476.3.sbml.csv,Vaginal Commensal
8285,509.2265620137576,-2999.2262082242587,548476.3.sbml.csv,Vaginal Commensal
8286,-2282.004624708559,-2864.283457614834,548476.3.sbml.csv,Vaginal Commensal
8287,45.79915880048047,-2628.953017282913,548476.3.sbml.csv,Vaginal Commensal
8288,-819.5000332316457,-2381.865306517744,548476.3.sbml.csv,Vaginal Commensal
8289,-1515.3269487130415,-3129.8974375654325,548476.3.sbml.csv,Vaginal Commensal
8290,-833.9379877778356,-2819.9278923079114,548476.3.sbml.csv,Vaginal Commensal
8291,-947.198232437372,-2380.9925045731784,548476.3.sbml.csv,Vaginal Commensal
8292,708.0099655807231,-959.6712076965196,548476.3.sbml.csv,Vaginal Commensal
8293,-2251.8747538012503,-2082.556088836238,548476.3.sbml.csv,Vaginal Commensal
8294,-518.3101410559543,-3415.6243891808676,548476.3.sbml.csv,Vaginal Commensal
8295,-1884.73184404348,-3697.768280480355,548476.3.sbml.csv,Vaginal Commensal
8296,-2712.408701342018,-2166.372891378735,548476.3.sbml.csv,Vaginal Commensal
8297,-2457.6288420385304,-3176.4152373156585,548476.3.sbml.csv,Vaginal Commensal
8298,-2240.98430854965,-2798.639115298488,548476.3.sbml.csv,Vaginal Commensal
8299,-1820.2274710733143,-2279.4555356366154,548476.3.sbml.csv,Vaginal Commensal
8300,-504.74081919392745,-3283.8243348508167,548476.3.sbml.csv,Vaginal Commensal
8301,-1721.0445942213755,-3287.675070711722,548476.3.sbml.csv,Vaginal Commensal
8302,-2693.1275093489176,-1759.3176325115712,548476.3.sbml.csv,Vaginal Commensal
8303,1870.6141899992915,-2371.864190294154,548476.3.sbml.csv,Vaginal Commensal
8304,-2757.8240814206715,-1419.736022738956,548476.3.sbml.csv,Vaginal Commensal
8305,335.169296696055,-2983.5464982660974,548476.3.sbml.csv,Vaginal Commensal
8306,-1608.244410217283,-3835.0045930487927,548476.3.sbml.csv,Vaginal Commensal
8307,-1328.2739909836241,-2647.490595014483,548476.3.sbml.csv,Vaginal Commensal
8308,-825.4125064724349,-1231.0193151176568,548476.3.sbml.csv,Vaginal Commensal
8309,-635.1588995122669,-3671.042266596479,548476.3.sbml.csv,Vaginal Commensal
8310,929.7416193744403,-3202.779624713366,548476.3.sbml.csv,Vaginal Commensal
8311,314.384289368085,-2614.4580329005307,548476.3.sbml.csv,Vaginal Commensal
8312,-1237.396760182938,-2490.914603882643,548476.3.sbml.csv,Vaginal Commensal
8313,-2236.008133949363,-2980.854275938387,548476.3.sbml.csv,Vaginal Commensal
8314,-433.01774747633357,-2154.856297875496,548476.3.sbml.csv,Vaginal Commensal
8315,1111.9872010195045,-2929.7026762881464,548476.3.sbml.csv,Vaginal Commensal
8316,-1035.886763787985,-3009.8352898140197,548476.3.sbml.csv,Vaginal Commensal
8317,-506.181515342641,-2790.6355531565346,548476.3.sbml.csv,Vaginal Commensal
8318,-319.2371795956374,-2347.845651508572,548476.3.sbml.csv,Vaginal Commensal
8319,-2282.955558144008,-2173.122817960786,548476.3.sbml.csv,Vaginal Commensal
8320,-890.4330298031881,-2949.188703011339,548476.3.sbml.csv,Vaginal Commensal
8321,-636.3864053228081,-3126.5869398076625,548476.3.sbml.csv,Vaginal Commensal
8322,-8.565172558742846,-2829.7283400102333,548476.3.sbml.csv,Vaginal Commensal
8323,-1735.1153010026856,-3421.280529400654,548476.3.sbml.csv,Vaginal Commensal
8324,-1149.0497662165303,-3224.2155409117754,548476.3.sbml.csv,Vaginal Commensal
8325,-1053.3799819034384,-3449.097009649851,548476.3.sbml.csv,Vaginal Commensal
8326,-2669.5161023890005,-1481.474240541471,548476.3.sbml.csv,Vaginal Commensal
8327,-2752.472044757092,-3449.5874329051567,548476.3.sbml.csv,Vaginal Commensal
8328,-1854.2958201056265,-2385.8753370312998,548476.3.sbml.csv,Vaginal Commensal
8329,312.96380304032783,-1858.7835821713381,548476.3.sbml.csv,Vaginal Commensal
8330,-263.63040761155344,-3963.443301964015,548476.3.sbml.csv,Vaginal Commensal
8331,-1679.2612715309233,-2785.7979513484697,548476.3.sbml.csv,Vaginal Commensal
8332,-1872.4681256266147,-1833.2165774191426,548476.3.sbml.csv,Vaginal Commensal
8333,-1870.560854877166,-2743.016191777262,548476.3.sbml.csv,Vaginal Commensal
8334,-804.6205014999066,-2531.126560754992,548476.3.sbml.csv,Vaginal Commensal
8335,-1748.9923990138448,-2355.9885078051975,548476.3.sbml.csv,Vaginal Commensal
8336,-1847.2162990052727,-3400.956979496214,548476.3.sbml.csv,Vaginal Commensal
8337,-1082.7989814089974,-3275.811245236642,548476.3.sbml.csv,Vaginal Commensal
8338,-322.33789200498165,-3184.5716829765374,548476.3.sbml.csv,Vaginal Commensal
8339,-1363.8357159112973,-3850.983020586136,548476.3.sbml.csv,Vaginal Commensal
8340,-2586.545896315179,-3791.3948239220376,548476.3.sbml.csv,Vaginal Commensal
8341,-2041.7474056461715,-2727.3717808106326,548476.3.sbml.csv,Vaginal Commensal
8342,-1305.349094545934,-2778.2492296087253,548476.3.sbml.csv,Vaginal Commensal
8343,-639.2982608606508,-2662.375984657619,548476.3.sbml.csv,Vaginal Commensal
8344,-931.3305624866979,-1776.2599812399437,548476.3.sbml.csv,Vaginal Commensal
8345,-112.6864656187061,-2767.416539293329,548476.3.sbml.csv,Vaginal Commensal
8346,-847.1179860377143,-3534.1950585210643,548476.3.sbml.csv,Vaginal Commensal
8347,-2651.915716502896,-2296.5939028275857,548476.3.sbml.csv,Vaginal Commensal
8348,-668.1698528232519,-1737.6469442112718,548476.3.sbml.csv,Vaginal Commensal
8349,-1616.8830879933919,-3893.877776416667,548476.3.sbml.csv,Vaginal Commensal
8350,-474.51157779696973,-3307.3549559856965,548476.3.sbml.csv,Vaginal Commensal
8351,765.9322018899239,-3202.7053472373905,548476.3.sbml.csv,Vaginal Commensal
8352,-2180.313012153474,-3630.470522372454,548476.3.sbml.csv,Vaginal Commensal
8353,-450.27945283928665,-2974.731716193609,548476.3.sbml.csv,Vaginal Commensal
8354,-708.1907865028269,-2749.744864601786,548476.3.sbml.csv,Vaginal Commensal
8355,-2346.3880094775564,-3090.7362858012807,548476.3.sbml.csv,Vaginal Commensal
8356,-1710.1625991791761,-3490.3777212778487,548476.3.sbml.csv,Vaginal Commensal
8357,-737.5094240654107,-3332.1925988664366,548476.3.sbml.csv,Vaginal Commensal
8358,-1840.8793228237846,-2899.103098526683,548476.3.sbml.csv,Vaginal Commensal
8359,1081.1383533392193,-4085.3811406360114,548476.3.sbml.csv,Vaginal Commensal
8360,-13.381701009729998,-2629.3805803589044,548476.3.sbml.csv,Vaginal Commensal
8361,-1410.157322955735,-2283.9969343124,548476.3.sbml.csv,Vaginal Commensal
8362,-1760.2291322845786,-3324.8746208843113,548476.3.sbml.csv,Vaginal Commensal
8363,-677.2651204209803,-2040.2493805456231,548476.3.sbml.csv,Vaginal Commensal
8364,-645.6531314077099,-2871.418836873188,548476.3.sbml.csv,Vaginal Commensal
8365,-2612.615471265714,-3309.6210105809723,548476.3.sbml.csv,Vaginal Commensal
8366,2.914829429209302,-2636.4587222408027,548476.3.sbml.csv,Vaginal Commensal
8367,-1605.6888369736325,-864.1395190059292,548476.3.sbml.csv,Vaginal Commensal
8368,540.5196312770977,-1844.20849380771,548476.3.sbml.csv,Vaginal Commensal
8369,-2209.2374357485155,-1818.0923556255477,548476.3.sbml.csv,Vaginal Commensal
8370,-1054.0476549814464,-1297.5879037078053,548476.3.sbml.csv,Vaginal Commensal
8371,-947.0713954007191,-2681.1027262897587,548476.3.sbml.csv,Vaginal Commensal
8372,-1756.7386675834573,-2999.7980657243675,548476.3.sbml.csv,Vaginal Commensal
8373,-1102.7304728023837,-3810.604579143451,548476.3.sbml.csv,Vaginal Commensal
8374,-1814.7663071205595,-2333.879479956468,548476.3.sbml.csv,Vaginal Commensal
8375,-1024.7964625288291,-2979.3263727875246,548476.3.sbml.csv,Vaginal Commensal
8376,848.7573685093582,-1796.8359984432734,548476.3.sbml.csv,Vaginal Commensal
8377,-2208.655923110936,-2857.2641598063155,548476.3.sbml.csv,Vaginal Commensal
8378,-1014.695243900838,-2295.5232953191376,548476.3.sbml.csv,Vaginal Commensal
8379,-3062.6459112458483,-106.58922477483158,548476.3.sbml.csv,Vaginal Commensal
8380,251.4349281453976,-3180.3155627546184,548476.3.sbml.csv,Vaginal Commensal
8381,-1884.4363431339086,-2616.0177024923473,548476.3.sbml.csv,Vaginal Commensal
8382,-400.74893075383324,-3284.5938585304702,548476.3.sbml.csv,Vaginal Commensal
8383,-677.7769042137786,-3196.6753102289613,548476.3.sbml.csv,Vaginal Commensal
8384,-1810.7746113479632,-3499.10685851767,548476.3.sbml.csv,Vaginal Commensal
8385,-304.52753585555354,-2938.397887613726,548476.3.sbml.csv,Vaginal Commensal
8386,-859.6198675984713,-3121.012817549207,548476.3.sbml.csv,Vaginal Commensal
8387,-450.87220288385834,-2643.3862394394155,548476.3.sbml.csv,Vaginal Commensal
8388,63.71242747782064,-3012.468718901787,548476.3.sbml.csv,Vaginal Commensal
8389,-1242.3143477666251,-2110.279734142617,548476.3.sbml.csv,Vaginal Commensal
8390,-801.2492828620603,-4055.958974222812,548476.3.sbml.csv,Vaginal Commensal
8391,23.32671210543247,-3377.062842703437,548476.3.sbml.csv,Vaginal Commensal
8392,-2496.1520139556587,-2222.717838588147,548476.3.sbml.csv,Vaginal Commensal
8393,-1842.0886626233141,-2638.606067449943,548476.3.sbml.csv,Vaginal Commensal
8394,-28.107902884840463,-3025.313690652762,548476.3.sbml.csv,Vaginal Commensal
8395,-1068.0133924410231,-2588.9074065951427,548476.3.sbml.csv,Vaginal Commensal
8396,-1920.0710208056025,-2821.669596909855,548476.3.sbml.csv,Vaginal Commensal
8397,-66.06652789223872,-2708.070184052318,548476.3.sbml.csv,Vaginal Commensal
8398,-1931.4543169405572,-2047.970204765743,548476.3.sbml.csv,Vaginal Commensal
8399,-1209.786429009223,-1822.1760874930803,548476.3.sbml.csv,Vaginal Commensal
8400,-2416.447050777792,-3086.70620611327,548476.3.sbml.csv,Vaginal Commensal
8401,247.8013920686659,-3317.398729488128,548476.3.sbml.csv,Vaginal Commensal
8402,-654.4241914655162,-3312.573725033236,548476.3.sbml.csv,Vaginal Commensal
8403,-2541.0995409322636,-2615.9622660716805,548476.3.sbml.csv,Vaginal Commensal
8404,-2041.6095249471637,-3087.1376782628236,548476.3.sbml.csv,Vaginal Commensal
8405,-1627.8413808067146,-2647.771686827146,548476.3.sbml.csv,Vaginal Commensal
8406,-180.09775600917854,-1941.4053614884328,548476.3.sbml.csv,Vaginal Commensal
8407,-771.4665263736566,-1502.3974380273646,548476.3.sbml.csv,Vaginal Commensal
8408,-619.3100367255247,-1783.5429872550876,548476.3.sbml.csv,Vaginal Commensal
8409,-1654.4563435926807,-3163.7392722311856,548476.3.sbml.csv,Vaginal Commensal
8410,-1766.508770863873,-2590.3768309360444,548476.3.sbml.csv,Vaginal Commensal
8411,141.87539517970313,-3110.5595049849376,548476.3.sbml.csv,Vaginal Commensal
8412,-1490.482809773532,-2930.160270023724,548476.3.sbml.csv,Vaginal Commensal
8413,112.53417824051223,-2834.8972151854136,548476.3.sbml.csv,Vaginal Commensal
8414,-1765.1367698947272,-3055.15435381267,548476.3.sbml.csv,Vaginal Commensal
8415,-741.0185664443325,-3774.044909239694,548476.3.sbml.csv,Vaginal Commensal
8416,190.6016551132455,-3095.332982381322,548476.3.sbml.csv,Vaginal Commensal
8417,-2312.1082147387833,-2965.1009127995185,548476.3.sbml.csv,Vaginal Commensal
8418,-1043.2033075089507,-1858.067639244859,548476.3.sbml.csv,Vaginal Commensal
8419,-1575.6716164838285,-4339.208257435506,548476.3.sbml.csv,Vaginal Commensal
8420,-2430.110839715133,-2571.792770732793,548476.3.sbml.csv,Vaginal Commensal
8421,-189.67513083312463,-2178.819071854857,548476.3.sbml.csv,Vaginal Commensal
8422,-1421.6592359652996,-3660.3374497793056,548476.3.sbml.csv,Vaginal Commensal
8423,-467.79191265005164,-3637.5888042305787,548476.3.sbml.csv,Vaginal Commensal
8424,-1253.7697929273786,-2860.922233919299,548476.3.sbml.csv,Vaginal Commensal
8425,-2354.5356192247928,-3012.306936737884,548476.3.sbml.csv,Vaginal Commensal
8426,313.3203867374752,-2919.296518663823,548476.3.sbml.csv,Vaginal Commensal
8427,216.46347468025039,-3003.2753743859253,548476.3.sbml.csv,Vaginal Commensal
8428,-392.5605481257057,-1704.8319982090864,548476.3.sbml.csv,Vaginal Commensal
8429,-1738.31115504543,-3760.14684118022,548476.3.sbml.csv,Vaginal Commensal
8430,-910.6060541144951,-3708.3695699604855,548476.3.sbml.csv,Vaginal Commensal
8431,-346.83999077864604,-2742.310903339106,548476.3.sbml.csv,Vaginal Commensal
8432,-218.43993135342728,-3603.9735873784844,548476.3.sbml.csv,Vaginal Commensal
8433,-577.316232171322,-2513.255625500044,548476.3.sbml.csv,Vaginal Commensal
8434,-2280.623475266551,-978.544313244068,548476.3.sbml.csv,Vaginal Commensal
8435,-397.13137617606463,-2881.8728925602622,548476.3.sbml.csv,Vaginal Commensal
8436,-953.5168477561892,-1858.1200409002588,548476.3.sbml.csv,Vaginal Commensal
8437,-680.0816062716265,-2044.624774529313,548476.3.sbml.csv,Vaginal Commensal
8438,-837.6223545812107,-1373.8621873835302,548476.3.sbml.csv,Vaginal Commensal
8439,-872.1623072751471,-2199.132950177728,548476.3.sbml.csv,Vaginal Commensal
8440,-1404.8434741954422,-2049.222142879054,548476.3.sbml.csv,Vaginal Commensal
8441,680.85336750192,-2669.823090595979,548476.3.sbml.csv,Vaginal Commensal
8442,-56.032789939661214,-2779.2207592167533,548476.3.sbml.csv,Vaginal Commensal
8443,-2295.22338122565,-1846.0952347286661,548476.3.sbml.csv,Vaginal Commensal
8444,-1859.1626639449426,-2999.390747853947,548476.3.sbml.csv,Vaginal Commensal
8445,-816.3424609880586,-3387.6536823727756,548476.3.sbml.csv,Vaginal Commensal
8446,-1055.5823233499877,-1701.7349791711129,548476.3.sbml.csv,Vaginal Commensal
8447,-949.3453053607238,-3255.662401848473,548476.3.sbml.csv,Vaginal Commensal
8448,-1603.609287584392,-1448.4989612228007,548476.3.sbml.csv,Vaginal Commensal
8449,-1697.64557702754,-2675.5268550581213,548476.3.sbml.csv,Vaginal Commensal
8450,-145.69587054499064,-1005.2876191087321,548476.3.sbml.csv,Vaginal Commensal
8451,-681.6914640176446,-2928.0054322590354,548476.3.sbml.csv,Vaginal Commensal
8452,-3036.9394369155452,-3318.334199883233,548476.3.sbml.csv,Vaginal Commensal
8453,121.80705346136213,-3714.0398609701792,548476.3.sbml.csv,Vaginal Commensal
8454,-103.70649558873181,-3512.8405767286904,548476.3.sbml.csv,Vaginal Commensal
8455,-655.4145522495369,-1347.1074101204724,548476.3.sbml.csv,Vaginal Commensal
8456,-361.72617827379594,-3620.584367282772,548476.3.sbml.csv,Vaginal Commensal
8457,-2062.1230126477935,-2350.309515580122,548476.3.sbml.csv,Vaginal Commensal
8458,-779.445398623114,-3503.6302450562202,548476.3.sbml.csv,Vaginal Commensal
8459,-204.70162907272876,-2121.5200548748544,548476.3.sbml.csv,Vaginal Commensal
8460,-2225.954427215502,-2251.3646974786216,548476.3.sbml.csv,Vaginal Commensal
8461,-9.6946081491865,-2572.9855069809614,548476.3.sbml.csv,Vaginal Commensal
8462,-2896.3816549804633,-2511.226189252421,548476.3.sbml.csv,Vaginal Commensal
8463,-1364.2279374700784,-2004.2327694492276,548476.3.sbml.csv,Vaginal Commensal
8464,-829.7252266932267,-1512.9941615356736,548476.3.sbml.csv,Vaginal Commensal
8465,-1631.6488675521975,-3814.4057288353197,548476.3.sbml.csv,Vaginal Commensal
8466,-193.7946104113182,-3473.6851716092397,548476.3.sbml.csv,Vaginal Commensal
8467,-3065.0993524447754,-1340.6889980379021,548476.3.sbml.csv,Vaginal Commensal
8468,-745.2035647319798,-2634.5822006334292,548476.3.sbml.csv,Vaginal Commensal
8469,-804.292680985752,-2008.3678073350063,548476.3.sbml.csv,Vaginal Commensal
8470,-2614.9373820019327,-2526.6261768352915,548476.3.sbml.csv,Vaginal Commensal
8471,931.7088657264862,-2130.819238004215,548476.3.sbml.csv,Vaginal Commensal
8472,76.70646614530084,-2034.0023882494784,548476.3.sbml.csv,Vaginal Commensal
8473,-8.856462552229644,-3209.47658659233,548476.3.sbml.csv,Vaginal Commensal
8474,186.98564008309793,-3270.082103264863,548476.3.sbml.csv,Vaginal Commensal
8475,-2159.0612450079193,-1868.1818345106983,548476.3.sbml.csv,Vaginal Commensal
8476,54.9411735126241,-3304.2527643184762,548476.3.sbml.csv,Vaginal Commensal
8477,-665.3025510260227,-2228.527962061627,548476.3.sbml.csv,Vaginal Commensal
8478,-2011.4890065780091,-3264.1770563974464,548476.3.sbml.csv,Vaginal Commensal
8479,111.44686218827319,-3053.164774791601,548476.3.sbml.csv,Vaginal Commensal
8480,-1857.2339987768596,-2553.8108978382757,548476.3.sbml.csv,Vaginal Commensal
8481,-1304.0554360711355,-3692.146977904167,548476.3.sbml.csv,Vaginal Commensal
8482,560.3260377640696,-3765.649704938768,548476.3.sbml.csv,Vaginal Commensal
8483,-2739.7405561117685,-2356.0460910766087,548476.3.sbml.csv,Vaginal Commensal
8484,-537.535006384222,-2374.9001881690265,548476.3.sbml.csv,Vaginal Commensal
8485,-1521.0227039603878,-3145.1569355855927,548476.3.sbml.csv,Vaginal Commensal
8486,-835.7303650391256,-2205.4741167143015,548476.3.sbml.csv,Vaginal Commensal
8487,-459.4012320597186,-3195.7240809826294,548476.3.sbml.csv,Vaginal Commensal
8488,-1088.9810500457393,-1295.8393223392304,548476.3.sbml.csv,Vaginal Commensal
8489,-162.86750926925075,-2555.343911353271,548476.3.sbml.csv,Vaginal Commensal
8490,-1839.8939120585164,-2784.595257349704,548476.3.sbml.csv,Vaginal Commensal
8491,-538.0180406770792,-3152.70149683962,548476.3.sbml.csv,Vaginal Commensal
8492,-73.53891589767109,-2489.8625518905483,548476.3.sbml.csv,Vaginal Commensal
8493,-1116.5834273629916,-2267.336732087568,548476.3.sbml.csv,Vaginal Commensal
8494,474.5714685422742,-2471.301786274774,548476.3.sbml.csv,Vaginal Commensal
8495,-1250.4977267480397,-2986.035880397767,548476.3.sbml.csv,Vaginal Commensal
8496,-2041.7467073327193,-2860.8358938550837,548476.3.sbml.csv,Vaginal Commensal
8497,-1667.0818150939774,-2884.3033746637693,548476.3.sbml.csv,Vaginal Commensal
8498,-1266.9377744178921,-2480.308443541073,548476.3.sbml.csv,Vaginal Commensal
8499,-1056.6790684946277,-2571.0745480025007,548476.3.sbml.csv,Vaginal Commensal
8500,694.2257575283819,473.19348631195265,1776387.3.sbml.csv,Vaginal Commensal
8501,2880.1440435552786,1179.044699322422,1776387.3.sbml.csv,Vaginal Commensal
8502,2438.92955118147,1041.227155595627,1776387.3.sbml.csv,Vaginal Commensal
8503,1908.2411582975863,1334.2732217195337,1776387.3.sbml.csv,Vaginal Commensal
8504,2251.463371758184,753.5414841733551,1776387.3.sbml.csv,Vaginal Commensal
8505,3469.5097461570786,1412.010164140542,1776387.3.sbml.csv,Vaginal Commensal
8506,733.5327245599635,1030.6052943010602,1776387.3.sbml.csv,Vaginal Commensal
8507,2541.2257479936834,1329.5796709861459,1776387.3.sbml.csv,Vaginal Commensal
8508,3105.256198844889,886.4085801154349,1776387.3.sbml.csv,Vaginal Commensal
8509,2837.3634646812066,798.8128393089477,1776387.3.sbml.csv,Vaginal Commensal
8510,930.6004156771655,-110.07943837231629,1776387.3.sbml.csv,Vaginal Commensal
8511,1966.8425673020602,416.7036273801926,1776387.3.sbml.csv,Vaginal Commensal
8512,2626.3222836430746,1386.3254709039566,1776387.3.sbml.csv,Vaginal Commensal
8513,1343.7101292142986,666.722852708711,1776387.3.sbml.csv,Vaginal Commensal
8514,1501.8339465733854,1064.7689107722285,1776387.3.sbml.csv,Vaginal Commensal
8515,1635.0227801475453,1225.1852830159341,1776387.3.sbml.csv,Vaginal Commensal
8516,3121.9497765872893,683.3273942171651,1776387.3.sbml.csv,Vaginal Commensal
8517,-441.30297778783364,1335.741304470358,1776387.3.sbml.csv,Vaginal Commensal
8518,1371.9967170709326,77.40883500652257,1776387.3.sbml.csv,Vaginal Commensal
8519,854.4838235984045,558.0001231014706,1776387.3.sbml.csv,Vaginal Commensal
8520,2121.5175717247184,1421.9888768608678,1776387.3.sbml.csv,Vaginal Commensal
8521,2853.920625521255,1468.9813819630408,1776387.3.sbml.csv,Vaginal Commensal
8522,1978.5234133205493,446.1080736056442,1776387.3.sbml.csv,Vaginal Commensal
8523,2421.8067327155204,715.0316204115524,1776387.3.sbml.csv,Vaginal Commensal
8524,2128.7691050099256,122.25903902158424,1776387.3.sbml.csv,Vaginal Commensal
8525,2507.8177498165414,396.46617106822197,1776387.3.sbml.csv,Vaginal Commensal
8526,3221.1767344677987,1310.3274273257114,1776387.3.sbml.csv,Vaginal Commensal
8527,1196.6231918166895,178.67919428641162,1776387.3.sbml.csv,Vaginal Commensal
8528,2188.6970672372113,-288.34328154366204,1776387.3.sbml.csv,Vaginal Commensal
8529,956.0085605698991,-376.9904965601011,1776387.3.sbml.csv,Vaginal Commensal
8530,1658.584801666517,751.0445289948033,1776387.3.sbml.csv,Vaginal Commensal
8531,973.6523695402033,1187.0815726323651,1776387.3.sbml.csv,Vaginal Commensal
8532,1041.0601742527497,1029.7600276425862,1776387.3.sbml.csv,Vaginal Commensal
8533,2579.7142916790644,779.3690620806113,1776387.3.sbml.csv,Vaginal Commensal
8534,1658.931004358571,1719.8871826600512,1776387.3.sbml.csv,Vaginal Commensal
8535,522.851947768077,-424.9934030642397,1776387.3.sbml.csv,Vaginal Commensal
8536,208.73218223981442,1688.561888159842,1776387.3.sbml.csv,Vaginal Commensal
8537,1734.7071157552275,832.0949654382028,1776387.3.sbml.csv,Vaginal Commensal
8538,192.28770794330288,-305.1849025964659,1776387.3.sbml.csv,Vaginal Commensal
8539,2358.632197033056,1453.3177659441546,1776387.3.sbml.csv,Vaginal Commensal
8540,2907.125302599922,931.9850803877973,1776387.3.sbml.csv,Vaginal Commensal
8541,1626.1373772701552,523.9927052376557,1776387.3.sbml.csv,Vaginal Commensal
8542,435.8663072652134,910.2441438656742,1776387.3.sbml.csv,Vaginal Commensal
8543,1582.5036102565114,-254.35763599201974,1776387.3.sbml.csv,Vaginal Commensal
8544,-582.3993760491376,1177.4998950521426,1776387.3.sbml.csv,Vaginal Commensal
8545,2254.210195437584,579.2176910253185,1776387.3.sbml.csv,Vaginal Commensal
8546,2197.638087942884,1414.708900925316,1776387.3.sbml.csv,Vaginal Commensal
8547,1129.5963115342106,398.4801844567178,1776387.3.sbml.csv,Vaginal Commensal
8548,2596.0456094011115,865.936476968076,1776387.3.sbml.csv,Vaginal Commensal
8549,2742.506478568572,1129.912082728016,1776387.3.sbml.csv,Vaginal Commensal
8550,229.8049219103722,781.418815848035,1776387.3.sbml.csv,Vaginal Commensal
8551,1821.4063164999561,743.7161230512746,1776387.3.sbml.csv,Vaginal Commensal
8552,2415.0955908308365,248.772519852591,1776387.3.sbml.csv,Vaginal Commensal
8553,2160.2785042148125,1064.6382729314107,1776387.3.sbml.csv,Vaginal Commensal
8554,2328.2278409339215,732.5789107277948,1776387.3.sbml.csv,Vaginal Commensal
8555,2192.80078675767,1229.0389950590766,1776387.3.sbml.csv,Vaginal Commensal
8556,2043.4200346175935,731.8272524964684,1776387.3.sbml.csv,Vaginal Commensal
8557,1815.6823285010228,1253.2323295265153,1776387.3.sbml.csv,Vaginal Commensal
8558,2454.6066817923665,696.6507119826379,1776387.3.sbml.csv,Vaginal Commensal
8559,2044.6764209485664,1197.7013985619362,1776387.3.sbml.csv,Vaginal Commensal
8560,1077.5653531413031,814.6302379974957,1776387.3.sbml.csv,Vaginal Commensal
8561,1722.4550824183393,70.1693070447856,1776387.3.sbml.csv,Vaginal Commensal
8562,1484.0779631539651,68.53006233316542,1776387.3.sbml.csv,Vaginal Commensal
8563,2296.05462825225,1756.9705320493697,1776387.3.sbml.csv,Vaginal Commensal
8564,1307.9875093641792,506.4126443075313,1776387.3.sbml.csv,Vaginal Commensal
8565,3254.653055951201,510.7338687631435,1776387.3.sbml.csv,Vaginal Commensal
8566,1394.860812785346,1019.2201183293619,1776387.3.sbml.csv,Vaginal Commensal
8567,2747.8388103574043,1133.0339660217367,1776387.3.sbml.csv,Vaginal Commensal
8568,2502.3213624704817,946.7342993888747,1776387.3.sbml.csv,Vaginal Commensal
8569,2696.993602767141,115.57035722639989,1776387.3.sbml.csv,Vaginal Commensal
8570,2166.031571597726,996.9926083771014,1776387.3.sbml.csv,Vaginal Commensal
8571,2063.2979158635844,1013.7290453809934,1776387.3.sbml.csv,Vaginal Commensal
8572,1639.6468888756738,1122.1214098221692,1776387.3.sbml.csv,Vaginal Commensal
8573,3044.5430552406524,734.1979200939671,1776387.3.sbml.csv,Vaginal Commensal
8574,1939.2109342123217,1436.4411581123927,1776387.3.sbml.csv,Vaginal Commensal
8575,3108.767015066432,1062.7414420608288,1776387.3.sbml.csv,Vaginal Commensal
8576,2080.0042004847746,468.57002398118783,1776387.3.sbml.csv,Vaginal Commensal
8577,2711.8884262706088,982.2396993158861,1776387.3.sbml.csv,Vaginal Commensal
8578,1830.9249179741748,-630.7835125386924,1776387.3.sbml.csv,Vaginal Commensal
8579,287.7839409349805,634.2997678063717,1776387.3.sbml.csv,Vaginal Commensal
8580,2601.9917677864637,470.08926118305004,1776387.3.sbml.csv,Vaginal Commensal
8581,2911.8599107491746,1162.342260213585,1776387.3.sbml.csv,Vaginal Commensal
8582,561.3055582347392,-553.7532078814886,1776387.3.sbml.csv,Vaginal Commensal
8583,1746.4807754714766,791.2268335963446,1776387.3.sbml.csv,Vaginal Commensal
8584,1228.4858474637895,96.28824566100892,1776387.3.sbml.csv,Vaginal Commensal
8585,1864.606857473877,1446.5638899710127,1776387.3.sbml.csv,Vaginal Commensal
8586,1439.7753551453002,-564.846840002485,1776387.3.sbml.csv,Vaginal Commensal
8587,1771.8250254459572,1182.5062619852013,1776387.3.sbml.csv,Vaginal Commensal
8588,1155.0519512653575,128.66982093949562,1776387.3.sbml.csv,Vaginal Commensal
8589,2694.8823481967866,238.1535731626136,1776387.3.sbml.csv,Vaginal Commensal
8590,2590.0291207919163,1512.0996345567398,1776387.3.sbml.csv,Vaginal Commensal
8591,2223.681863917358,574.604864016164,1776387.3.sbml.csv,Vaginal Commensal
8592,841.9540095565372,784.6027014118705,1776387.3.sbml.csv,Vaginal Commensal
8593,783.4484066986214,1003.9633645193964,1776387.3.sbml.csv,Vaginal Commensal
8594,3201.2926342061946,739.2465401455555,1776387.3.sbml.csv,Vaginal Commensal
8595,1093.7880345989674,1356.9189691333465,1776387.3.sbml.csv,Vaginal Commensal
8596,2207.9388139169027,818.6473652363621,1776387.3.sbml.csv,Vaginal Commensal
8597,2110.4346234511527,197.50342480812722,1776387.3.sbml.csv,Vaginal Commensal
8598,1781.0365326618992,747.1301682394492,1776387.3.sbml.csv,Vaginal Commensal
8599,2599.0874251579357,1269.4533712732887,1776387.3.sbml.csv,Vaginal Commensal
8600,2438.869660329578,1109.6734574822383,1776387.3.sbml.csv,Vaginal Commensal
8601,2506.349516218142,621.7325351936187,1776387.3.sbml.csv,Vaginal Commensal
8602,2775.052541089132,881.5079960527895,1776387.3.sbml.csv,Vaginal Commensal
8603,1752.370027565744,1214.1126081033676,1776387.3.sbml.csv,Vaginal Commensal
8604,1217.4781990581864,1312.758504300488,1776387.3.sbml.csv,Vaginal Commensal
8605,1723.8583481995538,856.5721207727595,1776387.3.sbml.csv,Vaginal Commensal
8606,2447.019566329748,1775.548448730443,1776387.3.sbml.csv,Vaginal Commensal
8607,2463.956905347293,1568.2141807267471,1776387.3.sbml.csv,Vaginal Commensal
8608,2915.715210239581,1130.8733022853687,1776387.3.sbml.csv,Vaginal Commensal
8609,3101.2382077671286,1405.4266604939787,1776387.3.sbml.csv,Vaginal Commensal
8610,1751.547499547857,-253.2522364328912,1776387.3.sbml.csv,Vaginal Commensal
8611,1448.9284664063334,1463.597796579326,1776387.3.sbml.csv,Vaginal Commensal
8612,2885.1044413728914,749.7325930843999,1776387.3.sbml.csv,Vaginal Commensal
8613,-172.32033666649795,972.2032367753229,1776387.3.sbml.csv,Vaginal Commensal
8614,-122.7759144629101,242.4812960526932,1776387.3.sbml.csv,Vaginal Commensal
8615,2045.7400635298427,1168.0083071535626,1776387.3.sbml.csv,Vaginal Commensal
8616,1357.2938385918694,1238.8647355554765,1776387.3.sbml.csv,Vaginal Commensal
8617,333.9218272837279,357.7457873848521,1776387.3.sbml.csv,Vaginal Commensal
8618,2697.329077819963,1248.1899938548538,1776387.3.sbml.csv,Vaginal Commensal
8619,2199.658870686294,767.1002125026951,1776387.3.sbml.csv,Vaginal Commensal
8620,606.1015667304082,1034.110459680484,1776387.3.sbml.csv,Vaginal Commensal
8621,3203.851029811125,1175.6223038086919,1776387.3.sbml.csv,Vaginal Commensal
8622,680.9875326679149,2099.3381170139905,1776387.3.sbml.csv,Vaginal Commensal
8623,2566.3989537534435,-54.872188096106335,1776387.3.sbml.csv,Vaginal Commensal
8624,2026.034701168669,1563.5732714409585,1776387.3.sbml.csv,Vaginal Commensal
8625,2182.386521878779,456.6360464021203,1776387.3.sbml.csv,Vaginal Commensal
8626,1981.1591142759933,904.8608132601495,1776387.3.sbml.csv,Vaginal Commensal
8627,2219.2107821093605,427.34262234358874,1776387.3.sbml.csv,Vaginal Commensal
8628,2308.8487545740586,1679.008030174168,1776387.3.sbml.csv,Vaginal Commensal
8629,2444.343372329022,-124.05659484643006,1776387.3.sbml.csv,Vaginal Commensal
8630,2638.8340717761785,789.800403940208,1776387.3.sbml.csv,Vaginal Commensal
8631,3181.7042961148495,1386.7425146512605,1776387.3.sbml.csv,Vaginal Commensal
8632,1897.5737904850625,580.3754943919473,1776387.3.sbml.csv,Vaginal Commensal
8633,1413.2571867664426,848.0792491498031,1776387.3.sbml.csv,Vaginal Commensal
8634,2480.0592408695666,869.84391891078,1776387.3.sbml.csv,Vaginal Commensal
8635,2515.0081110743918,784.6190250850442,1776387.3.sbml.csv,Vaginal Commensal
8636,1472.3232998034684,1477.6360129051845,1776387.3.sbml.csv,Vaginal Commensal
8637,2276.8641781485103,1202.8276662199132,1776387.3.sbml.csv,Vaginal Commensal
8638,2400.3680853418036,1436.8335506685885,1776387.3.sbml.csv,Vaginal Commensal
8639,2393.8285800166336,704.1071719297609,1776387.3.sbml.csv,Vaginal Commensal
8640,1618.097479504371,550.5595097655539,1776387.3.sbml.csv,Vaginal Commensal
8641,2041.634342084146,1172.6063084407112,1776387.3.sbml.csv,Vaginal Commensal
8642,1096.6068763101384,1734.331372739624,1776387.3.sbml.csv,Vaginal Commensal
8643,551.2931945659433,432.76951558611336,1776387.3.sbml.csv,Vaginal Commensal
8644,3293.6030276488536,1029.3372388217008,1776387.3.sbml.csv,Vaginal Commensal
8645,2191.3239714943234,1332.7262832206025,1776387.3.sbml.csv,Vaginal Commensal
8646,1633.8742574712314,1378.6483289804698,1776387.3.sbml.csv,Vaginal Commensal
8647,1452.4885258219865,2200.42606833258,1776387.3.sbml.csv,Vaginal Commensal
8648,2485.115608762842,652.8265180314501,1776387.3.sbml.csv,Vaginal Commensal
8649,1035.662469219525,540.4878118121649,1776387.3.sbml.csv,Vaginal Commensal
8650,562.2410257034909,424.85099712699736,1776387.3.sbml.csv,Vaginal Commensal
8651,2287.9883609795897,1355.3749198888775,1776387.3.sbml.csv,Vaginal Commensal
8652,2219.486112737004,785.7444604106075,1776387.3.sbml.csv,Vaginal Commensal
8653,1271.2303319886203,202.96751794626908,1776387.3.sbml.csv,Vaginal Commensal
8654,897.16513563261,1115.668279290007,1776387.3.sbml.csv,Vaginal Commensal
8655,1008.5756342073473,869.1655460713712,1776387.3.sbml.csv,Vaginal Commensal
8656,781.9062672703378,873.4011202652283,1776387.3.sbml.csv,Vaginal Commensal
8657,2099.1652008946753,567.1000780862042,1776387.3.sbml.csv,Vaginal Commensal
8658,1867.3710841582158,346.38397697128454,1776387.3.sbml.csv,Vaginal Commensal
8659,2999.7157090986484,661.7987739901513,1776387.3.sbml.csv,Vaginal Commensal
8660,1584.8115438886489,2018.3629926531264,1776387.3.sbml.csv,Vaginal Commensal
8661,2250.667629230659,52.94350093926337,1776387.3.sbml.csv,Vaginal Commensal
8662,1681.213977353889,1065.6700840551014,1776387.3.sbml.csv,Vaginal Commensal
8663,1691.5695286732566,1280.2358753673261,1776387.3.sbml.csv,Vaginal Commensal
8664,2700.704472434147,550.8204844655843,1776387.3.sbml.csv,Vaginal Commensal
8665,559.4746117358168,-44.86738459680194,1776387.3.sbml.csv,Vaginal Commensal
8666,2721.6729193736555,-6.57424374941755,1776387.3.sbml.csv,Vaginal Commensal
8667,2736.4318692693164,1639.383773369276,1776387.3.sbml.csv,Vaginal Commensal
8668,3010.6509388767886,1453.6386674856096,1776387.3.sbml.csv,Vaginal Commensal
8669,1845.8725161498915,-665.1607367199948,1776387.3.sbml.csv,Vaginal Commensal
8670,481.4896606054625,71.79680368440397,1776387.3.sbml.csv,Vaginal Commensal
8671,955.0921605375826,829.0656356224384,1776387.3.sbml.csv,Vaginal Commensal
8672,2031.3315152195687,907.3954164785295,1776387.3.sbml.csv,Vaginal Commensal
8673,2344.964381567648,1365.7578300920577,1776387.3.sbml.csv,Vaginal Commensal
8674,2029.502003115309,1014.8534547778318,1776387.3.sbml.csv,Vaginal Commensal
8675,2142.7862027086862,1250.3646753884434,1776387.3.sbml.csv,Vaginal Commensal
8676,2328.7174710995682,1090.5894721127959,1776387.3.sbml.csv,Vaginal Commensal
8677,1554.3582038718648,1405.1576862464608,1776387.3.sbml.csv,Vaginal Commensal
8678,2825.5159166393264,788.3613596277035,1776387.3.sbml.csv,Vaginal Commensal
8679,1802.3927890176938,1472.0002808885986,1776387.3.sbml.csv,Vaginal Commensal
8680,1105.451284641872,369.0637966843367,1776387.3.sbml.csv,Vaginal Commensal
8681,2298.1658552210993,119.51139631516142,1776387.3.sbml.csv,Vaginal Commensal
8682,879.3426821264958,1095.00818584957,1776387.3.sbml.csv,Vaginal Commensal
8683,2202.5503351050756,1565.9016663878178,1776387.3.sbml.csv,Vaginal Commensal
8684,1677.3186937847356,856.9601680275193,1776387.3.sbml.csv,Vaginal Commensal
8685,1629.6626710196774,-228.28261807458955,1776387.3.sbml.csv,Vaginal Commensal
8686,1867.426491506954,541.2627134435497,1776387.3.sbml.csv,Vaginal Commensal
8687,1789.527208530818,440.308973373863,1776387.3.sbml.csv,Vaginal Commensal
8688,2306.564443520684,1391.4268046355567,1776387.3.sbml.csv,Vaginal Commensal
8689,2606.837036980288,824.4391226406871,1776387.3.sbml.csv,Vaginal Commensal
8690,1907.0897462566768,1145.4092705121254,1776387.3.sbml.csv,Vaginal Commensal
8691,448.76763702283915,1086.3825088764615,1776387.3.sbml.csv,Vaginal Commensal
8692,1580.9083936315421,1257.4400270731353,1776387.3.sbml.csv,Vaginal Commensal
8693,1878.9818705323735,-49.319165461726506,1776387.3.sbml.csv,Vaginal Commensal
8694,1906.4392316030496,729.2882324588644,1776387.3.sbml.csv,Vaginal Commensal
8695,799.3070051157534,1830.8544673169586,1776387.3.sbml.csv,Vaginal Commensal
8696,3083.6462251844005,-17.980258135564778,1776387.3.sbml.csv,Vaginal Commensal
8697,2705.91496204135,1795.2882398902264,1776387.3.sbml.csv,Vaginal Commensal
8698,2893.810025685325,1340.6261513758132,1776387.3.sbml.csv,Vaginal Commensal
8699,2407.2332948192666,1224.7852876297186,1776387.3.sbml.csv,Vaginal Commensal
8700,3024.3237211679466,-15.058863444084013,1776387.3.sbml.csv,Vaginal Commensal
8701,2961.70481783025,886.476981516994,1776387.3.sbml.csv,Vaginal Commensal
8702,2343.221269263259,1457.7954193168284,1776387.3.sbml.csv,Vaginal Commensal
8703,2315.9054086939027,982.4084042251342,1776387.3.sbml.csv,Vaginal Commensal
8704,2376.235838171523,1419.3840065996962,1776387.3.sbml.csv,Vaginal Commensal
8705,2929.828710454916,1071.8564088352348,1776387.3.sbml.csv,Vaginal Commensal
8706,2056.3163324694247,464.7457297829035,1776387.3.sbml.csv,Vaginal Commensal
8707,2743.4117815553263,1604.1384139600439,1776387.3.sbml.csv,Vaginal Commensal
8708,2077.700650590723,-122.51110647616126,1776387.3.sbml.csv,Vaginal Commensal
8709,2816.68377213592,1077.5199249739312,1776387.3.sbml.csv,Vaginal Commensal
8710,2510.0647140905544,1387.7714328518368,1776387.3.sbml.csv,Vaginal Commensal
8711,2027.819014865949,1206.2760084060021,1776387.3.sbml.csv,Vaginal Commensal
8712,2495.0106335682494,112.98990715438772,1776387.3.sbml.csv,Vaginal Commensal
8713,2894.8540720123997,1122.8212344416097,1776387.3.sbml.csv,Vaginal Commensal
8714,1914.9568453398806,1284.7169901322115,1776387.3.sbml.csv,Vaginal Commensal
8715,1413.9835600476576,-555.6197504306568,1776387.3.sbml.csv,Vaginal Commensal
8716,3381.8580125105054,1003.2878893234598,1776387.3.sbml.csv,Vaginal Commensal
8717,2374.5430330886397,272.2799613925601,1776387.3.sbml.csv,Vaginal Commensal
8718,2749.4055857971334,854.5700817121078,1776387.3.sbml.csv,Vaginal Commensal
8719,2162.6287573470267,-612.9281909447811,1776387.3.sbml.csv,Vaginal Commensal
8720,2140.818954984191,628.1261682347126,1776387.3.sbml.csv,Vaginal Commensal
8721,1649.1348413719804,1817.85067877444,1776387.3.sbml.csv,Vaginal Commensal
8722,3032.4610324940404,871.9719672673257,1776387.3.sbml.csv,Vaginal Commensal
8723,2898.0825740396863,927.4681084913094,1776387.3.sbml.csv,Vaginal Commensal
8724,213.53402203584315,820.091970404408,1776387.3.sbml.csv,Vaginal Commensal
8725,2437.8984823309543,1780.446818476844,1776387.3.sbml.csv,Vaginal Commensal
8726,3283.121000846621,452.7879185434176,1776387.3.sbml.csv,Vaginal Commensal
8727,1109.359701832672,1077.935227534664,1776387.3.sbml.csv,Vaginal Commensal
8728,2140.229976936304,727.6413371182775,1776387.3.sbml.csv,Vaginal Commensal
8729,1334.6513891245313,1187.6368992471896,1776387.3.sbml.csv,Vaginal Commensal
8730,2592.9228499693195,1431.4919001164333,1776387.3.sbml.csv,Vaginal Commensal
8731,2539.414413357262,222.8381710175414,1776387.3.sbml.csv,Vaginal Commensal
8732,2435.362789748231,1300.9791134372742,1776387.3.sbml.csv,Vaginal Commensal
8733,1723.7560838559418,1302.170019652464,1776387.3.sbml.csv,Vaginal Commensal
8734,1771.889039960445,622.3364483259202,1776387.3.sbml.csv,Vaginal Commensal
8735,2026.881628009968,1465.54619244868,1776387.3.sbml.csv,Vaginal Commensal
8736,2070.398255804223,1878.8255655253322,1776387.3.sbml.csv,Vaginal Commensal
8737,2184.5051027046493,809.7490151343214,1776387.3.sbml.csv,Vaginal Commensal
8738,2763.0234425957606,1084.6756557319472,1776387.3.sbml.csv,Vaginal Commensal
8739,1143.1921973319156,1371.8388803572898,1776387.3.sbml.csv,Vaginal Commensal
8740,528.3836656660609,-96.49310386042585,1776387.3.sbml.csv,Vaginal Commensal
8741,2205.8109393993554,643.4726239272364,1776387.3.sbml.csv,Vaginal Commensal
8742,542.7536607282021,1122.3151048179377,1776387.3.sbml.csv,Vaginal Commensal
8743,-511.1345538035729,238.8015513731392,1776387.3.sbml.csv,Vaginal Commensal
8744,1762.1344352658723,57.96756419884227,1776387.3.sbml.csv,Vaginal Commensal
8745,2731.7011023698187,1236.7188300245568,1776387.3.sbml.csv,Vaginal Commensal
8746,3033.6306788720553,977.5192142580686,1776387.3.sbml.csv,Vaginal Commensal
8747,108.02273660968353,1102.1212689593506,1776387.3.sbml.csv,Vaginal Commensal
8748,2293.1448319047395,752.6498875743684,1776387.3.sbml.csv,Vaginal Commensal
8749,604.9149372397641,944.0255635740289,1776387.3.sbml.csv,Vaginal Commensal
8750,1720.2456278584787,-794.292507499062,1367477.3.sbml.csv,Vaginal Probiotic
8751,1309.3903682691614,461.7448275468795,1367477.3.sbml.csv,Vaginal Probiotic
8752,-282.382933560477,-42.03832666679739,1367477.3.sbml.csv,Vaginal Probiotic
8753,1650.0533000426021,171.8314734201008,1367477.3.sbml.csv,Vaginal Probiotic
8754,128.823233366424,-806.9052995683959,1367477.3.sbml.csv,Vaginal Probiotic
8755,1593.0181984266198,-631.4420953222681,1367477.3.sbml.csv,Vaginal Probiotic
8756,355.6088765428953,19.865399410591877,1367477.3.sbml.csv,Vaginal Probiotic
8757,1324.1328112255094,-0.17083101532230396,1367477.3.sbml.csv,Vaginal Probiotic
8758,168.3048162682197,463.70870978924313,1367477.3.sbml.csv,Vaginal Probiotic
8759,442.01728312692114,-1042.622884249579,1367477.3.sbml.csv,Vaginal Probiotic
8760,466.7378226503764,-206.87757953721402,1367477.3.sbml.csv,Vaginal Probiotic
8761,65.64485949733742,-528.7319226740398,1367477.3.sbml.csv,Vaginal Probiotic
8762,-554.9214302068882,-688.4751368587881,1367477.3.sbml.csv,Vaginal Probiotic
8763,1953.4291350295566,-1693.2766283302408,1367477.3.sbml.csv,Vaginal Probiotic
8764,-310.95901877338866,-1605.9385427474192,1367477.3.sbml.csv,Vaginal Probiotic
8765,774.2016338466781,-1969.7505869367167,1367477.3.sbml.csv,Vaginal Probiotic
8766,-257.7053751157014,-1058.12046034613,1367477.3.sbml.csv,Vaginal Probiotic
8767,766.3482343897793,-323.6080998517772,1367477.3.sbml.csv,Vaginal Probiotic
8768,-1981.402040979911,-435.7266807096062,1367477.3.sbml.csv,Vaginal Probiotic
8769,-1002.1531657248562,-792.4857606300737,1367477.3.sbml.csv,Vaginal Probiotic
8770,-994.2024863556305,-729.4018432566646,1367477.3.sbml.csv,Vaginal Probiotic
8771,2367.472425632036,-608.8352382647607,1367477.3.sbml.csv,Vaginal Probiotic
8772,780.0083009306372,-804.4606713017433,1367477.3.sbml.csv,Vaginal Probiotic
8773,-1339.4683836303182,-276.1982386049789,1367477.3.sbml.csv,Vaginal Probiotic
8774,1054.6553234619225,207.4268772932729,1367477.3.sbml.csv,Vaginal Probiotic
8775,1064.9586046997342,-1583.3952080275537,1367477.3.sbml.csv,Vaginal Probiotic
8776,334.48322110104033,-954.0818288298684,1367477.3.sbml.csv,Vaginal Probiotic
8777,-281.6115211982049,-68.9297853504707,1367477.3.sbml.csv,Vaginal Probiotic
8778,952.3953703102379,-812.9945552450597,1367477.3.sbml.csv,Vaginal Probiotic
8779,141.02481614530086,-870.4072788546122,1367477.3.sbml.csv,Vaginal Probiotic
8780,928.0813993537487,-1403.9669902869043,1367477.3.sbml.csv,Vaginal Probiotic
8781,-263.7022051963724,-1029.0737887340624,1367477.3.sbml.csv,Vaginal Probiotic
8782,342.4256717615282,-1412.967898095304,1367477.3.sbml.csv,Vaginal Probiotic
8783,1087.8226833434846,-525.273970053834,1367477.3.sbml.csv,Vaginal Probiotic
8784,1401.375934495471,408.9768070237925,1367477.3.sbml.csv,Vaginal Probiotic
8785,13.97195161316116,-755.0463161292498,1367477.3.sbml.csv,Vaginal Probiotic
8786,928.4509722832028,-300.6873567960311,1367477.3.sbml.csv,Vaginal Probiotic
8787,-974.2600201509802,-362.4371573603912,1367477.3.sbml.csv,Vaginal Probiotic
8788,1032.2692801880225,364.0718789643768,1367477.3.sbml.csv,Vaginal Probiotic
8789,-704.2691472085704,-661.5909830146996,1367477.3.sbml.csv,Vaginal Probiotic
8790,-1013.4629245004849,-1129.2103469773328,1367477.3.sbml.csv,Vaginal Probiotic
8791,-137.9199599446185,-1473.8358568393564,1367477.3.sbml.csv,Vaginal Probiotic
8792,408.117600232608,-986.245701643914,1367477.3.sbml.csv,Vaginal Probiotic
8793,289.1538965770465,-343.5670784254394,1367477.3.sbml.csv,Vaginal Probiotic
8794,1356.4114856149522,-1330.60458660559,1367477.3.sbml.csv,Vaginal Probiotic
8795,1333.771351452312,-832.9072933211294,1367477.3.sbml.csv,Vaginal Probiotic
8796,-389.13914643531285,-151.85569379722435,1367477.3.sbml.csv,Vaginal Probiotic
8797,-618.2006145467578,-231.33674432813322,1367477.3.sbml.csv,Vaginal Probiotic
8798,849.7297657692565,-105.36361882497646,1367477.3.sbml.csv,Vaginal Probiotic
8799,1885.8054951031288,-1164.5239788715487,1367477.3.sbml.csv,Vaginal Probiotic
8800,814.5773682568863,-812.6929906847256,1367477.3.sbml.csv,Vaginal Probiotic
8801,1243.5754598002025,150.2613402118742,1367477.3.sbml.csv,Vaginal Probiotic
8802,1926.7581256807077,98.8884024651081,1367477.3.sbml.csv,Vaginal Probiotic
8803,350.84098594191136,490.6177102348245,1367477.3.sbml.csv,Vaginal Probiotic
8804,1006.5250197546875,1060.1300529205619,1367477.3.sbml.csv,Vaginal Probiotic
8805,-451.0144561189004,-981.5515124981234,1367477.3.sbml.csv,Vaginal Probiotic
8806,-145.85174146732422,-957.2121444533605,1367477.3.sbml.csv,Vaginal Probiotic
8807,92.88167601282554,-1543.8978134488943,1367477.3.sbml.csv,Vaginal Probiotic
8808,-1990.0310686584212,-290.58755848747563,1367477.3.sbml.csv,Vaginal Probiotic
8809,488.20245114314685,-1374.3719485403296,1367477.3.sbml.csv,Vaginal Probiotic
8810,406.6441376815932,-396.0529940590786,1367477.3.sbml.csv,Vaginal Probiotic
8811,-1357.3642001727692,-453.17416995065014,1367477.3.sbml.csv,Vaginal Probiotic
8812,1333.4197008148415,103.54793303491167,1367477.3.sbml.csv,Vaginal Probiotic
8813,353.76404026167546,-774.3048200590138,1367477.3.sbml.csv,Vaginal Probiotic
8814,576.3091850352286,202.32259692532645,1367477.3.sbml.csv,Vaginal Probiotic
8815,-317.0002881040342,-55.15146420409306,1367477.3.sbml.csv,Vaginal Probiotic
8816,931.0053661750999,-912.126669839407,1367477.3.sbml.csv,Vaginal Probiotic
8817,965.1911533259579,882.6903781309423,1367477.3.sbml.csv,Vaginal Probiotic
8818,-84.17034013336426,-1388.5466164582313,1367477.3.sbml.csv,Vaginal Probiotic
8819,-58.37173374768225,-1168.6922219894386,1367477.3.sbml.csv,Vaginal Probiotic
8820,944.3392740711328,-1600.4824223164978,1367477.3.sbml.csv,Vaginal Probiotic
8821,1688.683312169409,-363.3644661675794,1367477.3.sbml.csv,Vaginal Probiotic
8822,-1219.5237021194175,-329.32061174469766,1367477.3.sbml.csv,Vaginal Probiotic
8823,-873.5657533805634,56.74012969830624,1367477.3.sbml.csv,Vaginal Probiotic
8824,-209.13355044220094,-788.3938975469903,1367477.3.sbml.csv,Vaginal Probiotic
8825,1317.8894265158895,-1211.7223606600496,1367477.3.sbml.csv,Vaginal Probiotic
8826,235.06299972774224,-1114.4531767258047,1367477.3.sbml.csv,Vaginal Probiotic
8827,1081.329675728413,-1212.2533695022223,1367477.3.sbml.csv,Vaginal Probiotic
8828,1076.5621710940964,-72.66190850142443,1367477.3.sbml.csv,Vaginal Probiotic
8829,2046.071837961328,-201.08708927190847,1367477.3.sbml.csv,Vaginal Probiotic
8830,1062.335227643908,-1342.7667524036287,1367477.3.sbml.csv,Vaginal Probiotic
8831,-905.0969535956829,-1495.5619714508296,1367477.3.sbml.csv,Vaginal Probiotic
8832,-1157.4620604967872,-507.61759145231474,1367477.3.sbml.csv,Vaginal Probiotic
8833,-537.2738592617725,360.7171992153911,1367477.3.sbml.csv,Vaginal Probiotic
8834,-169.57793415974075,-597.9417957102706,1367477.3.sbml.csv,Vaginal Probiotic
8835,-1077.4692134593338,-1357.9653056983389,1367477.3.sbml.csv,Vaginal Probiotic
8836,202.33558494363064,-564.6952712210615,1367477.3.sbml.csv,Vaginal Probiotic
8837,-1123.9679307526058,553.210636339071,1367477.3.sbml.csv,Vaginal Probiotic
8838,353.7603718457391,129.84269226272255,1367477.3.sbml.csv,Vaginal Probiotic
8839,-415.6661371102313,-449.24554377947095,1367477.3.sbml.csv,Vaginal Probiotic
8840,-51.69850859943446,-1996.722492816472,1367477.3.sbml.csv,Vaginal Probiotic
8841,-699.5008559649744,676.5539441066392,1367477.3.sbml.csv,Vaginal Probiotic
8842,-155.74849197677335,-840.2354856361403,1367477.3.sbml.csv,Vaginal Probiotic
8843,892.9504023358011,17.018778653985233,1367477.3.sbml.csv,Vaginal Probiotic
8844,167.55297896820366,-640.0301272946922,1367477.3.sbml.csv,Vaginal Probiotic
8845,608.6005356155096,-8.230149421930815,1367477.3.sbml.csv,Vaginal Probiotic
8846,-50.45826382148072,-637.6083641434643,1367477.3.sbml.csv,Vaginal Probiotic
8847,943.7986412813094,-582.5338974510166,1367477.3.sbml.csv,Vaginal Probiotic
8848,-190.14817586016224,152.4991433671696,1367477.3.sbml.csv,Vaginal Probiotic
8849,-470.6290945009769,-791.0732594648545,1367477.3.sbml.csv,Vaginal Probiotic
8850,717.1531714856511,-790.3619125075596,1367477.3.sbml.csv,Vaginal Probiotic
8851,-1716.4802154626425,-657.3920897501134,1367477.3.sbml.csv,Vaginal Probiotic
8852,-225.08451723121874,-2013.0443070606536,1367477.3.sbml.csv,Vaginal Probiotic
8853,-891.694679093544,1034.527040687713,1367477.3.sbml.csv,Vaginal Probiotic
8854,184.85971246560356,-1150.329741203951,1367477.3.sbml.csv,Vaginal Probiotic
8855,514.5223396989389,-1464.4089440715597,1367477.3.sbml.csv,Vaginal Probiotic
8856,-364.9605070242668,-221.61819880928908,1367477.3.sbml.csv,Vaginal Probiotic
8857,177.19175643371463,-584.2554088747569,1367477.3.sbml.csv,Vaginal Probiotic
8858,787.7349537581829,-1111.2482546308188,1367477.3.sbml.csv,Vaginal Probiotic
8859,1367.5119313409664,-1240.9322332152894,1367477.3.sbml.csv,Vaginal Probiotic
8860,1261.431645918805,-1691.9628199959373,1367477.3.sbml.csv,Vaginal Probiotic
8861,-492.52745891187095,-531.5134278863994,1367477.3.sbml.csv,Vaginal Probiotic
8862,-75.32979852245346,236.6343124403439,1367477.3.sbml.csv,Vaginal Probiotic
8863,498.4655340951985,-671.5926022547632,1367477.3.sbml.csv,Vaginal Probiotic
8864,769.6601565229288,-1325.3750888489312,1367477.3.sbml.csv,Vaginal Probiotic
8865,-918.0125029652025,977.073332155083,1367477.3.sbml.csv,Vaginal Probiotic
8866,-1330.050925751004,-210.01959822991904,1367477.3.sbml.csv,Vaginal Probiotic
8867,596.4901051811512,-662.3730034898165,1367477.3.sbml.csv,Vaginal Probiotic
8868,-1049.5034867901386,-409.113328589432,1367477.3.sbml.csv,Vaginal Probiotic
8869,-71.01251780209319,-1710.5271106895063,1367477.3.sbml.csv,Vaginal Probiotic
8870,-46.94604572422487,-415.10449016131173,1367477.3.sbml.csv,Vaginal Probiotic
8871,-223.002895856602,-1241.339196454882,1367477.3.sbml.csv,Vaginal Probiotic
8872,637.3625039823188,-166.305225422473,1367477.3.sbml.csv,Vaginal Probiotic
8873,653.5668845728414,-987.9105554212813,1367477.3.sbml.csv,Vaginal Probiotic
8874,-227.17385968310384,-2114.8990584282287,1367477.3.sbml.csv,Vaginal Probiotic
8875,-556.3160006839888,-1287.650547831864,1367477.3.sbml.csv,Vaginal Probiotic
8876,961.1650526967227,-649.4789204224697,1367477.3.sbml.csv,Vaginal Probiotic
8877,-46.17961520026606,-646.6236434872168,1367477.3.sbml.csv,Vaginal Probiotic
8878,-250.55712722529583,-757.2516017321194,1367477.3.sbml.csv,Vaginal Probiotic
8879,-594.7797565696341,-40.68202691323258,1367477.3.sbml.csv,Vaginal Probiotic
8880,857.2847217517038,-45.98817333769055,1367477.3.sbml.csv,Vaginal Probiotic
8881,610.1362354445777,105.0570341964545,1367477.3.sbml.csv,Vaginal Probiotic
8882,700.0919234442616,-561.342629383218,1367477.3.sbml.csv,Vaginal Probiotic
8883,-88.10505325887931,-1077.6300702432059,1367477.3.sbml.csv,Vaginal Probiotic
8884,-461.05024251054635,-1040.5048587591732,1367477.3.sbml.csv,Vaginal Probiotic
8885,-15.951255916916796,-1605.2789144889716,1367477.3.sbml.csv,Vaginal Probiotic
8886,450.46734027869985,-534.5206640073282,1367477.3.sbml.csv,Vaginal Probiotic
8887,-763.8918121681118,-976.3493456867781,1367477.3.sbml.csv,Vaginal Probiotic
8888,-219.73699224655212,-1302.4957663851637,1367477.3.sbml.csv,Vaginal Probiotic
8889,1055.7318048312295,-1060.989832794919,1367477.3.sbml.csv,Vaginal Probiotic
8890,1215.74851368618,956.6753450685181,1367477.3.sbml.csv,Vaginal Probiotic
8891,60.061471906000676,-578.1714694865013,1367477.3.sbml.csv,Vaginal Probiotic
8892,129.9374845163084,-1577.1474959862762,1367477.3.sbml.csv,Vaginal Probiotic
8893,44.09330590569159,380.6667208021914,1367477.3.sbml.csv,Vaginal Probiotic
8894,206.84953183814415,411.13189142010935,1367477.3.sbml.csv,Vaginal Probiotic
8895,-229.61846828261227,-939.7075751549772,1367477.3.sbml.csv,Vaginal Probiotic
8896,324.69819953641485,-294.6633899745311,1367477.3.sbml.csv,Vaginal Probiotic
8897,794.5317606018654,-447.1578462215176,1367477.3.sbml.csv,Vaginal Probiotic
8898,-1129.5618336923822,-352.2142046553289,1367477.3.sbml.csv,Vaginal Probiotic
8899,-329.04890698186443,542.6103018093995,1367477.3.sbml.csv,Vaginal Probiotic
8900,1344.8973102163914,-1362.6060922917156,1367477.3.sbml.csv,Vaginal Probiotic
8901,97.12424412720651,-1099.9705104070283,1367477.3.sbml.csv,Vaginal Probiotic
8902,391.0194667329577,153.530387713807,1367477.3.sbml.csv,Vaginal Probiotic
8903,-212.26561031684784,-1147.930768894735,1367477.3.sbml.csv,Vaginal Probiotic
8904,-6.542524969443074,-1372.1020524732567,1367477.3.sbml.csv,Vaginal Probiotic
8905,-372.39622725572474,-1046.0281035781677,1367477.3.sbml.csv,Vaginal Probiotic
8906,-705.3601428082935,-875.8773210961461,1367477.3.sbml.csv,Vaginal Probiotic
8907,-534.385901202616,-676.3323589556901,1367477.3.sbml.csv,Vaginal Probiotic
8908,-458.1837522723732,-1396.9997124721997,1367477.3.sbml.csv,Vaginal Probiotic
8909,1920.7973473848997,-1783.2735999901322,1367477.3.sbml.csv,Vaginal Probiotic
8910,25.19672705126625,-507.84883796834396,1367477.3.sbml.csv,Vaginal Probiotic
8911,-62.99983578187015,-1031.2707703555452,1367477.3.sbml.csv,Vaginal Probiotic
8912,1314.8606032313655,-502.9773795701411,1367477.3.sbml.csv,Vaginal Probiotic
8913,-810.5053629094191,1297.6330015668345,1367477.3.sbml.csv,Vaginal Probiotic
8914,142.8804575758495,-1085.28436835564,1367477.3.sbml.csv,Vaginal Probiotic
8915,974.0331854507997,-631.6812011415649,1367477.3.sbml.csv,Vaginal Probiotic
8916,382.49135282272016,-361.3269949837496,1367477.3.sbml.csv,Vaginal Probiotic
8917,400.6070621446623,-1691.5910763405377,1367477.3.sbml.csv,Vaginal Probiotic
8918,-607.3049601119835,-848.4602922398828,1367477.3.sbml.csv,Vaginal Probiotic
8919,-1164.9035485299673,-646.1065734987561,1367477.3.sbml.csv,Vaginal Probiotic
8920,2337.2061907068733,-1067.0628970959172,1367477.3.sbml.csv,Vaginal Probiotic
8921,-165.59015020644313,-1373.231054231241,1367477.3.sbml.csv,Vaginal Probiotic
8922,-858.4778423367466,-209.89435741728437,1367477.3.sbml.csv,Vaginal Probiotic
8923,1399.5285290677236,-721.1473890308157,1367477.3.sbml.csv,Vaginal Probiotic
8924,256.1633478215925,-855.9025938683186,1367477.3.sbml.csv,Vaginal Probiotic
8925,985.6635501419037,-68.18671935943696,1367477.3.sbml.csv,Vaginal Probiotic
8926,2486.76229511578,-1735.5394687928685,1367477.3.sbml.csv,Vaginal Probiotic
8927,-952.1872846468657,-704.5673331319305,1367477.3.sbml.csv,Vaginal Probiotic
8928,-481.16707601509614,-584.519906950725,1367477.3.sbml.csv,Vaginal Probiotic
8929,-495.12421056136526,-1216.1842873737335,1367477.3.sbml.csv,Vaginal Probiotic
8930,296.06640880820856,-1138.6994827739488,1367477.3.sbml.csv,Vaginal Probiotic
8931,11.446225594142753,3.2409773572117158,1367477.3.sbml.csv,Vaginal Probiotic
8932,-733.4707316732203,-1638.517441719903,1367477.3.sbml.csv,Vaginal Probiotic
8933,214.8929433206422,-539.0328430121572,1367477.3.sbml.csv,Vaginal Probiotic
8934,650.3845367921652,-757.7759332382675,1367477.3.sbml.csv,Vaginal Probiotic
8935,-770.8470230624602,-1446.771385285427,1367477.3.sbml.csv,Vaginal Probiotic
8936,763.3959332373842,-683.0006558580504,1367477.3.sbml.csv,Vaginal Probiotic
8937,-1071.864641415786,44.34194470303839,1367477.3.sbml.csv,Vaginal Probiotic
8938,832.716694454377,-336.6742046696395,1367477.3.sbml.csv,Vaginal Probiotic
8939,-259.0980672527022,-2131.4183790366365,1367477.3.sbml.csv,Vaginal Probiotic
8940,-225.50576007107495,-282.29864301498094,1367477.3.sbml.csv,Vaginal Probiotic
8941,-865.4184092165606,-767.4134272396755,1367477.3.sbml.csv,Vaginal Probiotic
8942,-179.46050525657793,-647.3644716501981,1367477.3.sbml.csv,Vaginal Probiotic
8943,428.9081593198486,-569.1233496953462,1367477.3.sbml.csv,Vaginal Probiotic
8944,-213.56331114564566,-729.9216610740914,1367477.3.sbml.csv,Vaginal Probiotic
8945,2023.5497029240046,-1505.9710162834194,1367477.3.sbml.csv,Vaginal Probiotic
8946,1098.605815376255,-116.01076057518816,1367477.3.sbml.csv,Vaginal Probiotic
8947,1335.921639525502,-720.2936147534047,1367477.3.sbml.csv,Vaginal Probiotic
8948,1694.3816419740135,-1359.9887767133007,1367477.3.sbml.csv,Vaginal Probiotic
8949,-71.1759010047109,-1344.1314138676232,1367477.3.sbml.csv,Vaginal Probiotic
8950,-137.99588739558317,-1039.8013651989766,1367477.3.sbml.csv,Vaginal Probiotic
8951,-452.3443818088401,-329.6544396558789,1367477.3.sbml.csv,Vaginal Probiotic
8952,379.5362918964012,-1454.8041323001642,1367477.3.sbml.csv,Vaginal Probiotic
8953,53.687971583302144,-346.231233939262,1367477.3.sbml.csv,Vaginal Probiotic
8954,-635.9978268904189,-1443.266236385746,1367477.3.sbml.csv,Vaginal Probiotic
8955,1178.4739237820813,465.43348887761164,1367477.3.sbml.csv,Vaginal Probiotic
8956,-411.7786541475909,-428.6109668207751,1367477.3.sbml.csv,Vaginal Probiotic
8957,473.27854929548124,-463.9559780849343,1367477.3.sbml.csv,Vaginal Probiotic
8958,-871.0484932999426,-826.9936578933803,1367477.3.sbml.csv,Vaginal Probiotic
8959,783.8040230486922,-866.924526469632,1367477.3.sbml.csv,Vaginal Probiotic
8960,2156.833874145627,157.06546408888974,1367477.3.sbml.csv,Vaginal Probiotic
8961,732.8074150267902,-768.0737067484173,1367477.3.sbml.csv,Vaginal Probiotic
8962,17.63320348516902,-852.5317299205504,1367477.3.sbml.csv,Vaginal Probiotic
8963,288.7435035816795,-1661.006912138777,1367477.3.sbml.csv,Vaginal Probiotic
8964,2206.478355756588,-962.684748084492,1367477.3.sbml.csv,Vaginal Probiotic
8965,547.4863848553501,-713.4516727001196,1367477.3.sbml.csv,Vaginal Probiotic
8966,-34.02712691785138,-944.2957362867712,1367477.3.sbml.csv,Vaginal Probiotic
8967,-249.73772099167067,-182.98359336753188,1367477.3.sbml.csv,Vaginal Probiotic
8968,-575.3503998393065,11.400625566432444,1367477.3.sbml.csv,Vaginal Probiotic
8969,847.9856823502398,-308.0622202540572,1367477.3.sbml.csv,Vaginal Probiotic
8970,-184.03688314416743,-1239.6109019008522,1367477.3.sbml.csv,Vaginal Probiotic
8971,1272.8501085215655,-1547.5566373762824,1367477.3.sbml.csv,Vaginal Probiotic
8972,24.441226972108442,-1501.6078313954988,1367477.3.sbml.csv,Vaginal Probiotic
8973,485.3929466669507,588.0656156860485,1367477.3.sbml.csv,Vaginal Probiotic
8974,1326.3317457365451,-713.0292060653031,1367477.3.sbml.csv,Vaginal Probiotic
8975,1891.9870916336463,-1728.0348669561542,1367477.3.sbml.csv,Vaginal Probiotic
8976,238.31855289261992,710.155665797876,1367477.3.sbml.csv,Vaginal Probiotic
8977,-93.08767259552114,-208.59274984934316,1367477.3.sbml.csv,Vaginal Probiotic
8978,16.807042186783836,-704.8959093883236,1367477.3.sbml.csv,Vaginal Probiotic
8979,699.4830629029715,-855.1697509357537,1367477.3.sbml.csv,Vaginal Probiotic
8980,844.6475223209154,-1449.3069059457052,1367477.3.sbml.csv,Vaginal Probiotic
8981,-440.53192503299533,-1521.6156890531063,1367477.3.sbml.csv,Vaginal Probiotic
8982,264.3770969997146,-30.105745570638295,1367477.3.sbml.csv,Vaginal Probiotic
8983,821.361436648582,-614.9344409799274,1367477.3.sbml.csv,Vaginal Probiotic
8984,1205.8748052627302,-1608.1776963490329,1367477.3.sbml.csv,Vaginal Probiotic
8985,817.7516131967928,-563.2206617218766,1367477.3.sbml.csv,Vaginal Probiotic
8986,969.0845306808269,-1739.5577953921381,1367477.3.sbml.csv,Vaginal Probiotic
8987,53.307689765871956,387.1244271018264,1367477.3.sbml.csv,Vaginal Probiotic
8988,984.9962777596173,-1850.4718024921676,1367477.3.sbml.csv,Vaginal Probiotic
8989,1050.62493298887,-1482.66538683147,1367477.3.sbml.csv,Vaginal Probiotic
8990,846.2402070245761,-993.2265419125322,1367477.3.sbml.csv,Vaginal Probiotic
8991,1631.4765591823098,-2008.3359271300646,1367477.3.sbml.csv,Vaginal Probiotic
8992,448.90571927086535,-119.28916049415804,1367477.3.sbml.csv,Vaginal Probiotic
8993,-648.8172887191288,-767.6560317050192,1367477.3.sbml.csv,Vaginal Probiotic
8994,396.7440564821658,-790.6541261715355,1367477.3.sbml.csv,Vaginal Probiotic
8995,127.38853861378367,-1028.815024673127,1367477.3.sbml.csv,Vaginal Probiotic
8996,284.0323296139021,-1490.8060852498356,1367477.3.sbml.csv,Vaginal Probiotic
8997,-94.76284044170913,-1681.625905165759,1367477.3.sbml.csv,Vaginal Probiotic
8998,-913.9769486408507,209.9939405571402,1367477.3.sbml.csv,Vaginal Probiotic
8999,-801.6150865437617,233.19294701652137,1367477.3.sbml.csv,Vaginal Probiotic
9000,-517.081914196506,-128.52775074097718,219334.4.sbml.csv,Vaginal Probiotic
9001,653.4220647581723,-575.2001745198776,219334.4.sbml.csv,Vaginal Probiotic
9002,557.2385056274723,-27.011168817275433,219334.4.sbml.csv,Vaginal Probiotic
9003,-568.8283798610033,420.9538724938758,219334.4.sbml.csv,Vaginal Probiotic
9004,263.77055426663765,235.15863453223392,219334.4.sbml.csv,Vaginal Probiotic
9005,533.2052905488645,-956.9699626838429,219334.4.sbml.csv,Vaginal Probiotic
9006,-875.4074945463467,177.5188565336774,219334.4.sbml.csv,Vaginal Probiotic
9007,-722.4797835052208,-360.3686882035133,219334.4.sbml.csv,Vaginal Probiotic
9008,-877.2643811860695,-106.21764528298458,219334.4.sbml.csv,Vaginal Probiotic
9009,-1925.1563807066655,1091.4380215573365,219334.4.sbml.csv,Vaginal Probiotic
9010,401.6687741945952,-1465.4407197962225,219334.4.sbml.csv,Vaginal Probiotic
9011,-236.18088696841056,222.68786029210028,219334.4.sbml.csv,Vaginal Probiotic
9012,-627.6277139617922,-439.3470053160858,219334.4.sbml.csv,Vaginal Probiotic
9013,-2336.127897091232,-28.565091456427528,219334.4.sbml.csv,Vaginal Probiotic
9014,-2022.242894951426,660.252945830098,219334.4.sbml.csv,Vaginal Probiotic
9015,-512.8823832338672,-871.6130942057139,219334.4.sbml.csv,Vaginal Probiotic
9016,170.61105290637755,373.5707779410782,219334.4.sbml.csv,Vaginal Probiotic
9017,-206.23196026250426,754.3311907404646,219334.4.sbml.csv,Vaginal Probiotic
9018,-1970.8576892607955,1568.4425841803782,219334.4.sbml.csv,Vaginal Probiotic
9019,70.36901018603334,1463.813566513332,219334.4.sbml.csv,Vaginal Probiotic
9020,-473.49370309776236,-267.24785392034113,219334.4.sbml.csv,Vaginal Probiotic
9021,100.61225097948534,-436.9042409621924,219334.4.sbml.csv,Vaginal Probiotic
9022,-651.822938322365,356.1673189729351,219334.4.sbml.csv,Vaginal Probiotic
9023,-1746.8423226589416,-1513.2290324243272,219334.4.sbml.csv,Vaginal Probiotic
9024,-136.25908261750448,668.1556492174449,219334.4.sbml.csv,Vaginal Probiotic
9025,220.50130006831697,-507.28676372249066,219334.4.sbml.csv,Vaginal Probiotic
9026,-1948.2543811831513,1334.15878307466,219334.4.sbml.csv,Vaginal Probiotic
9027,-1741.7827098606745,575.2282827210229,219334.4.sbml.csv,Vaginal Probiotic
9028,521.8098873424186,-179.0814351772374,219334.4.sbml.csv,Vaginal Probiotic
9029,-304.2096763856185,-629.3766534350707,219334.4.sbml.csv,Vaginal Probiotic
9030,-407.81825920381425,505.80009585152385,219334.4.sbml.csv,Vaginal Probiotic
9031,-1353.8993228058555,-1216.110907918233,219334.4.sbml.csv,Vaginal Probiotic
9032,723.770076630545,-1655.464517261024,219334.4.sbml.csv,Vaginal Probiotic
9033,526.288143267026,744.3107053320178,219334.4.sbml.csv,Vaginal Probiotic
9034,674.6821887783992,-172.08372113208895,219334.4.sbml.csv,Vaginal Probiotic
9035,726.784497370767,-1395.6603211931451,219334.4.sbml.csv,Vaginal Probiotic
9036,1666.6529893415664,-824.8801228589836,219334.4.sbml.csv,Vaginal Probiotic
9037,-779.2374897960182,-602.9275139260338,219334.4.sbml.csv,Vaginal Probiotic
9038,214.4887758327735,-935.9554689622101,219334.4.sbml.csv,Vaginal Probiotic
9039,-2016.191194083931,-812.5298346021291,219334.4.sbml.csv,Vaginal Probiotic
9040,-408.63270675818916,347.03173293572456,219334.4.sbml.csv,Vaginal Probiotic
9041,114.79644302896776,-668.649191719124,219334.4.sbml.csv,Vaginal Probiotic
9042,-1646.0183431640307,-492.5774834477285,219334.4.sbml.csv,Vaginal Probiotic
9043,-2210.4251636133654,1068.2679110184215,219334.4.sbml.csv,Vaginal Probiotic
9044,-1851.6858674051039,1035.0501634972443,219334.4.sbml.csv,Vaginal Probiotic
9045,-1015.9752242338975,-541.4215995891518,219334.4.sbml.csv,Vaginal Probiotic
9046,978.1970572525548,-768.4273158367323,219334.4.sbml.csv,Vaginal Probiotic
9047,-1108.770958111841,-132.80662294178984,219334.4.sbml.csv,Vaginal Probiotic
9048,906.6704650132297,-451.01750707754127,219334.4.sbml.csv,Vaginal Probiotic
9049,142.6833667530784,-132.74275739102114,219334.4.sbml.csv,Vaginal Probiotic
9050,-637.2766476303668,-835.0137921024454,219334.4.sbml.csv,Vaginal Probiotic
9051,875.9362667652977,-309.26163275970566,219334.4.sbml.csv,Vaginal Probiotic
9052,-629.5604642292478,-669.3813754841605,219334.4.sbml.csv,Vaginal Probiotic
9053,-980.4053414170804,293.8244856013114,219334.4.sbml.csv,Vaginal Probiotic
9054,1979.0899534502846,156.79136611863,219334.4.sbml.csv,Vaginal Probiotic
9055,-305.9200096216763,714.6908932633985,219334.4.sbml.csv,Vaginal Probiotic
9056,544.7454089628378,-147.21409521992385,219334.4.sbml.csv,Vaginal Probiotic
9057,-569.3708798864853,208.1660551654782,219334.4.sbml.csv,Vaginal Probiotic
9058,-1464.3984176261708,-945.8540674923752,219334.4.sbml.csv,Vaginal Probiotic
9059,-678.3776442321272,1370.9019519255637,219334.4.sbml.csv,Vaginal Probiotic
9060,-1262.7297843520926,760.1925049837266,219334.4.sbml.csv,Vaginal Probiotic
9061,129.73525665094755,-1504.4617675834597,219334.4.sbml.csv,Vaginal Probiotic
9062,1736.6557380217916,207.26257708432277,219334.4.sbml.csv,Vaginal Probiotic
9063,-469.94880905316904,926.7186081381899,219334.4.sbml.csv,Vaginal Probiotic
9064,-1532.8673471724417,539.86101386107,219334.4.sbml.csv,Vaginal Probiotic
9065,-1136.3579995881778,1272.3190455002577,219334.4.sbml.csv,Vaginal Probiotic
9066,-979.0115398811423,-1069.4972453144935,219334.4.sbml.csv,Vaginal Probiotic
9067,-1807.1846972818728,664.2449109858469,219334.4.sbml.csv,Vaginal Probiotic
9068,-1695.4441247875486,1447.9834049905023,219334.4.sbml.csv,Vaginal Probiotic
9069,-2054.550110546598,-100.00490318509507,219334.4.sbml.csv,Vaginal Probiotic
9070,-921.4846405645618,70.0780867585527,219334.4.sbml.csv,Vaginal Probiotic
9071,-39.507390164976655,-7.968518827531091,219334.4.sbml.csv,Vaginal Probiotic
9072,1705.2265618140225,602.3676501520418,219334.4.sbml.csv,Vaginal Probiotic
9073,617.1549755967494,108.02874008880502,219334.4.sbml.csv,Vaginal Probiotic
9074,-372.6193088813584,-999.8181330489404,219334.4.sbml.csv,Vaginal Probiotic
9075,-1738.3072438397778,1376.8208880919333,219334.4.sbml.csv,Vaginal Probiotic
9076,-1810.1630964510027,-165.67999156633923,219334.4.sbml.csv,Vaginal Probiotic
9077,955.8762427379162,868.2587421981256,219334.4.sbml.csv,Vaginal Probiotic
9078,-1822.357921382695,883.0046144367398,219334.4.sbml.csv,Vaginal Probiotic
9079,-1277.825842557274,333.04484435103217,219334.4.sbml.csv,Vaginal Probiotic
9080,105.11682743400212,-438.0591392884444,219334.4.sbml.csv,Vaginal Probiotic
9081,-881.0312180114599,227.6364871384756,219334.4.sbml.csv,Vaginal Probiotic
9082,761.1334319021176,-5.2512118788999915,219334.4.sbml.csv,Vaginal Probiotic
9083,-895.2259072667788,-1240.4073691568794,219334.4.sbml.csv,Vaginal Probiotic
9084,-930.1932426059761,53.19506502813815,219334.4.sbml.csv,Vaginal Probiotic
9085,-587.7824190035446,407.5302823952929,219334.4.sbml.csv,Vaginal Probiotic
9086,1766.1135648515324,-1056.6010576786518,219334.4.sbml.csv,Vaginal Probiotic
9087,1446.533289251602,-965.7862331456491,219334.4.sbml.csv,Vaginal Probiotic
9088,408.1738574041256,-247.7460898657862,219334.4.sbml.csv,Vaginal Probiotic
9089,450.7836486648408,-110.3350129521483,219334.4.sbml.csv,Vaginal Probiotic
9090,799.4005185926404,-382.46957542126074,219334.4.sbml.csv,Vaginal Probiotic
9091,-568.278357586939,-117.05526453867563,219334.4.sbml.csv,Vaginal Probiotic
9092,767.3906546230305,225.9763537193679,219334.4.sbml.csv,Vaginal Probiotic
9093,78.3191020329324,-1420.184190350644,219334.4.sbml.csv,Vaginal Probiotic
9094,-190.6786842587484,86.61787552165427,219334.4.sbml.csv,Vaginal Probiotic
9095,-721.3203227432109,-426.38060751081645,219334.4.sbml.csv,Vaginal Probiotic
9096,-80.91366443210576,-357.19700898161557,219334.4.sbml.csv,Vaginal Probiotic
9097,-1292.767017740139,-440.47926671666187,219334.4.sbml.csv,Vaginal Probiotic
9098,-1266.3923667730471,947.8968937547437,219334.4.sbml.csv,Vaginal Probiotic
9099,-1633.1042137859527,233.95752349671736,219334.4.sbml.csv,Vaginal Probiotic
9100,-1656.5272114528996,1086.422699243753,219334.4.sbml.csv,Vaginal Probiotic
9101,-1338.137048270767,-671.743725715929,219334.4.sbml.csv,Vaginal Probiotic
9102,573.5299521792128,-641.3088247459204,219334.4.sbml.csv,Vaginal Probiotic
9103,-891.8918915746086,-431.46050290575675,219334.4.sbml.csv,Vaginal Probiotic
9104,-1359.6157888605553,170.94848198919243,219334.4.sbml.csv,Vaginal Probiotic
9105,536.4906666340831,-731.0587569726025,219334.4.sbml.csv,Vaginal Probiotic
9106,87.70370346156099,-539.5368940054963,219334.4.sbml.csv,Vaginal Probiotic
9107,-1600.1911643352867,346.82804999046067,219334.4.sbml.csv,Vaginal Probiotic
9108,-725.5844584064672,70.49218851004193,219334.4.sbml.csv,Vaginal Probiotic
9109,-773.723540147086,-135.32383588062095,219334.4.sbml.csv,Vaginal Probiotic
9110,485.59714945653315,-347.62749042844695,219334.4.sbml.csv,Vaginal Probiotic
9111,-1906.772036685445,-1149.557371892092,219334.4.sbml.csv,Vaginal Probiotic
9112,-2614.224938078053,561.0233063862928,219334.4.sbml.csv,Vaginal Probiotic
9113,2.882225133095936,-105.25485995360427,219334.4.sbml.csv,Vaginal Probiotic
9114,-1138.2740101577585,830.0781967966034,219334.4.sbml.csv,Vaginal Probiotic
9115,-845.5859251162979,1435.2265147642709,219334.4.sbml.csv,Vaginal Probiotic
9116,-158.88199971392467,-457.7801076234419,219334.4.sbml.csv,Vaginal Probiotic
9117,880.8791698636579,-777.1911066531214,219334.4.sbml.csv,Vaginal Probiotic
9118,-143.81012913152628,0.1458300192277063,219334.4.sbml.csv,Vaginal Probiotic
9119,494.2001645013337,-725.3788426996349,219334.4.sbml.csv,Vaginal Probiotic
9120,-1400.4340818449607,340.5065196432306,219334.4.sbml.csv,Vaginal Probiotic
9121,-1344.1205170591068,-947.2505353506551,219334.4.sbml.csv,Vaginal Probiotic
9122,-50.32439905398746,1067.281561801478,219334.4.sbml.csv,Vaginal Probiotic
9123,-391.944154886298,-406.04533777100437,219334.4.sbml.csv,Vaginal Probiotic
9124,-1576.3017714005698,401.0306521954545,219334.4.sbml.csv,Vaginal Probiotic
9125,-1496.2471805708858,1568.9833284889874,219334.4.sbml.csv,Vaginal Probiotic
9126,-1683.4487186313315,755.8432328037677,219334.4.sbml.csv,Vaginal Probiotic
9127,-672.218429452601,-551.9747733657573,219334.4.sbml.csv,Vaginal Probiotic
9128,-1474.2290291317424,-438.6956015273979,219334.4.sbml.csv,Vaginal Probiotic
9129,-611.0793316355857,1578.3822974302354,219334.4.sbml.csv,Vaginal Probiotic
9130,-649.344662005946,-100.98070878275492,219334.4.sbml.csv,Vaginal Probiotic
9131,-2353.1349709282345,546.0277994709911,219334.4.sbml.csv,Vaginal Probiotic
9132,-2027.8195072097317,-200.08603133131882,219334.4.sbml.csv,Vaginal Probiotic
9133,-78.09863982066686,957.9171499991655,219334.4.sbml.csv,Vaginal Probiotic
9134,-1021.2093516113554,-1065.8265763655893,219334.4.sbml.csv,Vaginal Probiotic
9135,-2157.754060230388,1060.24570978262,219334.4.sbml.csv,Vaginal Probiotic
9136,-1129.8678480620276,-1042.7815828262276,219334.4.sbml.csv,Vaginal Probiotic
9137,-1514.448344907971,756.0498938284537,219334.4.sbml.csv,Vaginal Probiotic
9138,-663.812239203181,-737.939186069853,219334.4.sbml.csv,Vaginal Probiotic
9139,70.00971706062839,-241.78292678588855,219334.4.sbml.csv,Vaginal Probiotic
9140,-844.5295670669548,1732.4628272207563,219334.4.sbml.csv,Vaginal Probiotic
9141,-1364.155092932677,-321.3868618225192,219334.4.sbml.csv,Vaginal Probiotic
9142,-330.0360079456468,-711.1563283269463,219334.4.sbml.csv,Vaginal Probiotic
9143,111.96747152608019,-665.4370955193573,219334.4.sbml.csv,Vaginal Probiotic
9144,-157.31593916162564,-546.5862788090537,219334.4.sbml.csv,Vaginal Probiotic
9145,-1407.0305999132547,-584.9668464905999,219334.4.sbml.csv,Vaginal Probiotic
9146,-665.3973305807788,-226.76725490268174,219334.4.sbml.csv,Vaginal Probiotic
9147,-331.2946095283398,919.13394873025,219334.4.sbml.csv,Vaginal Probiotic
9148,-1445.0904791880052,180.81899179684765,219334.4.sbml.csv,Vaginal Probiotic
9149,-1977.1351628848893,-597.0358105807877,219334.4.sbml.csv,Vaginal Probiotic
9150,-387.13182951539363,-979.7438496325294,219334.4.sbml.csv,Vaginal Probiotic
9151,349.4315504938268,-1175.964635530699,219334.4.sbml.csv,Vaginal Probiotic
9152,-244.45530355475046,-146.93049400371734,219334.4.sbml.csv,Vaginal Probiotic
9153,586.0907377626809,-93.17072360231914,219334.4.sbml.csv,Vaginal Probiotic
9154,-1533.6737440832474,1330.7587247785261,219334.4.sbml.csv,Vaginal Probiotic
9155,13.650190860113527,-382.9847160364994,219334.4.sbml.csv,Vaginal Probiotic
9156,-1948.4718153113033,-1064.5712797883248,219334.4.sbml.csv,Vaginal Probiotic
9157,815.2662106524823,-1003.4209590327988,219334.4.sbml.csv,Vaginal Probiotic
9158,82.18612821932862,135.38583905841912,219334.4.sbml.csv,Vaginal Probiotic
9159,-2569.2919651859384,1342.4798534835988,219334.4.sbml.csv,Vaginal Probiotic
9160,784.9037983406835,-461.79075842150803,219334.4.sbml.csv,Vaginal Probiotic
9161,-1192.5885461957698,32.66506216255115,219334.4.sbml.csv,Vaginal Probiotic
9162,-282.68525236989103,91.47381929771676,219334.4.sbml.csv,Vaginal Probiotic
9163,-798.9237199448721,-845.1292161208976,219334.4.sbml.csv,Vaginal Probiotic
9164,478.9127167885143,-813.3205981436286,219334.4.sbml.csv,Vaginal Probiotic
9165,467.107548139582,-485.1775598219269,219334.4.sbml.csv,Vaginal Probiotic
9166,-525.0708025351831,-447.7644261714165,219334.4.sbml.csv,Vaginal Probiotic
9167,-357.2994512373423,-436.7178075311978,219334.4.sbml.csv,Vaginal Probiotic
9168,-1771.6194211272082,124.42444105193059,219334.4.sbml.csv,Vaginal Probiotic
9169,-499.041010268093,-388.2872749925439,219334.4.sbml.csv,Vaginal Probiotic
9170,16.18599655472156,-906.2359372073311,219334.4.sbml.csv,Vaginal Probiotic
9171,-306.0485618281246,-839.0383974291461,219334.4.sbml.csv,Vaginal Probiotic
9172,-580.2155723562946,730.8735165655653,219334.4.sbml.csv,Vaginal Probiotic
9173,-1962.0516831946513,1054.2495678401554,219334.4.sbml.csv,Vaginal Probiotic
9174,1145.402889272464,-828.4833337668323,219334.4.sbml.csv,Vaginal Probiotic
9175,859.5897609475593,211.11192116697987,219334.4.sbml.csv,Vaginal Probiotic
9176,-1741.550737807541,94.00438068723778,219334.4.sbml.csv,Vaginal Probiotic
9177,1784.6454740523025,713.3435692119966,219334.4.sbml.csv,Vaginal Probiotic
9178,-737.5545802971355,-813.0536920729132,219334.4.sbml.csv,Vaginal Probiotic
9179,737.0937590613182,-686.4235860876213,219334.4.sbml.csv,Vaginal Probiotic
9180,-456.5674340517221,-1072.0089760617034,219334.4.sbml.csv,Vaginal Probiotic
9181,-1882.943741669021,348.10699365302673,219334.4.sbml.csv,Vaginal Probiotic
9182,1117.185572595331,-232.94474325651098,219334.4.sbml.csv,Vaginal Probiotic
9183,-1221.2665069342565,518.4413997742314,219334.4.sbml.csv,Vaginal Probiotic
9184,1178.566452440822,-272.9280199353232,219334.4.sbml.csv,Vaginal Probiotic
9185,324.0190624080234,212.3390639252876,219334.4.sbml.csv,Vaginal Probiotic
9186,330.22188008904806,-735.2235807322453,219334.4.sbml.csv,Vaginal Probiotic
9187,350.38723354379636,-334.2473899072807,219334.4.sbml.csv,Vaginal Probiotic
9188,-1802.8579607161428,63.87109432648314,219334.4.sbml.csv,Vaginal Probiotic
9189,-1150.3630331954957,-68.64896168566811,219334.4.sbml.csv,Vaginal Probiotic
9190,-777.0853207738929,585.417676147659,219334.4.sbml.csv,Vaginal Probiotic
9191,-397.34020870285764,533.0018902358997,219334.4.sbml.csv,Vaginal Probiotic
9192,802.9400425147077,-692.6644247561874,219334.4.sbml.csv,Vaginal Probiotic
9193,944.9454243824898,1121.4601705413472,219334.4.sbml.csv,Vaginal Probiotic
9194,-1592.3194474960385,1231.06683466217,219334.4.sbml.csv,Vaginal Probiotic
9195,-984.8906118299237,284.45691673861955,219334.4.sbml.csv,Vaginal Probiotic
9196,-236.5101893632441,626.3457065678797,219334.4.sbml.csv,Vaginal Probiotic
9197,-414.6842105475614,-526.6203241903787,219334.4.sbml.csv,Vaginal Probiotic
9198,4.99949017430046,207.94686664214353,219334.4.sbml.csv,Vaginal Probiotic
9199,569.6247099404634,-524.0672170733059,219334.4.sbml.csv,Vaginal Probiotic
9200,-1745.4870559081892,-348.6951851399025,219334.4.sbml.csv,Vaginal Probiotic
9201,-665.0501094508268,-354.11234560765064,219334.4.sbml.csv,Vaginal Probiotic
9202,-1593.5000632402396,215.6239104477375,219334.4.sbml.csv,Vaginal Probiotic
9203,381.9255203500832,212.28371880201888,219334.4.sbml.csv,Vaginal Probiotic
9204,342.3776402271987,-361.1007413988963,219334.4.sbml.csv,Vaginal Probiotic
9205,-148.13478855440124,257.8219539533066,219334.4.sbml.csv,Vaginal Probiotic
9206,971.2150894159033,550.3014136661184,219334.4.sbml.csv,Vaginal Probiotic
9207,438.7685736532838,-653.3848300380481,219334.4.sbml.csv,Vaginal Probiotic
9208,-1076.1983262601777,384.64240432925243,219334.4.sbml.csv,Vaginal Probiotic
9209,-1867.6650886437783,684.202961064556,219334.4.sbml.csv,Vaginal Probiotic
9210,-2755.7710368603166,1513.7845985809306,219334.4.sbml.csv,Vaginal Probiotic
9211,525.2943535285922,-506.8187462654398,219334.4.sbml.csv,Vaginal Probiotic
9212,-1271.4758488779203,-686.830782295226,219334.4.sbml.csv,Vaginal Probiotic
9213,1094.1389528609818,704.7067435685329,219334.4.sbml.csv,Vaginal Probiotic
9214,1723.011030704408,-1049.9400927740417,219334.4.sbml.csv,Vaginal Probiotic
9215,-171.02806487805344,-534.8086267983056,219334.4.sbml.csv,Vaginal Probiotic
9216,-1219.0404488267536,99.11699217488987,219334.4.sbml.csv,Vaginal Probiotic
9217,-1462.3811596575404,624.6211606952522,219334.4.sbml.csv,Vaginal Probiotic
9218,-1765.5996702051302,-1005.18005907849,219334.4.sbml.csv,Vaginal Probiotic
9219,-570.8036467899084,-312.3874461891906,219334.4.sbml.csv,Vaginal Probiotic
9220,1073.9343384996116,-920.0132406747376,219334.4.sbml.csv,Vaginal Probiotic
9221,-134.0377457387309,-450.8148296310932,219334.4.sbml.csv,Vaginal Probiotic
9222,224.54704032628996,177.71833331646587,219334.4.sbml.csv,Vaginal Probiotic
9223,1364.6975096822541,937.4461248059231,219334.4.sbml.csv,Vaginal Probiotic
9224,-1395.5852441311688,-117.74662204030881,219334.4.sbml.csv,Vaginal Probiotic
9225,-656.2809233224413,939.064008563233,219334.4.sbml.csv,Vaginal Probiotic
9226,-677.9914663770444,-354.24622196116576,219334.4.sbml.csv,Vaginal Probiotic
9227,-109.93601309779899,672.5675221816958,219334.4.sbml.csv,Vaginal Probiotic
9228,-785.3993683211164,-697.6930168530436,219334.4.sbml.csv,Vaginal Probiotic
9229,379.5219128762353,-1198.369983939122,219334.4.sbml.csv,Vaginal Probiotic
9230,2286.8959398312627,-1153.0208921418875,219334.4.sbml.csv,Vaginal Probiotic
9231,256.57237461002995,-1215.3708531096909,219334.4.sbml.csv,Vaginal Probiotic
9232,-1166.5664776731187,453.36546399739285,219334.4.sbml.csv,Vaginal Probiotic
9233,709.1416212758078,-85.69562625720792,219334.4.sbml.csv,Vaginal Probiotic
9234,-1068.1668409329552,-516.0151065084174,219334.4.sbml.csv,Vaginal Probiotic
9235,163.37003064816787,319.59300075502443,219334.4.sbml.csv,Vaginal Probiotic
9236,-253.44127325566006,-385.2401383984697,219334.4.sbml.csv,Vaginal Probiotic
9237,650.4488912734688,-159.34039811348563,219334.4.sbml.csv,Vaginal Probiotic
9238,1112.0044056383624,251.3319030666597,219334.4.sbml.csv,Vaginal Probiotic
9239,1799.7667627173216,577.2718023691056,219334.4.sbml.csv,Vaginal Probiotic
9240,-1300.6971538974321,816.4739819190137,219334.4.sbml.csv,Vaginal Probiotic
9241,470.86645130406123,562.4935291278798,219334.4.sbml.csv,Vaginal Probiotic
9242,-403.8545672632801,-191.0265860730487,219334.4.sbml.csv,Vaginal Probiotic
9243,-599.7969127335633,-136.49971697774777,219334.4.sbml.csv,Vaginal Probiotic
9244,-455.2134670452768,-548.3693916019843,219334.4.sbml.csv,Vaginal Probiotic
9245,-745.8891280559484,1021.7599642805193,219334.4.sbml.csv,Vaginal Probiotic
9246,-2369.8483758166562,1420.6050139807835,219334.4.sbml.csv,Vaginal Probiotic
9247,-798.3068309407757,-202.3962445084297,219334.4.sbml.csv,Vaginal Probiotic
9248,-806.9470375042195,730.9743013191112,219334.4.sbml.csv,Vaginal Probiotic
9249,1195.1136783874872,-351.62323900009375,219334.4.sbml.csv,Vaginal Probiotic
9250,869.6916631907386,1899.8930269919792,47770.632.sbml.csv,Vaginal Probiotic
9251,-675.4409161779702,1543.686827881423,47770.632.sbml.csv,Vaginal Probiotic
9252,-1868.613193167326,2809.39727363884,47770.632.sbml.csv,Vaginal Probiotic
9253,-1614.670071666394,1753.9208332532864,47770.632.sbml.csv,Vaginal Probiotic
9254,-1797.105417220377,2059.4738576000645,47770.632.sbml.csv,Vaginal Probiotic
9255,-658.3708430440394,1475.7622694046224,47770.632.sbml.csv,Vaginal Probiotic
9256,-291.60591593091425,2742.501555325038,47770.632.sbml.csv,Vaginal Probiotic
9257,-1999.6809286959221,2433.4291777441376,47770.632.sbml.csv,Vaginal Probiotic
9258,-287.79724701427057,611.8796099676205,47770.632.sbml.csv,Vaginal Probiotic
9259,764.374957792114,1876.8655357281602,47770.632.sbml.csv,Vaginal Probiotic
9260,-1538.812898264615,2520.7830330362067,47770.632.sbml.csv,Vaginal Probiotic
9261,-2057.7897861116567,2793.9755527963944,47770.632.sbml.csv,Vaginal Probiotic
9262,-774.1826580728067,1122.605930015448,47770.632.sbml.csv,Vaginal Probiotic
9263,625.9617525932001,1140.7660603104969,47770.632.sbml.csv,Vaginal Probiotic
9264,960.0976600897693,1997.1967624914491,47770.632.sbml.csv,Vaginal Probiotic
9265,-1389.293421667481,1570.4618649259824,47770.632.sbml.csv,Vaginal Probiotic
9266,-1079.2425961659571,1139.4824456659296,47770.632.sbml.csv,Vaginal Probiotic
9267,375.825688172643,1670.0859107523377,47770.632.sbml.csv,Vaginal Probiotic
9268,-1331.4086766915084,1529.825934277753,47770.632.sbml.csv,Vaginal Probiotic
9269,-2197.6767429787833,1824.510577990177,47770.632.sbml.csv,Vaginal Probiotic
9270,-1792.5230195312183,2976.8995825360807,47770.632.sbml.csv,Vaginal Probiotic
9271,-611.792934594389,2001.6813623298522,47770.632.sbml.csv,Vaginal Probiotic
9272,314.269878763582,1940.292397419052,47770.632.sbml.csv,Vaginal Probiotic
9273,-1631.753613417044,3304.1033953213696,47770.632.sbml.csv,Vaginal Probiotic
9274,137.83728246503148,1186.5976041158267,47770.632.sbml.csv,Vaginal Probiotic
9275,-894.6337678607755,2749.373273387522,47770.632.sbml.csv,Vaginal Probiotic
9276,-22.982218138819295,2843.6281284537395,47770.632.sbml.csv,Vaginal Probiotic
9277,-1309.6638152484024,2354.2440261213032,47770.632.sbml.csv,Vaginal Probiotic
9278,-1060.1348868796438,2244.261941892129,47770.632.sbml.csv,Vaginal Probiotic
9279,-1007.8934425973752,2343.888491670099,47770.632.sbml.csv,Vaginal Probiotic
9280,-1221.3872135324584,691.0185052057435,47770.632.sbml.csv,Vaginal Probiotic
9281,-231.60822841422166,2265.3235148201184,47770.632.sbml.csv,Vaginal Probiotic
9282,1097.4371854625535,2389.6584907316023,47770.632.sbml.csv,Vaginal Probiotic
9283,-126.8410270334817,1513.0946951871354,47770.632.sbml.csv,Vaginal Probiotic
9284,-282.7388828081779,3739.9868530191184,47770.632.sbml.csv,Vaginal Probiotic
9285,-2560.1718865774696,2312.0123050207562,47770.632.sbml.csv,Vaginal Probiotic
9286,546.0536522897428,901.6072311353408,47770.632.sbml.csv,Vaginal Probiotic
9287,-2386.5201464950114,2024.7998312107131,47770.632.sbml.csv,Vaginal Probiotic
9288,1234.3329259627708,1715.1646196170473,47770.632.sbml.csv,Vaginal Probiotic
9289,542.2910497480322,1407.0372847549154,47770.632.sbml.csv,Vaginal Probiotic
9290,-1675.347737491012,2666.329470915213,47770.632.sbml.csv,Vaginal Probiotic
9291,-252.7164008907314,2873.2852359359727,47770.632.sbml.csv,Vaginal Probiotic
9292,-1059.8211258574938,1307.6690114382593,47770.632.sbml.csv,Vaginal Probiotic
9293,-1295.917101447057,2551.1421567248,47770.632.sbml.csv,Vaginal Probiotic
9294,-575.5774646804164,1584.9447636273383,47770.632.sbml.csv,Vaginal Probiotic
9295,-598.3199515755283,1736.253975266966,47770.632.sbml.csv,Vaginal Probiotic
9296,-2682.906544722929,2059.9093134085497,47770.632.sbml.csv,Vaginal Probiotic
9297,-766.9698520614314,1137.1281252516826,47770.632.sbml.csv,Vaginal Probiotic
9298,-276.4632371554312,2752.8066335481703,47770.632.sbml.csv,Vaginal Probiotic
9299,-2026.5776064625884,1136.5880487115323,47770.632.sbml.csv,Vaginal Probiotic
9300,-1995.581380875564,2251.310610748819,47770.632.sbml.csv,Vaginal Probiotic
9301,-1391.0919587562994,1771.7648485561938,47770.632.sbml.csv,Vaginal Probiotic
9302,186.7301471369181,1240.5448458797252,47770.632.sbml.csv,Vaginal Probiotic
9303,-446.1094277905175,1866.8305379940384,47770.632.sbml.csv,Vaginal Probiotic
9304,-2132.332394589167,3332.1057324763874,47770.632.sbml.csv,Vaginal Probiotic
9305,-63.57355747745184,1644.3390917534819,47770.632.sbml.csv,Vaginal Probiotic
9306,-1006.1455716964401,2346.657275025094,47770.632.sbml.csv,Vaginal Probiotic
9307,-1454.9072070463828,2968.881179896083,47770.632.sbml.csv,Vaginal Probiotic
9308,-1080.3556904097243,650.0120181650075,47770.632.sbml.csv,Vaginal Probiotic
9309,-1075.8430679451653,1743.1078458933273,47770.632.sbml.csv,Vaginal Probiotic
9310,-1409.009625364982,2823.9841648968136,47770.632.sbml.csv,Vaginal Probiotic
9311,162.38103603790918,2374.919935273096,47770.632.sbml.csv,Vaginal Probiotic
9312,-773.7538726081157,2740.1867642800416,47770.632.sbml.csv,Vaginal Probiotic
9313,-995.8489968795102,2833.6786075472196,47770.632.sbml.csv,Vaginal Probiotic
9314,52.209601538932894,2600.8453413457028,47770.632.sbml.csv,Vaginal Probiotic
9315,-269.5500458645473,2228.1127505447757,47770.632.sbml.csv,Vaginal Probiotic
9316,-931.1384157485209,2976.379695896897,47770.632.sbml.csv,Vaginal Probiotic
9317,-798.0478948056641,1325.82834038021,47770.632.sbml.csv,Vaginal Probiotic
9318,-1089.2223144195898,3154.8647588539966,47770.632.sbml.csv,Vaginal Probiotic
9319,-1128.9320500245724,62.36944597355833,47770.632.sbml.csv,Vaginal Probiotic
9320,-442.1672071358854,2575.3521925920304,47770.632.sbml.csv,Vaginal Probiotic
9321,-2184.0514690581685,1239.7758334608527,47770.632.sbml.csv,Vaginal Probiotic
9322,-2077.8927316714953,2314.118079536553,47770.632.sbml.csv,Vaginal Probiotic
9323,-1019.908025007833,1637.6094285380138,47770.632.sbml.csv,Vaginal Probiotic
9324,-496.82954763544495,2608.5432209528644,47770.632.sbml.csv,Vaginal Probiotic
9325,-1139.8022590072335,3454.166825992195,47770.632.sbml.csv,Vaginal Probiotic
9326,-848.4219911882086,2195.883001416312,47770.632.sbml.csv,Vaginal Probiotic
9327,-371.18090465706285,1985.474382307288,47770.632.sbml.csv,Vaginal Probiotic
9328,-2737.8208950119492,2441.5554397056267,47770.632.sbml.csv,Vaginal Probiotic
9329,-1549.1773407713356,2876.3522577682847,47770.632.sbml.csv,Vaginal Probiotic
9330,-460.1799259752733,1578.9642009240172,47770.632.sbml.csv,Vaginal Probiotic
9331,-573.1731198106993,3432.6340878151923,47770.632.sbml.csv,Vaginal Probiotic
9332,-1040.9437259556037,1871.8130890226373,47770.632.sbml.csv,Vaginal Probiotic
9333,-1858.1039793829157,1970.3551850792185,47770.632.sbml.csv,Vaginal Probiotic
9334,331.85245066876735,1461.5328227015623,47770.632.sbml.csv,Vaginal Probiotic
9335,-163.86544066167136,3324.9285202330716,47770.632.sbml.csv,Vaginal Probiotic
9336,-2023.5852903529515,2393.457279853345,47770.632.sbml.csv,Vaginal Probiotic
9337,-2328.2731766308248,2941.2024149744384,47770.632.sbml.csv,Vaginal Probiotic
9338,-1864.8096341655148,2923.0677801217544,47770.632.sbml.csv,Vaginal Probiotic
9339,-2689.943567111465,2466.9293673559037,47770.632.sbml.csv,Vaginal Probiotic
9340,-891.6889093107611,3239.888565206975,47770.632.sbml.csv,Vaginal Probiotic
9341,325.9940299821022,1035.7379949776462,47770.632.sbml.csv,Vaginal Probiotic
9342,-561.1633592574899,3278.5604188218545,47770.632.sbml.csv,Vaginal Probiotic
9343,-1945.3189279365645,3179.4266011179593,47770.632.sbml.csv,Vaginal Probiotic
9344,-611.0364846257177,2607.974778809007,47770.632.sbml.csv,Vaginal Probiotic
9345,-836.9386502683444,2035.134761109495,47770.632.sbml.csv,Vaginal Probiotic
9346,-770.8027309179707,3508.7281757975834,47770.632.sbml.csv,Vaginal Probiotic
9347,-2523.216477578801,2069.956254209245,47770.632.sbml.csv,Vaginal Probiotic
9348,-2254.6582051707287,1778.6108837832655,47770.632.sbml.csv,Vaginal Probiotic
9349,-1958.0906220939444,2183.0192054775885,47770.632.sbml.csv,Vaginal Probiotic
9350,-2040.0022922405242,2020.9143566560588,47770.632.sbml.csv,Vaginal Probiotic
9351,-1964.6524740862558,3255.9090019948853,47770.632.sbml.csv,Vaginal Probiotic
9352,-2090.405615517755,2863.020383210701,47770.632.sbml.csv,Vaginal Probiotic
9353,-427.2510928498039,2836.097116297981,47770.632.sbml.csv,Vaginal Probiotic
9354,-1984.5412141346417,1895.8274416893205,47770.632.sbml.csv,Vaginal Probiotic
9355,-807.8004798381223,1570.360719063735,47770.632.sbml.csv,Vaginal Probiotic
9356,-789.0218295561226,2148.7228793609174,47770.632.sbml.csv,Vaginal Probiotic
9357,-1519.658598811091,2913.640170208344,47770.632.sbml.csv,Vaginal Probiotic
9358,-2687.00643974232,2356.862954549105,47770.632.sbml.csv,Vaginal Probiotic
9359,-1012.5568662870293,2741.136021015104,47770.632.sbml.csv,Vaginal Probiotic
9360,-807.7542852820543,2830.9288573872823,47770.632.sbml.csv,Vaginal Probiotic
9361,-653.2888250419235,2597.1766955016396,47770.632.sbml.csv,Vaginal Probiotic
9362,-1606.5722628083402,653.2548236475038,47770.632.sbml.csv,Vaginal Probiotic
9363,302.1018648951243,1070.1685647331208,47770.632.sbml.csv,Vaginal Probiotic
9364,-21.064803627727773,1656.8626261420839,47770.632.sbml.csv,Vaginal Probiotic
9365,-1862.941491948928,2734.285079106643,47770.632.sbml.csv,Vaginal Probiotic
9366,-1268.5186333681863,1906.6532609136293,47770.632.sbml.csv,Vaginal Probiotic
9367,319.9300547591435,2450.5229109745706,47770.632.sbml.csv,Vaginal Probiotic
9368,240.48749631076262,2219.1309548041913,47770.632.sbml.csv,Vaginal Probiotic
9369,-1943.4659981009456,1567.7537730753677,47770.632.sbml.csv,Vaginal Probiotic
9370,-1941.8321621043212,2447.2202529989977,47770.632.sbml.csv,Vaginal Probiotic
9371,-1569.6694206260208,3721.024393091478,47770.632.sbml.csv,Vaginal Probiotic
9372,-1780.213057600028,2564.026837534868,47770.632.sbml.csv,Vaginal Probiotic
9373,-2542.517539230036,1452.9592136319222,47770.632.sbml.csv,Vaginal Probiotic
9374,-2556.0773156020123,2516.3653415559866,47770.632.sbml.csv,Vaginal Probiotic
9375,-1088.666133852919,2911.701895726956,47770.632.sbml.csv,Vaginal Probiotic
9376,-180.33353158329015,1957.9934808536916,47770.632.sbml.csv,Vaginal Probiotic
9377,-898.2366358527933,2465.612417891306,47770.632.sbml.csv,Vaginal Probiotic
9378,-1896.3899025936366,2392.560622175994,47770.632.sbml.csv,Vaginal Probiotic
9379,-918.111634302312,2164.038078824939,47770.632.sbml.csv,Vaginal Probiotic
9380,-452.4993374537142,1316.432900388262,47770.632.sbml.csv,Vaginal Probiotic
9381,-2348.1876855838927,2034.0926099125206,47770.632.sbml.csv,Vaginal Probiotic
9382,-896.0341015431936,1823.8319973226808,47770.632.sbml.csv,Vaginal Probiotic
9383,-114.22740669919813,2489.2746020734526,47770.632.sbml.csv,Vaginal Probiotic
9384,-1761.3502849557963,2792.0395926756164,47770.632.sbml.csv,Vaginal Probiotic
9385,-1873.2087561351457,2958.0747933364587,47770.632.sbml.csv,Vaginal Probiotic
9386,-2266.2501467073644,3185.306825180279,47770.632.sbml.csv,Vaginal Probiotic
9387,-1224.8309378158601,2466.254127903144,47770.632.sbml.csv,Vaginal Probiotic
9388,-3157.0840470806006,3196.8086045620007,47770.632.sbml.csv,Vaginal Probiotic
9389,439.0763262263457,2588.8538462325046,47770.632.sbml.csv,Vaginal Probiotic
9390,-2438.030873351291,3150.9660774086265,47770.632.sbml.csv,Vaginal Probiotic
9391,-593.022204902654,2771.772583805338,47770.632.sbml.csv,Vaginal Probiotic
9392,-1652.9344222406469,3128.208653374156,47770.632.sbml.csv,Vaginal Probiotic
9393,-2641.129952802335,2639.835404259701,47770.632.sbml.csv,Vaginal Probiotic
9394,-2293.9400502316926,2898.6550694034513,47770.632.sbml.csv,Vaginal Probiotic
9395,-1283.408147951106,3389.833968444438,47770.632.sbml.csv,Vaginal Probiotic
9396,-357.672474948725,1449.7378680686668,47770.632.sbml.csv,Vaginal Probiotic
9397,-2490.0331800263943,2343.1620547324246,47770.632.sbml.csv,Vaginal Probiotic
9398,-1652.6279243713443,1253.9846364055222,47770.632.sbml.csv,Vaginal Probiotic
9399,150.79756417206394,1749.0885133953666,47770.632.sbml.csv,Vaginal Probiotic
9400,-1253.4132749074681,833.9139654187348,47770.632.sbml.csv,Vaginal Probiotic
9401,-805.0267841528433,2964.795588907593,47770.632.sbml.csv,Vaginal Probiotic
9402,1044.402308812032,2168.652983211912,47770.632.sbml.csv,Vaginal Probiotic
9403,-1197.1738578268541,3776.5598168603087,47770.632.sbml.csv,Vaginal Probiotic
9404,-859.1698558191641,2063.383913351653,47770.632.sbml.csv,Vaginal Probiotic
9405,-2385.3332805041277,2574.3935926871627,47770.632.sbml.csv,Vaginal Probiotic
9406,-1559.7625080871426,3489.697872918231,47770.632.sbml.csv,Vaginal Probiotic
9407,-1915.4221998843761,2404.4742243355945,47770.632.sbml.csv,Vaginal Probiotic
9408,-893.2348256721334,2146.142464287292,47770.632.sbml.csv,Vaginal Probiotic
9409,-2213.52909745031,3138.9864914466425,47770.632.sbml.csv,Vaginal Probiotic
9410,-525.7912490673982,2446.0767135295578,47770.632.sbml.csv,Vaginal Probiotic
9411,-2596.9396378649662,3196.4494210099797,47770.632.sbml.csv,Vaginal Probiotic
9412,-2742.876525381504,1190.4973419921487,47770.632.sbml.csv,Vaginal Probiotic
9413,-725.7265179700399,1461.5757296926347,47770.632.sbml.csv,Vaginal Probiotic
9414,-2324.8399227598466,2394.925975752454,47770.632.sbml.csv,Vaginal Probiotic
9415,888.4702260480152,1027.6346255755836,47770.632.sbml.csv,Vaginal Probiotic
9416,-2151.394587186173,2452.970351620428,47770.632.sbml.csv,Vaginal Probiotic
9417,-1144.5155036399947,2039.087907940043,47770.632.sbml.csv,Vaginal Probiotic
9418,-2209.6561650658477,3615.1338260375715,47770.632.sbml.csv,Vaginal Probiotic
9419,-1411.3638734064994,2444.962331697272,47770.632.sbml.csv,Vaginal Probiotic
9420,-910.6264260345969,1962.005346145065,47770.632.sbml.csv,Vaginal Probiotic
9421,506.58748169760185,1735.8121654280803,47770.632.sbml.csv,Vaginal Probiotic
9422,-962.5160852862678,2430.6375849533556,47770.632.sbml.csv,Vaginal Probiotic
9423,-598.8847646813897,591.4443447624785,47770.632.sbml.csv,Vaginal Probiotic
9424,-18.968106395376886,1658.8668335801729,47770.632.sbml.csv,Vaginal Probiotic
9425,-1078.8196265481492,889.9135558534953,47770.632.sbml.csv,Vaginal Probiotic
9426,792.7163724118981,1853.2421913865428,47770.632.sbml.csv,Vaginal Probiotic
9427,-832.492690994114,2746.016183649616,47770.632.sbml.csv,Vaginal Probiotic
9428,-849.4656405021422,1497.6390640392801,47770.632.sbml.csv,Vaginal Probiotic
9429,-2214.0849877161813,1388.126521059824,47770.632.sbml.csv,Vaginal Probiotic
9430,-373.38037815223976,3075.201375541458,47770.632.sbml.csv,Vaginal Probiotic
9431,-845.7218473108089,3493.848613149399,47770.632.sbml.csv,Vaginal Probiotic
9432,-810.6437422763148,1138.540524989178,47770.632.sbml.csv,Vaginal Probiotic
9433,-1962.7141047183209,2988.3823248457243,47770.632.sbml.csv,Vaginal Probiotic
9434,-1129.7215787528858,1733.6235934291622,47770.632.sbml.csv,Vaginal Probiotic
9435,98.10138784734639,2523.354485628907,47770.632.sbml.csv,Vaginal Probiotic
9436,-2170.4928737485343,1393.7429807185404,47770.632.sbml.csv,Vaginal Probiotic
9437,-263.34990392118374,2029.2329344409548,47770.632.sbml.csv,Vaginal Probiotic
9438,-2679.534941374085,3134.065889764522,47770.632.sbml.csv,Vaginal Probiotic
9439,-395.64492836708274,2071.218680746207,47770.632.sbml.csv,Vaginal Probiotic
9440,-2768.4854897120954,2470.325871271592,47770.632.sbml.csv,Vaginal Probiotic
9441,-593.3462133132656,3503.150407377777,47770.632.sbml.csv,Vaginal Probiotic
9442,-1419.8923813113045,2186.4803596741103,47770.632.sbml.csv,Vaginal Probiotic
9443,-2005.9568410205827,3012.670520545417,47770.632.sbml.csv,Vaginal Probiotic
9444,-1650.3653891535066,1471.8605323315858,47770.632.sbml.csv,Vaginal Probiotic
9445,-3205.258001710143,3076.228502405237,47770.632.sbml.csv,Vaginal Probiotic
9446,-1752.9712139551723,2797.721099329508,47770.632.sbml.csv,Vaginal Probiotic
9447,-1341.4301533750618,2817.5714660762324,47770.632.sbml.csv,Vaginal Probiotic
9448,-1613.0189679469559,3383.0617045062354,47770.632.sbml.csv,Vaginal Probiotic
9449,-974.1388792976154,2796.47308840955,47770.632.sbml.csv,Vaginal Probiotic
9450,-855.3302793164376,1848.1609459943702,47770.632.sbml.csv,Vaginal Probiotic
9451,657.6205423210656,1688.5626600114717,47770.632.sbml.csv,Vaginal Probiotic
9452,-746.8982723838176,3488.920090884372,47770.632.sbml.csv,Vaginal Probiotic
9453,391.2060857785351,775.0011552810569,47770.632.sbml.csv,Vaginal Probiotic
9454,-1585.6779436676748,2393.4019150757526,47770.632.sbml.csv,Vaginal Probiotic
9455,-1561.189138405283,2625.731417962051,47770.632.sbml.csv,Vaginal Probiotic
9456,-773.5369794615827,2981.3724816119907,47770.632.sbml.csv,Vaginal Probiotic
9457,-488.4309679143067,3611.212459406845,47770.632.sbml.csv,Vaginal Probiotic
9458,-741.2730105431343,2699.9085869448295,47770.632.sbml.csv,Vaginal Probiotic
9459,-1940.5074001620885,3054.7579792264937,47770.632.sbml.csv,Vaginal Probiotic
9460,-1882.2385092226834,1741.1729138137987,47770.632.sbml.csv,Vaginal Probiotic
9461,-1546.4390032033248,2358.9042254274873,47770.632.sbml.csv,Vaginal Probiotic
9462,-706.5562449385418,3533.7120778712715,47770.632.sbml.csv,Vaginal Probiotic
9463,-2396.121513695368,2364.3494218455594,47770.632.sbml.csv,Vaginal Probiotic
9464,-500.888063520027,245.93060679336554,47770.632.sbml.csv,Vaginal Probiotic
9465,-1356.2344727092582,3351.7578786185127,47770.632.sbml.csv,Vaginal Probiotic
9466,-205.91174958668705,3643.0221066513736,47770.632.sbml.csv,Vaginal Probiotic
9467,-1883.6324064462785,2044.2137009254077,47770.632.sbml.csv,Vaginal Probiotic
9468,-497.39689152983243,2096.0288246689724,47770.632.sbml.csv,Vaginal Probiotic
9469,-3151.2128937513003,2088.2340780919935,47770.632.sbml.csv,Vaginal Probiotic
9470,-1938.109939545917,1542.7719513606637,47770.632.sbml.csv,Vaginal Probiotic
9471,-1951.2776051683722,2454.971044318302,47770.632.sbml.csv,Vaginal Probiotic
9472,-1615.94656670725,2969.6627996405487,47770.632.sbml.csv,Vaginal Probiotic
9473,-2177.200268819397,2517.1040726236556,47770.632.sbml.csv,Vaginal Probiotic
9474,-2180.8164724440658,1618.1947982113509,47770.632.sbml.csv,Vaginal Probiotic
9475,-878.6963815445154,1469.240110878604,47770.632.sbml.csv,Vaginal Probiotic
9476,-929.8528437724012,2067.415166926299,47770.632.sbml.csv,Vaginal Probiotic
9477,-419.06353317598797,1421.9307933336374,47770.632.sbml.csv,Vaginal Probiotic
9478,-913.3007620321506,2374.3964446867585,47770.632.sbml.csv,Vaginal Probiotic
9479,-1992.2583158679251,2375.078427579131,47770.632.sbml.csv,Vaginal Probiotic
9480,-893.040190048335,1511.831364930429,47770.632.sbml.csv,Vaginal Probiotic
9481,-2151.952730987398,2838.643021818658,47770.632.sbml.csv,Vaginal Probiotic
9482,-975.2579648437502,1595.687486150039,47770.632.sbml.csv,Vaginal Probiotic
9483,-1152.2865455222582,1615.1759488411847,47770.632.sbml.csv,Vaginal Probiotic
9484,-764.8104727952758,3230.082513549305,47770.632.sbml.csv,Vaginal Probiotic
9485,-1526.580172491208,1099.3263116553778,47770.632.sbml.csv,Vaginal Probiotic
9486,-443.46991234579275,3282.438683582953,47770.632.sbml.csv,Vaginal Probiotic
9487,-1871.9880604851728,1547.0304246660276,47770.632.sbml.csv,Vaginal Probiotic
9488,-1940.1501719220091,2810.6692288600875,47770.632.sbml.csv,Vaginal Probiotic
9489,-2718.15500374063,2681.0586453877972,47770.632.sbml.csv,Vaginal Probiotic
9490,-686.2786790652839,1486.687681342631,47770.632.sbml.csv,Vaginal Probiotic
9491,-1135.9154194474656,1000.9391690560981,47770.632.sbml.csv,Vaginal Probiotic
9492,-1895.2828662721392,2672.443268944036,47770.632.sbml.csv,Vaginal Probiotic
9493,-1031.2977148523003,2075.6638422791316,47770.632.sbml.csv,Vaginal Probiotic
9494,-1467.215716921399,1346.6805424824615,47770.632.sbml.csv,Vaginal Probiotic
9495,-1793.5247146637132,3378.067486469867,47770.632.sbml.csv,Vaginal Probiotic
9496,526.3026126484529,1048.238571558354,47770.632.sbml.csv,Vaginal Probiotic
9497,-1464.4447339524836,3000.0894021081144,47770.632.sbml.csv,Vaginal Probiotic
9498,-865.3218266430526,2921.780107822813,47770.632.sbml.csv,Vaginal Probiotic
9499,920.7379183834544,487.9558273115968,47770.632.sbml.csv,Vaginal Probiotic
9500,-637.5407213374898,-428.7137305318328,386414.5.sbml.csv,Vaginal Commensal
9501,732.8692255663045,-925.555444881261,386414.5.sbml.csv,Vaginal Commensal
9502,2394.511059906238,-774.5366384815295,386414.5.sbml.csv,Vaginal Commensal
9503,2017.7086672520852,-168.922415840865,386414.5.sbml.csv,Vaginal Commensal
9504,529.9490712865419,-1314.37326336131,386414.5.sbml.csv,Vaginal Commensal
9505,1271.420560242104,-152.5731254174497,386414.5.sbml.csv,Vaginal Commensal
9506,1652.1061771411291,-424.25043710560453,386414.5.sbml.csv,Vaginal Commensal
9507,916.5581952254424,-153.77192669494485,386414.5.sbml.csv,Vaginal Commensal
9508,1676.6388668974525,-888.6781220949863,386414.5.sbml.csv,Vaginal Commensal
9509,1593.0416961643157,-286.48556240244665,386414.5.sbml.csv,Vaginal Commensal
9510,1186.5248954909318,-1128.8336023795039,386414.5.sbml.csv,Vaginal Commensal
9511,-897.3431907269863,169.878878768222,386414.5.sbml.csv,Vaginal Commensal
9512,2240.192900542614,-668.513124851791,386414.5.sbml.csv,Vaginal Commensal
9513,863.6120892303406,-322.80351799203754,386414.5.sbml.csv,Vaginal Commensal
9514,2243.8928692399904,264.5565010785031,386414.5.sbml.csv,Vaginal Commensal
9515,-329.0732250973352,409.41906909373347,386414.5.sbml.csv,Vaginal Commensal
9516,1706.3889613851784,-746.271050883274,386414.5.sbml.csv,Vaginal Commensal
9517,995.3272526431089,-641.3150575074114,386414.5.sbml.csv,Vaginal Commensal
9518,1290.44326981127,-74.75913342667836,386414.5.sbml.csv,Vaginal Commensal
9519,-872.2924772263765,-318.89274296680367,386414.5.sbml.csv,Vaginal Commensal
9520,2559.0304595062503,47.89632363334446,386414.5.sbml.csv,Vaginal Commensal
9521,2288.430838257835,-1061.4679222036098,386414.5.sbml.csv,Vaginal Commensal
9522,2356.318658549544,-747.7329191595036,386414.5.sbml.csv,Vaginal Commensal
9523,2135.6044862792346,108.09344945077808,386414.5.sbml.csv,Vaginal Commensal
9524,2848.970617608217,-13.303299699161155,386414.5.sbml.csv,Vaginal Commensal
9525,1592.984363345089,-1506.0562896362396,386414.5.sbml.csv,Vaginal Commensal
9526,2252.911954271924,-551.305854186603,386414.5.sbml.csv,Vaginal Commensal
9527,-183.1364947374266,498.88431936247196,386414.5.sbml.csv,Vaginal Commensal
9528,1333.5617364228046,-352.80465711342754,386414.5.sbml.csv,Vaginal Commensal
9529,343.5269590224525,-1494.0192741671196,386414.5.sbml.csv,Vaginal Commensal
9530,-1176.8342046593157,-394.2615751091162,386414.5.sbml.csv,Vaginal Commensal
9531,295.5436703796701,-789.0644224415428,386414.5.sbml.csv,Vaginal Commensal
9532,120.02073732057882,-754.8296549443476,386414.5.sbml.csv,Vaginal Commensal
9533,2718.3871834630677,-311.6597063554809,386414.5.sbml.csv,Vaginal Commensal
9534,2266.910787859425,-419.95445373240346,386414.5.sbml.csv,Vaginal Commensal
9535,1050.2379367772598,-93.89218566510048,386414.5.sbml.csv,Vaginal Commensal
9536,3068.3547302506854,-474.9561033962721,386414.5.sbml.csv,Vaginal Commensal
9537,376.578311149847,-1457.936693063166,386414.5.sbml.csv,Vaginal Commensal
9538,2413.0451746325066,-678.5677849203504,386414.5.sbml.csv,Vaginal Commensal
9539,9.056784802267144,-247.88710186653412,386414.5.sbml.csv,Vaginal Commensal
9540,1032.5873817693523,-808.8208250991753,386414.5.sbml.csv,Vaginal Commensal
9541,1854.6444443051082,-136.4245835276747,386414.5.sbml.csv,Vaginal Commensal
9542,-1006.1330716552043,404.79223750972017,386414.5.sbml.csv,Vaginal Commensal
9543,1762.8247750377514,564.9089361991457,386414.5.sbml.csv,Vaginal Commensal
9544,1395.8388202596732,-591.3790568230667,386414.5.sbml.csv,Vaginal Commensal
9545,1831.621962552278,-45.15359310256474,386414.5.sbml.csv,Vaginal Commensal
9546,-217.41822038376935,-786.0390301100374,386414.5.sbml.csv,Vaginal Commensal
9547,1673.24568441735,69.55096189486027,386414.5.sbml.csv,Vaginal Commensal
9548,1904.0663262658275,-1525.081877838224,386414.5.sbml.csv,Vaginal Commensal
9549,2358.251767360606,-846.9840863563054,386414.5.sbml.csv,Vaginal Commensal
9550,1594.4523483092817,-730.684045966119,386414.5.sbml.csv,Vaginal Commensal
9551,931.7772788682812,-21.160040532740517,386414.5.sbml.csv,Vaginal Commensal
9552,1311.3539718217744,-65.95848309951772,386414.5.sbml.csv,Vaginal Commensal
9553,1744.2632996077677,-541.1773804907396,386414.5.sbml.csv,Vaginal Commensal
9554,2472.1954649851677,114.2504257822317,386414.5.sbml.csv,Vaginal Commensal
9555,2516.8352819864713,95.06393807138619,386414.5.sbml.csv,Vaginal Commensal
9556,1556.788829703555,-291.9347932923884,386414.5.sbml.csv,Vaginal Commensal
9557,2512.2587952827166,-385.89871359841976,386414.5.sbml.csv,Vaginal Commensal
9558,-262.927517680254,325.35385969604863,386414.5.sbml.csv,Vaginal Commensal
9559,2752.249466333716,-458.56611960014595,386414.5.sbml.csv,Vaginal Commensal
9560,3027.104739916431,-203.87662786266526,386414.5.sbml.csv,Vaginal Commensal
9561,-456.2786288320449,-933.7349718921135,386414.5.sbml.csv,Vaginal Commensal
9562,2173.4120283038797,-616.8015167576216,386414.5.sbml.csv,Vaginal Commensal
9563,2565.479726921348,-507.13185389860024,386414.5.sbml.csv,Vaginal Commensal
9564,1421.2195380126266,-1356.3780802900828,386414.5.sbml.csv,Vaginal Commensal
9565,1484.2205101276336,47.8661661363977,386414.5.sbml.csv,Vaginal Commensal
9566,-176.11389257167247,-644.673635060011,386414.5.sbml.csv,Vaginal Commensal
9567,2234.383842372621,-891.1438730008548,386414.5.sbml.csv,Vaginal Commensal
9568,-788.8868376683184,240.53919571536136,386414.5.sbml.csv,Vaginal Commensal
9569,20.567826423702844,-427.75050448857843,386414.5.sbml.csv,Vaginal Commensal
9570,1280.6665841937686,481.1412198539337,386414.5.sbml.csv,Vaginal Commensal
9571,637.297985545955,-1075.1026359130356,386414.5.sbml.csv,Vaginal Commensal
9572,-971.4765064470021,-778.7574642044985,386414.5.sbml.csv,Vaginal Commensal
9573,1271.3638843055126,-68.66570406470169,386414.5.sbml.csv,Vaginal Commensal
9574,-1579.83203508056,-1968.264125838587,386414.5.sbml.csv,Vaginal Commensal
9575,281.24194619315034,-930.4292916646178,386414.5.sbml.csv,Vaginal Commensal
9576,491.58614859162867,-583.5427861070696,386414.5.sbml.csv,Vaginal Commensal
9577,366.0956987110405,-283.6152088515322,386414.5.sbml.csv,Vaginal Commensal
9578,2637.0244561458376,204.17599675408326,386414.5.sbml.csv,Vaginal Commensal
9579,827.8346205535915,-231.5581999587369,386414.5.sbml.csv,Vaginal Commensal
9580,2326.004941756264,-498.9866629920321,386414.5.sbml.csv,Vaginal Commensal
9581,800.1494151621241,311.5374764859149,386414.5.sbml.csv,Vaginal Commensal
9582,2267.287564590776,-81.00260946986478,386414.5.sbml.csv,Vaginal Commensal
9583,2048.3896739254706,-777.2085052610653,386414.5.sbml.csv,Vaginal Commensal
9584,2113.6660291415487,-76.64796658452482,386414.5.sbml.csv,Vaginal Commensal
9585,555.147278587506,13.988248372263948,386414.5.sbml.csv,Vaginal Commensal
9586,-1735.4506462478437,291.8456578559409,386414.5.sbml.csv,Vaginal Commensal
9587,-280.9140925862067,-72.805933146283,386414.5.sbml.csv,Vaginal Commensal
9588,2029.3138296592733,101.56500529485504,386414.5.sbml.csv,Vaginal Commensal
9589,1833.8109978285381,-2117.506796199709,386414.5.sbml.csv,Vaginal Commensal
9590,1538.591114663649,-0.9826423030100914,386414.5.sbml.csv,Vaginal Commensal
9591,822.4430995638032,325.76190584001534,386414.5.sbml.csv,Vaginal Commensal
9592,1202.021099892682,-133.70156661720344,386414.5.sbml.csv,Vaginal Commensal
9593,2045.6061142760252,-842.7367554540376,386414.5.sbml.csv,Vaginal Commensal
9594,-468.6038765800979,-537.5782233806111,386414.5.sbml.csv,Vaginal Commensal
9595,1714.414834922208,-226.33186284017907,386414.5.sbml.csv,Vaginal Commensal
9596,2785.4568434671364,-677.0511460539826,386414.5.sbml.csv,Vaginal Commensal
9597,869.5231534277565,-404.06602184422127,386414.5.sbml.csv,Vaginal Commensal
9598,1046.0883356304935,-949.0147264147685,386414.5.sbml.csv,Vaginal Commensal
9599,1006.7552907789111,407.4894302474495,386414.5.sbml.csv,Vaginal Commensal
9600,-883.1476313697599,-209.93976692980456,386414.5.sbml.csv,Vaginal Commensal
9601,-1258.3178573363514,770.8153426870547,386414.5.sbml.csv,Vaginal Commensal
9602,498.41559529149526,-1402.370863643993,386414.5.sbml.csv,Vaginal Commensal
9603,2816.395900751505,286.7480378458158,386414.5.sbml.csv,Vaginal Commensal
9604,2663.3313080948365,-137.33280696606835,386414.5.sbml.csv,Vaginal Commensal
9605,84.00111366377908,-762.020992708379,386414.5.sbml.csv,Vaginal Commensal
9606,3055.219319899016,-67.56715818934855,386414.5.sbml.csv,Vaginal Commensal
9607,-889.4688536700452,-770.0536327752944,386414.5.sbml.csv,Vaginal Commensal
9608,2970.67802315237,-215.234935679516,386414.5.sbml.csv,Vaginal Commensal
9609,1951.0484002165956,209.88544148357934,386414.5.sbml.csv,Vaginal Commensal
9610,2096.9418660210117,-31.494893658475803,386414.5.sbml.csv,Vaginal Commensal
9611,-986.6322364013483,-279.69797045676574,386414.5.sbml.csv,Vaginal Commensal
9612,-992.7219515413858,-220.2375875765629,386414.5.sbml.csv,Vaginal Commensal
9613,1650.560562362161,426.54958245471886,386414.5.sbml.csv,Vaginal Commensal
9614,-1102.731514407649,-436.7554079663643,386414.5.sbml.csv,Vaginal Commensal
9615,1044.129436924048,-293.05985095017377,386414.5.sbml.csv,Vaginal Commensal
9616,2675.8922540825524,-159.43616185672522,386414.5.sbml.csv,Vaginal Commensal
9617,2521.1903144944645,-311.4565394094719,386414.5.sbml.csv,Vaginal Commensal
9618,2484.225232034598,230.61056964284055,386414.5.sbml.csv,Vaginal Commensal
9619,2221.326354930548,22.98307824619261,386414.5.sbml.csv,Vaginal Commensal
9620,2477.0837067272687,-465.6039491986486,386414.5.sbml.csv,Vaginal Commensal
9621,-656.7488657018563,18.570298192752787,386414.5.sbml.csv,Vaginal Commensal
9622,-406.06235354542434,-263.41912124453467,386414.5.sbml.csv,Vaginal Commensal
9623,517.2239131279558,-104.57636991110716,386414.5.sbml.csv,Vaginal Commensal
9624,2109.6106889073276,-28.86954407048975,386414.5.sbml.csv,Vaginal Commensal
9625,816.8362215243866,-784.3419526727878,386414.5.sbml.csv,Vaginal Commensal
9626,-263.45045961062425,-411.55534932510625,386414.5.sbml.csv,Vaginal Commensal
9627,908.2958539221378,-1168.8278398235734,386414.5.sbml.csv,Vaginal Commensal
9628,2918.555263619191,-98.81774449147838,386414.5.sbml.csv,Vaginal Commensal
9629,1208.4235539076055,-477.9314848692077,386414.5.sbml.csv,Vaginal Commensal
9630,2407.8217628689786,-1155.6723920471563,386414.5.sbml.csv,Vaginal Commensal
9631,-116.24375014091139,-334.66171679251045,386414.5.sbml.csv,Vaginal Commensal
9632,108.0218232771421,-341.50704354635525,386414.5.sbml.csv,Vaginal Commensal
9633,2603.1108363003104,-576.7544155104957,386414.5.sbml.csv,Vaginal Commensal
9634,1822.16946204118,-514.585853981408,386414.5.sbml.csv,Vaginal Commensal
9635,2602.854676540142,-82.33729062182222,386414.5.sbml.csv,Vaginal Commensal
9636,2227.9961707510884,252.35915638223852,386414.5.sbml.csv,Vaginal Commensal
9637,1878.6188948178956,-383.4066403086012,386414.5.sbml.csv,Vaginal Commensal
9638,932.9556285727685,-203.05215339047032,386414.5.sbml.csv,Vaginal Commensal
9639,-823.8731704373018,-756.3700390456474,386414.5.sbml.csv,Vaginal Commensal
9640,-1569.2289078268914,-1162.7854688215127,386414.5.sbml.csv,Vaginal Commensal
9641,1680.429419350841,-1160.1829722379014,386414.5.sbml.csv,Vaginal Commensal
9642,-270.1398325768015,-538.0594373724533,386414.5.sbml.csv,Vaginal Commensal
9643,2798.1454101888994,-471.9405295580176,386414.5.sbml.csv,Vaginal Commensal
9644,436.98749993864374,-1518.528675179117,386414.5.sbml.csv,Vaginal Commensal
9645,2467.3709494239197,-910.0799670842673,386414.5.sbml.csv,Vaginal Commensal
9646,-1357.9118623022582,269.90853107286785,386414.5.sbml.csv,Vaginal Commensal
9647,2222.3849304895734,-1456.3702651909784,386414.5.sbml.csv,Vaginal Commensal
9648,624.2229747810488,399.74097466512154,386414.5.sbml.csv,Vaginal Commensal
9649,1763.2393664974975,-620.2729782451725,386414.5.sbml.csv,Vaginal Commensal
9650,-1088.05844704291,-1356.5719835153338,386414.5.sbml.csv,Vaginal Commensal
9651,375.114973927004,-262.0414650583483,386414.5.sbml.csv,Vaginal Commensal
9652,2164.441140930296,400.43010372564504,386414.5.sbml.csv,Vaginal Commensal
9653,-1030.1740920610591,-460.2373072596459,386414.5.sbml.csv,Vaginal Commensal
9654,1781.3542079702547,-374.8507951401954,386414.5.sbml.csv,Vaginal Commensal
9655,-501.9278250616145,-1342.5743452956906,386414.5.sbml.csv,Vaginal Commensal
9656,41.751171415275685,-1342.187565184844,386414.5.sbml.csv,Vaginal Commensal
9657,-555.9584282640541,649.800399791777,386414.5.sbml.csv,Vaginal Commensal
9658,502.96950883337604,-672.4942773922872,386414.5.sbml.csv,Vaginal Commensal
9659,2567.7520217025567,-244.10499342243776,386414.5.sbml.csv,Vaginal Commensal
9660,-641.2763300691045,201.461273199058,386414.5.sbml.csv,Vaginal Commensal
9661,357.7453705920708,-916.2921868102345,386414.5.sbml.csv,Vaginal Commensal
9662,2319.658742520789,-390.8587437528832,386414.5.sbml.csv,Vaginal Commensal
9663,2044.742641081322,-741.3151796494425,386414.5.sbml.csv,Vaginal Commensal
9664,2041.8605934591408,-756.4133201346642,386414.5.sbml.csv,Vaginal Commensal
9665,-294.22989836884676,475.05626868451577,386414.5.sbml.csv,Vaginal Commensal
9666,1578.726162798666,-515.5739989765934,386414.5.sbml.csv,Vaginal Commensal
9667,1307.189325302477,-1718.8221304298481,386414.5.sbml.csv,Vaginal Commensal
9668,2163.3228987007374,-554.0041408393171,386414.5.sbml.csv,Vaginal Commensal
9669,-393.2781967363463,-704.1375966087468,386414.5.sbml.csv,Vaginal Commensal
9670,1808.817074101596,468.8965874981578,386414.5.sbml.csv,Vaginal Commensal
9671,83.87151008931471,737.641593520076,386414.5.sbml.csv,Vaginal Commensal
9672,-746.2272971558243,-325.16822459402346,386414.5.sbml.csv,Vaginal Commensal
9673,1568.9216036708845,-761.7955975355046,386414.5.sbml.csv,Vaginal Commensal
9674,2988.150060601223,-435.9760036970571,386414.5.sbml.csv,Vaginal Commensal
9675,536.7622665365553,-1048.4199268156005,386414.5.sbml.csv,Vaginal Commensal
9676,1690.1844950913842,-1499.2571065914892,386414.5.sbml.csv,Vaginal Commensal
9677,2804.430190105002,-276.49517168713925,386414.5.sbml.csv,Vaginal Commensal
9678,2679.981321827843,333.73169692828594,386414.5.sbml.csv,Vaginal Commensal
9679,-115.5649263961628,-953.570242479956,386414.5.sbml.csv,Vaginal Commensal
9680,1099.9830093047615,-440.68089461724554,386414.5.sbml.csv,Vaginal Commensal
9681,-418.9493191392647,-1217.3656000224983,386414.5.sbml.csv,Vaginal Commensal
9682,400.3011251796326,-796.0143679945139,386414.5.sbml.csv,Vaginal Commensal
9683,182.10062199941027,-1064.6774045461543,386414.5.sbml.csv,Vaginal Commensal
9684,2006.0890852852049,-769.2509729320672,386414.5.sbml.csv,Vaginal Commensal
9685,433.12224231374495,-1484.8735307053985,386414.5.sbml.csv,Vaginal Commensal
9686,-592.6642455241255,-577.2783456398301,386414.5.sbml.csv,Vaginal Commensal
9687,2841.0972500710545,-1274.0658463511415,386414.5.sbml.csv,Vaginal Commensal
9688,-422.6798167113361,-81.59156360813118,386414.5.sbml.csv,Vaginal Commensal
9689,-218.67883380818216,-732.3219463019021,386414.5.sbml.csv,Vaginal Commensal
9690,-624.7284826640839,-207.4505748804451,386414.5.sbml.csv,Vaginal Commensal
9691,-1163.7496926999945,-2103.870068622198,386414.5.sbml.csv,Vaginal Commensal
9692,846.7367992044942,299.1993142580536,386414.5.sbml.csv,Vaginal Commensal
9693,3237.354219212387,-278.2086537131793,386414.5.sbml.csv,Vaginal Commensal
9694,-1265.4404716523707,-50.30573301472455,386414.5.sbml.csv,Vaginal Commensal
9695,513.3025308566728,-727.5708491882469,386414.5.sbml.csv,Vaginal Commensal
9696,3221.7367796808517,-113.32471747214338,386414.5.sbml.csv,Vaginal Commensal
9697,1580.7411234155893,-179.56984257989444,386414.5.sbml.csv,Vaginal Commensal
9698,437.3787072633891,-486.2584643871717,386414.5.sbml.csv,Vaginal Commensal
9699,105.81380291835629,-1404.713485043822,386414.5.sbml.csv,Vaginal Commensal
9700,2330.3564449446026,-314.6190926112077,386414.5.sbml.csv,Vaginal Commensal
9701,2248.618175378938,-162.57532276071896,386414.5.sbml.csv,Vaginal Commensal
9702,-824.1876140965093,-758.5946705090951,386414.5.sbml.csv,Vaginal Commensal
9703,2106.054549149136,-212.0111069972839,386414.5.sbml.csv,Vaginal Commensal
9704,3239.1774850514807,-661.570983960142,386414.5.sbml.csv,Vaginal Commensal
9705,1059.247048711329,5.024050936681155,386414.5.sbml.csv,Vaginal Commensal
9706,1873.1612370722678,-809.6658335111738,386414.5.sbml.csv,Vaginal Commensal
9707,2330.366968406042,-428.9852989314191,386414.5.sbml.csv,Vaginal Commensal
9708,1033.268168534507,112.5441430038463,386414.5.sbml.csv,Vaginal Commensal
9709,2907.2811941208383,-71.88970726240387,386414.5.sbml.csv,Vaginal Commensal
9710,1345.0953125207352,-370.8168546896415,386414.5.sbml.csv,Vaginal Commensal
9711,2655.5731760808594,305.25118242213125,386414.5.sbml.csv,Vaginal Commensal
9712,-531.2309487512197,488.34795876750326,386414.5.sbml.csv,Vaginal Commensal
9713,-48.400822096463955,-757.5213399156881,386414.5.sbml.csv,Vaginal Commensal
9714,1750.486095585578,-971.8641379136172,386414.5.sbml.csv,Vaginal Commensal
9715,-442.90311909419086,-741.530322462272,386414.5.sbml.csv,Vaginal Commensal
9716,-914.0308199212226,148.1171102580838,386414.5.sbml.csv,Vaginal Commensal
9717,-335.0491111398056,-496.88532634013467,386414.5.sbml.csv,Vaginal Commensal
9718,87.96584735779027,126.90292084257277,386414.5.sbml.csv,Vaginal Commensal
9719,1593.7398645972376,184.70165538372194,386414.5.sbml.csv,Vaginal Commensal
9720,262.9391860093732,-611.6808353059882,386414.5.sbml.csv,Vaginal Commensal
9721,1822.5551182900344,-880.4615142777646,386414.5.sbml.csv,Vaginal Commensal
9722,2756.928876688365,286.9830692370468,386414.5.sbml.csv,Vaginal Commensal
9723,422.78119984996806,-225.70093713956817,386414.5.sbml.csv,Vaginal Commensal
9724,1913.3912695319257,-878.1752581618009,386414.5.sbml.csv,Vaginal Commensal
9725,1753.8146410489558,-503.00832085997644,386414.5.sbml.csv,Vaginal Commensal
9726,1969.4336740200806,-66.1402010764789,386414.5.sbml.csv,Vaginal Commensal
9727,1028.249281040525,531.6900695050678,386414.5.sbml.csv,Vaginal Commensal
9728,1654.1309189799208,59.611137359490854,386414.5.sbml.csv,Vaginal Commensal
9729,1044.8129283613002,-292.00091588799785,386414.5.sbml.csv,Vaginal Commensal
9730,2497.125775898878,-363.00787683554444,386414.5.sbml.csv,Vaginal Commensal
9731,-220.52573043084342,130.34001933792715,386414.5.sbml.csv,Vaginal Commensal
9732,201.06440648073922,-266.8010460688429,386414.5.sbml.csv,Vaginal Commensal
9733,2437.3782510877663,245.04282276965841,386414.5.sbml.csv,Vaginal Commensal
9734,1334.4181361859662,-46.96543896526762,386414.5.sbml.csv,Vaginal Commensal
9735,-1094.0327957315317,-1034.8775053779839,386414.5.sbml.csv,Vaginal Commensal
9736,-316.9974393309288,99.5627547811655,386414.5.sbml.csv,Vaginal Commensal
9737,721.2096423430219,-603.1205521931546,386414.5.sbml.csv,Vaginal Commensal
9738,-401.65217512989796,-224.61943719213446,386414.5.sbml.csv,Vaginal Commensal
9739,1824.9300371531563,-1059.2210109731784,386414.5.sbml.csv,Vaginal Commensal
9740,1053.0482913593385,-28.11541299439817,386414.5.sbml.csv,Vaginal Commensal
9741,-577.0176481639307,-1890.241983523116,386414.5.sbml.csv,Vaginal Commensal
9742,1021.8394406839844,-1188.2631994653375,386414.5.sbml.csv,Vaginal Commensal
9743,-1327.7036520417305,-1032.4371220611904,386414.5.sbml.csv,Vaginal Commensal
9744,1836.550518733728,-249.3409152000905,386414.5.sbml.csv,Vaginal Commensal
9745,2931.8534984008884,-649.8664768635941,386414.5.sbml.csv,Vaginal Commensal
9746,1254.637821145297,-203.77793777294156,386414.5.sbml.csv,Vaginal Commensal
9747,531.2660810974215,-172.8944332949413,386414.5.sbml.csv,Vaginal Commensal
9748,580.4879391782596,-705.1007649480485,386414.5.sbml.csv,Vaginal Commensal
9749,-997.471813159514,-818.6112367229512,386414.5.sbml.csv,Vaginal Commensal
9750,143.9425749553792,-137.06587189204782,1000568.3.sbml.csv,Vaginal Commensal
9751,-1261.989850914331,59.96473161166374,1000568.3.sbml.csv,Vaginal Commensal
9752,-74.87561150166874,-533.6151941179203,1000568.3.sbml.csv,Vaginal Commensal
9753,-1318.0894186062994,285.1836569712231,1000568.3.sbml.csv,Vaginal Commensal
9754,-990.2168394988903,-264.5404590538909,1000568.3.sbml.csv,Vaginal Commensal
9755,77.46352893289009,782.7725720335134,1000568.3.sbml.csv,Vaginal Commensal
9756,-762.38407053853,221.30244044130086,1000568.3.sbml.csv,Vaginal Commensal
9757,-586.8540755742482,366.66645769741257,1000568.3.sbml.csv,Vaginal Commensal
9758,-1380.6346217825178,-543.4591201593705,1000568.3.sbml.csv,Vaginal Commensal
9759,556.6610755995796,-69.3638167102245,1000568.3.sbml.csv,Vaginal Commensal
9760,-2317.495057767492,-196.80133424806775,1000568.3.sbml.csv,Vaginal Commensal
9761,553.7496869834617,1139.5642993838535,1000568.3.sbml.csv,Vaginal Commensal
9762,-1542.7611012511966,-11.60648245574892,1000568.3.sbml.csv,Vaginal Commensal
9763,579.228556360067,552.9259442197097,1000568.3.sbml.csv,Vaginal Commensal
9764,-684.4070895074658,740.3414490487079,1000568.3.sbml.csv,Vaginal Commensal
9765,25.671354294512227,351.3922364995327,1000568.3.sbml.csv,Vaginal Commensal
9766,1140.8998401404356,434.95112382323236,1000568.3.sbml.csv,Vaginal Commensal
9767,752.0659008165247,195.34361120515987,1000568.3.sbml.csv,Vaginal Commensal
9768,-1241.521968508879,-529.1485636170001,1000568.3.sbml.csv,Vaginal Commensal
9769,237.48054095360783,331.64906439499885,1000568.3.sbml.csv,Vaginal Commensal
9770,-813.6551538986416,22.8915987027772,1000568.3.sbml.csv,Vaginal Commensal
9771,408.2371822654998,-377.35627652456,1000568.3.sbml.csv,Vaginal Commensal
9772,-1146.055340540096,106.069344319796,1000568.3.sbml.csv,Vaginal Commensal
9773,-396.7917209861018,-167.3045024081701,1000568.3.sbml.csv,Vaginal Commensal
9774,104.63712876812862,1099.9482090715148,1000568.3.sbml.csv,Vaginal Commensal
9775,-1470.741313321056,127.99368983626164,1000568.3.sbml.csv,Vaginal Commensal
9776,183.7991251423691,147.0914279572724,1000568.3.sbml.csv,Vaginal Commensal
9777,1463.5516679433044,502.87937974314104,1000568.3.sbml.csv,Vaginal Commensal
9778,-144.98428891317127,618.7678832429598,1000568.3.sbml.csv,Vaginal Commensal
9779,-1612.6551703717885,306.38400392714016,1000568.3.sbml.csv,Vaginal Commensal
9780,-841.8119705829602,-392.76050207500435,1000568.3.sbml.csv,Vaginal Commensal
9781,-774.0177418761492,1384.4611240697811,1000568.3.sbml.csv,Vaginal Commensal
9782,464.8387440605069,105.58526172332942,1000568.3.sbml.csv,Vaginal Commensal
9783,334.94714949233366,603.4019360375909,1000568.3.sbml.csv,Vaginal Commensal
9784,-734.9615068343771,-817.0039738385498,1000568.3.sbml.csv,Vaginal Commensal
9785,1077.7491301377179,-44.69840996652808,1000568.3.sbml.csv,Vaginal Commensal
9786,-1671.900220050667,1238.8320005036715,1000568.3.sbml.csv,Vaginal Commensal
9787,-679.3962335915536,-111.56352327165784,1000568.3.sbml.csv,Vaginal Commensal
9788,-262.3545725107121,-629.2551125713086,1000568.3.sbml.csv,Vaginal Commensal
9789,-1687.2776876315463,196.95165722956838,1000568.3.sbml.csv,Vaginal Commensal
9790,-1362.7846465423606,-343.4490835581471,1000568.3.sbml.csv,Vaginal Commensal
9791,-164.7674685360222,441.8533759306553,1000568.3.sbml.csv,Vaginal Commensal
9792,-2271.737741702456,334.8609966412591,1000568.3.sbml.csv,Vaginal Commensal
9793,-1726.5456025753854,-38.755083506287804,1000568.3.sbml.csv,Vaginal Commensal
9794,-924.2188795133937,-285.2804988025518,1000568.3.sbml.csv,Vaginal Commensal
9795,-1543.008843719608,-217.27121112984688,1000568.3.sbml.csv,Vaginal Commensal
9796,-511.253105836145,513.394382543983,1000568.3.sbml.csv,Vaginal Commensal
9797,-402.75657320682797,781.956968681869,1000568.3.sbml.csv,Vaginal Commensal
9798,-1727.1157601210296,508.8564608903269,1000568.3.sbml.csv,Vaginal Commensal
9799,104.93919554674164,811.1472209605271,1000568.3.sbml.csv,Vaginal Commensal
9800,652.8908635178273,-697.8571607532061,1000568.3.sbml.csv,Vaginal Commensal
9801,-621.6354568731672,1321.759050090585,1000568.3.sbml.csv,Vaginal Commensal
9802,-239.37111808563185,209.03624773600663,1000568.3.sbml.csv,Vaginal Commensal
9803,-1255.1601693225539,497.1276786628625,1000568.3.sbml.csv,Vaginal Commensal
9804,-1090.1635052364688,-568.4110771469129,1000568.3.sbml.csv,Vaginal Commensal
9805,-1064.7778733061803,610.2110419654111,1000568.3.sbml.csv,Vaginal Commensal
9806,-1275.466615844825,86.18352417240591,1000568.3.sbml.csv,Vaginal Commensal
9807,-959.5074367058344,-322.0761474530083,1000568.3.sbml.csv,Vaginal Commensal
9808,-1243.5329923070692,554.302463733553,1000568.3.sbml.csv,Vaginal Commensal
9809,-1593.5124281519586,-218.38468107680148,1000568.3.sbml.csv,Vaginal Commensal
9810,-1807.997889769544,-195.07043513752507,1000568.3.sbml.csv,Vaginal Commensal
9811,1225.9731127555867,840.8192725303438,1000568.3.sbml.csv,Vaginal Commensal
9812,-1151.099486971577,-208.32189009030955,1000568.3.sbml.csv,Vaginal Commensal
9813,-1610.582480530003,-250.4975210904193,1000568.3.sbml.csv,Vaginal Commensal
9814,-1112.8208403789258,2.371973514209605,1000568.3.sbml.csv,Vaginal Commensal
9815,366.9724190212939,688.3726657412293,1000568.3.sbml.csv,Vaginal Commensal
9816,-1093.8179749861458,168.44967826464392,1000568.3.sbml.csv,Vaginal Commensal
9817,578.4267663500069,220.76432132607158,1000568.3.sbml.csv,Vaginal Commensal
9818,-1839.734372607365,-296.65930532086844,1000568.3.sbml.csv,Vaginal Commensal
9819,-2329.3342880695172,305.22457861356423,1000568.3.sbml.csv,Vaginal Commensal
9820,249.95861225891164,-297.86656174082134,1000568.3.sbml.csv,Vaginal Commensal
9821,-273.9555653236075,-523.8379169716081,1000568.3.sbml.csv,Vaginal Commensal
9822,1891.6110076969512,48.87956040007325,1000568.3.sbml.csv,Vaginal Commensal
9823,-1744.4345585860942,-28.017917292212957,1000568.3.sbml.csv,Vaginal Commensal
9824,-998.9368885880633,-547.6732355087008,1000568.3.sbml.csv,Vaginal Commensal
9825,-639.2182176381071,731.0275811997144,1000568.3.sbml.csv,Vaginal Commensal
9826,-803.3268508188422,474.77108546936813,1000568.3.sbml.csv,Vaginal Commensal
9827,532.3534083257234,-520.6978754494879,1000568.3.sbml.csv,Vaginal Commensal
9828,66.75276621570029,785.3424052309867,1000568.3.sbml.csv,Vaginal Commensal
9829,1443.8206259939464,380.27067412024,1000568.3.sbml.csv,Vaginal Commensal
9830,135.21205372932772,-202.40870843208523,1000568.3.sbml.csv,Vaginal Commensal
9831,823.9950305564756,584.4210539246,1000568.3.sbml.csv,Vaginal Commensal
9832,1262.588652417489,-111.16724740177806,1000568.3.sbml.csv,Vaginal Commensal
9833,388.9153555617837,-360.56407843595457,1000568.3.sbml.csv,Vaginal Commensal
9834,-596.2470762980654,873.7917186215658,1000568.3.sbml.csv,Vaginal Commensal
9835,-1237.4239993661347,705.2440819368829,1000568.3.sbml.csv,Vaginal Commensal
9836,1307.95712849381,771.6553513879289,1000568.3.sbml.csv,Vaginal Commensal
9837,594.9891175212509,-1038.6973803035496,1000568.3.sbml.csv,Vaginal Commensal
9838,-1413.3447393229976,207.78165547535235,1000568.3.sbml.csv,Vaginal Commensal
9839,-1613.1704473831014,-253.83765715267523,1000568.3.sbml.csv,Vaginal Commensal
9840,-2218.321961794673,130.93438228758592,1000568.3.sbml.csv,Vaginal Commensal
9841,-1582.929756438792,1245.341144191734,1000568.3.sbml.csv,Vaginal Commensal
9842,-1990.444677401887,233.32860107955392,1000568.3.sbml.csv,Vaginal Commensal
9843,-98.90354342168641,86.53458691908655,1000568.3.sbml.csv,Vaginal Commensal
9844,443.3645863635739,478.3007889298049,1000568.3.sbml.csv,Vaginal Commensal
9845,1487.1014676725943,-105.73694104896263,1000568.3.sbml.csv,Vaginal Commensal
9846,410.2239532953414,-205.98454127570815,1000568.3.sbml.csv,Vaginal Commensal
9847,-260.6507887318521,226.9303277392398,1000568.3.sbml.csv,Vaginal Commensal
9848,1638.3344169674447,1406.2121269316415,1000568.3.sbml.csv,Vaginal Commensal
9849,-1729.8083336445604,468.84525585009067,1000568.3.sbml.csv,Vaginal Commensal
9850,159.90961099380232,978.0590765718229,1000568.3.sbml.csv,Vaginal Commensal
9851,-1244.6271044096588,531.9065408350084,1000568.3.sbml.csv,Vaginal Commensal
9852,1122.5370165609793,758.8289373876902,1000568.3.sbml.csv,Vaginal Commensal
9853,78.53813688195778,1020.0028080610317,1000568.3.sbml.csv,Vaginal Commensal
9854,131.2270550777943,-283.4328367850267,1000568.3.sbml.csv,Vaginal Commensal
9855,1938.4122585472362,857.9002581495942,1000568.3.sbml.csv,Vaginal Commensal
9856,77.73400738414634,-129.39805151334897,1000568.3.sbml.csv,Vaginal Commensal
9857,-1623.8274400730072,234.85809661445876,1000568.3.sbml.csv,Vaginal Commensal
9858,-2250.419266893852,-128.8934604904051,1000568.3.sbml.csv,Vaginal Commensal
9859,-1465.9322538593867,289.95213587339583,1000568.3.sbml.csv,Vaginal Commensal
9860,-1874.7073242942058,457.75124856116764,1000568.3.sbml.csv,Vaginal Commensal
9861,-1476.0761703515195,-980.1969518322667,1000568.3.sbml.csv,Vaginal Commensal
9862,464.9507602598724,407.6936261347668,1000568.3.sbml.csv,Vaginal Commensal
9863,-527.7390164959319,621.6695804997438,1000568.3.sbml.csv,Vaginal Commensal
9864,-2111.9775828021234,-188.27364307716567,1000568.3.sbml.csv,Vaginal Commensal
9865,-1493.3070176346794,58.43044942338122,1000568.3.sbml.csv,Vaginal Commensal
9866,1589.4806139706998,248.36259510399546,1000568.3.sbml.csv,Vaginal Commensal
9867,-514.7100979390647,-13.76756682481029,1000568.3.sbml.csv,Vaginal Commensal
9868,-822.8196724809926,647.2924889364256,1000568.3.sbml.csv,Vaginal Commensal
9869,-859.782800987796,-329.99470707991617,1000568.3.sbml.csv,Vaginal Commensal
9870,-965.1058617675466,87.92264731136717,1000568.3.sbml.csv,Vaginal Commensal
9871,-793.3391885140676,24.368752886322667,1000568.3.sbml.csv,Vaginal Commensal
9872,1728.267001836603,653.6063239596364,1000568.3.sbml.csv,Vaginal Commensal
9873,371.79396856984874,-418.80229350972513,1000568.3.sbml.csv,Vaginal Commensal
9874,980.0823846128494,645.9497659323972,1000568.3.sbml.csv,Vaginal Commensal
9875,-1254.7000409330353,-532.5781665031847,1000568.3.sbml.csv,Vaginal Commensal
9876,-914.1181199293779,326.5774252751604,1000568.3.sbml.csv,Vaginal Commensal
9877,-615.9800123778284,-367.9384408107114,1000568.3.sbml.csv,Vaginal Commensal
9878,-683.558656648527,-619.2868020037429,1000568.3.sbml.csv,Vaginal Commensal
9879,-618.5483817989358,-298.51956242800435,1000568.3.sbml.csv,Vaginal Commensal
9880,-764.9710928889816,309.4618057994476,1000568.3.sbml.csv,Vaginal Commensal
9881,-1888.1648557223384,794.9461822517336,1000568.3.sbml.csv,Vaginal Commensal
9882,159.3095170597847,-171.8468879319926,1000568.3.sbml.csv,Vaginal Commensal
9883,-174.734884206592,-239.724224532443,1000568.3.sbml.csv,Vaginal Commensal
9884,-596.2067950836849,-173.80111871768165,1000568.3.sbml.csv,Vaginal Commensal
9885,540.8646235877753,-124.78596233305937,1000568.3.sbml.csv,Vaginal Commensal
9886,30.21040548095385,1119.505560169829,1000568.3.sbml.csv,Vaginal Commensal
9887,-998.6036586652178,-288.45151277772436,1000568.3.sbml.csv,Vaginal Commensal
9888,-413.5466890200635,477.41274554373007,1000568.3.sbml.csv,Vaginal Commensal
9889,-151.33847333236776,295.5654625215012,1000568.3.sbml.csv,Vaginal Commensal
9890,-1002.8745001331995,493.58674278355664,1000568.3.sbml.csv,Vaginal Commensal
9891,-572.9480956084317,-49.852573691912724,1000568.3.sbml.csv,Vaginal Commensal
9892,1205.1723516295447,612.4128873470223,1000568.3.sbml.csv,Vaginal Commensal
9893,1984.5711867499153,184.3217581141239,1000568.3.sbml.csv,Vaginal Commensal
9894,-1647.7844344986322,109.17992671103605,1000568.3.sbml.csv,Vaginal Commensal
9895,398.6505078261604,225.62245116074536,1000568.3.sbml.csv,Vaginal Commensal
9896,-78.94645166179242,294.51317947342216,1000568.3.sbml.csv,Vaginal Commensal
9897,340.46415736923734,313.7414722176191,1000568.3.sbml.csv,Vaginal Commensal
9898,-925.8643923761838,-677.1146228990783,1000568.3.sbml.csv,Vaginal Commensal
9899,-920.0576638140355,-61.990483026823455,1000568.3.sbml.csv,Vaginal Commensal
9900,45.61571588808167,-13.899300388647875,1000568.3.sbml.csv,Vaginal Commensal
9901,-677.9711614210199,-278.02501285292504,1000568.3.sbml.csv,Vaginal Commensal
9902,-1192.7408619141738,-231.7614755766608,1000568.3.sbml.csv,Vaginal Commensal
9903,-1533.9700786468356,1154.5321074564756,1000568.3.sbml.csv,Vaginal Commensal
9904,-567.4465766665672,607.6383119802176,1000568.3.sbml.csv,Vaginal Commensal
9905,-1643.8792794395717,127.93126262676093,1000568.3.sbml.csv,Vaginal Commensal
9906,-974.4573895936813,303.7689759020005,1000568.3.sbml.csv,Vaginal Commensal
9907,-1480.1869914731196,119.50006089414558,1000568.3.sbml.csv,Vaginal Commensal
9908,-801.7325196970289,-393.45110919756934,1000568.3.sbml.csv,Vaginal Commensal
9909,1370.2860019438651,-823.244719457468,1000568.3.sbml.csv,Vaginal Commensal
9910,677.6672260062414,105.59111841170878,1000568.3.sbml.csv,Vaginal Commensal
9911,-401.268795251195,-218.0899057325564,1000568.3.sbml.csv,Vaginal Commensal
9912,-1445.7004563518713,70.05576642759365,1000568.3.sbml.csv,Vaginal Commensal
9913,-322.6781425773682,412.7262533037114,1000568.3.sbml.csv,Vaginal Commensal
9914,784.0704865874975,-400.4124906020176,1000568.3.sbml.csv,Vaginal Commensal
9915,-2050.614696267312,811.6994127903547,1000568.3.sbml.csv,Vaginal Commensal
9916,-1529.4502875194485,-249.54165652645136,1000568.3.sbml.csv,Vaginal Commensal
9917,-1331.9774886395003,-562.4675228670674,1000568.3.sbml.csv,Vaginal Commensal
9918,-1206.6175875641582,-591.8342481441896,1000568.3.sbml.csv,Vaginal Commensal
9919,-61.17665038225714,-241.38387425389547,1000568.3.sbml.csv,Vaginal Commensal
9920,1214.5601799902372,210.3299155307267,1000568.3.sbml.csv,Vaginal Commensal
9921,-676.2043744468443,854.5793964441966,1000568.3.sbml.csv,Vaginal Commensal
9922,-852.2167913265549,-443.7589129892999,1000568.3.sbml.csv,Vaginal Commensal
9923,615.5406844206628,167.77503465928558,1000568.3.sbml.csv,Vaginal Commensal
9924,114.75690566179355,-34.58488569781938,1000568.3.sbml.csv,Vaginal Commensal
9925,67.84509873365144,303.21593130501964,1000568.3.sbml.csv,Vaginal Commensal
9926,-1011.9435272637129,299.533174023323,1000568.3.sbml.csv,Vaginal Commensal
9927,1080.897798112355,783.9423755493807,1000568.3.sbml.csv,Vaginal Commensal
9928,-1719.7981248870287,363.1877482455532,1000568.3.sbml.csv,Vaginal Commensal
9929,-556.1744222072589,574.2905607167738,1000568.3.sbml.csv,Vaginal Commensal
9930,-785.1696354198608,1020.2622755285547,1000568.3.sbml.csv,Vaginal Commensal
9931,-617.8489461925182,-88.70513718077932,1000568.3.sbml.csv,Vaginal Commensal
9932,-762.2380850499292,-536.6314627705541,1000568.3.sbml.csv,Vaginal Commensal
9933,-125.68272639486622,-194.5714187247983,1000568.3.sbml.csv,Vaginal Commensal
9934,1495.3235812908713,779.280697766502,1000568.3.sbml.csv,Vaginal Commensal
9935,45.7507713542558,364.71968969987535,1000568.3.sbml.csv,Vaginal Commensal
9936,814.4490454291397,-762.0283994969766,1000568.3.sbml.csv,Vaginal Commensal
9937,224.69351007674888,474.92302439562667,1000568.3.sbml.csv,Vaginal Commensal
9938,-231.12972692703354,732.982418458579,1000568.3.sbml.csv,Vaginal Commensal
9939,1648.6246239830214,1344.4294579648779,1000568.3.sbml.csv,Vaginal Commensal
9940,264.3100450755639,-128.48278596094616,1000568.3.sbml.csv,Vaginal Commensal
9941,-1402.8049070238856,480.2685475163258,1000568.3.sbml.csv,Vaginal Commensal
9942,-315.94473904315714,-233.1726728899468,1000568.3.sbml.csv,Vaginal Commensal
9943,-739.0674283479306,644.9273567793734,1000568.3.sbml.csv,Vaginal Commensal
9944,-84.20415724045216,269.3725304629758,1000568.3.sbml.csv,Vaginal Commensal
9945,1162.3937903786018,16.26252010543378,1000568.3.sbml.csv,Vaginal Commensal
9946,-916.4576434488222,-268.87439761572773,1000568.3.sbml.csv,Vaginal Commensal
9947,-2058.6955553645994,637.7483360582158,1000568.3.sbml.csv,Vaginal Commensal
9948,-1529.3867169926548,126.11782101198202,1000568.3.sbml.csv,Vaginal Commensal
9949,-1709.0686932223225,118.72381062849031,1000568.3.sbml.csv,Vaginal Commensal
9950,-562.815098866915,273.3696879736521,1000568.3.sbml.csv,Vaginal Commensal
9951,529.7362378292629,-10.887258080271833,1000568.3.sbml.csv,Vaginal Commensal
9952,211.44331163051643,92.75902054861648,1000568.3.sbml.csv,Vaginal Commensal
9953,471.7125238076669,-26.492795772167945,1000568.3.sbml.csv,Vaginal Commensal
9954,-163.5245796215948,-487.09738564129617,1000568.3.sbml.csv,Vaginal Commensal
9955,-158.106670267682,-334.1360090169522,1000568.3.sbml.csv,Vaginal Commensal
9956,-1307.224231664474,-146.37152595469632,1000568.3.sbml.csv,Vaginal Commensal
9957,1355.2782463919914,1020.3116120047106,1000568.3.sbml.csv,Vaginal Commensal
9958,-615.1317984294157,-277.88664733971103,1000568.3.sbml.csv,Vaginal Commensal
9959,-1330.2862877083876,164.1099164118827,1000568.3.sbml.csv,Vaginal Commensal
9960,254.32701218161003,-568.576632192709,1000568.3.sbml.csv,Vaginal Commensal
9961,-989.1660748060607,-126.31145703872501,1000568.3.sbml.csv,Vaginal Commensal
9962,-804.4021914247876,494.587713640101,1000568.3.sbml.csv,Vaginal Commensal
9963,-1723.821663080518,916.519942351139,1000568.3.sbml.csv,Vaginal Commensal
9964,1348.6422081345925,-244.80523734927218,1000568.3.sbml.csv,Vaginal Commensal
9965,-126.77302525541323,-44.71643819034753,1000568.3.sbml.csv,Vaginal Commensal
9966,-134.59861823930686,144.82315960892177,1000568.3.sbml.csv,Vaginal Commensal
9967,1722.1794607483462,1508.201882422745,1000568.3.sbml.csv,Vaginal Commensal
9968,-646.6973622403459,770.4404805128105,1000568.3.sbml.csv,Vaginal Commensal
9969,-1975.4452860667973,1271.7682635564674,1000568.3.sbml.csv,Vaginal Commensal
9970,1129.2548089804977,806.9587484720569,1000568.3.sbml.csv,Vaginal Commensal
9971,-926.2788639398963,-77.67884705501517,1000568.3.sbml.csv,Vaginal Commensal
9972,-1161.6087148130887,-853.3999983929458,1000568.3.sbml.csv,Vaginal Commensal
9973,-968.4603643450894,-303.2909187563848,1000568.3.sbml.csv,Vaginal Commensal
9974,-1610.203341401691,-413.7553680503409,1000568.3.sbml.csv,Vaginal Commensal
9975,1339.7069454064165,966.5204117879437,1000568.3.sbml.csv,Vaginal Commensal
9976,1256.0207954990576,-663.5298990082263,1000568.3.sbml.csv,Vaginal Commensal
9977,689.2199096307572,-223.29664003318345,1000568.3.sbml.csv,Vaginal Commensal
9978,-1698.7574728564362,-354.79535532117836,1000568.3.sbml.csv,Vaginal Commensal
9979,1405.8772347289462,795.1756169013967,1000568.3.sbml.csv,Vaginal Commensal
9980,1472.4644257048894,662.5862870210993,1000568.3.sbml.csv,Vaginal Commensal
9981,224.33013427581488,293.1208037658301,1000568.3.sbml.csv,Vaginal Commensal
9982,-1398.6409068992261,-45.68534606903767,1000568.3.sbml.csv,Vaginal Commensal
9983,-1724.7749360067612,429.05700611598303,1000568.3.sbml.csv,Vaginal Commensal
9984,1028.4892106113605,88.63623854325381,1000568.3.sbml.csv,Vaginal Commensal
9985,-1124.27391344179,357.45703424859244,1000568.3.sbml.csv,Vaginal Commensal
9986,-103.70924921196114,-414.23906659303293,1000568.3.sbml.csv,Vaginal Commensal
9987,-850.6015934925007,-331.3194255719037,1000568.3.sbml.csv,Vaginal Commensal
9988,1253.96532248278,856.8164196196853,1000568.3.sbml.csv,Vaginal Commensal
9989,-248.47336212394836,-354.638624238183,1000568.3.sbml.csv,Vaginal Commensal
9990,1158.9371883983547,1177.4750717829336,1000568.3.sbml.csv,Vaginal Commensal
9991,-1222.0507875917426,-118.00826927423005,1000568.3.sbml.csv,Vaginal Commensal
9992,-1398.8795676589639,672.8747311528942,1000568.3.sbml.csv,Vaginal Commensal
9993,623.5805865552229,-477.64143092244274,1000568.3.sbml.csv,Vaginal Commensal
9994,-1731.0542661113006,-14.034088872972054,1000568.3.sbml.csv,Vaginal Commensal
9995,-626.114296735222,215.33185094494314,1000568.3.sbml.csv,Vaginal Commensal
9996,-57.600234276344395,375.84449607759154,1000568.3.sbml.csv,Vaginal Commensal
9997,-1220.7723177739626,80.17921816355386,1000568.3.sbml.csv,Vaginal Commensal
9998,199.1702475313064,-172.6833426116015,1000568.3.sbml.csv,Vaginal Commensal
9999,-1293.122097764888,279.0093500502932,1000568.3.sbml.csv,Vaginal Commensal
10000,-962.6481985112142,2277.719738859658,2742601.4.sbml.csv,Vaginal Commensal
10001,-242.5831698669387,2602.62222166864,2742601.4.sbml.csv,Vaginal Commensal
10002,-1710.163545484234,948.9027694533127,2742601.4.sbml.csv,Vaginal Commensal
10003,565.0562123836838,1416.6050707109732,2742601.4.sbml.csv,Vaginal Commensal
10004,-1188.6525333872676,1913.787686854641,2742601.4.sbml.csv,Vaginal Commensal
10005,-1511.21531427591,2002.4121785547586,2742601.4.sbml.csv,Vaginal Commensal
10006,-543.4347705272412,1700.4018686270133,2742601.4.sbml.csv,Vaginal Commensal
10007,-952.2504341996801,1351.531304256926,2742601.4.sbml.csv,Vaginal Commensal
10008,-1625.5708052443686,1862.4061721138162,2742601.4.sbml.csv,Vaginal Commensal
10009,-427.98777359477276,2530.081786167613,2742601.4.sbml.csv,Vaginal Commensal
10010,-1464.790353671061,1132.5721643076183,2742601.4.sbml.csv,Vaginal Commensal
10011,-1546.8696498580694,1209.1331197845518,2742601.4.sbml.csv,Vaginal Commensal
10012,-1153.4199623839113,1865.2396538960725,2742601.4.sbml.csv,Vaginal Commensal
10013,-1192.9443227986492,2066.9517715671445,2742601.4.sbml.csv,Vaginal Commensal
10014,-1314.0446191809285,1253.7454723435744,2742601.4.sbml.csv,Vaginal Commensal
10015,-274.81557991233024,1419.9859617134684,2742601.4.sbml.csv,Vaginal Commensal
10016,-1704.4845160720429,998.4097730825135,2742601.4.sbml.csv,Vaginal Commensal
10017,-1286.388438428346,942.1240945831204,2742601.4.sbml.csv,Vaginal Commensal
10018,-914.2912868120138,1506.1373921926017,2742601.4.sbml.csv,Vaginal Commensal
10019,-353.30111536963096,1640.5112132453119,2742601.4.sbml.csv,Vaginal Commensal
10020,-581.2037005317292,1259.2979837414844,2742601.4.sbml.csv,Vaginal Commensal
10021,-1913.8843786975035,1630.1630290483,2742601.4.sbml.csv,Vaginal Commensal
10022,-1225.0547288930545,2101.660339465588,2742601.4.sbml.csv,Vaginal Commensal
10023,-1863.6912695229955,1136.2054725803137,2742601.4.sbml.csv,Vaginal Commensal
10024,-1333.120560355049,1350.3388680166768,2742601.4.sbml.csv,Vaginal Commensal
10025,-725.8847203810807,1607.6336047573332,2742601.4.sbml.csv,Vaginal Commensal
10026,-1348.1356352024065,946.2065770613558,2742601.4.sbml.csv,Vaginal Commensal
10027,-1428.8702629294758,1007.083510599836,2742601.4.sbml.csv,Vaginal Commensal
10028,-689.7643100326674,1964.737986992005,2742601.4.sbml.csv,Vaginal Commensal
10029,-1066.072378334146,1427.9315984736156,2742601.4.sbml.csv,Vaginal Commensal
10030,-1891.3690306253204,825.1128652932096,2742601.4.sbml.csv,Vaginal Commensal
10031,-1365.6208287674924,724.7031810099485,2742601.4.sbml.csv,Vaginal Commensal
10032,-1436.0910476064291,1608.6108807624837,2742601.4.sbml.csv,Vaginal Commensal
10033,-1098.0499459029113,1725.7628339462672,2742601.4.sbml.csv,Vaginal Commensal
10034,-1114.113433759444,1308.3156814280458,2742601.4.sbml.csv,Vaginal Commensal
10035,-1305.0377666601953,1639.1262495450708,2742601.4.sbml.csv,Vaginal Commensal
10036,-1161.5269094457976,864.2492240030159,2742601.4.sbml.csv,Vaginal Commensal
10037,-1643.1672650318344,1189.195929341416,2742601.4.sbml.csv,Vaginal Commensal
10038,-794.7181137584539,1450.5222407225647,2742601.4.sbml.csv,Vaginal Commensal
10039,-903.3266322578053,1521.0757101856416,2742601.4.sbml.csv,Vaginal Commensal
10040,-1063.994279160553,982.640231790577,2742601.4.sbml.csv,Vaginal Commensal
10041,-1405.0073047006365,1774.6907004363486,2742601.4.sbml.csv,Vaginal Commensal
10042,-619.9587490336392,1305.2296746925333,2742601.4.sbml.csv,Vaginal Commensal
10043,-234.57308724054832,2008.7887588216763,2742601.4.sbml.csv,Vaginal Commensal
10044,225.93677114480633,795.0774487437042,2742601.4.sbml.csv,Vaginal Commensal
10045,-1710.4211412144766,881.1494111585766,2742601.4.sbml.csv,Vaginal Commensal
10046,-1430.6115162992035,1357.2094859467372,2742601.4.sbml.csv,Vaginal Commensal
10047,-647.5267033905426,1261.5532277324103,2742601.4.sbml.csv,Vaginal Commensal
10048,-796.8500442064619,769.5352507592552,2742601.4.sbml.csv,Vaginal Commensal
10049,-1376.0042075889571,1224.4742957618835,2742601.4.sbml.csv,Vaginal Commensal
10050,-1347.9792948803813,1621.2156937391128,2742601.4.sbml.csv,Vaginal Commensal
10051,-1761.764290305218,1888.4231418381275,2742601.4.sbml.csv,Vaginal Commensal
10052,-1295.8385764650343,1224.595616007953,2742601.4.sbml.csv,Vaginal Commensal
10053,-550.5435617483884,1836.7023966367522,2742601.4.sbml.csv,Vaginal Commensal
10054,-966.7386909641333,1387.831658801191,2742601.4.sbml.csv,Vaginal Commensal
10055,-635.0410152078368,775.6097317768093,2742601.4.sbml.csv,Vaginal Commensal
10056,-1299.6827796530931,895.9190706086557,2742601.4.sbml.csv,Vaginal Commensal
10057,-1419.6125333103007,1715.198179682988,2742601.4.sbml.csv,Vaginal Commensal
10058,-371.73413082416477,954.3972342930798,2742601.4.sbml.csv,Vaginal Commensal
10059,-689.7146110789392,2582.607109680521,2742601.4.sbml.csv,Vaginal Commensal
10060,-822.5808268439746,1711.9991460180313,2742601.4.sbml.csv,Vaginal Commensal
10061,-958.7955477342076,1373.4604674069456,2742601.4.sbml.csv,Vaginal Commensal
10062,-399.3636575132117,1735.4719250255457,2742601.4.sbml.csv,Vaginal Commensal
10063,-834.0084055732433,1326.5825893007125,2742601.4.sbml.csv,Vaginal Commensal
10064,-629.7358077828716,900.2210773123428,2742601.4.sbml.csv,Vaginal Commensal
10065,-1211.8495926585713,1204.7510477879648,2742601.4.sbml.csv,Vaginal Commensal
10066,-1451.513687216264,768.7481071231032,2742601.4.sbml.csv,Vaginal Commensal
10067,-1279.0434860566106,1524.4870829847816,2742601.4.sbml.csv,Vaginal Commensal
10068,-1048.9162475893224,1773.7905141815224,2742601.4.sbml.csv,Vaginal Commensal
10069,-1265.2331218014679,453.5973760946981,2742601.4.sbml.csv,Vaginal Commensal
10070,-512.0216481631998,1690.9943819540056,2742601.4.sbml.csv,Vaginal Commensal
10071,-1548.6241384216137,1759.7033392914193,2742601.4.sbml.csv,Vaginal Commensal
10072,-1051.9634972637093,1451.7809775076917,2742601.4.sbml.csv,Vaginal Commensal
10073,-1435.3034510087468,1583.7873410214397,2742601.4.sbml.csv,Vaginal Commensal
10074,-814.5251108295408,1829.811152831237,2742601.4.sbml.csv,Vaginal Commensal
10075,-990.9565874209743,1539.0988080607774,2742601.4.sbml.csv,Vaginal Commensal
10076,-959.1679691519496,1532.569976076174,2742601.4.sbml.csv,Vaginal Commensal
10077,-1394.0947084402953,1369.7104314398896,2742601.4.sbml.csv,Vaginal Commensal
10078,-763.3891664262351,1592.9445005015384,2742601.4.sbml.csv,Vaginal Commensal
10079,-697.086802131015,1725.2038116102383,2742601.4.sbml.csv,Vaginal Commensal
10080,-1010.9435020572911,1835.2197771032415,2742601.4.sbml.csv,Vaginal Commensal
10081,-1104.1800768352416,1408.2976976415775,2742601.4.sbml.csv,Vaginal Commensal
10082,-1271.9905076926973,1174.2613719434653,2742601.4.sbml.csv,Vaginal Commensal
10083,-544.0200066731388,1721.3979842181786,2742601.4.sbml.csv,Vaginal Commensal
10084,-532.168389189432,936.8949228014004,2742601.4.sbml.csv,Vaginal Commensal
10085,-354.65581548336866,1506.1333696305107,2742601.4.sbml.csv,Vaginal Commensal
10086,-714.5795166621132,1840.2544225551953,2742601.4.sbml.csv,Vaginal Commensal
10087,-1242.6736259787824,2469.267666275969,2742601.4.sbml.csv,Vaginal Commensal
10088,-716.1498470233112,1290.8117619755076,2742601.4.sbml.csv,Vaginal Commensal
10089,-975.5519190187204,1985.8639551384917,2742601.4.sbml.csv,Vaginal Commensal
10090,-1516.0078913578752,2564.8065940555616,2742601.4.sbml.csv,Vaginal Commensal
10091,-348.0748157635683,1905.6741748342565,2742601.4.sbml.csv,Vaginal Commensal
10092,481.8705279197631,994.0959578480811,2742601.4.sbml.csv,Vaginal Commensal
10093,-1174.1951410041504,2253.4138707886123,2742601.4.sbml.csv,Vaginal Commensal
10094,-391.0813307213283,1407.8488265247888,2742601.4.sbml.csv,Vaginal Commensal
10095,-1389.2777110347063,1316.951942111085,2742601.4.sbml.csv,Vaginal Commensal
10096,-1393.0557130549864,1761.8709170487043,2742601.4.sbml.csv,Vaginal Commensal
10097,-966.6365317853569,1928.8326545579844,2742601.4.sbml.csv,Vaginal Commensal
10098,-721.9174668300398,1617.4611705586208,2742601.4.sbml.csv,Vaginal Commensal
10099,-1054.6277722271795,1552.4216155416602,2742601.4.sbml.csv,Vaginal Commensal
10100,-1029.9145587802846,1614.7982689569865,2742601.4.sbml.csv,Vaginal Commensal
10101,-242.8672407272686,1871.1387883298396,2742601.4.sbml.csv,Vaginal Commensal
10102,-999.0922488522913,1991.2256799820514,2742601.4.sbml.csv,Vaginal Commensal
10103,-1448.3302244198085,1354.6991878549557,2742601.4.sbml.csv,Vaginal Commensal
10104,-323.09867247462796,2568.4913726460836,2742601.4.sbml.csv,Vaginal Commensal
10105,124.433054925628,1206.4329629772553,2742601.4.sbml.csv,Vaginal Commensal
10106,-980.1442193067443,1282.5105616728106,2742601.4.sbml.csv,Vaginal Commensal
10107,-333.46689079365336,1959.3723206595405,2742601.4.sbml.csv,Vaginal Commensal
10108,-1439.2709741732144,717.9572960825358,2742601.4.sbml.csv,Vaginal Commensal
10109,-1033.600171418093,1523.6525083668016,2742601.4.sbml.csv,Vaginal Commensal
10110,-1041.2595305804236,1488.2352494997633,2742601.4.sbml.csv,Vaginal Commensal
10111,-914.2585977522211,1128.6453103401022,2742601.4.sbml.csv,Vaginal Commensal
10112,210.54757592578207,1851.7602382925174,2742601.4.sbml.csv,Vaginal Commensal
10113,-662.1215600985568,2019.6292642614924,2742601.4.sbml.csv,Vaginal Commensal
10114,-958.321411108489,1972.3349840750436,2742601.4.sbml.csv,Vaginal Commensal
10115,-1117.9644832345414,1741.5195924253044,2742601.4.sbml.csv,Vaginal Commensal
10116,-741.2412593333233,1608.9666005924726,2742601.4.sbml.csv,Vaginal Commensal
10117,-1454.1891553075052,1752.3080304418136,2742601.4.sbml.csv,Vaginal Commensal
10118,-355.852643215383,1199.521396624716,2742601.4.sbml.csv,Vaginal Commensal
10119,-1049.8585555928616,1577.0484947402033,2742601.4.sbml.csv,Vaginal Commensal
10120,-179.84246085531385,1476.6117263925682,2742601.4.sbml.csv,Vaginal Commensal
10121,-91.9147118915633,915.2092095425385,2742601.4.sbml.csv,Vaginal Commensal
10122,-1112.8960391184132,720.0349509478318,2742601.4.sbml.csv,Vaginal Commensal
10123,-342.68566041724665,1744.5597363065447,2742601.4.sbml.csv,Vaginal Commensal
10124,-2221.494385317855,1235.4553663920653,2742601.4.sbml.csv,Vaginal Commensal
10125,-76.11501132504075,1942.7827741542462,2742601.4.sbml.csv,Vaginal Commensal
10126,-552.7542400911924,1522.866184604285,2742601.4.sbml.csv,Vaginal Commensal
10127,-917.8022535900154,1819.442133857352,2742601.4.sbml.csv,Vaginal Commensal
10128,-1265.3572590867095,1157.2061801742198,2742601.4.sbml.csv,Vaginal Commensal
10129,-776.4672515181962,2032.6181479251632,2742601.4.sbml.csv,Vaginal Commensal
10130,-1542.5200628991365,1329.1831987573287,2742601.4.sbml.csv,Vaginal Commensal
10131,-1961.8969203739466,1378.8265228785037,2742601.4.sbml.csv,Vaginal Commensal
10132,-970.2738060847215,1525.1743353560487,2742601.4.sbml.csv,Vaginal Commensal
10133,-1827.4062421215588,1817.5980073965486,2742601.4.sbml.csv,Vaginal Commensal
10134,-1191.9191034204227,1261.3606767636186,2742601.4.sbml.csv,Vaginal Commensal
10135,137.49344885886794,2444.7531642172426,2742601.4.sbml.csv,Vaginal Commensal
10136,-1476.0607667096453,1532.7738915270772,2742601.4.sbml.csv,Vaginal Commensal
10137,-89.4850515284289,1176.5116155284575,2742601.4.sbml.csv,Vaginal Commensal
10138,-596.8168352771058,1681.110795776691,2742601.4.sbml.csv,Vaginal Commensal
10139,-1768.551216719166,910.0879276469902,2742601.4.sbml.csv,Vaginal Commensal
10140,-1083.2785796286375,992.6201537652641,2742601.4.sbml.csv,Vaginal Commensal
10141,-911.6869760431864,567.9866505593852,2742601.4.sbml.csv,Vaginal Commensal
10142,-515.2499439707923,1061.5720761622665,2742601.4.sbml.csv,Vaginal Commensal
10143,-252.4468192717178,1758.9395830951735,2742601.4.sbml.csv,Vaginal Commensal
10144,-292.03222669465043,1685.1927049736985,2742601.4.sbml.csv,Vaginal Commensal
10145,-1704.4439228662836,1626.6296333320865,2742601.4.sbml.csv,Vaginal Commensal
10146,-503.4234145946816,1144.5384732162584,2742601.4.sbml.csv,Vaginal Commensal
10147,-377.2825177476487,1413.376930341352,2742601.4.sbml.csv,Vaginal Commensal
10148,-581.7523168702941,1408.6402023861483,2742601.4.sbml.csv,Vaginal Commensal
10149,-1787.4822938999955,1393.4246716349676,2742601.4.sbml.csv,Vaginal Commensal
10150,-135.44489286460686,1836.5098797408057,2742601.4.sbml.csv,Vaginal Commensal
10151,-1013.1276493618798,1664.0244987831982,2742601.4.sbml.csv,Vaginal Commensal
10152,-1459.6427811375052,717.6684935377697,2742601.4.sbml.csv,Vaginal Commensal
10153,-1564.5721625834688,757.9425594548352,2742601.4.sbml.csv,Vaginal Commensal
10154,-850.4742902944696,1899.6710651760518,2742601.4.sbml.csv,Vaginal Commensal
10155,-489.109680579295,1294.8848428884808,2742601.4.sbml.csv,Vaginal Commensal
10156,-568.0203039563054,1886.6657550723896,2742601.4.sbml.csv,Vaginal Commensal
10157,-1033.8450015048572,1709.5512491840577,2742601.4.sbml.csv,Vaginal Commensal
10158,-1466.4374034713194,2279.0144784067047,2742601.4.sbml.csv,Vaginal Commensal
10159,-323.31449032465497,1569.275417199263,2742601.4.sbml.csv,Vaginal Commensal
10160,-930.517156027663,1669.8835799083367,2742601.4.sbml.csv,Vaginal Commensal
10161,-1664.17940437101,1998.3456667290625,2742601.4.sbml.csv,Vaginal Commensal
10162,-1672.2506778504878,1379.9555121883134,2742601.4.sbml.csv,Vaginal Commensal
10163,-1178.1449279219803,1354.9663222674828,2742601.4.sbml.csv,Vaginal Commensal
10164,-894.6798200518291,1312.3097201659048,2742601.4.sbml.csv,Vaginal Commensal
10165,-680.1856080975825,1941.9611389219547,2742601.4.sbml.csv,Vaginal Commensal
10166,-1041.91733646457,1145.6316049850088,2742601.4.sbml.csv,Vaginal Commensal
10167,-206.44777641015924,1557.0720542224128,2742601.4.sbml.csv,Vaginal Commensal
10168,-762.1447272266599,1749.3982316862034,2742601.4.sbml.csv,Vaginal Commensal
10169,-1442.9412450996092,1641.251633297268,2742601.4.sbml.csv,Vaginal Commensal
10170,-1081.8226135101693,2011.0069850549842,2742601.4.sbml.csv,Vaginal Commensal
10171,-883.2215594240001,1517.7507177045113,2742601.4.sbml.csv,Vaginal Commensal
10172,-1045.4435587311777,1342.4299770923208,2742601.4.sbml.csv,Vaginal Commensal
10173,-454.90960476044853,1703.6285003620492,2742601.4.sbml.csv,Vaginal Commensal
10174,59.6035801418311,1830.7712265374005,2742601.4.sbml.csv,Vaginal Commensal
10175,159.84550462499146,1212.9366326233312,2742601.4.sbml.csv,Vaginal Commensal
10176,-243.35361791303043,1844.7837200568576,2742601.4.sbml.csv,Vaginal Commensal
10177,-1159.5259742599337,1931.7697088806894,2742601.4.sbml.csv,Vaginal Commensal
10178,-178.36859174793736,1588.9503437215153,2742601.4.sbml.csv,Vaginal Commensal
10179,-402.79697464941626,1157.3527936033026,2742601.4.sbml.csv,Vaginal Commensal
10180,-784.2322956554287,1180.7994944424183,2742601.4.sbml.csv,Vaginal Commensal
10181,-145.10596738317923,1740.8741672512779,2742601.4.sbml.csv,Vaginal Commensal
10182,-819.2059918278434,1115.5655484639722,2742601.4.sbml.csv,Vaginal Commensal
10183,-778.4390880447503,2360.65909712575,2742601.4.sbml.csv,Vaginal Commensal
10184,-2044.252555845287,664.6052261387935,2742601.4.sbml.csv,Vaginal Commensal
10185,-152.44428402064787,1490.6888680517175,2742601.4.sbml.csv,Vaginal Commensal
10186,-209.6290311070452,1571.4509417263912,2742601.4.sbml.csv,Vaginal Commensal
10187,319.45236881053927,1615.8779513545182,2742601.4.sbml.csv,Vaginal Commensal
10188,-1089.4954473150826,1445.8562305530306,2742601.4.sbml.csv,Vaginal Commensal
10189,-494.93773147769195,1937.1497844536966,2742601.4.sbml.csv,Vaginal Commensal
10190,-1017.6426412102944,2254.231542390933,2742601.4.sbml.csv,Vaginal Commensal
10191,-293.19937328034865,2147.3051205830857,2742601.4.sbml.csv,Vaginal Commensal
10192,122.45758165875185,970.4489167928749,2742601.4.sbml.csv,Vaginal Commensal
10193,-529.7263583118656,1329.415989373859,2742601.4.sbml.csv,Vaginal Commensal
10194,-799.1825231038669,1776.0713113099678,2742601.4.sbml.csv,Vaginal Commensal
10195,-466.53482914858597,1388.6335982234107,2742601.4.sbml.csv,Vaginal Commensal
10196,-1900.6096246084364,936.3583188052773,2742601.4.sbml.csv,Vaginal Commensal
10197,-1825.5371101748767,1775.8205315760426,2742601.4.sbml.csv,Vaginal Commensal
10198,-610.7971858871489,1828.2410617424823,2742601.4.sbml.csv,Vaginal Commensal
10199,-1730.6805986350414,1455.572020758451,2742601.4.sbml.csv,Vaginal Commensal
10200,-1493.712808608662,1677.905046661972,2742601.4.sbml.csv,Vaginal Commensal
10201,-1126.4044738127545,1115.7356977419483,2742601.4.sbml.csv,Vaginal Commensal
10202,-601.970875576632,1486.2779736202465,2742601.4.sbml.csv,Vaginal Commensal
10203,-542.6843245466035,2296.2007167740976,2742601.4.sbml.csv,Vaginal Commensal
10204,6.5523909600851304,2665.1529353074807,2742601.4.sbml.csv,Vaginal Commensal
10205,-927.5919754464662,1228.4568575293304,2742601.4.sbml.csv,Vaginal Commensal
10206,-18.63414041468535,1541.5761111227903,2742601.4.sbml.csv,Vaginal Commensal
10207,-1755.9908229327573,1810.6792094853847,2742601.4.sbml.csv,Vaginal Commensal
10208,-54.594299289883274,1414.1621770915874,2742601.4.sbml.csv,Vaginal Commensal
10209,-924.837224899562,2222.132300522191,2742601.4.sbml.csv,Vaginal Commensal
10210,-783.5744340025027,1261.3809772482323,2742601.4.sbml.csv,Vaginal Commensal
10211,-1179.2815843181436,1339.3829794639819,2742601.4.sbml.csv,Vaginal Commensal
10212,-181.2180922253246,2099.3853948077326,2742601.4.sbml.csv,Vaginal Commensal
10213,-1393.0361579133971,1890.4871797660262,2742601.4.sbml.csv,Vaginal Commensal
10214,-478.7105560113437,1518.2008727976427,2742601.4.sbml.csv,Vaginal Commensal
10215,-401.27546469591636,1505.766111255643,2742601.4.sbml.csv,Vaginal Commensal
10216,-674.8940252198792,1945.8148750159883,2742601.4.sbml.csv,Vaginal Commensal
10217,-628.2154495991291,1082.8423805535858,2742601.4.sbml.csv,Vaginal Commensal
10218,-830.3978988973184,838.5813341676834,2742601.4.sbml.csv,Vaginal Commensal
10219,-779.8464678420087,1531.405442620877,2742601.4.sbml.csv,Vaginal Commensal
10220,-2082.09952628444,1738.6456207978508,2742601.4.sbml.csv,Vaginal Commensal
10221,-851.4703391775962,1988.621038737653,2742601.4.sbml.csv,Vaginal Commensal
10222,-87.90422227983603,1190.3580859520355,2742601.4.sbml.csv,Vaginal Commensal
10223,-961.5439099214813,1029.9329577690212,2742601.4.sbml.csv,Vaginal Commensal
10224,-1415.6742650019617,1921.4079512938843,2742601.4.sbml.csv,Vaginal Commensal
10225,-1153.5015215548226,2330.78992410888,2742601.4.sbml.csv,Vaginal Commensal
10226,-1975.5504157499856,1147.5316784468337,2742601.4.sbml.csv,Vaginal Commensal
10227,-1381.6192477744785,2314.606074800752,2742601.4.sbml.csv,Vaginal Commensal
10228,-1083.0571620000812,1314.7608707932766,2742601.4.sbml.csv,Vaginal Commensal
10229,-1069.6348950513875,628.6243763479675,2742601.4.sbml.csv,Vaginal Commensal
10230,-1330.9881018245544,1415.8090462208609,2742601.4.sbml.csv,Vaginal Commensal
10231,-776.0764833971866,1418.345067342188,2742601.4.sbml.csv,Vaginal Commensal
10232,-765.650587078998,1141.531793987188,2742601.4.sbml.csv,Vaginal Commensal
10233,-27.293398633144218,534.7027457459318,2742601.4.sbml.csv,Vaginal Commensal
10234,-436.70120644597864,2494.3635906615646,2742601.4.sbml.csv,Vaginal Commensal
10235,-1201.5472825654733,2299.941919622986,2742601.4.sbml.csv,Vaginal Commensal
10236,-834.3272600180545,1392.7573076023568,2742601.4.sbml.csv,Vaginal Commensal
10237,453.9105374720142,516.3810808256018,2742601.4.sbml.csv,Vaginal Commensal
10238,-2107.8481359370558,687.1224953730516,2742601.4.sbml.csv,Vaginal Commensal
10239,-397.58808907264256,875.2493133879443,2742601.4.sbml.csv,Vaginal Commensal
10240,-1052.60964349308,1024.3235748783688,2742601.4.sbml.csv,Vaginal Commensal
10241,-931.8548393116553,1313.1793600835335,2742601.4.sbml.csv,Vaginal Commensal
10242,-695.7169849386877,1688.3295556238947,2742601.4.sbml.csv,Vaginal Commensal
10243,-441.11360546758885,2056.620083808884,2742601.4.sbml.csv,Vaginal Commensal
10244,-425.7851680176345,1736.5080907767358,2742601.4.sbml.csv,Vaginal Commensal
10245,-1000.7213946022622,2140.1294491563053,2742601.4.sbml.csv,Vaginal Commensal
10246,-81.98757732892786,1449.9316980425278,2742601.4.sbml.csv,Vaginal Commensal
10247,632.6750057156362,1292.7752529024933,2742601.4.sbml.csv,Vaginal Commensal
10248,359.52436099223905,1554.63262211986,2742601.4.sbml.csv,Vaginal Commensal
10249,424.4524910222973,1343.268103194886,2742601.4.sbml.csv,Vaginal Commensal
10250,406.788444382511,-41.812340665028586,910314.3.sbml.csv,Vaginal Commensal
10251,251.34338579041412,-441.585341614846,910314.3.sbml.csv,Vaginal Commensal
10252,931.4499531537655,639.631179582379,910314.3.sbml.csv,Vaginal Commensal
10253,-969.8336211784198,-115.75551653132294,910314.3.sbml.csv,Vaginal Commensal
10254,67.46823962190679,110.63572880746479,910314.3.sbml.csv,Vaginal Commensal
10255,-503.9510758201187,293.26750010007726,910314.3.sbml.csv,Vaginal Commensal
10256,-81.06799587455487,160.48688931920904,910314.3.sbml.csv,Vaginal Commensal
10257,-1343.0570060683174,83.40436553477343,910314.3.sbml.csv,Vaginal Commensal
10258,82.91143007418108,280.83901427679086,910314.3.sbml.csv,Vaginal Commensal
10259,-1305.2390452303446,-176.88852374657296,910314.3.sbml.csv,Vaginal Commensal
10260,-746.2264054248726,527.4792621217161,910314.3.sbml.csv,Vaginal Commensal
10261,101.37270776264242,454.4531618227135,910314.3.sbml.csv,Vaginal Commensal
10262,-1085.141005731486,-60.17486974044143,910314.3.sbml.csv,Vaginal Commensal
10263,-219.40753258538712,-235.628991953462,910314.3.sbml.csv,Vaginal Commensal
10264,39.94863438418253,346.79740237106654,910314.3.sbml.csv,Vaginal Commensal
10265,-1474.2502172415197,379.94137440027936,910314.3.sbml.csv,Vaginal Commensal
10266,866.4712007687034,-59.629364873395026,910314.3.sbml.csv,Vaginal Commensal
10267,847.5350478615514,717.5826772970527,910314.3.sbml.csv,Vaginal Commensal
10268,166.85074551303217,449.89549331108776,910314.3.sbml.csv,Vaginal Commensal
10269,1113.5847531793431,195.73744072066864,910314.3.sbml.csv,Vaginal Commensal
10270,1333.0105076188133,-439.0968054111819,910314.3.sbml.csv,Vaginal Commensal
10271,962.2332288242449,245.00337368006177,910314.3.sbml.csv,Vaginal Commensal
10272,176.30043671258417,-315.30165313393826,910314.3.sbml.csv,Vaginal Commensal
10273,-604.259835986897,161.41369796900324,910314.3.sbml.csv,Vaginal Commensal
10274,1157.3970263353895,43.743188749294525,910314.3.sbml.csv,Vaginal Commensal
10275,482.3125660746971,1044.8767791572645,910314.3.sbml.csv,Vaginal Commensal
10276,712.9825177729265,289.29737450079796,910314.3.sbml.csv,Vaginal Commensal
10277,-773.9215544285815,-168.39966475599158,910314.3.sbml.csv,Vaginal Commensal
10278,14.315505270181173,1039.8469108471497,910314.3.sbml.csv,Vaginal Commensal
10279,347.64490079418596,-268.7117388899153,910314.3.sbml.csv,Vaginal Commensal
10280,1429.3118340121268,97.95491030575234,910314.3.sbml.csv,Vaginal Commensal
10281,-1455.0814714391486,-103.71475895155334,910314.3.sbml.csv,Vaginal Commensal
10282,-669.5956622498553,125.90518914335581,910314.3.sbml.csv,Vaginal Commensal
10283,203.7162435849496,1304.467500031415,910314.3.sbml.csv,Vaginal Commensal
10284,805.5330271385625,-229.30318057378,910314.3.sbml.csv,Vaginal Commensal
10285,251.90156376348202,410.55476030061357,910314.3.sbml.csv,Vaginal Commensal
10286,-713.196124447662,-521.8796848437611,910314.3.sbml.csv,Vaginal Commensal
10287,-1060.0511430633908,-709.6901616528437,910314.3.sbml.csv,Vaginal Commensal
10288,-19.913916452538253,767.9676827556873,910314.3.sbml.csv,Vaginal Commensal
10289,-839.773502103391,267.910442222637,910314.3.sbml.csv,Vaginal Commensal
10290,-524.5368018510276,-0.81829880207087,910314.3.sbml.csv,Vaginal Commensal
10291,-650.1548681257714,-245.22753049774738,910314.3.sbml.csv,Vaginal Commensal
10292,-532.8246275128272,-749.5690979856641,910314.3.sbml.csv,Vaginal Commensal
10293,-664.9060621536067,575.4291209734458,910314.3.sbml.csv,Vaginal Commensal
10294,-240.95402699398852,116.6178767559374,910314.3.sbml.csv,Vaginal Commensal
10295,489.90289301946746,175.20863319936413,910314.3.sbml.csv,Vaginal Commensal
10296,726.6260326637596,-422.87554018346844,910314.3.sbml.csv,Vaginal Commensal
10297,-144.6016791824156,120.86044553135034,910314.3.sbml.csv,Vaginal Commensal
10298,379.35136811251255,-857.918476302097,910314.3.sbml.csv,Vaginal Commensal
10299,477.81452422265306,450.3617938504034,910314.3.sbml.csv,Vaginal Commensal
10300,-67.84860135061939,-27.01190217826879,910314.3.sbml.csv,Vaginal Commensal
10301,-1232.742861737869,-339.1617679896844,910314.3.sbml.csv,Vaginal Commensal
10302,685.2098467941415,-395.6420017125095,910314.3.sbml.csv,Vaginal Commensal
10303,-242.68658225095444,417.44437005100684,910314.3.sbml.csv,Vaginal Commensal
10304,1122.6948074218506,-247.96230836023358,910314.3.sbml.csv,Vaginal Commensal
10305,429.7814533629663,-512.5370958734314,910314.3.sbml.csv,Vaginal Commensal
10306,-557.7100233403193,-366.5458325956197,910314.3.sbml.csv,Vaginal Commensal
10307,934.9823407234927,-299.9900782041631,910314.3.sbml.csv,Vaginal Commensal
10308,882.3759765384345,480.2453604582593,910314.3.sbml.csv,Vaginal Commensal
10309,99.61410413967297,238.7232959897497,910314.3.sbml.csv,Vaginal Commensal
10310,312.7357411525519,647.5073059860497,910314.3.sbml.csv,Vaginal Commensal
10311,1236.2876188415287,370.44869706224137,910314.3.sbml.csv,Vaginal Commensal
10312,-261.30087139755113,-657.8825775335076,910314.3.sbml.csv,Vaginal Commensal
10313,-1553.4159800220011,542.6648063081291,910314.3.sbml.csv,Vaginal Commensal
10314,554.023739479865,432.5631466034661,910314.3.sbml.csv,Vaginal Commensal
10315,934.2853251709575,310.6798150266764,910314.3.sbml.csv,Vaginal Commensal
10316,-1422.2471291396585,287.0066336107403,910314.3.sbml.csv,Vaginal Commensal
10317,-1073.9845257637992,147.92136692105916,910314.3.sbml.csv,Vaginal Commensal
10318,-143.1111435322435,-430.30164618480694,910314.3.sbml.csv,Vaginal Commensal
10319,819.4986066421236,175.0886752600159,910314.3.sbml.csv,Vaginal Commensal
10320,-1292.333846101599,517.3048618979864,910314.3.sbml.csv,Vaginal Commensal
10321,-294.3123685027869,556.1951597181824,910314.3.sbml.csv,Vaginal Commensal
10322,722.0939055114119,390.1896537889538,910314.3.sbml.csv,Vaginal Commensal
10323,-1111.3148433886122,159.1809771524268,910314.3.sbml.csv,Vaginal Commensal
10324,466.48672984645646,559.2113368742952,910314.3.sbml.csv,Vaginal Commensal
10325,-350.29396411810524,-525.7633603678888,910314.3.sbml.csv,Vaginal Commensal
10326,-27.771120239236115,640.1324216050398,910314.3.sbml.csv,Vaginal Commensal
10327,1435.409411847853,-123.74406297340778,910314.3.sbml.csv,Vaginal Commensal
10328,-838.142627047015,252.78155349286217,910314.3.sbml.csv,Vaginal Commensal
10329,1204.6318983349356,1144.4991841508433,910314.3.sbml.csv,Vaginal Commensal
10330,-453.40518227717774,-203.60163933713983,910314.3.sbml.csv,Vaginal Commensal
10331,1069.9717755763718,526.2442750511175,910314.3.sbml.csv,Vaginal Commensal
10332,404.6466309582017,233.22321178474465,910314.3.sbml.csv,Vaginal Commensal
10333,-561.9067732530216,-67.58343372658321,910314.3.sbml.csv,Vaginal Commensal
10334,1218.385319334953,-368.20946109778356,910314.3.sbml.csv,Vaginal Commensal
10335,-1389.0628678191486,-653.6732240086046,910314.3.sbml.csv,Vaginal Commensal
10336,1589.573434235466,33.99148384973739,910314.3.sbml.csv,Vaginal Commensal
10337,191.64623122645293,-35.65945636097024,910314.3.sbml.csv,Vaginal Commensal
10338,445.53264685746836,-398.5851216698267,910314.3.sbml.csv,Vaginal Commensal
10339,-832.1515160208182,-849.1456868336753,910314.3.sbml.csv,Vaginal Commensal
10340,800.6251830723888,390.2150368749294,910314.3.sbml.csv,Vaginal Commensal
10341,770.8674393614996,421.88682098289524,910314.3.sbml.csv,Vaginal Commensal
10342,-1187.5054020182906,-22.58605760741006,910314.3.sbml.csv,Vaginal Commensal
10343,1.501107837190128,-22.25691883894976,910314.3.sbml.csv,Vaginal Commensal
10344,998.0677620618123,1050.0509299157563,910314.3.sbml.csv,Vaginal Commensal
10345,448.91129492965285,463.7338981915325,910314.3.sbml.csv,Vaginal Commensal
10346,-54.348854329717206,716.3668374223395,910314.3.sbml.csv,Vaginal Commensal
10347,414.17825344542206,823.8345551522816,910314.3.sbml.csv,Vaginal Commensal
10348,653.7305509244064,386.48267735998445,910314.3.sbml.csv,Vaginal Commensal
10349,-13.215591862941178,35.09599084805988,910314.3.sbml.csv,Vaginal Commensal
10350,-175.7378979472907,-426.5989766400455,910314.3.sbml.csv,Vaginal Commensal
10351,-393.77639746700027,-562.5451239946839,910314.3.sbml.csv,Vaginal Commensal
10352,293.9563176741765,117.29182005388743,910314.3.sbml.csv,Vaginal Commensal
10353,1394.1284379021051,1453.9424929569561,910314.3.sbml.csv,Vaginal Commensal
10354,-1056.2843775857334,299.93685868487404,910314.3.sbml.csv,Vaginal Commensal
10355,-325.112579207602,1337.5150321459682,910314.3.sbml.csv,Vaginal Commensal
10356,921.1795457440048,253.9383964978733,910314.3.sbml.csv,Vaginal Commensal
10357,422.53861959189487,-138.13067133551712,910314.3.sbml.csv,Vaginal Commensal
10358,472.44129765021415,-206.85384474136444,910314.3.sbml.csv,Vaginal Commensal
10359,-270.3410675467535,-690.8747520927806,910314.3.sbml.csv,Vaginal Commensal
10360,-416.3860663939672,-497.92906408435147,910314.3.sbml.csv,Vaginal Commensal
10361,872.5065928011625,375.52490445536023,910314.3.sbml.csv,Vaginal Commensal
10362,779.5075721055634,1315.0065415050985,910314.3.sbml.csv,Vaginal Commensal
10363,-183.0900537082831,-231.89397332892102,910314.3.sbml.csv,Vaginal Commensal
10364,1195.702290288677,334.33248662301366,910314.3.sbml.csv,Vaginal Commensal
10365,630.2347846333494,805.2665384286715,910314.3.sbml.csv,Vaginal Commensal
10366,300.68083467603867,-52.42005939941678,910314.3.sbml.csv,Vaginal Commensal
10367,-40.05178001986481,88.60016346812652,910314.3.sbml.csv,Vaginal Commensal
10368,-415.29851350718843,421.5756759887612,910314.3.sbml.csv,Vaginal Commensal
10369,1447.7574323398521,-160.48362723199966,910314.3.sbml.csv,Vaginal Commensal
10370,-839.7693092780523,406.4592337250302,910314.3.sbml.csv,Vaginal Commensal
10371,-93.06260884163899,-112.26578112913327,910314.3.sbml.csv,Vaginal Commensal
10372,-314.0045107443032,-328.81687247830223,910314.3.sbml.csv,Vaginal Commensal
10373,-630.8655346484337,-455.11411608526737,910314.3.sbml.csv,Vaginal Commensal
10374,-339.89765977460036,202.9265252168287,910314.3.sbml.csv,Vaginal Commensal
10375,794.9279008533103,-399.0112377763604,910314.3.sbml.csv,Vaginal Commensal
10376,573.5527790522998,1027.410691767156,910314.3.sbml.csv,Vaginal Commensal
10377,-1495.5079509342613,-0.8434507211163197,910314.3.sbml.csv,Vaginal Commensal
10378,-673.9430879652163,-737.0244787195294,910314.3.sbml.csv,Vaginal Commensal
10379,-1469.2077443179053,-1179.4631917041095,910314.3.sbml.csv,Vaginal Commensal
10380,-1217.7212855690163,799.4316133983609,910314.3.sbml.csv,Vaginal Commensal
10381,870.1225428978108,861.862978387541,910314.3.sbml.csv,Vaginal Commensal
10382,-749.4033206388664,-59.94755681204266,910314.3.sbml.csv,Vaginal Commensal
10383,-729.3154687690851,-204.23384732810536,910314.3.sbml.csv,Vaginal Commensal
10384,368.7531980284034,-952.745016010245,910314.3.sbml.csv,Vaginal Commensal
10385,-111.44799356595831,24.576272216614978,910314.3.sbml.csv,Vaginal Commensal
10386,-88.00830394689262,1041.2575384795316,910314.3.sbml.csv,Vaginal Commensal
10387,87.08331868141092,330.2835132381658,910314.3.sbml.csv,Vaginal Commensal
10388,1344.9311195300845,429.2557254409483,910314.3.sbml.csv,Vaginal Commensal
10389,-518.9464469028962,-399.14175724516645,910314.3.sbml.csv,Vaginal Commensal
10390,-818.2281591295925,368.0556888346647,910314.3.sbml.csv,Vaginal Commensal
10391,-354.98459446715725,-834.318496110408,910314.3.sbml.csv,Vaginal Commensal
10392,118.38143046605268,236.11439191688913,910314.3.sbml.csv,Vaginal Commensal
10393,752.2849427770508,771.6213614169834,910314.3.sbml.csv,Vaginal Commensal
10394,764.6247183293301,800.1717568433806,910314.3.sbml.csv,Vaginal Commensal
10395,444.422568954007,770.5465530049279,910314.3.sbml.csv,Vaginal Commensal
10396,-692.849207777457,-128.50066719769805,910314.3.sbml.csv,Vaginal Commensal
10397,-836.7001957414685,438.572885324913,910314.3.sbml.csv,Vaginal Commensal
10398,-1.9820547183370425,-294.62309905306597,910314.3.sbml.csv,Vaginal Commensal
10399,1215.7178962710946,1087.6957090781725,910314.3.sbml.csv,Vaginal Commensal
10400,1182.776127568338,-246.8578804901031,910314.3.sbml.csv,Vaginal Commensal
10401,-1121.86127032242,253.30131877524747,910314.3.sbml.csv,Vaginal Commensal
10402,-1625.9451111063468,-2.0209775148807,910314.3.sbml.csv,Vaginal Commensal
10403,1348.115081416358,455.1884542221776,910314.3.sbml.csv,Vaginal Commensal
10404,-664.501543446004,-381.10785791209764,910314.3.sbml.csv,Vaginal Commensal
10405,-274.13885041004977,69.50693684820546,910314.3.sbml.csv,Vaginal Commensal
10406,110.65541838370379,419.5521972208376,910314.3.sbml.csv,Vaginal Commensal
10407,-1644.3083776283095,538.5056842122272,910314.3.sbml.csv,Vaginal Commensal
10408,-457.51402117540687,-619.1149187512797,910314.3.sbml.csv,Vaginal Commensal
10409,1472.796199182689,-311.50347526164217,910314.3.sbml.csv,Vaginal Commensal
10410,689.886151231211,160.58429316983012,910314.3.sbml.csv,Vaginal Commensal
10411,-256.6339307279101,209.65907650099265,910314.3.sbml.csv,Vaginal Commensal
10412,-339.86270321610425,859.2998897735471,910314.3.sbml.csv,Vaginal Commensal
10413,692.984900353626,42.54925311042295,910314.3.sbml.csv,Vaginal Commensal
10414,1214.4874869822636,-377.30493393416276,910314.3.sbml.csv,Vaginal Commensal
10415,454.39442464998467,-253.2731889589533,910314.3.sbml.csv,Vaginal Commensal
10416,-36.62030395573825,36.63253090405448,910314.3.sbml.csv,Vaginal Commensal
10417,822.9261255891141,468.70275790275576,910314.3.sbml.csv,Vaginal Commensal
10418,-600.9338246850649,-573.3379119823107,910314.3.sbml.csv,Vaginal Commensal
10419,392.024473247855,358.2912419342147,910314.3.sbml.csv,Vaginal Commensal
10420,775.4611990634395,47.17328067578844,910314.3.sbml.csv,Vaginal Commensal
10421,385.7980744554991,1096.1876745193192,910314.3.sbml.csv,Vaginal Commensal
10422,-284.3945097546369,-800.7399885064998,910314.3.sbml.csv,Vaginal Commensal
10423,1395.4478819927995,804.2001031686333,910314.3.sbml.csv,Vaginal Commensal
10424,-622.6083567792251,-77.11312897537532,910314.3.sbml.csv,Vaginal Commensal
10425,-45.91511645777635,-342.2076549340409,910314.3.sbml.csv,Vaginal Commensal
10426,433.5215892947794,216.08953614758863,910314.3.sbml.csv,Vaginal Commensal
10427,273.7144424444201,852.4444982025403,910314.3.sbml.csv,Vaginal Commensal
10428,792.892817046662,897.0618106117967,910314.3.sbml.csv,Vaginal Commensal
10429,-904.2849578361734,-160.43122149478202,910314.3.sbml.csv,Vaginal Commensal
10430,-589.1552944399575,-401.314269668668,910314.3.sbml.csv,Vaginal Commensal
10431,-816.6500463835388,-722.469372055373,910314.3.sbml.csv,Vaginal Commensal
10432,597.6600589322923,-322.5663653325165,910314.3.sbml.csv,Vaginal Commensal
10433,1059.8760177621061,380.67887229830313,910314.3.sbml.csv,Vaginal Commensal
10434,260.66527684423244,480.5382407837063,910314.3.sbml.csv,Vaginal Commensal
10435,-121.08938888801575,-634.8486852202743,910314.3.sbml.csv,Vaginal Commensal
10436,734.7084145276121,913.3334190262674,910314.3.sbml.csv,Vaginal Commensal
10437,-367.1800500949062,45.53855972463393,910314.3.sbml.csv,Vaginal Commensal
10438,870.2877851311099,880.022426593529,910314.3.sbml.csv,Vaginal Commensal
10439,-816.7569051871847,142.57020779094393,910314.3.sbml.csv,Vaginal Commensal
10440,123.6880240125409,202.07436879835458,910314.3.sbml.csv,Vaginal Commensal
10441,-1474.6658523754493,-74.4548137665761,910314.3.sbml.csv,Vaginal Commensal
10442,276.800007778734,-187.15735757877633,910314.3.sbml.csv,Vaginal Commensal
10443,-794.6944189917454,123.54802977954382,910314.3.sbml.csv,Vaginal Commensal
10444,-1133.9052877644594,626.0290200623023,910314.3.sbml.csv,Vaginal Commensal
10445,1029.5741661008728,491.6564125370448,910314.3.sbml.csv,Vaginal Commensal
10446,688.3135715030241,384.64528784078556,910314.3.sbml.csv,Vaginal Commensal
10447,474.9716279402196,-10.523479546883634,910314.3.sbml.csv,Vaginal Commensal
10448,-288.5776034001494,-30.859944304802436,910314.3.sbml.csv,Vaginal Commensal
10449,-595.4653323369067,110.52554252882605,910314.3.sbml.csv,Vaginal Commensal
10450,872.3299645600512,688.121044209417,910314.3.sbml.csv,Vaginal Commensal
10451,-579.14397449268,645.7758472386259,910314.3.sbml.csv,Vaginal Commensal
10452,684.2604052842182,-211.0055335939563,910314.3.sbml.csv,Vaginal Commensal
10453,477.43670386441016,-427.2428150590994,910314.3.sbml.csv,Vaginal Commensal
10454,-170.75990344479501,602.4318118687737,910314.3.sbml.csv,Vaginal Commensal
10455,773.5518959474891,705.0619164946874,910314.3.sbml.csv,Vaginal Commensal
10456,-1448.9827780554376,-592.0889680988124,910314.3.sbml.csv,Vaginal Commensal
10457,43.898832728170404,-640.925315342955,910314.3.sbml.csv,Vaginal Commensal
10458,-237.61038030142117,-487.7388447172561,910314.3.sbml.csv,Vaginal Commensal
10459,146.67001455996325,1644.543084615889,910314.3.sbml.csv,Vaginal Commensal
10460,712.2625086243122,983.7785666491931,910314.3.sbml.csv,Vaginal Commensal
10461,-606.1822097024074,-441.0989885169208,910314.3.sbml.csv,Vaginal Commensal
10462,498.69593893843125,228.39253562859665,910314.3.sbml.csv,Vaginal Commensal
10463,-719.4398362454207,234.6768063048553,910314.3.sbml.csv,Vaginal Commensal
10464,61.21494314534878,-85.46980239448312,910314.3.sbml.csv,Vaginal Commensal
10465,377.38031642214094,130.64522495417393,910314.3.sbml.csv,Vaginal Commensal
10466,1130.2686922411465,43.81524713734712,910314.3.sbml.csv,Vaginal Commensal
10467,705.1856883544831,399.908193103633,910314.3.sbml.csv,Vaginal Commensal
10468,-1558.5743331321294,48.26660459622322,910314.3.sbml.csv,Vaginal Commensal
10469,-483.8996132527373,471.64105828886994,910314.3.sbml.csv,Vaginal Commensal
10470,-32.65533367032511,-427.32366779285735,910314.3.sbml.csv,Vaginal Commensal
10471,-546.0061484735872,296.12762295718215,910314.3.sbml.csv,Vaginal Commensal
10472,499.54930922954765,19.6204823369572,910314.3.sbml.csv,Vaginal Commensal
10473,-224.6619071064483,-555.1148549566598,910314.3.sbml.csv,Vaginal Commensal
10474,-514.7996326638956,-561.5497136030132,910314.3.sbml.csv,Vaginal Commensal
10475,557.7954258361954,-379.1003426921379,910314.3.sbml.csv,Vaginal Commensal
10476,744.3564641536576,-466.8510184749689,910314.3.sbml.csv,Vaginal Commensal
10477,145.07120160046566,-270.335781383378,910314.3.sbml.csv,Vaginal Commensal
10478,498.74444895107797,-698.6760950976108,910314.3.sbml.csv,Vaginal Commensal
10479,1004.9602931782867,199.31361735927206,910314.3.sbml.csv,Vaginal Commensal
10480,797.4089423034295,415.61473920907656,910314.3.sbml.csv,Vaginal Commensal
10481,-214.7702871832099,291.9815590289788,910314.3.sbml.csv,Vaginal Commensal
10482,-935.7009348023129,501.4430292883559,910314.3.sbml.csv,Vaginal Commensal
10483,-1213.3556852375436,1128.647178307539,910314.3.sbml.csv,Vaginal Commensal
10484,-191.16632642756528,177.01447458429524,910314.3.sbml.csv,Vaginal Commensal
10485,1430.0666475639357,836.7999135005441,910314.3.sbml.csv,Vaginal Commensal
10486,265.40850060863414,263.39638853773005,910314.3.sbml.csv,Vaginal Commensal
10487,-556.1984223882267,126.05259173943908,910314.3.sbml.csv,Vaginal Commensal
10488,1147.5379614449448,-54.10962646939415,910314.3.sbml.csv,Vaginal Commensal
10489,-517.0327693491536,216.42295628299863,910314.3.sbml.csv,Vaginal Commensal
10490,334.3863562109486,152.14998570133648,910314.3.sbml.csv,Vaginal Commensal
10491,163.7414635600718,-246.82950968190326,910314.3.sbml.csv,Vaginal Commensal
10492,554.7496028497745,69.6835402780272,910314.3.sbml.csv,Vaginal Commensal
10493,937.5593462915338,654.2288431732869,910314.3.sbml.csv,Vaginal Commensal
10494,-723.1888419263577,-289.35765450412276,910314.3.sbml.csv,Vaginal Commensal
10495,127.10313413643867,-231.90176045383885,910314.3.sbml.csv,Vaginal Commensal
10496,53.281126700583236,512.5834392213941,910314.3.sbml.csv,Vaginal Commensal
10497,-592.7710546517981,782.8866573432332,910314.3.sbml.csv,Vaginal Commensal
10498,417.9999645174976,428.57013391818754,910314.3.sbml.csv,Vaginal Commensal
10499,-396.853010176301,534.0245678079995,910314.3.sbml.csv,Vaginal Commensal
10500,361.5730272065465,-348.8305041384761,1284686.3.sbml.csv,Vaginal Commensal
10501,-963.1614273399653,-574.7608289716826,1284686.3.sbml.csv,Vaginal Commensal
10502,-842.6496075043705,-1010.6319812543686,1284686.3.sbml.csv,Vaginal Commensal
10503,-1505.9887875438988,-1666.0115150271188,1284686.3.sbml.csv,Vaginal Commensal
10504,-2262.575535726627,-1127.610490445386,1284686.3.sbml.csv,Vaginal Commensal
10505,-464.2294445783049,-1056.2258079087192,1284686.3.sbml.csv,Vaginal Commensal
10506,208.4960953107905,268.9095908680818,1284686.3.sbml.csv,Vaginal Commensal
10507,1389.6997011393623,-1228.3251164527455,1284686.3.sbml.csv,Vaginal Commensal
10508,-917.4948869618067,-975.9727721789723,1284686.3.sbml.csv,Vaginal Commensal
10509,1043.9609017347902,-240.84536580593124,1284686.3.sbml.csv,Vaginal Commensal
10510,727.7505008338214,-1107.4329411347449,1284686.3.sbml.csv,Vaginal Commensal
10511,-415.576837662138,-1298.2204250436357,1284686.3.sbml.csv,Vaginal Commensal
10512,-996.6607162953137,-380.2081001529926,1284686.3.sbml.csv,Vaginal Commensal
10513,-2080.822173505021,-66.05258151771532,1284686.3.sbml.csv,Vaginal Commensal
10514,1184.7573472033994,-601.3854535554473,1284686.3.sbml.csv,Vaginal Commensal
10515,-1760.2914607346975,-179.0211137054764,1284686.3.sbml.csv,Vaginal Commensal
10516,-1487.6179943078225,-1294.5988838641417,1284686.3.sbml.csv,Vaginal Commensal
10517,2119.4536740075728,-163.74417316721232,1284686.3.sbml.csv,Vaginal Commensal
10518,1220.704338556851,-852.2482632320065,1284686.3.sbml.csv,Vaginal Commensal
10519,2301.807569417872,235.82008600224918,1284686.3.sbml.csv,Vaginal Commensal
10520,898.089550792164,-518.7394603255219,1284686.3.sbml.csv,Vaginal Commensal
10521,53.759356959383275,-1519.7547752816472,1284686.3.sbml.csv,Vaginal Commensal
10522,-1383.2666522427712,-671.7859106013395,1284686.3.sbml.csv,Vaginal Commensal
10523,213.1309958175315,-1192.407051744906,1284686.3.sbml.csv,Vaginal Commensal
10524,-157.94296130555685,213.09845406873612,1284686.3.sbml.csv,Vaginal Commensal
10525,-1993.918968467039,-111.00745641715797,1284686.3.sbml.csv,Vaginal Commensal
10526,2349.6102102758728,-934.3970533532867,1284686.3.sbml.csv,Vaginal Commensal
10527,-1118.590099541185,-1405.4493590005811,1284686.3.sbml.csv,Vaginal Commensal
10528,330.6080743016306,-544.7369565063971,1284686.3.sbml.csv,Vaginal Commensal
10529,-543.5161247644829,-1186.4483881396463,1284686.3.sbml.csv,Vaginal Commensal
10530,429.2687827060801,-498.0471960657427,1284686.3.sbml.csv,Vaginal Commensal
10531,-1321.7738255459872,91.50800673030908,1284686.3.sbml.csv,Vaginal Commensal
10532,1792.7365894254253,-888.008599058068,1284686.3.sbml.csv,Vaginal Commensal
10533,161.85783537750785,-431.56056150405675,1284686.3.sbml.csv,Vaginal Commensal
10534,225.50618075442006,201.75102513001204,1284686.3.sbml.csv,Vaginal Commensal
10535,1112.7702047051812,-343.5938587907128,1284686.3.sbml.csv,Vaginal Commensal
10536,-1503.7792555654414,-868.364039145395,1284686.3.sbml.csv,Vaginal Commensal
10537,1472.724356148553,-490.20035197301956,1284686.3.sbml.csv,Vaginal Commensal
10538,-717.677314713289,-8.535998163512128,1284686.3.sbml.csv,Vaginal Commensal
10539,-927.2127551631996,-1176.2474664222084,1284686.3.sbml.csv,Vaginal Commensal
10540,-1428.2667572768735,-1057.8099974510721,1284686.3.sbml.csv,Vaginal Commensal
10541,-912.3286226049611,-884.4074901414291,1284686.3.sbml.csv,Vaginal Commensal
10542,-2.520784566660686,-675.0449214300639,1284686.3.sbml.csv,Vaginal Commensal
10543,549.228835266601,-612.8883354770607,1284686.3.sbml.csv,Vaginal Commensal
10544,-1037.8200217940698,-446.38822508033735,1284686.3.sbml.csv,Vaginal Commensal
10545,1251.2428324682337,-929.3663969492673,1284686.3.sbml.csv,Vaginal Commensal
10546,738.663127394923,-19.93957682194386,1284686.3.sbml.csv,Vaginal Commensal
10547,-463.8985132308088,-764.1036306350686,1284686.3.sbml.csv,Vaginal Commensal
10548,-537.7671747962779,-664.3376270453236,1284686.3.sbml.csv,Vaginal Commensal
10549,425.54130337645563,-1271.7833106965643,1284686.3.sbml.csv,Vaginal Commensal
10550,1071.1581698442676,-841.8605146420463,1284686.3.sbml.csv,Vaginal Commensal
10551,1317.4614474450905,-445.0966142266606,1284686.3.sbml.csv,Vaginal Commensal
10552,1383.8495777384535,-171.73169555707446,1284686.3.sbml.csv,Vaginal Commensal
10553,664.59415081762,-883.2227489079618,1284686.3.sbml.csv,Vaginal Commensal
10554,-1014.2078729169938,-732.1202875305395,1284686.3.sbml.csv,Vaginal Commensal
10555,1657.3219867952532,-823.8511798781543,1284686.3.sbml.csv,Vaginal Commensal
10556,-2062.3940589242607,-1163.4385960837544,1284686.3.sbml.csv,Vaginal Commensal
10557,-1079.0389569443128,-498.9331679476933,1284686.3.sbml.csv,Vaginal Commensal
10558,-2600.160415461651,87.27055314508455,1284686.3.sbml.csv,Vaginal Commensal
10559,150.14371699069048,14.51921087461007,1284686.3.sbml.csv,Vaginal Commensal
10560,-1285.2990762111729,-749.3170451379181,1284686.3.sbml.csv,Vaginal Commensal
10561,659.1035016171973,-333.8896485540932,1284686.3.sbml.csv,Vaginal Commensal
10562,-252.77059923701313,-1739.1965590428922,1284686.3.sbml.csv,Vaginal Commensal
10563,319.9226655352011,-132.44922799795285,1284686.3.sbml.csv,Vaginal Commensal
10564,377.6076439329167,-888.2975501960838,1284686.3.sbml.csv,Vaginal Commensal
10565,-1440.2476739225435,-560.503459030134,1284686.3.sbml.csv,Vaginal Commensal
10566,1238.892126109012,-942.8071484692309,1284686.3.sbml.csv,Vaginal Commensal
10567,665.6887546362333,435.17082175207986,1284686.3.sbml.csv,Vaginal Commensal
10568,-618.7639498885125,-493.82314663242016,1284686.3.sbml.csv,Vaginal Commensal
10569,401.08795273106347,-429.96790640398314,1284686.3.sbml.csv,Vaginal Commensal
10570,-158.81648103740588,178.6786404354323,1284686.3.sbml.csv,Vaginal Commensal
10571,161.7837727567397,-1057.2701536881043,1284686.3.sbml.csv,Vaginal Commensal
10572,-1412.8056622527379,-1236.0826708078853,1284686.3.sbml.csv,Vaginal Commensal
10573,129.333555659764,-597.9054567430761,1284686.3.sbml.csv,Vaginal Commensal
10574,865.7002065285938,9.643744326085647,1284686.3.sbml.csv,Vaginal Commensal
10575,1472.9099858139143,-1390.7629545290235,1284686.3.sbml.csv,Vaginal Commensal
10576,-523.838366026153,-352.3929894772114,1284686.3.sbml.csv,Vaginal Commensal
10577,1070.903616128489,66.41784962697427,1284686.3.sbml.csv,Vaginal Commensal
10578,449.2590156963334,156.28653962817978,1284686.3.sbml.csv,Vaginal Commensal
10579,-713.4984128879227,-312.29379618773385,1284686.3.sbml.csv,Vaginal Commensal
10580,1260.634333979952,40.289339646897375,1284686.3.sbml.csv,Vaginal Commensal
10581,322.8632533352435,156.90194635284874,1284686.3.sbml.csv,Vaginal Commensal
10582,268.9740243368269,-1184.4218965039179,1284686.3.sbml.csv,Vaginal Commensal
10583,-545.9108186293389,738.7152035675034,1284686.3.sbml.csv,Vaginal Commensal
10584,-1319.718768553065,-1008.6554551699486,1284686.3.sbml.csv,Vaginal Commensal
10585,-26.30945232578401,-1346.1679105823964,1284686.3.sbml.csv,Vaginal Commensal
10586,-735.9192921785129,-299.0688317667082,1284686.3.sbml.csv,Vaginal Commensal
10587,1438.4110313980184,-923.1033096017587,1284686.3.sbml.csv,Vaginal Commensal
10588,1776.5531146459598,-718.6355686325006,1284686.3.sbml.csv,Vaginal Commensal
10589,-787.1385917054793,107.14886074636564,1284686.3.sbml.csv,Vaginal Commensal
10590,663.3268612498124,-248.33487703778005,1284686.3.sbml.csv,Vaginal Commensal
10591,1072.2927996308454,-170.13209334887344,1284686.3.sbml.csv,Vaginal Commensal
10592,-1436.0788250238713,-312.8898469836026,1284686.3.sbml.csv,Vaginal Commensal
10593,54.50727032880388,-303.20957329352456,1284686.3.sbml.csv,Vaginal Commensal
10594,404.8536358831265,-12.079109333803244,1284686.3.sbml.csv,Vaginal Commensal
10595,-1215.846181572286,334.2482471984122,1284686.3.sbml.csv,Vaginal Commensal
10596,-1735.5370129332925,-136.397178581355,1284686.3.sbml.csv,Vaginal Commensal
10597,-1514.7911769003276,-185.99423096015454,1284686.3.sbml.csv,Vaginal Commensal
10598,1683.6128210204715,-643.6771122677744,1284686.3.sbml.csv,Vaginal Commensal
10599,677.10067327169,49.49434072563026,1284686.3.sbml.csv,Vaginal Commensal
10600,-1031.5878946576029,-956.9869027012633,1284686.3.sbml.csv,Vaginal Commensal
10601,-1453.1065452895675,173.80202058937502,1284686.3.sbml.csv,Vaginal Commensal
10602,1364.997189129756,-482.2399995518455,1284686.3.sbml.csv,Vaginal Commensal
10603,42.26658142804759,-558.2597277205485,1284686.3.sbml.csv,Vaginal Commensal
10604,-259.39609786734394,-178.62797566830633,1284686.3.sbml.csv,Vaginal Commensal
10605,2087.6998562736812,-593.3092622590475,1284686.3.sbml.csv,Vaginal Commensal
10606,-1983.9122895335765,-1605.1456087206188,1284686.3.sbml.csv,Vaginal Commensal
10607,-1806.983325999386,-1444.4150051741324,1284686.3.sbml.csv,Vaginal Commensal
10608,1497.3374614572976,-1032.881052946184,1284686.3.sbml.csv,Vaginal Commensal
10609,-1369.7807156447532,-1307.81497550951,1284686.3.sbml.csv,Vaginal Commensal
10610,1124.87864419222,175.07296398141816,1284686.3.sbml.csv,Vaginal Commensal
10611,845.4845572010973,-11.191343741105753,1284686.3.sbml.csv,Vaginal Commensal
10612,-249.85342720880377,-1596.7051657094132,1284686.3.sbml.csv,Vaginal Commensal
10613,-460.46470643722176,-1179.9434657530776,1284686.3.sbml.csv,Vaginal Commensal
10614,-1217.474535612931,-1077.5971777941927,1284686.3.sbml.csv,Vaginal Commensal
10615,877.60343894814,-406.1190480350672,1284686.3.sbml.csv,Vaginal Commensal
10616,400.5105261217182,-511.3905570759043,1284686.3.sbml.csv,Vaginal Commensal
10617,1818.8413822799628,-725.8640544175261,1284686.3.sbml.csv,Vaginal Commensal
10618,956.6530252474362,-559.0631693622769,1284686.3.sbml.csv,Vaginal Commensal
10619,-1219.2914482038727,-1048.8511691895685,1284686.3.sbml.csv,Vaginal Commensal
10620,-175.0153917537986,-883.7104369772309,1284686.3.sbml.csv,Vaginal Commensal
10621,-69.94210024539524,-238.2683464206581,1284686.3.sbml.csv,Vaginal Commensal
10622,107.84446874273551,-948.2383675196253,1284686.3.sbml.csv,Vaginal Commensal
10623,2343.5742192985904,-320.4636443250018,1284686.3.sbml.csv,Vaginal Commensal
10624,461.92742634158054,-943.1554378050009,1284686.3.sbml.csv,Vaginal Commensal
10625,1059.8290672855667,-555.2229335672697,1284686.3.sbml.csv,Vaginal Commensal
10626,-1065.837003907092,-949.3181607175196,1284686.3.sbml.csv,Vaginal Commensal
10627,-351.34234122458474,-933.427556591306,1284686.3.sbml.csv,Vaginal Commensal
10628,99.3616091674279,-419.91281382178795,1284686.3.sbml.csv,Vaginal Commensal
10629,430.02188716934165,-707.288745708661,1284686.3.sbml.csv,Vaginal Commensal
10630,-765.9998301900167,-887.7442063990076,1284686.3.sbml.csv,Vaginal Commensal
10631,1320.9518060178364,-722.9647172028904,1284686.3.sbml.csv,Vaginal Commensal
10632,-29.808169128779067,273.1885855171903,1284686.3.sbml.csv,Vaginal Commensal
10633,-1993.0635034205686,132.34049481686102,1284686.3.sbml.csv,Vaginal Commensal
10634,1488.5484309148344,-717.4130317508104,1284686.3.sbml.csv,Vaginal Commensal
10635,-147.436348879615,-518.732101110903,1284686.3.sbml.csv,Vaginal Commensal
10636,2647.4015097206266,-978.6911487541155,1284686.3.sbml.csv,Vaginal Commensal
10637,1215.8813726184312,-154.73612979185697,1284686.3.sbml.csv,Vaginal Commensal
10638,315.47053552985636,-271.9633608987714,1284686.3.sbml.csv,Vaginal Commensal
10639,720.669437666181,-571.2910577918846,1284686.3.sbml.csv,Vaginal Commensal
10640,-765.1653943669194,-251.84796571276894,1284686.3.sbml.csv,Vaginal Commensal
10641,-2340.864650281968,-760.7207711224464,1284686.3.sbml.csv,Vaginal Commensal
10642,142.7102706195132,-244.91199975531,1284686.3.sbml.csv,Vaginal Commensal
10643,-1312.456010598881,-998.2492380040555,1284686.3.sbml.csv,Vaginal Commensal
10644,2008.8869903832983,-685.4986678950951,1284686.3.sbml.csv,Vaginal Commensal
10645,1340.2064368672907,176.4229381852375,1284686.3.sbml.csv,Vaginal Commensal
10646,-1703.7452173780327,-358.3481830479516,1284686.3.sbml.csv,Vaginal Commensal
10647,-827.3078076496906,1140.3987997486236,1284686.3.sbml.csv,Vaginal Commensal
10648,673.9897196463131,-546.0069802951247,1284686.3.sbml.csv,Vaginal Commensal
10649,566.9255522195081,-442.472013760248,1284686.3.sbml.csv,Vaginal Commensal
10650,1777.379811064645,-35.86803412124788,1284686.3.sbml.csv,Vaginal Commensal
10651,-1677.3739517159509,17.290779390013142,1284686.3.sbml.csv,Vaginal Commensal
10652,618.8582706852073,-695.3919566917898,1284686.3.sbml.csv,Vaginal Commensal
10653,-2037.2642205928532,-1245.1045358733804,1284686.3.sbml.csv,Vaginal Commensal
10654,1283.330460874643,-907.9916590759656,1284686.3.sbml.csv,Vaginal Commensal
10655,-568.0025614071079,-638.8686012299759,1284686.3.sbml.csv,Vaginal Commensal
10656,-2302.8436755731195,-615.1032325119384,1284686.3.sbml.csv,Vaginal Commensal
10657,883.2968306029173,-867.056195738661,1284686.3.sbml.csv,Vaginal Commensal
10658,-1107.6651830136627,-750.4288679849525,1284686.3.sbml.csv,Vaginal Commensal
10659,664.3003903658305,-828.3978324546458,1284686.3.sbml.csv,Vaginal Commensal
10660,-1053.9785393975308,-1419.892654344428,1284686.3.sbml.csv,Vaginal Commensal
10661,862.2868297163449,-1141.2226825732096,1284686.3.sbml.csv,Vaginal Commensal
10662,652.712161867925,-623.257428910899,1284686.3.sbml.csv,Vaginal Commensal
10663,346.5361423490619,-838.0318322136791,1284686.3.sbml.csv,Vaginal Commensal
10664,-943.8687533568011,-139.59424761865372,1284686.3.sbml.csv,Vaginal Commensal
10665,-1999.54384629279,-72.11311189796135,1284686.3.sbml.csv,Vaginal Commensal
10666,1124.7339236713162,-1037.708896888755,1284686.3.sbml.csv,Vaginal Commensal
10667,-890.7205089045639,-774.7358868150395,1284686.3.sbml.csv,Vaginal Commensal
10668,-783.806522672138,-1202.2613419037393,1284686.3.sbml.csv,Vaginal Commensal
10669,-1535.2350231088253,-820.0243616899133,1284686.3.sbml.csv,Vaginal Commensal
10670,-3055.9919739986517,-544.7565311200652,1284686.3.sbml.csv,Vaginal Commensal
10671,825.798325438797,-1268.414474535398,1284686.3.sbml.csv,Vaginal Commensal
10672,-373.14764028572205,-327.56147777861827,1284686.3.sbml.csv,Vaginal Commensal
10673,-414.4977734960345,-141.281664565726,1284686.3.sbml.csv,Vaginal Commensal
10674,-985.4465802814279,-999.7500596569305,1284686.3.sbml.csv,Vaginal Commensal
10675,-1425.8181168425438,-1143.7091121183128,1284686.3.sbml.csv,Vaginal Commensal
10676,-891.5929427405499,-946.5498975815772,1284686.3.sbml.csv,Vaginal Commensal
10677,1259.705525750185,-979.9376750397927,1284686.3.sbml.csv,Vaginal Commensal
10678,52.645861266060024,-128.17343965982084,1284686.3.sbml.csv,Vaginal Commensal
10679,-1707.9104603796748,-855.7381778358942,1284686.3.sbml.csv,Vaginal Commensal
10680,1186.6833418919255,-934.0341616101193,1284686.3.sbml.csv,Vaginal Commensal
10681,-1066.0695630990567,-671.5105195003982,1284686.3.sbml.csv,Vaginal Commensal
10682,-1817.65832888662,-863.417972331369,1284686.3.sbml.csv,Vaginal Commensal
10683,643.7548975536432,-550.6513194465457,1284686.3.sbml.csv,Vaginal Commensal
10684,1091.5767743593367,-416.3134577085148,1284686.3.sbml.csv,Vaginal Commensal
10685,964.9650732731432,-924.9910374123217,1284686.3.sbml.csv,Vaginal Commensal
10686,924.1575899324417,-454.77093313558646,1284686.3.sbml.csv,Vaginal Commensal
10687,1402.0482918186308,-114.36998056411004,1284686.3.sbml.csv,Vaginal Commensal
10688,1274.4227255791016,-970.0464075266497,1284686.3.sbml.csv,Vaginal Commensal
10689,-593.4069975381639,-849.9334793726323,1284686.3.sbml.csv,Vaginal Commensal
10690,-2133.081650468537,-311.6942852999336,1284686.3.sbml.csv,Vaginal Commensal
10691,-976.6310683408731,-818.9736109413889,1284686.3.sbml.csv,Vaginal Commensal
10692,-1647.6937348770923,-652.3043131468613,1284686.3.sbml.csv,Vaginal Commensal
10693,-1209.2138904821854,-496.90789203870077,1284686.3.sbml.csv,Vaginal Commensal
10694,-861.9359367674534,-454.31430028605524,1284686.3.sbml.csv,Vaginal Commensal
10695,271.2051820865321,-348.5156499951441,1284686.3.sbml.csv,Vaginal Commensal
10696,-1291.9641475293843,-1218.908296100716,1284686.3.sbml.csv,Vaginal Commensal
10697,-141.37165657647083,-894.8012764884546,1284686.3.sbml.csv,Vaginal Commensal
10698,-307.88179416241945,-690.0065099110087,1284686.3.sbml.csv,Vaginal Commensal
10699,-553.8386582041336,-1528.1854285675206,1284686.3.sbml.csv,Vaginal Commensal
10700,1302.379427910916,-6.957379571831154,1284686.3.sbml.csv,Vaginal Commensal
10701,1201.7192991930322,-195.98598134946914,1284686.3.sbml.csv,Vaginal Commensal
10702,1366.4254898586414,-848.4431384205545,1284686.3.sbml.csv,Vaginal Commensal
10703,-1512.8779290686377,512.8117864554439,1284686.3.sbml.csv,Vaginal Commensal
10704,1291.0483478079605,-319.5884529360385,1284686.3.sbml.csv,Vaginal Commensal
10705,-965.4708955517837,-388.6770630525718,1284686.3.sbml.csv,Vaginal Commensal
10706,706.0673783999379,-691.1801086372507,1284686.3.sbml.csv,Vaginal Commensal
10707,1405.0328519309762,-1046.8844142528953,1284686.3.sbml.csv,Vaginal Commensal
10708,-459.79273990732895,-1233.7391653134794,1284686.3.sbml.csv,Vaginal Commensal
10709,-1171.5491130109551,-132.72436075066116,1284686.3.sbml.csv,Vaginal Commensal
10710,1721.781957591976,-1087.0534726007127,1284686.3.sbml.csv,Vaginal Commensal
10711,1127.7326072948401,-699.5762948881555,1284686.3.sbml.csv,Vaginal Commensal
10712,1019.987199243138,-898.5989250825352,1284686.3.sbml.csv,Vaginal Commensal
10713,67.92744593458262,-1350.4442256341395,1284686.3.sbml.csv,Vaginal Commensal
10714,-1730.5267025368182,-147.86592591449772,1284686.3.sbml.csv,Vaginal Commensal
10715,-1931.8140490567066,-1113.1136588550773,1284686.3.sbml.csv,Vaginal Commensal
10716,1651.4428439193925,-1189.57772849765,1284686.3.sbml.csv,Vaginal Commensal
10717,1183.731501350463,-450.76172700596703,1284686.3.sbml.csv,Vaginal Commensal
10718,1370.3693034307296,-807.2790382012238,1284686.3.sbml.csv,Vaginal Commensal
10719,878.4659188172537,-292.29433474971313,1284686.3.sbml.csv,Vaginal Commensal
10720,1864.8091036796864,-805.4639300768791,1284686.3.sbml.csv,Vaginal Commensal
10721,170.2767972466855,-561.7225423684113,1284686.3.sbml.csv,Vaginal Commensal
10722,-1510.4633196393604,-1537.6028534172408,1284686.3.sbml.csv,Vaginal Commensal
10723,-877.7914669524129,-327.66064772407503,1284686.3.sbml.csv,Vaginal Commensal
10724,-1801.4908033798151,-122.65348690741595,1284686.3.sbml.csv,Vaginal Commensal
10725,-789.5273889569753,251.19091653043844,1284686.3.sbml.csv,Vaginal Commensal
10726,139.9938270259552,-1060.9030241990974,1284686.3.sbml.csv,Vaginal Commensal
10727,-51.04780212137959,-410.42830437441535,1284686.3.sbml.csv,Vaginal Commensal
10728,-699.3877191009277,-728.1009542122886,1284686.3.sbml.csv,Vaginal Commensal
10729,-595.3554115179653,-874.4798305489861,1284686.3.sbml.csv,Vaginal Commensal
10730,580.0809157544272,-710.4773765485584,1284686.3.sbml.csv,Vaginal Commensal
10731,-1310.1877093790115,-1385.6796756720512,1284686.3.sbml.csv,Vaginal Commensal
10732,-1995.310130787513,-494.5953273311166,1284686.3.sbml.csv,Vaginal Commensal
10733,2133.551691350463,-258.9287691258827,1284686.3.sbml.csv,Vaginal Commensal
10734,-773.1068137666746,414.2291502782321,1284686.3.sbml.csv,Vaginal Commensal
10735,-1972.2746499574132,-1759.5529729971825,1284686.3.sbml.csv,Vaginal Commensal
10736,1150.82320301505,-158.86211968129578,1284686.3.sbml.csv,Vaginal Commensal
10737,-550.9279233407908,-595.5580088210324,1284686.3.sbml.csv,Vaginal Commensal
10738,-2254.1913120839095,850.5064272281229,1284686.3.sbml.csv,Vaginal Commensal
10739,312.8245507327354,-803.897889459615,1284686.3.sbml.csv,Vaginal Commensal
10740,-2081.024159532951,-385.6313809488716,1284686.3.sbml.csv,Vaginal Commensal
10741,-658.6001607065128,-900.1209316090343,1284686.3.sbml.csv,Vaginal Commensal
10742,1314.5000413272667,-905.092091631067,1284686.3.sbml.csv,Vaginal Commensal
10743,339.85343112208915,-460.86696352261504,1284686.3.sbml.csv,Vaginal Commensal
10744,-2228.0668377463853,-1222.1187551310034,1284686.3.sbml.csv,Vaginal Commensal
10745,-524.6964452837533,-783.4877999727936,1284686.3.sbml.csv,Vaginal Commensal
10746,1003.1784639884169,-848.3129591473296,1284686.3.sbml.csv,Vaginal Commensal
10747,-1808.0043669982688,-245.54075956748284,1284686.3.sbml.csv,Vaginal Commensal
10748,-847.9357017709631,-963.4498841799966,1284686.3.sbml.csv,Vaginal Commensal
10749,199.17849144569502,-522.8353962803172,1284686.3.sbml.csv,Vaginal Commensal
10750,1731.9151208309847,947.3974272099124,699246.3.sbml.csv,Vaginal Commensal
10751,3143.1721333365404,30.740982044864882,699246.3.sbml.csv,Vaginal Commensal
10752,3155.511939275994,429.9083719327062,699246.3.sbml.csv,Vaginal Commensal
10753,3139.281270942179,46.10615550145779,699246.3.sbml.csv,Vaginal Commensal
10754,1108.9358725140032,987.3164413632779,699246.3.sbml.csv,Vaginal Commensal
10755,2383.391952449182,381.2054450901181,699246.3.sbml.csv,Vaginal Commensal
10756,933.2742814621754,322.75446598940687,699246.3.sbml.csv,Vaginal Commensal
10757,3195.3099142497717,-69.68556161365956,699246.3.sbml.csv,Vaginal Commensal
10758,1982.8946445897875,257.3050773211836,699246.3.sbml.csv,Vaginal Commensal
10759,2989.9555084598705,-92.73420125105527,699246.3.sbml.csv,Vaginal Commensal
10760,1339.3781094529659,184.93689075609046,699246.3.sbml.csv,Vaginal Commensal
10761,3112.006881532796,569.7705112938497,699246.3.sbml.csv,Vaginal Commensal
10762,1558.6198362663226,640.3633120669289,699246.3.sbml.csv,Vaginal Commensal
10763,3059.472781887661,288.0365192623291,699246.3.sbml.csv,Vaginal Commensal
10764,836.0676544965755,110.45117071747941,699246.3.sbml.csv,Vaginal Commensal
10765,2926.6034219949834,218.46194550107967,699246.3.sbml.csv,Vaginal Commensal
10766,2507.262044339361,564.6263374921926,699246.3.sbml.csv,Vaginal Commensal
10767,1867.3003843019117,385.016165423403,699246.3.sbml.csv,Vaginal Commensal
10768,1562.5586713384123,-14.717874088570468,699246.3.sbml.csv,Vaginal Commensal
10769,3348.3740192167575,160.19517791705147,699246.3.sbml.csv,Vaginal Commensal
10770,1378.0746000615118,319.3906213828395,699246.3.sbml.csv,Vaginal Commensal
10771,-249.62000085198505,562.8334132437375,699246.3.sbml.csv,Vaginal Commensal
10772,1943.7882828092204,-16.286614604277066,699246.3.sbml.csv,Vaginal Commensal
10773,1410.33015735018,167.57121974549838,699246.3.sbml.csv,Vaginal Commensal
10774,3094.459799069568,220.36126458647172,699246.3.sbml.csv,Vaginal Commensal
10775,2139.359874039293,349.58753658914816,699246.3.sbml.csv,Vaginal Commensal
10776,2512.573947282951,-121.42375526844445,699246.3.sbml.csv,Vaginal Commensal
10777,2919.74716667237,451.63879356129905,699246.3.sbml.csv,Vaginal Commensal
10778,179.36959560581403,-407.79128724495354,699246.3.sbml.csv,Vaginal Commensal
10779,3101.803010191782,51.385250306201804,699246.3.sbml.csv,Vaginal Commensal
10780,2615.273011573337,-218.4321318811352,699246.3.sbml.csv,Vaginal Commensal
10781,511.4953072561523,306.3168918701194,699246.3.sbml.csv,Vaginal Commensal
10782,2642.4725598013756,861.5409704453605,699246.3.sbml.csv,Vaginal Commensal
10783,2448.761693360225,494.15311878651954,699246.3.sbml.csv,Vaginal Commensal
10784,1639.1209976346042,712.5019530812245,699246.3.sbml.csv,Vaginal Commensal
10785,3250.9450173491978,-19.704516654997132,699246.3.sbml.csv,Vaginal Commensal
10786,2808.233038708823,569.3244275162008,699246.3.sbml.csv,Vaginal Commensal
10787,2265.6729476537616,422.9972676434386,699246.3.sbml.csv,Vaginal Commensal
10788,1703.0898855377036,444.1617954070439,699246.3.sbml.csv,Vaginal Commensal
10789,1444.5185202990979,26.75021067155387,699246.3.sbml.csv,Vaginal Commensal
10790,2500.481158568031,-162.5483701355681,699246.3.sbml.csv,Vaginal Commensal
10791,1459.085243701997,-503.2211651049707,699246.3.sbml.csv,Vaginal Commensal
10792,2010.9996118209797,451.6560846788151,699246.3.sbml.csv,Vaginal Commensal
10793,2658.7282383056663,340.40992847607646,699246.3.sbml.csv,Vaginal Commensal
10794,2146.3862730069536,-442.1190471851877,699246.3.sbml.csv,Vaginal Commensal
10795,2018.3080295638044,167.54062319098574,699246.3.sbml.csv,Vaginal Commensal
10796,1334.2339080444344,-63.367735722178374,699246.3.sbml.csv,Vaginal Commensal
10797,1792.9267555876888,160.16232115406967,699246.3.sbml.csv,Vaginal Commensal
10798,1793.402804101808,387.911185488734,699246.3.sbml.csv,Vaginal Commensal
10799,1385.0038836071653,172.85963780219174,699246.3.sbml.csv,Vaginal Commensal
10800,3342.8480520007806,-699.2126846373698,699246.3.sbml.csv,Vaginal Commensal
10801,3222.8714791361595,-425.136397524755,699246.3.sbml.csv,Vaginal Commensal
10802,1610.8422384678897,636.974501426839,699246.3.sbml.csv,Vaginal Commensal
10803,2904.5996170963244,598.3103535878467,699246.3.sbml.csv,Vaginal Commensal
10804,2530.1319523984166,-856.0870117872424,699246.3.sbml.csv,Vaginal Commensal
10805,1725.5050223707872,260.215571723042,699246.3.sbml.csv,Vaginal Commensal
10806,2417.884647469053,344.8017006256944,699246.3.sbml.csv,Vaginal Commensal
10807,2753.316238060957,325.55302416413787,699246.3.sbml.csv,Vaginal Commensal
10808,1943.5188930593408,223.9683433712551,699246.3.sbml.csv,Vaginal Commensal
10809,1945.160032611004,-309.3396016277548,699246.3.sbml.csv,Vaginal Commensal
10810,1241.5495195440085,24.238116117197805,699246.3.sbml.csv,Vaginal Commensal
10811,3136.180290410705,204.36203019516714,699246.3.sbml.csv,Vaginal Commensal
10812,2453.240663062683,-210.20847955979673,699246.3.sbml.csv,Vaginal Commensal
10813,2905.853227883958,515.7052438520544,699246.3.sbml.csv,Vaginal Commensal
10814,49.43958632440193,347.98526109839787,699246.3.sbml.csv,Vaginal Commensal
10815,1453.625997329438,-71.70090077476891,699246.3.sbml.csv,Vaginal Commensal
10816,2141.6064903679703,573.3966306238133,699246.3.sbml.csv,Vaginal Commensal
10817,2621.1663448683817,389.4480662454623,699246.3.sbml.csv,Vaginal Commensal
10818,-148.8982825987452,452.421157770435,699246.3.sbml.csv,Vaginal Commensal
10819,2181.363750715302,504.9278813547321,699246.3.sbml.csv,Vaginal Commensal
10820,1298.6147787460059,15.830350663268764,699246.3.sbml.csv,Vaginal Commensal
10821,2160.9425386774747,-286.35919086896246,699246.3.sbml.csv,Vaginal Commensal
10822,611.0687817632192,471.0745540423601,699246.3.sbml.csv,Vaginal Commensal
10823,980.4233335300918,25.56311061011086,699246.3.sbml.csv,Vaginal Commensal
10824,1921.3518455863302,243.11824608592585,699246.3.sbml.csv,Vaginal Commensal
10825,3132.890889306173,-73.58339514972894,699246.3.sbml.csv,Vaginal Commensal
10826,916.0352407098886,462.41027472533904,699246.3.sbml.csv,Vaginal Commensal
10827,1751.8019336293373,9.093102385755707,699246.3.sbml.csv,Vaginal Commensal
10828,1174.8315725746827,311.080089253703,699246.3.sbml.csv,Vaginal Commensal
10829,2190.071312376793,392.44649821700114,699246.3.sbml.csv,Vaginal Commensal
10830,2012.7439330729921,-104.10229600845224,699246.3.sbml.csv,Vaginal Commensal
10831,2226.9530835951014,451.7525569844138,699246.3.sbml.csv,Vaginal Commensal
10832,127.12260375036011,736.8144716209518,699246.3.sbml.csv,Vaginal Commensal
10833,2116.4136079078467,-67.9118372889964,699246.3.sbml.csv,Vaginal Commensal
10834,2024.5836200711633,-715.0402287870727,699246.3.sbml.csv,Vaginal Commensal
10835,2681.21416530144,56.535632890678045,699246.3.sbml.csv,Vaginal Commensal
10836,1895.107335814148,297.10689093342137,699246.3.sbml.csv,Vaginal Commensal
10837,2219.702623973479,-205.54719574116262,699246.3.sbml.csv,Vaginal Commensal
10838,2500.6148702027635,136.96713853001546,699246.3.sbml.csv,Vaginal Commensal
10839,2685.027185962148,326.375216806769,699246.3.sbml.csv,Vaginal Commensal
10840,1505.25956069124,719.0535169674251,699246.3.sbml.csv,Vaginal Commensal
10841,947.2607337872028,140.15159126780483,699246.3.sbml.csv,Vaginal Commensal
10842,345.9168300625087,644.9278334904611,699246.3.sbml.csv,Vaginal Commensal
10843,2094.2451407758554,208.31864299732186,699246.3.sbml.csv,Vaginal Commensal
10844,3312.9517401981534,81.17395902583058,699246.3.sbml.csv,Vaginal Commensal
10845,2934.226285989541,41.9764203686226,699246.3.sbml.csv,Vaginal Commensal
10846,1881.8176189379158,862.4298584390306,699246.3.sbml.csv,Vaginal Commensal
10847,1586.7055964383865,2.573762257192098,699246.3.sbml.csv,Vaginal Commensal
10848,1919.2917360476,588.1439065990395,699246.3.sbml.csv,Vaginal Commensal
10849,3226.032012424347,-82.86117074868851,699246.3.sbml.csv,Vaginal Commensal
10850,1093.5742917208051,247.82110451765212,699246.3.sbml.csv,Vaginal Commensal
10851,3375.108872856353,263.5022742511455,699246.3.sbml.csv,Vaginal Commensal
10852,3363.9740703042753,282.056577091157,699246.3.sbml.csv,Vaginal Commensal
10853,2374.344783267663,412.1486534813738,699246.3.sbml.csv,Vaginal Commensal
10854,3327.706026871633,286.39463171932414,699246.3.sbml.csv,Vaginal Commensal
10855,2162.2795520420264,110.01881868711796,699246.3.sbml.csv,Vaginal Commensal
10856,3057.9553111275504,-165.92992387642104,699246.3.sbml.csv,Vaginal Commensal
10857,-135.4727545133242,318.0828913318983,699246.3.sbml.csv,Vaginal Commensal
10858,2694.7008850803345,447.6971930072743,699246.3.sbml.csv,Vaginal Commensal
10859,2026.4966104545776,185.83660375907786,699246.3.sbml.csv,Vaginal Commensal
10860,2374.1030786029187,-144.92111753944064,699246.3.sbml.csv,Vaginal Commensal
10861,946.5510817715922,-79.36873059477352,699246.3.sbml.csv,Vaginal Commensal
10862,1466.301164417498,9.007992464938996,699246.3.sbml.csv,Vaginal Commensal
10863,171.69211333655278,181.92098552360812,699246.3.sbml.csv,Vaginal Commensal
10864,1595.6305262370709,568.0475890061402,699246.3.sbml.csv,Vaginal Commensal
10865,2080.4827559717123,323.73264168110416,699246.3.sbml.csv,Vaginal Commensal
10866,1298.019922085607,284.27750115094784,699246.3.sbml.csv,Vaginal Commensal
10867,2878.8041638884133,30.414479025048987,699246.3.sbml.csv,Vaginal Commensal
10868,1489.5485127289212,100.43589703728827,699246.3.sbml.csv,Vaginal Commensal
10869,3456.739596660507,-84.94084269627875,699246.3.sbml.csv,Vaginal Commensal
10870,2046.9259190334137,330.6565780460342,699246.3.sbml.csv,Vaginal Commensal
10871,1071.2907419353626,408.94548834352736,699246.3.sbml.csv,Vaginal Commensal
10872,2316.5225019222225,-11.699512404688052,699246.3.sbml.csv,Vaginal Commensal
10873,1977.3385053271543,-74.99891029037492,699246.3.sbml.csv,Vaginal Commensal
10874,655.0539716573442,163.05388561274293,699246.3.sbml.csv,Vaginal Commensal
10875,2862.6065336502597,204.9218257878699,699246.3.sbml.csv,Vaginal Commensal
10876,1593.363841296638,-98.12702446933464,699246.3.sbml.csv,Vaginal Commensal
10877,1558.6293594704107,-502.06956264606896,699246.3.sbml.csv,Vaginal Commensal
10878,444.4865361635729,811.9178156135816,699246.3.sbml.csv,Vaginal Commensal
10879,316.34967847558767,255.24821304335725,699246.3.sbml.csv,Vaginal Commensal
10880,1716.8379676511886,536.842602341386,699246.3.sbml.csv,Vaginal Commensal
10881,3156.9541743663012,511.03552805714673,699246.3.sbml.csv,Vaginal Commensal
10882,2417.685334288982,124.57001598687954,699246.3.sbml.csv,Vaginal Commensal
10883,304.04843906677814,-236.20581596258143,699246.3.sbml.csv,Vaginal Commensal
10884,2338.728826598798,-222.58038663704443,699246.3.sbml.csv,Vaginal Commensal
10885,1824.9130988344903,-385.37753820098146,699246.3.sbml.csv,Vaginal Commensal
10886,1576.260118948364,4.694276657678259,699246.3.sbml.csv,Vaginal Commensal
10887,958.3200908039041,68.44773017461034,699246.3.sbml.csv,Vaginal Commensal
10888,2400.4616650374674,392.30734820803275,699246.3.sbml.csv,Vaginal Commensal
10889,1701.597554119199,-260.0882099450975,699246.3.sbml.csv,Vaginal Commensal
10890,1825.5294815440054,40.85091109063712,699246.3.sbml.csv,Vaginal Commensal
10891,3494.0777860807243,203.9209325197354,699246.3.sbml.csv,Vaginal Commensal
10892,1130.3127255896284,441.5092293067465,699246.3.sbml.csv,Vaginal Commensal
10893,1307.4633778115879,684.207246825847,699246.3.sbml.csv,Vaginal Commensal
10894,1018.9066023163107,-261.79089444587925,699246.3.sbml.csv,Vaginal Commensal
10895,508.01460860446093,181.47926395511803,699246.3.sbml.csv,Vaginal Commensal
10896,2548.6399563305,31.965020521916806,699246.3.sbml.csv,Vaginal Commensal
10897,-213.52393591634888,253.51275681017103,699246.3.sbml.csv,Vaginal Commensal
10898,1449.6852087672787,-211.83640651010737,699246.3.sbml.csv,Vaginal Commensal
10899,-548.3354157371556,386.9683242026582,699246.3.sbml.csv,Vaginal Commensal
10900,393.3376128726377,106.98235979821891,699246.3.sbml.csv,Vaginal Commensal
10901,2468.567311141391,150.24448694665247,699246.3.sbml.csv,Vaginal Commensal
10902,3231.4610082569175,451.8456539217373,699246.3.sbml.csv,Vaginal Commensal
10903,3507.2314288869084,356.9711043950802,699246.3.sbml.csv,Vaginal Commensal
10904,3234.4427820317,-509.9537827795358,699246.3.sbml.csv,Vaginal Commensal
10905,1325.5609230611124,191.33912576837173,699246.3.sbml.csv,Vaginal Commensal
10906,2244.405246842991,622.5282353544463,699246.3.sbml.csv,Vaginal Commensal
10907,995.1419032043393,543.8248096170583,699246.3.sbml.csv,Vaginal Commensal
10908,2750.655588056137,-150.55897306776058,699246.3.sbml.csv,Vaginal Commensal
10909,-29.867899041402996,403.83468333874663,699246.3.sbml.csv,Vaginal Commensal
10910,2651.3198349442496,57.16430811836639,699246.3.sbml.csv,Vaginal Commensal
10911,1830.4749792758091,-439.84929990364543,699246.3.sbml.csv,Vaginal Commensal
10912,2315.3528258383126,101.69563013561968,699246.3.sbml.csv,Vaginal Commensal
10913,3010.4167656942177,296.8487429431046,699246.3.sbml.csv,Vaginal Commensal
10914,1294.4548701507113,130.8633779625715,699246.3.sbml.csv,Vaginal Commensal
10915,240.9231197976744,330.74677614886855,699246.3.sbml.csv,Vaginal Commensal
10916,2817.0336524183826,-47.185887960173595,699246.3.sbml.csv,Vaginal Commensal
10917,1771.482985602486,350.1947341560264,699246.3.sbml.csv,Vaginal Commensal
10918,3068.79748141138,-327.3985647043908,699246.3.sbml.csv,Vaginal Commensal
10919,998.2569070714044,296.61724276071857,699246.3.sbml.csv,Vaginal Commensal
10920,2716.2048362566793,270.9716794905433,699246.3.sbml.csv,Vaginal Commensal
10921,1778.1009885313185,119.32363806486212,699246.3.sbml.csv,Vaginal Commensal
10922,-270.4446779557935,180.67661378422878,699246.3.sbml.csv,Vaginal Commensal
10923,3107.6941890171547,40.607561447161146,699246.3.sbml.csv,Vaginal Commensal
10924,2367.7223199218024,-62.89256341344049,699246.3.sbml.csv,Vaginal Commensal
10925,2938.3948113479446,199.92341931877024,699246.3.sbml.csv,Vaginal Commensal
10926,2478.8322735846214,532.6522574220069,699246.3.sbml.csv,Vaginal Commensal
10927,1461.1185297679144,-98.16260218605395,699246.3.sbml.csv,Vaginal Commensal
10928,865.0478001193047,591.9319347761582,699246.3.sbml.csv,Vaginal Commensal
10929,1835.7724311346217,-103.63689546170106,699246.3.sbml.csv,Vaginal Commensal
10930,2694.1333785984907,740.5394641796881,699246.3.sbml.csv,Vaginal Commensal
10931,2070.39716777898,-121.90157777663632,699246.3.sbml.csv,Vaginal Commensal
10932,2247.5490000154973,527.641579018394,699246.3.sbml.csv,Vaginal Commensal
10933,2195.1510489427446,319.08355697019607,699246.3.sbml.csv,Vaginal Commensal
10934,-451.9260011644664,720.9965137071569,699246.3.sbml.csv,Vaginal Commensal
10935,2979.8684842118487,-167.03726394405314,699246.3.sbml.csv,Vaginal Commensal
10936,2624.798458773786,289.96247126835607,699246.3.sbml.csv,Vaginal Commensal
10937,2303.3185757798965,270.74199097252773,699246.3.sbml.csv,Vaginal Commensal
10938,962.2630039948804,400.7240192776013,699246.3.sbml.csv,Vaginal Commensal
10939,1075.4436521147663,394.39788012136296,699246.3.sbml.csv,Vaginal Commensal
10940,1140.720855521724,262.0514348919812,699246.3.sbml.csv,Vaginal Commensal
10941,2757.9570066045067,-181.47669925232117,699246.3.sbml.csv,Vaginal Commensal
10942,147.89247114462609,47.81411823788377,699246.3.sbml.csv,Vaginal Commensal
10943,3592.3541677978405,25.76676535638106,699246.3.sbml.csv,Vaginal Commensal
10944,3017.638517085292,-444.28290992248765,699246.3.sbml.csv,Vaginal Commensal
10945,1595.046660088228,588.7615022119377,699246.3.sbml.csv,Vaginal Commensal
10946,1435.6169113108133,105.8432114578426,699246.3.sbml.csv,Vaginal Commensal
10947,2080.640774493839,349.46189827833865,699246.3.sbml.csv,Vaginal Commensal
10948,2279.3000135180905,600.1487613948425,699246.3.sbml.csv,Vaginal Commensal
10949,1918.067206583568,-117.07527162464373,699246.3.sbml.csv,Vaginal Commensal
10950,2217.678583631736,365.84133679528196,699246.3.sbml.csv,Vaginal Commensal
10951,2055.390221791135,-29.381894561621074,699246.3.sbml.csv,Vaginal Commensal
10952,2243.8838671945473,127.46612756897419,699246.3.sbml.csv,Vaginal Commensal
10953,1624.0899829672585,-95.30775548863546,699246.3.sbml.csv,Vaginal Commensal
10954,3370.268116220155,-100.09298578870853,699246.3.sbml.csv,Vaginal Commensal
10955,2372.8695777357943,138.9761899909621,699246.3.sbml.csv,Vaginal Commensal
10956,135.14365943908646,16.023531206477035,699246.3.sbml.csv,Vaginal Commensal
10957,1629.4478971500093,231.12747553203317,699246.3.sbml.csv,Vaginal Commensal
10958,2611.1402998940857,-189.97906932719425,699246.3.sbml.csv,Vaginal Commensal
10959,972.0389007211043,-5.7596041206467286,699246.3.sbml.csv,Vaginal Commensal
10960,2406.321797105135,554.3369520782994,699246.3.sbml.csv,Vaginal Commensal
10961,3093.822898337811,-54.04131962354421,699246.3.sbml.csv,Vaginal Commensal
10962,2427.490981776066,32.46108030242194,699246.3.sbml.csv,Vaginal Commensal
10963,2390.2674596966986,-332.79452968565204,699246.3.sbml.csv,Vaginal Commensal
10964,1997.8459029084472,646.087466487519,699246.3.sbml.csv,Vaginal Commensal
10965,1964.7260900725942,438.9948725842072,699246.3.sbml.csv,Vaginal Commensal
10966,1547.2199552532152,-258.05726812058924,699246.3.sbml.csv,Vaginal Commensal
10967,1658.9934803058193,887.6688236540646,699246.3.sbml.csv,Vaginal Commensal
10968,1984.0251740677006,243.0697364712942,699246.3.sbml.csv,Vaginal Commensal
10969,136.50115493113591,592.4753657051593,699246.3.sbml.csv,Vaginal Commensal
10970,2379.46859891444,769.6762295270677,699246.3.sbml.csv,Vaginal Commensal
10971,1626.8325503645935,500.14385657153224,699246.3.sbml.csv,Vaginal Commensal
10972,2592.4306396843276,278.7665753301316,699246.3.sbml.csv,Vaginal Commensal
10973,2766.2709945308757,569.5145295820969,699246.3.sbml.csv,Vaginal Commensal
10974,1306.9524498820394,71.91320733718631,699246.3.sbml.csv,Vaginal Commensal
10975,1974.157955441512,79.13505934064959,699246.3.sbml.csv,Vaginal Commensal
10976,2578.731537095665,376.5900959040408,699246.3.sbml.csv,Vaginal Commensal
10977,2454.6329095457018,705.658436581562,699246.3.sbml.csv,Vaginal Commensal
10978,2763.2541375102774,493.7432938284578,699246.3.sbml.csv,Vaginal Commensal
10979,2569.4421006192642,432.4248733650117,699246.3.sbml.csv,Vaginal Commensal
10980,-189.333629561049,372.1891901817716,699246.3.sbml.csv,Vaginal Commensal
10981,211.878564686828,-124.17398461174754,699246.3.sbml.csv,Vaginal Commensal
10982,2813.314851517422,30.280764901539957,699246.3.sbml.csv,Vaginal Commensal
10983,2843.281760471072,-392.94049156068564,699246.3.sbml.csv,Vaginal Commensal
10984,1302.1169648309453,253.49460686200322,699246.3.sbml.csv,Vaginal Commensal
10985,2502.2008331258435,103.9062716075878,699246.3.sbml.csv,Vaginal Commensal
10986,1789.8488775056462,440.9361259348387,699246.3.sbml.csv,Vaginal Commensal
10987,1227.7955170084538,341.5917557805992,699246.3.sbml.csv,Vaginal Commensal
10988,1074.1418129412166,52.352924711095255,699246.3.sbml.csv,Vaginal Commensal
10989,301.05234014886,409.59346314108984,699246.3.sbml.csv,Vaginal Commensal
10990,2343.108839607038,-13.007322950762658,699246.3.sbml.csv,Vaginal Commensal
10991,1782.7302115389846,400.554675599882,699246.3.sbml.csv,Vaginal Commensal
10992,2907.904765246388,-103.48960776461524,699246.3.sbml.csv,Vaginal Commensal
10993,1637.0020245761825,104.44591983152483,699246.3.sbml.csv,Vaginal Commensal
10994,2580.0721694460563,369.39992396760493,699246.3.sbml.csv,Vaginal Commensal
10995,2231.997134777768,216.93945580251275,699246.3.sbml.csv,Vaginal Commensal
10996,2286.041672706956,347.1146637711984,699246.3.sbml.csv,Vaginal Commensal
10997,1356.9843633272562,69.4686952570291,699246.3.sbml.csv,Vaginal Commensal
10998,3147.777885527588,400.60264622833466,699246.3.sbml.csv,Vaginal Commensal
10999,3000.05419762873,-0.5041918397702945,699246.3.sbml.csv,Vaginal Commensal
11000,303.0585133423695,1407.6334850959145,1588748.4.sbml.csv,Vaginal Commensal
11001,2203.0543585128926,747.9615268293508,1588748.4.sbml.csv,Vaginal Commensal
11002,11.10765675940541,802.0223766142375,1588748.4.sbml.csv,Vaginal Commensal
11003,552.9425325668518,850.7296272395188,1588748.4.sbml.csv,Vaginal Commensal
11004,-293.9767936756978,1146.9199040823453,1588748.4.sbml.csv,Vaginal Commensal
11005,183.17066944717146,445.13050397145685,1588748.4.sbml.csv,Vaginal Commensal
11006,799.898273964742,921.9359083968353,1588748.4.sbml.csv,Vaginal Commensal
11007,1379.5623403687612,998.4597202645168,1588748.4.sbml.csv,Vaginal Commensal
11008,-212.6764168476629,950.1418255989521,1588748.4.sbml.csv,Vaginal Commensal
11009,-141.48354424984578,1481.0678399723954,1588748.4.sbml.csv,Vaginal Commensal
11010,932.6818534229682,903.2185366957825,1588748.4.sbml.csv,Vaginal Commensal
11011,1114.1146868092394,1275.4225065989847,1588748.4.sbml.csv,Vaginal Commensal
11012,1738.345111950393,1137.3446211997057,1588748.4.sbml.csv,Vaginal Commensal
11013,2241.954347280288,902.7410866313184,1588748.4.sbml.csv,Vaginal Commensal
11014,204.46282634368498,711.9349608384026,1588748.4.sbml.csv,Vaginal Commensal
11015,480.28213689420005,636.4923426990725,1588748.4.sbml.csv,Vaginal Commensal
11016,1441.9828331577596,947.7663969456822,1588748.4.sbml.csv,Vaginal Commensal
11017,2183.640313092307,700.2661652953901,1588748.4.sbml.csv,Vaginal Commensal
11018,1986.913978772961,465.9353733940144,1588748.4.sbml.csv,Vaginal Commensal
11019,560.0347439014864,1125.2929469169087,1588748.4.sbml.csv,Vaginal Commensal
11020,609.4567797676733,409.2283469164082,1588748.4.sbml.csv,Vaginal Commensal
11021,2373.6676861275687,319.3377177682102,1588748.4.sbml.csv,Vaginal Commensal
11022,1162.726340536457,598.8991544805466,1588748.4.sbml.csv,Vaginal Commensal
11023,1530.7187771348326,338.1370470255386,1588748.4.sbml.csv,Vaginal Commensal
11024,778.3600368366356,896.0839972648758,1588748.4.sbml.csv,Vaginal Commensal
11025,286.95211946653563,751.4841949290461,1588748.4.sbml.csv,Vaginal Commensal
11026,424.6962745662742,611.668930841314,1588748.4.sbml.csv,Vaginal Commensal
11027,1195.7965706646382,370.36901522411574,1588748.4.sbml.csv,Vaginal Commensal
11028,10.084806362214294,583.267427340125,1588748.4.sbml.csv,Vaginal Commensal
11029,1120.355597647649,823.851854822619,1588748.4.sbml.csv,Vaginal Commensal
11030,24.121409389392113,1263.1122424803305,1588748.4.sbml.csv,Vaginal Commensal
11031,1535.9035402945601,503.4137295760122,1588748.4.sbml.csv,Vaginal Commensal
11032,-172.33282214836694,727.547781982466,1588748.4.sbml.csv,Vaginal Commensal
11033,-109.40582334334444,139.27950068717232,1588748.4.sbml.csv,Vaginal Commensal
11034,1481.6449259123292,870.0086079493814,1588748.4.sbml.csv,Vaginal Commensal
11035,-928.4788196771877,1608.0265442875027,1588748.4.sbml.csv,Vaginal Commensal
11036,421.0112012858234,716.2143476035852,1588748.4.sbml.csv,Vaginal Commensal
11037,425.38655817304385,193.6174725274386,1588748.4.sbml.csv,Vaginal Commensal
11038,504.6818591330605,1196.1402278637115,1588748.4.sbml.csv,Vaginal Commensal
11039,-771.674748892186,743.5895865624906,1588748.4.sbml.csv,Vaginal Commensal
11040,812.3430440171317,488.1781567662705,1588748.4.sbml.csv,Vaginal Commensal
11041,806.7414817792462,915.5854619478429,1588748.4.sbml.csv,Vaginal Commensal
11042,-314.12764238760997,987.4423124086438,1588748.4.sbml.csv,Vaginal Commensal
11043,1551.026619606407,1167.1992166451105,1588748.4.sbml.csv,Vaginal Commensal
11044,2610.9726915528,1273.6365502215328,1588748.4.sbml.csv,Vaginal Commensal
11045,-436.086978941353,862.6706504347926,1588748.4.sbml.csv,Vaginal Commensal
11046,1658.67148352182,758.1585067389314,1588748.4.sbml.csv,Vaginal Commensal
11047,291.61878300109396,-42.779387161770586,1588748.4.sbml.csv,Vaginal Commensal
11048,1954.5910557370566,1117.0629800344302,1588748.4.sbml.csv,Vaginal Commensal
11049,797.6708280719363,811.5277350097485,1588748.4.sbml.csv,Vaginal Commensal
11050,148.3755556471383,414.20894982552267,1588748.4.sbml.csv,Vaginal Commensal
11051,819.7167910903704,868.9254928902154,1588748.4.sbml.csv,Vaginal Commensal
11052,476.3910379818484,1031.7205432616356,1588748.4.sbml.csv,Vaginal Commensal
11053,119.42396523161145,1075.9508041960048,1588748.4.sbml.csv,Vaginal Commensal
11054,34.60416096312137,1495.8854099387388,1588748.4.sbml.csv,Vaginal Commensal
11055,2051.2678359166157,1520.4135722988635,1588748.4.sbml.csv,Vaginal Commensal
11056,1808.3169721875354,1658.325687782301,1588748.4.sbml.csv,Vaginal Commensal
11057,1490.917829555954,408.6047635687233,1588748.4.sbml.csv,Vaginal Commensal
11058,712.7748749097566,661.7956471681296,1588748.4.sbml.csv,Vaginal Commensal
11059,2523.740642802504,732.6868924614816,1588748.4.sbml.csv,Vaginal Commensal
11060,355.9404778957221,190.3343192686069,1588748.4.sbml.csv,Vaginal Commensal
11061,1526.9131049749594,768.1297194089802,1588748.4.sbml.csv,Vaginal Commensal
11062,510.6378680756696,1025.945302851991,1588748.4.sbml.csv,Vaginal Commensal
11063,1389.414434615974,943.9398815208759,1588748.4.sbml.csv,Vaginal Commensal
11064,-253.13751069745584,1378.4638134800873,1588748.4.sbml.csv,Vaginal Commensal
11065,90.74900009854059,417.6534621103544,1588748.4.sbml.csv,Vaginal Commensal
11066,-12.63450645470742,65.62572297126898,1588748.4.sbml.csv,Vaginal Commensal
11067,1035.3215361072569,870.5989245651023,1588748.4.sbml.csv,Vaginal Commensal
11068,1604.2110570727766,798.0843006130268,1588748.4.sbml.csv,Vaginal Commensal
11069,820.1179107382527,1420.5020557885923,1588748.4.sbml.csv,Vaginal Commensal
11070,-78.13863965476696,2072.039405608996,1588748.4.sbml.csv,Vaginal Commensal
11071,2276.3730418198984,315.83729985832895,1588748.4.sbml.csv,Vaginal Commensal
11072,351.6613026075238,1053.4180355485785,1588748.4.sbml.csv,Vaginal Commensal
11073,296.1955481719184,565.3782038174191,1588748.4.sbml.csv,Vaginal Commensal
11074,546.2816016188008,1298.860954092271,1588748.4.sbml.csv,Vaginal Commensal
11075,-397.56982348713115,1825.2676979664593,1588748.4.sbml.csv,Vaginal Commensal
11076,-251.15731444062138,1583.1501844457555,1588748.4.sbml.csv,Vaginal Commensal
11077,2350.9836039979655,781.6149955985655,1588748.4.sbml.csv,Vaginal Commensal
11078,523.4600904022432,1009.7143842810223,1588748.4.sbml.csv,Vaginal Commensal
11079,1982.3939709232584,1131.983040553237,1588748.4.sbml.csv,Vaginal Commensal
11080,297.3521927274269,1104.5467985989603,1588748.4.sbml.csv,Vaginal Commensal
11081,999.8303128599457,838.4037223439461,1588748.4.sbml.csv,Vaginal Commensal
11082,1725.8789763165405,97.56838680268768,1588748.4.sbml.csv,Vaginal Commensal
11083,2352.8175104300844,1010.3433845112013,1588748.4.sbml.csv,Vaginal Commensal
11084,-179.2256033631712,918.1345282865252,1588748.4.sbml.csv,Vaginal Commensal
11085,1259.515787250418,634.1545356290171,1588748.4.sbml.csv,Vaginal Commensal
11086,-454.60876026107024,1543.7437467564816,1588748.4.sbml.csv,Vaginal Commensal
11087,321.22617195434094,1238.168441397028,1588748.4.sbml.csv,Vaginal Commensal
11088,-839.1334117093087,1297.8737032242188,1588748.4.sbml.csv,Vaginal Commensal
11089,1366.5630387626175,152.05451044065939,1588748.4.sbml.csv,Vaginal Commensal
11090,-477.5670800096355,741.0961301248154,1588748.4.sbml.csv,Vaginal Commensal
11091,2539.487134297224,356.44318293904706,1588748.4.sbml.csv,Vaginal Commensal
11092,438.64667881808816,816.5686460067192,1588748.4.sbml.csv,Vaginal Commensal
11093,911.2507603516538,2108.2817181961436,1588748.4.sbml.csv,Vaginal Commensal
11094,-490.8046971993127,808.0200498036005,1588748.4.sbml.csv,Vaginal Commensal
11095,1558.1146880435174,951.1066948020508,1588748.4.sbml.csv,Vaginal Commensal
11096,1438.3257634759657,307.126483912583,1588748.4.sbml.csv,Vaginal Commensal
11097,1418.1518509035557,1931.102286032392,1588748.4.sbml.csv,Vaginal Commensal
11098,386.10808968875733,962.9260493315347,1588748.4.sbml.csv,Vaginal Commensal
11099,584.0640947085302,464.63412145692416,1588748.4.sbml.csv,Vaginal Commensal
11100,1751.3589323991841,491.48301461213646,1588748.4.sbml.csv,Vaginal Commensal
11101,936.1245355697512,1154.3584667420077,1588748.4.sbml.csv,Vaginal Commensal
11102,669.01785293725,1071.6635286457915,1588748.4.sbml.csv,Vaginal Commensal
11103,491.6369664587955,588.0636895508234,1588748.4.sbml.csv,Vaginal Commensal
11104,1682.9554220941493,756.2402894586515,1588748.4.sbml.csv,Vaginal Commensal
11105,665.0567734086428,513.7311640915235,1588748.4.sbml.csv,Vaginal Commensal
11106,104.80295928155152,417.4893444909567,1588748.4.sbml.csv,Vaginal Commensal
11107,-52.446636943717785,1046.2943011812945,1588748.4.sbml.csv,Vaginal Commensal
11108,1058.634177111629,541.8666913804815,1588748.4.sbml.csv,Vaginal Commensal
11109,443.14293203255943,193.70277439941952,1588748.4.sbml.csv,Vaginal Commensal
11110,197.06107512338053,457.227476216594,1588748.4.sbml.csv,Vaginal Commensal
11111,1040.488954913291,393.7568664821413,1588748.4.sbml.csv,Vaginal Commensal
11112,152.9369445332774,990.8378658050863,1588748.4.sbml.csv,Vaginal Commensal
11113,-388.5917239502732,326.82679526472276,1588748.4.sbml.csv,Vaginal Commensal
11114,682.2424048706546,1734.4764588923795,1588748.4.sbml.csv,Vaginal Commensal
11115,1757.0992375367125,632.587537264727,1588748.4.sbml.csv,Vaginal Commensal
11116,856.4308649942822,1207.067155579593,1588748.4.sbml.csv,Vaginal Commensal
11117,1467.1359556548882,1011.6725613396374,1588748.4.sbml.csv,Vaginal Commensal
11118,-188.47904391164568,745.8024401793177,1588748.4.sbml.csv,Vaginal Commensal
11119,1663.6498067489504,721.3700766024905,1588748.4.sbml.csv,Vaginal Commensal
11120,1971.478753592609,488.37637237212135,1588748.4.sbml.csv,Vaginal Commensal
11121,1982.96307724933,975.5460741693506,1588748.4.sbml.csv,Vaginal Commensal
11122,2496.2910412429574,1054.7510308411795,1588748.4.sbml.csv,Vaginal Commensal
11123,1499.2607488458132,1570.4385888539286,1588748.4.sbml.csv,Vaginal Commensal
11124,1997.4347874035504,597.8535787882752,1588748.4.sbml.csv,Vaginal Commensal
11125,-450.99478138546954,632.7317401238731,1588748.4.sbml.csv,Vaginal Commensal
11126,1018.5327952654637,1082.2187393433123,1588748.4.sbml.csv,Vaginal Commensal
11127,-745.6884661975068,963.3435082012543,1588748.4.sbml.csv,Vaginal Commensal
11128,-255.5612777419848,532.4749455717374,1588748.4.sbml.csv,Vaginal Commensal
11129,1429.9178284620039,1537.9416233653849,1588748.4.sbml.csv,Vaginal Commensal
11130,1040.1838950794393,1152.8153710825381,1588748.4.sbml.csv,Vaginal Commensal
11131,1631.2557335582173,893.506329209502,1588748.4.sbml.csv,Vaginal Commensal
11132,702.586113553309,1152.1666801248452,1588748.4.sbml.csv,Vaginal Commensal
11133,616.5054529788448,580.902975695654,1588748.4.sbml.csv,Vaginal Commensal
11134,533.7562132220447,791.9830286199391,1588748.4.sbml.csv,Vaginal Commensal
11135,1580.2400667762215,1309.753943932006,1588748.4.sbml.csv,Vaginal Commensal
11136,-2.011393387406066,1360.521412157627,1588748.4.sbml.csv,Vaginal Commensal
11137,1942.4696012223062,900.4498420254391,1588748.4.sbml.csv,Vaginal Commensal
11138,1237.26477721576,775.8957553386019,1588748.4.sbml.csv,Vaginal Commensal
11139,1210.242682260306,920.4030184459667,1588748.4.sbml.csv,Vaginal Commensal
11140,2344.083181635281,1082.6015718275726,1588748.4.sbml.csv,Vaginal Commensal
11141,903.9768125450272,1228.4878439508216,1588748.4.sbml.csv,Vaginal Commensal
11142,-891.4639997996094,847.038785308684,1588748.4.sbml.csv,Vaginal Commensal
11143,1799.165949546696,1128.92508805202,1588748.4.sbml.csv,Vaginal Commensal
11144,-888.4264424210933,746.0744685010912,1588748.4.sbml.csv,Vaginal Commensal
11145,594.5632969733992,1291.9246456002156,1588748.4.sbml.csv,Vaginal Commensal
11146,-7.40928704178404,1150.5023322245643,1588748.4.sbml.csv,Vaginal Commensal
11147,872.4823242965455,632.3249125479947,1588748.4.sbml.csv,Vaginal Commensal
11148,1963.431067134752,698.667043953438,1588748.4.sbml.csv,Vaginal Commensal
11149,821.3866108764668,183.2417408302583,1588748.4.sbml.csv,Vaginal Commensal
11150,2574.086123908925,1221.312438485959,1588748.4.sbml.csv,Vaginal Commensal
11151,185.1792775815237,48.182507595045,1588748.4.sbml.csv,Vaginal Commensal
11152,513.8122045993669,568.8294405945944,1588748.4.sbml.csv,Vaginal Commensal
11153,-16.875038603739238,1300.654152997385,1588748.4.sbml.csv,Vaginal Commensal
11154,144.1875391037543,626.6037631919866,1588748.4.sbml.csv,Vaginal Commensal
11155,1656.5012496248776,666.0376832341369,1588748.4.sbml.csv,Vaginal Commensal
11156,502.0665392831323,1244.2069077724077,1588748.4.sbml.csv,Vaginal Commensal
11157,-850.2152077201114,567.3361438282817,1588748.4.sbml.csv,Vaginal Commensal
11158,933.6967681765719,1285.2043686313355,1588748.4.sbml.csv,Vaginal Commensal
11159,1035.6939908910144,1115.4773437346353,1588748.4.sbml.csv,Vaginal Commensal
11160,-1000.8887264633241,879.0002837555063,1588748.4.sbml.csv,Vaginal Commensal
11161,2183.5894380285204,235.15552116345245,1588748.4.sbml.csv,Vaginal Commensal
11162,-805.6522121453768,1384.595398997963,1588748.4.sbml.csv,Vaginal Commensal
11163,2136.2394672401683,1126.0170695497084,1588748.4.sbml.csv,Vaginal Commensal
11164,740.374216322228,1428.5863818952612,1588748.4.sbml.csv,Vaginal Commensal
11165,1380.465069457396,473.0872615394921,1588748.4.sbml.csv,Vaginal Commensal
11166,778.4066092193812,1119.054937321655,1588748.4.sbml.csv,Vaginal Commensal
11167,-518.3644367556328,471.9307405442271,1588748.4.sbml.csv,Vaginal Commensal
11168,1562.9076797619373,596.068791023338,1588748.4.sbml.csv,Vaginal Commensal
11169,2004.0052131778925,1253.9998610956764,1588748.4.sbml.csv,Vaginal Commensal
11170,1663.7705007427812,792.6938328337438,1588748.4.sbml.csv,Vaginal Commensal
11171,520.6977384694644,753.6782520016125,1588748.4.sbml.csv,Vaginal Commensal
11172,-669.4859038303387,676.8608437919139,1588748.4.sbml.csv,Vaginal Commensal
11173,1661.2302713825852,954.7429748469376,1588748.4.sbml.csv,Vaginal Commensal
11174,1760.1503419914497,936.0507232407966,1588748.4.sbml.csv,Vaginal Commensal
11175,-467.49522154243186,42.70736297809374,1588748.4.sbml.csv,Vaginal Commensal
11176,1461.7109681303996,1372.985816205385,1588748.4.sbml.csv,Vaginal Commensal
11177,1299.7834962515685,1329.6392193181089,1588748.4.sbml.csv,Vaginal Commensal
11178,-717.6464583722893,1103.8551453476252,1588748.4.sbml.csv,Vaginal Commensal
11179,73.37011339936656,567.1618400981912,1588748.4.sbml.csv,Vaginal Commensal
11180,-649.4084348131206,148.9536347446559,1588748.4.sbml.csv,Vaginal Commensal
11181,182.61899450797202,1300.9375857396699,1588748.4.sbml.csv,Vaginal Commensal
11182,-118.32237966802077,761.2546235092144,1588748.4.sbml.csv,Vaginal Commensal
11183,455.5653858918642,852.090297951036,1588748.4.sbml.csv,Vaginal Commensal
11184,-656.3191545125176,751.9199395327591,1588748.4.sbml.csv,Vaginal Commensal
11185,430.5097773061327,1034.3307047844673,1588748.4.sbml.csv,Vaginal Commensal
11186,-377.49887978479603,990.052660979207,1588748.4.sbml.csv,Vaginal Commensal
11187,896.6935037635237,1625.6808335864703,1588748.4.sbml.csv,Vaginal Commensal
11188,1598.333541153015,223.02235737925173,1588748.4.sbml.csv,Vaginal Commensal
11189,-646.1725008670451,321.5861191180935,1588748.4.sbml.csv,Vaginal Commensal
11190,-648.4114980773614,1214.2481112454764,1588748.4.sbml.csv,Vaginal Commensal
11191,2021.440456115762,503.97994723145285,1588748.4.sbml.csv,Vaginal Commensal
11192,-331.96988616159535,1236.631758621395,1588748.4.sbml.csv,Vaginal Commensal
11193,1388.9076100707748,1246.6775164288588,1588748.4.sbml.csv,Vaginal Commensal
11194,-848.6716896495491,974.9809713706813,1588748.4.sbml.csv,Vaginal Commensal
11195,-156.04338467288318,773.5551051650909,1588748.4.sbml.csv,Vaginal Commensal
11196,-463.7353258223562,668.7390656096196,1588748.4.sbml.csv,Vaginal Commensal
11197,181.39874818361864,621.5379102657364,1588748.4.sbml.csv,Vaginal Commensal
11198,883.2966247921386,1872.6261421808827,1588748.4.sbml.csv,Vaginal Commensal
11199,1099.652186151669,777.1730482079856,1588748.4.sbml.csv,Vaginal Commensal
11200,487.79566123466645,56.96653525792139,1588748.4.sbml.csv,Vaginal Commensal
11201,162.5944531967003,1319.7987360895938,1588748.4.sbml.csv,Vaginal Commensal
11202,180.51115960759324,679.4399795643006,1588748.4.sbml.csv,Vaginal Commensal
11203,1818.2678983905287,681.4688042176015,1588748.4.sbml.csv,Vaginal Commensal
11204,786.7099870787923,1272.1745621150958,1588748.4.sbml.csv,Vaginal Commensal
11205,1920.6529392096065,930.6010498659228,1588748.4.sbml.csv,Vaginal Commensal
11206,-476.90528281665985,255.1636583902894,1588748.4.sbml.csv,Vaginal Commensal
11207,520.6836297574011,667.6785781830278,1588748.4.sbml.csv,Vaginal Commensal
11208,1899.0476662831027,781.905978934785,1588748.4.sbml.csv,Vaginal Commensal
11209,53.045639849846616,691.366396360832,1588748.4.sbml.csv,Vaginal Commensal
11210,574.3564816085537,746.7660551040831,1588748.4.sbml.csv,Vaginal Commensal
11211,594.9775896772993,1034.6524011006318,1588748.4.sbml.csv,Vaginal Commensal
11212,-174.07663580997405,1142.2709182746146,1588748.4.sbml.csv,Vaginal Commensal
11213,1598.3630881968122,1639.9320755849983,1588748.4.sbml.csv,Vaginal Commensal
11214,1601.2418445559465,830.3026323555831,1588748.4.sbml.csv,Vaginal Commensal
11215,1891.8496517305225,525.1618788893805,1588748.4.sbml.csv,Vaginal Commensal
11216,-858.7799638516435,1245.9351932125962,1588748.4.sbml.csv,Vaginal Commensal
11217,1392.368499597356,923.8882195484482,1588748.4.sbml.csv,Vaginal Commensal
11218,-436.7367266142536,1031.3488235603716,1588748.4.sbml.csv,Vaginal Commensal
11219,1971.8039708083654,713.296268736644,1588748.4.sbml.csv,Vaginal Commensal
11220,410.9847100393355,376.6215001052812,1588748.4.sbml.csv,Vaginal Commensal
11221,-275.81846321610857,514.0033666089752,1588748.4.sbml.csv,Vaginal Commensal
11222,832.0800998953646,959.3842020675011,1588748.4.sbml.csv,Vaginal Commensal
11223,1671.1819450109754,1299.359626701883,1588748.4.sbml.csv,Vaginal Commensal
11224,1103.9432450031898,1577.3896573320903,1588748.4.sbml.csv,Vaginal Commensal
11225,-42.127187776672535,1199.1804077708975,1588748.4.sbml.csv,Vaginal Commensal
11226,1714.5341392104126,199.04643282626586,1588748.4.sbml.csv,Vaginal Commensal
11227,1119.4066413546848,328.97033199616584,1588748.4.sbml.csv,Vaginal Commensal
11228,-830.0428094417756,1529.7952446395852,1588748.4.sbml.csv,Vaginal Commensal
11229,-528.1263173806067,927.7867222662691,1588748.4.sbml.csv,Vaginal Commensal
11230,895.5883373389199,72.40253095957858,1588748.4.sbml.csv,Vaginal Commensal
11231,1279.1943405805089,36.996924681617394,1588748.4.sbml.csv,Vaginal Commensal
11232,-68.71325872132863,1466.6809272845755,1588748.4.sbml.csv,Vaginal Commensal
11233,1475.5247386916087,469.8898863213768,1588748.4.sbml.csv,Vaginal Commensal
11234,1729.057657310691,-384.03941932490056,1588748.4.sbml.csv,Vaginal Commensal
11235,2389.053379464848,210.64015150710344,1588748.4.sbml.csv,Vaginal Commensal
11236,697.432890951112,650.8239589618576,1588748.4.sbml.csv,Vaginal Commensal
11237,-4.757454866938512,1405.6758284742168,1588748.4.sbml.csv,Vaginal Commensal
11238,-148.43492330114825,1157.4540409908695,1588748.4.sbml.csv,Vaginal Commensal
11239,2434.8752046809022,1176.4886374007474,1588748.4.sbml.csv,Vaginal Commensal
11240,2134.3412299569663,800.3253818801487,1588748.4.sbml.csv,Vaginal Commensal
11241,1743.0474554949653,245.1548199961768,1588748.4.sbml.csv,Vaginal Commensal
11242,1532.8560394630788,788.0002774510177,1588748.4.sbml.csv,Vaginal Commensal
11243,1086.1348112462877,1023.4107866166244,1588748.4.sbml.csv,Vaginal Commensal
11244,642.4211001992633,769.798393212779,1588748.4.sbml.csv,Vaginal Commensal
11245,1768.3709245762343,866.4225768975759,1588748.4.sbml.csv,Vaginal Commensal
11246,407.68440251747563,1328.5063872190572,1588748.4.sbml.csv,Vaginal Commensal
11247,-747.7095454730355,545.0801678986624,1588748.4.sbml.csv,Vaginal Commensal
11248,1796.5958365567371,1029.9578953025105,1588748.4.sbml.csv,Vaginal Commensal
11249,2018.214121779905,1280.0876917334156,1588748.4.sbml.csv,Vaginal Commensal
11250,-1703.3300402895545,-1561.937482211324,1401064.3.sbml.csv,Vaginal Commensal
11251,-2649.9496935012485,-2106.122965672178,1401064.3.sbml.csv,Vaginal Commensal
11252,-378.18961785612044,-1433.1446068923715,1401064.3.sbml.csv,Vaginal Commensal
11253,-1232.5106147204565,-1613.998059317266,1401064.3.sbml.csv,Vaginal Commensal
11254,-1010.6687003118213,-1235.6142617559506,1401064.3.sbml.csv,Vaginal Commensal
11255,429.3406310684113,-2835.0876186173164,1401064.3.sbml.csv,Vaginal Commensal
11256,-1889.3473690444414,-1686.2419277499914,1401064.3.sbml.csv,Vaginal Commensal
11257,-1412.7770920837063,-2367.260923156081,1401064.3.sbml.csv,Vaginal Commensal
11258,-555.3204173925797,-2318.095485831497,1401064.3.sbml.csv,Vaginal Commensal
11259,-1791.3693039026457,-1932.9475315422549,1401064.3.sbml.csv,Vaginal Commensal
11260,-2721.578746724751,-1185.3322615922768,1401064.3.sbml.csv,Vaginal Commensal
11261,-1901.1683385934862,-443.9922077712127,1401064.3.sbml.csv,Vaginal Commensal
11262,-877.3960855362545,-712.8269396686195,1401064.3.sbml.csv,Vaginal Commensal
11263,-1678.6047997271044,-2119.349672695466,1401064.3.sbml.csv,Vaginal Commensal
11264,-2186.003450257758,-2059.8970523950316,1401064.3.sbml.csv,Vaginal Commensal
11265,-223.1088724719006,-1998.880727371499,1401064.3.sbml.csv,Vaginal Commensal
11266,-590.2629765373299,-1606.097124545734,1401064.3.sbml.csv,Vaginal Commensal
11267,-2581.275704874598,-966.2282164458318,1401064.3.sbml.csv,Vaginal Commensal
11268,1963.0811881031925,-1663.2335331996985,1401064.3.sbml.csv,Vaginal Commensal
11269,-1084.8641493317639,-1048.7282197026677,1401064.3.sbml.csv,Vaginal Commensal
11270,-1767.036120567672,-2544.6605360626268,1401064.3.sbml.csv,Vaginal Commensal
11271,-905.9003055981242,-1491.11611285882,1401064.3.sbml.csv,Vaginal Commensal
11272,-635.9525043212108,-2483.9331323435235,1401064.3.sbml.csv,Vaginal Commensal
11273,569.9476186210376,-2361.659227913505,1401064.3.sbml.csv,Vaginal Commensal
11274,-1725.6506720606478,-1107.820801529955,1401064.3.sbml.csv,Vaginal Commensal
11275,-1425.7081129840037,-1731.5639310005436,1401064.3.sbml.csv,Vaginal Commensal
11276,-266.777654137429,-1034.3961376519849,1401064.3.sbml.csv,Vaginal Commensal
11277,-1362.4013718655826,-2347.4201581825973,1401064.3.sbml.csv,Vaginal Commensal
11278,-286.3120326040048,-2284.7174107743413,1401064.3.sbml.csv,Vaginal Commensal
11279,-1908.1584050074473,-1814.430991892688,1401064.3.sbml.csv,Vaginal Commensal
11280,-819.6414914321116,-2491.6188323099973,1401064.3.sbml.csv,Vaginal Commensal
11281,-2280.979929231046,-2339.188642619043,1401064.3.sbml.csv,Vaginal Commensal
11282,-66.86734246382836,-3168.563957008947,1401064.3.sbml.csv,Vaginal Commensal
11283,-1353.185540468815,-2489.6025799287836,1401064.3.sbml.csv,Vaginal Commensal
11284,-342.2186099776989,-3119.7585960081506,1401064.3.sbml.csv,Vaginal Commensal
11285,-1567.4813592624682,-2760.493948692486,1401064.3.sbml.csv,Vaginal Commensal
11286,-1940.5004729032987,-2270.9228767033837,1401064.3.sbml.csv,Vaginal Commensal
11287,-3276.0529326211,-1164.6201655426682,1401064.3.sbml.csv,Vaginal Commensal
11288,-1610.1611373821943,-2015.2502213012958,1401064.3.sbml.csv,Vaginal Commensal
11289,-875.668434288097,-2225.402517910589,1401064.3.sbml.csv,Vaginal Commensal
11290,-959.6349602409881,-2529.3769358058908,1401064.3.sbml.csv,Vaginal Commensal
11291,-1310.1281380395408,-2418.291256497575,1401064.3.sbml.csv,Vaginal Commensal
11292,-2350.9950724455816,-1941.9993311822723,1401064.3.sbml.csv,Vaginal Commensal
11293,-858.6195085773887,-2659.576722370559,1401064.3.sbml.csv,Vaginal Commensal
11294,-2263.883332388614,-2804.5018333088633,1401064.3.sbml.csv,Vaginal Commensal
11295,-1130.5979405951362,-1492.287102057235,1401064.3.sbml.csv,Vaginal Commensal
11296,1628.6028018742386,-3326.873903112501,1401064.3.sbml.csv,Vaginal Commensal
11297,-555.0772908531222,-829.6057994495567,1401064.3.sbml.csv,Vaginal Commensal
11298,-1442.7284931516335,-1751.934442458295,1401064.3.sbml.csv,Vaginal Commensal
11299,-1676.730469357085,-2034.881551363481,1401064.3.sbml.csv,Vaginal Commensal
11300,-2411.2378359545946,-1798.899936198592,1401064.3.sbml.csv,Vaginal Commensal
11301,161.51651530435524,-3189.9116122821542,1401064.3.sbml.csv,Vaginal Commensal
11302,-1336.842123587281,-1906.6550901955964,1401064.3.sbml.csv,Vaginal Commensal
11303,-1543.0777879942177,-2350.1134513105517,1401064.3.sbml.csv,Vaginal Commensal
11304,-2704.8250424218786,-687.6397103695094,1401064.3.sbml.csv,Vaginal Commensal
11305,-663.6107988028292,-1230.709409244771,1401064.3.sbml.csv,Vaginal Commensal
11306,65.62419128728548,-1984.9130752736028,1401064.3.sbml.csv,Vaginal Commensal
11307,-227.95598486493705,-3153.5316932394594,1401064.3.sbml.csv,Vaginal Commensal
11308,-420.97217515347216,-2196.9954014394443,1401064.3.sbml.csv,Vaginal Commensal
11309,-1584.9322539797638,-2068.1107392143426,1401064.3.sbml.csv,Vaginal Commensal
11310,-3397.2767370713777,-1294.4105601343774,1401064.3.sbml.csv,Vaginal Commensal
11311,-2225.155733303624,-232.847640982226,1401064.3.sbml.csv,Vaginal Commensal
11312,-862.3538943150435,-2834.321277225348,1401064.3.sbml.csv,Vaginal Commensal
11313,-1758.0339640111458,-1426.1281621737648,1401064.3.sbml.csv,Vaginal Commensal
11314,-639.2255724230272,-2567.046497586738,1401064.3.sbml.csv,Vaginal Commensal
11315,-20.870631991618453,-2686.1225716356907,1401064.3.sbml.csv,Vaginal Commensal
11316,-1914.2709140912743,-1668.9742548677636,1401064.3.sbml.csv,Vaginal Commensal
11317,-1498.847705865094,-2046.4326688095243,1401064.3.sbml.csv,Vaginal Commensal
11318,-2551.894985773251,-1448.8303036701832,1401064.3.sbml.csv,Vaginal Commensal
11319,-2053.8588248448214,-1383.2530208937503,1401064.3.sbml.csv,Vaginal Commensal
11320,-522.8185906148315,-697.1703074917416,1401064.3.sbml.csv,Vaginal Commensal
11321,399.00639482999617,-3112.9430738209467,1401064.3.sbml.csv,Vaginal Commensal
11322,-3292.5382244617927,-481.91868462887334,1401064.3.sbml.csv,Vaginal Commensal
11323,-1146.6486528546227,-2430.2093095975574,1401064.3.sbml.csv,Vaginal Commensal
11324,-1132.040279824186,-1940.774221123028,1401064.3.sbml.csv,Vaginal Commensal
11325,-877.1532399685732,-1578.853158767562,1401064.3.sbml.csv,Vaginal Commensal
11326,-2094.8674364217945,-2745.212180023023,1401064.3.sbml.csv,Vaginal Commensal
11327,-205.69328243979,-2655.4425778565055,1401064.3.sbml.csv,Vaginal Commensal
11328,-55.864225622375876,-2611.708740458726,1401064.3.sbml.csv,Vaginal Commensal
11329,306.05010425353026,-1773.7456025228985,1401064.3.sbml.csv,Vaginal Commensal
11330,-943.9601279643776,-2531.711694715627,1401064.3.sbml.csv,Vaginal Commensal
11331,555.3533950738331,-2071.8132790120058,1401064.3.sbml.csv,Vaginal Commensal
11332,-2386.623750400239,-956.0398780762027,1401064.3.sbml.csv,Vaginal Commensal
11333,-2082.7960255244834,-1797.6577955018354,1401064.3.sbml.csv,Vaginal Commensal
11334,-2691.3153590188354,-967.9834296481973,1401064.3.sbml.csv,Vaginal Commensal
11335,-174.8286574621038,-1605.5230064842492,1401064.3.sbml.csv,Vaginal Commensal
11336,-1253.7336168239308,-1716.6577670329975,1401064.3.sbml.csv,Vaginal Commensal
11337,-87.09156594055946,-2260.4658742134307,1401064.3.sbml.csv,Vaginal Commensal
11338,-2716.3668161662617,150.83017065068776,1401064.3.sbml.csv,Vaginal Commensal
11339,-533.6186036097362,-2191.5829429283403,1401064.3.sbml.csv,Vaginal Commensal
11340,-357.0514528596772,-2522.4990568328717,1401064.3.sbml.csv,Vaginal Commensal
11341,-2208.5723731194194,-1559.6891829320252,1401064.3.sbml.csv,Vaginal Commensal
11342,-238.71330853291482,-2265.9011028831787,1401064.3.sbml.csv,Vaginal Commensal
11343,68.23321767463904,-2311.9181098933573,1401064.3.sbml.csv,Vaginal Commensal
11344,-77.42501412024937,-2078.0973034466074,1401064.3.sbml.csv,Vaginal Commensal
11345,-727.5874583460217,-2385.6259883659277,1401064.3.sbml.csv,Vaginal Commensal
11346,-920.7469504536331,-1527.497194486067,1401064.3.sbml.csv,Vaginal Commensal
11347,-1396.6381640472664,-305.711361083606,1401064.3.sbml.csv,Vaginal Commensal
11348,-866.7643087589357,-3045.691334601881,1401064.3.sbml.csv,Vaginal Commensal
11349,-257.5105881173245,-2769.2680716944183,1401064.3.sbml.csv,Vaginal Commensal
11350,-1748.8481357758812,-2536.947629119156,1401064.3.sbml.csv,Vaginal Commensal
11351,-1627.8081111920922,-1036.550888354718,1401064.3.sbml.csv,Vaginal Commensal
11352,-464.483217534033,-1892.5568657826464,1401064.3.sbml.csv,Vaginal Commensal
11353,196.92490478939476,-2598.966559127139,1401064.3.sbml.csv,Vaginal Commensal
11354,-2125.5673836460314,-1056.4385292660947,1401064.3.sbml.csv,Vaginal Commensal
11355,-997.946602324914,-1784.49570931402,1401064.3.sbml.csv,Vaginal Commensal
11356,-990.1822064398494,-2754.9710304551522,1401064.3.sbml.csv,Vaginal Commensal
11357,-2332.9340297160675,-1547.5625301565558,1401064.3.sbml.csv,Vaginal Commensal
11358,-103.62472726982055,-2417.109923242642,1401064.3.sbml.csv,Vaginal Commensal
11359,-684.6086303297451,-1540.3766332928074,1401064.3.sbml.csv,Vaginal Commensal
11360,-1294.403713948668,-2256.451595692521,1401064.3.sbml.csv,Vaginal Commensal
11361,235.95903044141215,-1357.3216411749645,1401064.3.sbml.csv,Vaginal Commensal
11362,-504.2369365175752,-1821.2533420998982,1401064.3.sbml.csv,Vaginal Commensal
11363,-1309.435491289786,-926.6994550182102,1401064.3.sbml.csv,Vaginal Commensal
11364,-209.44988585283963,-1511.4516990332786,1401064.3.sbml.csv,Vaginal Commensal
11365,-382.7345453924513,-1556.1275667420493,1401064.3.sbml.csv,Vaginal Commensal
11366,-2514.7808706472124,-1518.8459559681792,1401064.3.sbml.csv,Vaginal Commensal
11367,-1447.3219749586935,-2346.101137266606,1401064.3.sbml.csv,Vaginal Commensal
11368,-2226.645368587948,-2053.3702516850126,1401064.3.sbml.csv,Vaginal Commensal
11369,177.1578264220611,-1681.9060094678712,1401064.3.sbml.csv,Vaginal Commensal
11370,-1282.5523013733298,-858.3417604322127,1401064.3.sbml.csv,Vaginal Commensal
11371,-2399.286528510933,-1117.8112911267679,1401064.3.sbml.csv,Vaginal Commensal
11372,-2121.0531822372022,63.339199082638,1401064.3.sbml.csv,Vaginal Commensal
11373,-2558.590447594708,-1333.1187194832435,1401064.3.sbml.csv,Vaginal Commensal
11374,-1014.4031560996098,-3104.9731814387883,1401064.3.sbml.csv,Vaginal Commensal
11375,272.572047719352,-3224.036955720406,1401064.3.sbml.csv,Vaginal Commensal
11376,-511.46474834189746,-2318.4440288115943,1401064.3.sbml.csv,Vaginal Commensal
11377,-585.2715516688618,-1523.1709579815024,1401064.3.sbml.csv,Vaginal Commensal
11378,-1037.1569933857395,-2426.309691701743,1401064.3.sbml.csv,Vaginal Commensal
11379,-1404.0447591600616,-1198.0335881616356,1401064.3.sbml.csv,Vaginal Commensal
11380,-419.6251167141975,-1315.076876377586,1401064.3.sbml.csv,Vaginal Commensal
11381,-1499.8473156700697,-2157.0668942359707,1401064.3.sbml.csv,Vaginal Commensal
11382,-1537.6515197881704,-1733.3550196862852,1401064.3.sbml.csv,Vaginal Commensal
11383,-2316.0921419351935,-1139.2242049847898,1401064.3.sbml.csv,Vaginal Commensal
11384,-360.72156434983765,-1826.0933579167477,1401064.3.sbml.csv,Vaginal Commensal
11385,-1379.3164543236264,-401.214343236855,1401064.3.sbml.csv,Vaginal Commensal
11386,-326.7764393347695,-3135.5370468690794,1401064.3.sbml.csv,Vaginal Commensal
11387,-540.6827840240618,-3090.7717481495733,1401064.3.sbml.csv,Vaginal Commensal
11388,-1243.381062068518,-484.57667084095965,1401064.3.sbml.csv,Vaginal Commensal
11389,561.8979613929292,-3342.052672622936,1401064.3.sbml.csv,Vaginal Commensal
11390,-1515.5434106485418,-1870.5713792811098,1401064.3.sbml.csv,Vaginal Commensal
11391,-1043.1306673515392,-2875.7978041365127,1401064.3.sbml.csv,Vaginal Commensal
11392,-1781.4185398689256,-2415.0201710756655,1401064.3.sbml.csv,Vaginal Commensal
11393,-832.8585249004527,-1995.0079443762213,1401064.3.sbml.csv,Vaginal Commensal
11394,-2815.803995572686,-1307.2527893527397,1401064.3.sbml.csv,Vaginal Commensal
11395,-899.7635550076157,-2657.577292559632,1401064.3.sbml.csv,Vaginal Commensal
11396,-2833.133147000437,-616.0224206369546,1401064.3.sbml.csv,Vaginal Commensal
11397,-1369.2799022815232,-2473.86908172405,1401064.3.sbml.csv,Vaginal Commensal
11398,-926.0628699414626,-2612.8884865926907,1401064.3.sbml.csv,Vaginal Commensal
11399,-175.35925172349587,-1541.3692716222836,1401064.3.sbml.csv,Vaginal Commensal
11400,-1720.037911498622,-2083.5866721178545,1401064.3.sbml.csv,Vaginal Commensal
11401,-1168.6205794159634,-3523.002884785531,1401064.3.sbml.csv,Vaginal Commensal
11402,-2642.0972157813762,-1846.3496977686275,1401064.3.sbml.csv,Vaginal Commensal
11403,-2747.783302698076,-2116.150072883582,1401064.3.sbml.csv,Vaginal Commensal
11404,-1931.0963196445061,-1516.674985698883,1401064.3.sbml.csv,Vaginal Commensal
11405,-1942.7437539316493,-2089.774033110506,1401064.3.sbml.csv,Vaginal Commensal
11406,-1207.5024333801302,-1544.9882277289776,1401064.3.sbml.csv,Vaginal Commensal
11407,-1346.138070839764,-2392.1365643217187,1401064.3.sbml.csv,Vaginal Commensal
11408,-869.7083580887796,-1230.7267605265622,1401064.3.sbml.csv,Vaginal Commensal
11409,7.584262957066343,-2239.8913801146914,1401064.3.sbml.csv,Vaginal Commensal
11410,-2032.540987669188,-1705.3814708389282,1401064.3.sbml.csv,Vaginal Commensal
11411,-1491.5733626990664,-1173.6956308294098,1401064.3.sbml.csv,Vaginal Commensal
11412,-1353.0941641343995,-2191.490335110657,1401064.3.sbml.csv,Vaginal Commensal
11413,34.96466738984212,-1730.0500291942271,1401064.3.sbml.csv,Vaginal Commensal
11414,-1664.269044633608,-1562.7291701603458,1401064.3.sbml.csv,Vaginal Commensal
11415,-1014.7488865440316,-2354.334698432493,1401064.3.sbml.csv,Vaginal Commensal
11416,-352.2243806497448,-1547.0357758975767,1401064.3.sbml.csv,Vaginal Commensal
11417,-1482.7043515914042,-1596.4427138786327,1401064.3.sbml.csv,Vaginal Commensal
11418,-104.54315913298467,-2090.5594118642157,1401064.3.sbml.csv,Vaginal Commensal
11419,-1353.9962092251094,-1666.5186949186798,1401064.3.sbml.csv,Vaginal Commensal
11420,240.28359330732508,-3264.0516740535772,1401064.3.sbml.csv,Vaginal Commensal
11421,-1537.4064132046387,-2465.136514760756,1401064.3.sbml.csv,Vaginal Commensal
11422,-7.766215914475016,-2572.2042028885994,1401064.3.sbml.csv,Vaginal Commensal
11423,-1847.627775241761,-1385.9019703439872,1401064.3.sbml.csv,Vaginal Commensal
11424,-1698.3319605275283,-1248.5615178041287,1401064.3.sbml.csv,Vaginal Commensal
11425,-450.1078067680217,-1790.4124214127094,1401064.3.sbml.csv,Vaginal Commensal
11426,-1374.1332227330447,-1819.6690892619733,1401064.3.sbml.csv,Vaginal Commensal
11427,-2459.545546832724,-946.1127465390072,1401064.3.sbml.csv,Vaginal Commensal
11428,-5.600710912760805,-2369.0708719069044,1401064.3.sbml.csv,Vaginal Commensal
11429,307.0305615369819,-2695.830277017643,1401064.3.sbml.csv,Vaginal Commensal
11430,-976.5966322544755,-1037.5469429047398,1401064.3.sbml.csv,Vaginal Commensal
11431,-1998.3300682688737,-1527.9672441461682,1401064.3.sbml.csv,Vaginal Commensal
11432,-302.8292817966775,-1458.8752366022115,1401064.3.sbml.csv,Vaginal Commensal
11433,1493.7645692247777,-1037.375931705255,1401064.3.sbml.csv,Vaginal Commensal
11434,1465.6482090208115,-3287.072197490102,1401064.3.sbml.csv,Vaginal Commensal
11435,-114.39534803561071,-1892.6518240186813,1401064.3.sbml.csv,Vaginal Commensal
11436,-2188.715660570322,-796.0191182011539,1401064.3.sbml.csv,Vaginal Commensal
11437,-1535.4598333120757,-989.2722228006589,1401064.3.sbml.csv,Vaginal Commensal
11438,77.7077690053258,-1838.4294598499157,1401064.3.sbml.csv,Vaginal Commensal
11439,-1186.551947358901,-1337.656551687054,1401064.3.sbml.csv,Vaginal Commensal
11440,103.43409116408448,-1636.1997253962156,1401064.3.sbml.csv,Vaginal Commensal
11441,-539.9736034955793,-2098.5314229731607,1401064.3.sbml.csv,Vaginal Commensal
11442,-294.8556466324223,-2514.2083951615114,1401064.3.sbml.csv,Vaginal Commensal
11443,-74.19386060628132,-3311.9344313447136,1401064.3.sbml.csv,Vaginal Commensal
11444,-1348.957115178358,-2423.7694979895505,1401064.3.sbml.csv,Vaginal Commensal
11445,-1328.0264740342018,-1108.622917912956,1401064.3.sbml.csv,Vaginal Commensal
11446,130.57063441195825,-2325.9761810312734,1401064.3.sbml.csv,Vaginal Commensal
11447,-599.4916781974104,-2249.8766913621234,1401064.3.sbml.csv,Vaginal Commensal
11448,-1792.842468082876,-875.0075327118254,1401064.3.sbml.csv,Vaginal Commensal
11449,-2040.0597930870447,-1767.1477028694967,1401064.3.sbml.csv,Vaginal Commensal
11450,1684.1782494605234,-2340.1249513585403,1401064.3.sbml.csv,Vaginal Commensal
11451,-1057.0539407465615,-2615.983784172359,1401064.3.sbml.csv,Vaginal Commensal
11452,-2263.699363395412,-2934.0439741533664,1401064.3.sbml.csv,Vaginal Commensal
11453,-49.36613206265217,-2936.080710085267,1401064.3.sbml.csv,Vaginal Commensal
11454,-1134.0632229376652,-2240.8392314647276,1401064.3.sbml.csv,Vaginal Commensal
11455,-2052.3446376992633,-2062.981288470591,1401064.3.sbml.csv,Vaginal Commensal
11456,-1475.4161367850618,-1827.5687864591719,1401064.3.sbml.csv,Vaginal Commensal
11457,-2352.6296682846505,-2791.5906283787954,1401064.3.sbml.csv,Vaginal Commensal
11458,-598.520453712502,-2766.554762134324,1401064.3.sbml.csv,Vaginal Commensal
11459,-237.25099521538496,-1529.238821529935,1401064.3.sbml.csv,Vaginal Commensal
11460,-1486.7839638538937,-2594.613015852683,1401064.3.sbml.csv,Vaginal Commensal
11461,-56.84594834725324,-2545.9822827752637,1401064.3.sbml.csv,Vaginal Commensal
11462,-918.6734886779532,-593.0039385969185,1401064.3.sbml.csv,Vaginal Commensal
11463,-909.2297908563348,-1686.4923862439136,1401064.3.sbml.csv,Vaginal Commensal
11464,-1453.9352527068263,-2414.3818849340155,1401064.3.sbml.csv,Vaginal Commensal
11465,-1192.6504974932839,-2869.6872385541014,1401064.3.sbml.csv,Vaginal Commensal
11466,610.0903101847028,-2333.8386865010643,1401064.3.sbml.csv,Vaginal Commensal
11467,-1557.3353517648186,-998.488773343386,1401064.3.sbml.csv,Vaginal Commensal
11468,-731.0288129844868,-901.8010378649733,1401064.3.sbml.csv,Vaginal Commensal
11469,-1711.782557868685,-2311.9715419065637,1401064.3.sbml.csv,Vaginal Commensal
11470,-2232.1577875621924,-1521.6409087042443,1401064.3.sbml.csv,Vaginal Commensal
11471,-1611.6337758519533,-1576.5122440184591,1401064.3.sbml.csv,Vaginal Commensal
11472,-1480.3473243627489,-1656.4430731790976,1401064.3.sbml.csv,Vaginal Commensal
11473,-2339.281771511806,-642.5108523684556,1401064.3.sbml.csv,Vaginal Commensal
11474,478.8788445656354,-2038.7618705100645,1401064.3.sbml.csv,Vaginal Commensal
11475,-2390.060867325966,-1178.2381100421505,1401064.3.sbml.csv,Vaginal Commensal
11476,-758.078719846842,-1195.4813906144889,1401064.3.sbml.csv,Vaginal Commensal
11477,-2819.2206691713477,25.272361960809253,1401064.3.sbml.csv,Vaginal Commensal
11478,-1778.9827637802252,-2061.718712084983,1401064.3.sbml.csv,Vaginal Commensal
11479,-921.9722409166535,-1534.406574259119,1401064.3.sbml.csv,Vaginal Commensal
11480,-1192.2150842915503,-1120.2708474316898,1401064.3.sbml.csv,Vaginal Commensal
11481,-180.612404312084,-2235.901091024464,1401064.3.sbml.csv,Vaginal Commensal
11482,-428.9862266072772,-453.35961288067625,1401064.3.sbml.csv,Vaginal Commensal
11483,-1736.4713392574565,-1729.1872069370486,1401064.3.sbml.csv,Vaginal Commensal
11484,-310.4513379806072,-1402.2770260905686,1401064.3.sbml.csv,Vaginal Commensal
11485,-1067.6176849678702,-1490.6170270325658,1401064.3.sbml.csv,Vaginal Commensal
11486,-1084.9334021794161,-1022.3985580185187,1401064.3.sbml.csv,Vaginal Commensal
11487,-483.40353379012333,-2709.545577681752,1401064.3.sbml.csv,Vaginal Commensal
11488,-1469.4592745004884,-1950.788622740199,1401064.3.sbml.csv,Vaginal Commensal
11489,-288.6842135972137,-2535.963928850626,1401064.3.sbml.csv,Vaginal Commensal
11490,-479.38250707674933,-2004.9948291415749,1401064.3.sbml.csv,Vaginal Commensal
11491,-373.2154127902408,-2450.3540682507496,1401064.3.sbml.csv,Vaginal Commensal
11492,-803.4730985416119,-1848.9805291204702,1401064.3.sbml.csv,Vaginal Commensal
11493,-1961.8023155977444,-1114.051708096164,1401064.3.sbml.csv,Vaginal Commensal
11494,-122.43827512677143,-2623.7317445760978,1401064.3.sbml.csv,Vaginal Commensal
11495,-1558.8131638424245,-2081.9573474032054,1401064.3.sbml.csv,Vaginal Commensal
11496,-284.09280392775906,-2862.946780469878,1401064.3.sbml.csv,Vaginal Commensal
11497,-1026.4929773643692,-2670.1627775538477,1401064.3.sbml.csv,Vaginal Commensal
11498,-2340.3912297018665,-1947.1226966905363,1401064.3.sbml.csv,Vaginal Commensal
11499,-372.8535950283766,-1638.0597058626745,1401064.3.sbml.csv,Vaginal Commensal
11500,-1801.4070686983441,1849.095864798607,1624.699.sbml.csv,Vaginal Probiotic
11501,-1369.3040337796697,63.766452011721285,1624.699.sbml.csv,Vaginal Probiotic
11502,-2223.8533388694705,1207.0621805679516,1624.699.sbml.csv,Vaginal Probiotic
11503,1145.6425227140883,992.6316145513498,1624.699.sbml.csv,Vaginal Probiotic
11504,-2888.8850938721666,1037.5738321019448,1624.699.sbml.csv,Vaginal Probiotic
11505,-2171.056725471956,160.16645151526075,1624.699.sbml.csv,Vaginal Probiotic
11506,-1250.574576297891,1101.3592620800778,1624.699.sbml.csv,Vaginal Probiotic
11507,-752.5756540698031,-274.003345106826,1624.699.sbml.csv,Vaginal Probiotic
11508,-1839.6608771051294,-289.12981713409016,1624.699.sbml.csv,Vaginal Probiotic
11509,-2671.829041529895,2237.8009715220865,1624.699.sbml.csv,Vaginal Probiotic
11510,-3516.1335355222,2039.1377173586575,1624.699.sbml.csv,Vaginal Probiotic
11511,84.13168213570553,1037.8121725912465,1624.699.sbml.csv,Vaginal Probiotic
11512,-1461.8859626693245,988.762333959651,1624.699.sbml.csv,Vaginal Probiotic
11513,-1129.6174986478695,1082.4390540599156,1624.699.sbml.csv,Vaginal Probiotic
11514,-1923.2992110424373,800.6963055478211,1624.699.sbml.csv,Vaginal Probiotic
11515,-1087.8418477824725,546.0259906879689,1624.699.sbml.csv,Vaginal Probiotic
11516,-1731.4212816710303,1272.8201941936006,1624.699.sbml.csv,Vaginal Probiotic
11517,-1944.804113855529,1019.1190977855964,1624.699.sbml.csv,Vaginal Probiotic
11518,-471.2190872829381,1642.6430256280055,1624.699.sbml.csv,Vaginal Probiotic
11519,-1937.7185908941453,1903.0686907299932,1624.699.sbml.csv,Vaginal Probiotic
11520,-1859.273392367908,1427.844043213856,1624.699.sbml.csv,Vaginal Probiotic
11521,-1136.6152791291668,1188.4909393498763,1624.699.sbml.csv,Vaginal Probiotic
11522,-3140.0041897443834,2295.9045658488303,1624.699.sbml.csv,Vaginal Probiotic
11523,-1683.6517029822096,859.445415619695,1624.699.sbml.csv,Vaginal Probiotic
11524,-2700.602693323654,2059.065872598597,1624.699.sbml.csv,Vaginal Probiotic
11525,-2755.8910846687486,1847.832806280391,1624.699.sbml.csv,Vaginal Probiotic
11526,-1177.8104906735146,-50.4167332714844,1624.699.sbml.csv,Vaginal Probiotic
11527,-1513.096224002405,1156.7737633815182,1624.699.sbml.csv,Vaginal Probiotic
11528,-2586.2181216251793,-869.8663411569025,1624.699.sbml.csv,Vaginal Probiotic
11529,-2132.975101732393,622.4286809688978,1624.699.sbml.csv,Vaginal Probiotic
11530,-2424.121157997868,1801.0944972336126,1624.699.sbml.csv,Vaginal Probiotic
11531,-2725.1463374273144,1170.1303393819198,1624.699.sbml.csv,Vaginal Probiotic
11532,-2428.9839940846696,991.1745569564832,1624.699.sbml.csv,Vaginal Probiotic
11533,-2383.083698452206,2181.9981476752178,1624.699.sbml.csv,Vaginal Probiotic
11534,-1636.5684641997493,712.2061373829903,1624.699.sbml.csv,Vaginal Probiotic
11535,-2793.857432822237,-400.3880531605486,1624.699.sbml.csv,Vaginal Probiotic
11536,-2117.57418214818,90.97873658653639,1624.699.sbml.csv,Vaginal Probiotic
11537,-1317.3549043313735,1893.7433879939374,1624.699.sbml.csv,Vaginal Probiotic
11538,-357.78883669164765,681.8051706188537,1624.699.sbml.csv,Vaginal Probiotic
11539,-3189.9482008430227,1596.560536057446,1624.699.sbml.csv,Vaginal Probiotic
11540,-3159.088485861272,1714.463134830816,1624.699.sbml.csv,Vaginal Probiotic
11541,-854.1982921572087,-310.92065326715436,1624.699.sbml.csv,Vaginal Probiotic
11542,-3483.5962535719536,1336.2323900785004,1624.699.sbml.csv,Vaginal Probiotic
11543,-1972.5840699448727,1728.9011768194077,1624.699.sbml.csv,Vaginal Probiotic
11544,-1447.5533360392842,924.5338098297665,1624.699.sbml.csv,Vaginal Probiotic
11545,-3358.148366598709,437.40221497594246,1624.699.sbml.csv,Vaginal Probiotic
11546,-2412.4207835067673,858.9937826679071,1624.699.sbml.csv,Vaginal Probiotic
11547,-1670.1910561828672,979.0588292227314,1624.699.sbml.csv,Vaginal Probiotic
11548,-583.3214649493865,257.59878361125664,1624.699.sbml.csv,Vaginal Probiotic
11549,-1529.0896598100826,483.64653392761034,1624.699.sbml.csv,Vaginal Probiotic
11550,-843.3124941302568,1315.8074497499397,1624.699.sbml.csv,Vaginal Probiotic
11551,-2245.95525227709,419.2802725263077,1624.699.sbml.csv,Vaginal Probiotic
11552,-2709.184180998829,1395.5684934616133,1624.699.sbml.csv,Vaginal Probiotic
11553,-1934.3045765496972,229.79624955132567,1624.699.sbml.csv,Vaginal Probiotic
11554,-1971.5436742638906,780.4668282317241,1624.699.sbml.csv,Vaginal Probiotic
11555,-2579.749764459948,1481.1211549725956,1624.699.sbml.csv,Vaginal Probiotic
11556,-1317.0505436419044,22.60711579229909,1624.699.sbml.csv,Vaginal Probiotic
11557,-3035.350105925393,2717.3065978657637,1624.699.sbml.csv,Vaginal Probiotic
11558,-216.6448348366126,512.547946095445,1624.699.sbml.csv,Vaginal Probiotic
11559,-2783.6291906703227,971.1462459947759,1624.699.sbml.csv,Vaginal Probiotic
11560,-685.4247769236993,-810.1497256855831,1624.699.sbml.csv,Vaginal Probiotic
11561,-2454.558661761983,970.0357827000188,1624.699.sbml.csv,Vaginal Probiotic
11562,-1734.0731812258616,1162.576701649948,1624.699.sbml.csv,Vaginal Probiotic
11563,-2607.4485028061754,1378.4059055973992,1624.699.sbml.csv,Vaginal Probiotic
11564,54.51142570624347,773.8782685431,1624.699.sbml.csv,Vaginal Probiotic
11565,-979.0783148943611,796.5347518429066,1624.699.sbml.csv,Vaginal Probiotic
11566,-1977.460684471505,463.40605842963254,1624.699.sbml.csv,Vaginal Probiotic
11567,-2649.396367318031,2441.867058783611,1624.699.sbml.csv,Vaginal Probiotic
11568,-1600.4177971047113,406.055583462241,1624.699.sbml.csv,Vaginal Probiotic
11569,483.074166455217,141.1001237579174,1624.699.sbml.csv,Vaginal Probiotic
11570,-616.4351427425546,-8.536417151378815,1624.699.sbml.csv,Vaginal Probiotic
11571,-1262.5201568086675,997.0856496430781,1624.699.sbml.csv,Vaginal Probiotic
11572,-870.8236615190102,964.5270192510134,1624.699.sbml.csv,Vaginal Probiotic
11573,-2948.301749892285,217.46039284531744,1624.699.sbml.csv,Vaginal Probiotic
11574,-2645.5223781881396,1588.126256355541,1624.699.sbml.csv,Vaginal Probiotic
11575,-413.55336317861725,-1418.3049827695534,1624.699.sbml.csv,Vaginal Probiotic
11576,-633.198699436395,532.4349119802407,1624.699.sbml.csv,Vaginal Probiotic
11577,-2064.22778105966,443.19858173016337,1624.699.sbml.csv,Vaginal Probiotic
11578,-2204.3778206944644,641.6695764851537,1624.699.sbml.csv,Vaginal Probiotic
11579,-2453.5538359268335,-46.37488242171049,1624.699.sbml.csv,Vaginal Probiotic
11580,-776.0557089316134,410.0048564558824,1624.699.sbml.csv,Vaginal Probiotic
11581,-2699.0972258347015,804.237797889499,1624.699.sbml.csv,Vaginal Probiotic
11582,-977.2407820762113,1078.057094858101,1624.699.sbml.csv,Vaginal Probiotic
11583,-1534.385110041312,1082.0923543703288,1624.699.sbml.csv,Vaginal Probiotic
11584,282.9177131027008,-5.242507988391507,1624.699.sbml.csv,Vaginal Probiotic
11585,-583.2353502180025,1098.1075484556611,1624.699.sbml.csv,Vaginal Probiotic
11586,-160.99887860652794,1205.5779308004705,1624.699.sbml.csv,Vaginal Probiotic
11587,-2443.5198763023727,1661.0603625891017,1624.699.sbml.csv,Vaginal Probiotic
11588,-2563.5481156495794,768.6441120437875,1624.699.sbml.csv,Vaginal Probiotic
11589,570.8588469821705,497.2096185657515,1624.699.sbml.csv,Vaginal Probiotic
11590,-2086.8486588900246,712.2658824275214,1624.699.sbml.csv,Vaginal Probiotic
11591,-2299.4509044534366,398.2454313429946,1624.699.sbml.csv,Vaginal Probiotic
11592,-1644.0833983517298,2198.460324647384,1624.699.sbml.csv,Vaginal Probiotic
11593,-1863.3358552236082,1235.389846644973,1624.699.sbml.csv,Vaginal Probiotic
11594,-1815.6342086754007,456.86802908504706,1624.699.sbml.csv,Vaginal Probiotic
11595,-30.81867206097332,831.6951799923969,1624.699.sbml.csv,Vaginal Probiotic
11596,-1208.1580871132237,7.3934333843092785,1624.699.sbml.csv,Vaginal Probiotic
11597,-1518.8686550022474,736.8443474282271,1624.699.sbml.csv,Vaginal Probiotic
11598,-2806.0814336805074,630.1567557868315,1624.699.sbml.csv,Vaginal Probiotic
11599,-2433.6384722736393,1973.0925923619766,1624.699.sbml.csv,Vaginal Probiotic
11600,-1548.9467253995392,-37.76478749120269,1624.699.sbml.csv,Vaginal Probiotic
11601,-920.7108610616584,-279.72766706032377,1624.699.sbml.csv,Vaginal Probiotic
11602,-986.4010644506826,888.150144807762,1624.699.sbml.csv,Vaginal Probiotic
11603,-360.32697203086053,949.5318994879725,1624.699.sbml.csv,Vaginal Probiotic
11604,-2798.2386312165754,628.8730948072928,1624.699.sbml.csv,Vaginal Probiotic
11605,-2626.045178608665,1519.516412197715,1624.699.sbml.csv,Vaginal Probiotic
11606,-1887.7218971896082,776.4356685175504,1624.699.sbml.csv,Vaginal Probiotic
11607,-698.3244706804473,327.905144586625,1624.699.sbml.csv,Vaginal Probiotic
11608,-1180.3058441776338,682.2857223931964,1624.699.sbml.csv,Vaginal Probiotic
11609,-1151.9255699551952,274.1276456850125,1624.699.sbml.csv,Vaginal Probiotic
11610,1437.442239367812,1060.3927527888313,1624.699.sbml.csv,Vaginal Probiotic
11611,-1143.415932734003,1172.0266336649452,1624.699.sbml.csv,Vaginal Probiotic
11612,58.24191461465833,921.3754685674168,1624.699.sbml.csv,Vaginal Probiotic
11613,451.8085053874614,417.35826295140123,1624.699.sbml.csv,Vaginal Probiotic
11614,-1985.6687845883378,732.587162041094,1624.699.sbml.csv,Vaginal Probiotic
11615,-2212.363427202265,661.7278529763904,1624.699.sbml.csv,Vaginal Probiotic
11616,124.01540817645022,-551.4447709387612,1624.699.sbml.csv,Vaginal Probiotic
11617,-1245.1273329812293,331.32033413296807,1624.699.sbml.csv,Vaginal Probiotic
11618,-2765.5688983144505,230.8082103536628,1624.699.sbml.csv,Vaginal Probiotic
11619,-1783.8239134447053,-885.9929377853286,1624.699.sbml.csv,Vaginal Probiotic
11620,-2551.088456884598,579.8423828972042,1624.699.sbml.csv,Vaginal Probiotic
11621,-1675.773584724911,625.8998543859628,1624.699.sbml.csv,Vaginal Probiotic
11622,-1976.6588322336163,2490.7473778697386,1624.699.sbml.csv,Vaginal Probiotic
11623,-126.47702713834158,861.6102439113996,1624.699.sbml.csv,Vaginal Probiotic
11624,-471.22196024556956,1097.3559929166588,1624.699.sbml.csv,Vaginal Probiotic
11625,-834.4786166373001,961.4028595388997,1624.699.sbml.csv,Vaginal Probiotic
11626,-2265.4787957463454,988.3278462803038,1624.699.sbml.csv,Vaginal Probiotic
11627,-1044.025118912064,1944.8394460213374,1624.699.sbml.csv,Vaginal Probiotic
11628,-2378.6346730779464,1086.533722395026,1624.699.sbml.csv,Vaginal Probiotic
11629,-2619.688096494426,2082.6955841766066,1624.699.sbml.csv,Vaginal Probiotic
11630,-1414.1549696129812,-373.9740193946795,1624.699.sbml.csv,Vaginal Probiotic
11631,-1784.7504155962908,935.832171669735,1624.699.sbml.csv,Vaginal Probiotic
11632,-2001.5578361266112,2540.7693134125198,1624.699.sbml.csv,Vaginal Probiotic
11633,-2138.4986322342397,1547.1203122325126,1624.699.sbml.csv,Vaginal Probiotic
11634,-1610.798362441344,1266.5404716861124,1624.699.sbml.csv,Vaginal Probiotic
11635,-1279.3226943674554,1411.7704667610521,1624.699.sbml.csv,Vaginal Probiotic
11636,-2320.6318815191385,907.2357290407969,1624.699.sbml.csv,Vaginal Probiotic
11637,-2629.4727672995577,2235.9290261429487,1624.699.sbml.csv,Vaginal Probiotic
11638,-2238.560399884873,1754.9614033608077,1624.699.sbml.csv,Vaginal Probiotic
11639,-1468.6593578345244,391.98852621469314,1624.699.sbml.csv,Vaginal Probiotic
11640,-1001.6286921999106,1051.57791575776,1624.699.sbml.csv,Vaginal Probiotic
11641,-471.0700528594942,175.5940601854733,1624.699.sbml.csv,Vaginal Probiotic
11642,-2822.782313043211,1946.5402769613888,1624.699.sbml.csv,Vaginal Probiotic
11643,-925.1201575924964,750.1475040279175,1624.699.sbml.csv,Vaginal Probiotic
11644,-895.4489378912543,1154.327896419479,1624.699.sbml.csv,Vaginal Probiotic
11645,-1575.3548009027666,1121.606732834204,1624.699.sbml.csv,Vaginal Probiotic
11646,-2238.209460739455,1220.0224121700378,1624.699.sbml.csv,Vaginal Probiotic
11647,-650.2852356718224,349.83795800478657,1624.699.sbml.csv,Vaginal Probiotic
11648,-2013.1656627196824,348.33905441202904,1624.699.sbml.csv,Vaginal Probiotic
11649,-1644.9304857917843,27.509609541267253,1624.699.sbml.csv,Vaginal Probiotic
11650,-2403.6586741301994,826.3170563093914,1624.699.sbml.csv,Vaginal Probiotic
11651,-3732.560119012163,1496.3270897845068,1624.699.sbml.csv,Vaginal Probiotic
11652,-315.6815616169829,982.9182216770495,1624.699.sbml.csv,Vaginal Probiotic
11653,-1771.6558837920304,-873.906782436752,1624.699.sbml.csv,Vaginal Probiotic
11654,-1659.5820564445296,1002.3403095774835,1624.699.sbml.csv,Vaginal Probiotic
11655,-3143.136112591221,581.3324660526052,1624.699.sbml.csv,Vaginal Probiotic
11656,-1137.305026511509,-395.87452859045675,1624.699.sbml.csv,Vaginal Probiotic
11657,-2860.5142887771967,916.1065600438035,1624.699.sbml.csv,Vaginal Probiotic
11658,-1826.923243111194,1735.0671822678753,1624.699.sbml.csv,Vaginal Probiotic
11659,-762.3888115440601,1001.6407455088145,1624.699.sbml.csv,Vaginal Probiotic
11660,-2252.362357816698,1342.8489908745462,1624.699.sbml.csv,Vaginal Probiotic
11661,-2531.464114791879,950.7167190031221,1624.699.sbml.csv,Vaginal Probiotic
11662,-2404.9569018663083,704.4498827927192,1624.699.sbml.csv,Vaginal Probiotic
11663,-315.1693242671345,18.437637929553627,1624.699.sbml.csv,Vaginal Probiotic
11664,-569.1282227396235,-38.405760757227874,1624.699.sbml.csv,Vaginal Probiotic
11665,173.7471556387475,942.6893396996965,1624.699.sbml.csv,Vaginal Probiotic
11666,-2554.789002700964,309.73896022477874,1624.699.sbml.csv,Vaginal Probiotic
11667,-2501.0267364746355,1325.3522440481731,1624.699.sbml.csv,Vaginal Probiotic
11668,-3068.07621165189,233.25787058394383,1624.699.sbml.csv,Vaginal Probiotic
11669,-1710.2426673847938,739.3452364454358,1624.699.sbml.csv,Vaginal Probiotic
11670,-627.4467089253209,1980.0666058798965,1624.699.sbml.csv,Vaginal Probiotic
11671,-1668.2027460429658,1703.9857569880328,1624.699.sbml.csv,Vaginal Probiotic
11672,-1465.0164685783693,1182.0616467289274,1624.699.sbml.csv,Vaginal Probiotic
11673,-2257.00324215723,1971.6648623147867,1624.699.sbml.csv,Vaginal Probiotic
11674,-1502.929065348763,-399.51935685653973,1624.699.sbml.csv,Vaginal Probiotic
11675,211.0318786036048,218.23191812277364,1624.699.sbml.csv,Vaginal Probiotic
11676,-871.5365730744704,36.59769771674727,1624.699.sbml.csv,Vaginal Probiotic
11677,-3591.118694026237,742.7952898208802,1624.699.sbml.csv,Vaginal Probiotic
11678,-877.7395034020801,1569.3078231183633,1624.699.sbml.csv,Vaginal Probiotic
11679,-2648.3262631640123,1562.6103969519438,1624.699.sbml.csv,Vaginal Probiotic
11680,574.8518992845933,481.62651579405644,1624.699.sbml.csv,Vaginal Probiotic
11681,-2292.9831667265767,1502.0879527024351,1624.699.sbml.csv,Vaginal Probiotic
11682,-831.993285153229,1446.967571727074,1624.699.sbml.csv,Vaginal Probiotic
11683,-2661.2355149204036,538.5275466894927,1624.699.sbml.csv,Vaginal Probiotic
11684,-1467.4917189393386,2010.6650504323381,1624.699.sbml.csv,Vaginal Probiotic
11685,-679.8222019967258,487.57769866289254,1624.699.sbml.csv,Vaginal Probiotic
11686,-1730.6513276950468,712.649767313789,1624.699.sbml.csv,Vaginal Probiotic
11687,-2471.8616940534353,987.9988162618467,1624.699.sbml.csv,Vaginal Probiotic
11688,-2496.936938682869,401.15473118559504,1624.699.sbml.csv,Vaginal Probiotic
11689,-2083.2829701435744,1352.438621380909,1624.699.sbml.csv,Vaginal Probiotic
11690,-773.6712610252351,-197.37847907135927,1624.699.sbml.csv,Vaginal Probiotic
11691,-1524.0254872797718,150.69047885868954,1624.699.sbml.csv,Vaginal Probiotic
11692,-2442.919975944021,135.0388394282315,1624.699.sbml.csv,Vaginal Probiotic
11693,-1406.6401428124489,771.6560174685821,1624.699.sbml.csv,Vaginal Probiotic
11694,-832.4662922049272,1484.7500190861015,1624.699.sbml.csv,Vaginal Probiotic
11695,-972.590837779166,459.80037730869384,1624.699.sbml.csv,Vaginal Probiotic
11696,-437.82006124932974,1074.7432417662599,1624.699.sbml.csv,Vaginal Probiotic
11697,-1595.1217427567474,852.4168663361785,1624.699.sbml.csv,Vaginal Probiotic
11698,-2636.6591837457436,1282.2654233845299,1624.699.sbml.csv,Vaginal Probiotic
11699,-638.4813522292643,497.62000255916274,1624.699.sbml.csv,Vaginal Probiotic
11700,-2462.128270535081,419.65104027469437,1624.699.sbml.csv,Vaginal Probiotic
11701,-707.3384272071658,621.896912480384,1624.699.sbml.csv,Vaginal Probiotic
11702,-1668.3117538152142,1781.6425629210949,1624.699.sbml.csv,Vaginal Probiotic
11703,-778.4749150622147,94.37504869505244,1624.699.sbml.csv,Vaginal Probiotic
11704,29.37637363796347,169.9996562215995,1624.699.sbml.csv,Vaginal Probiotic
11705,-2365.679557051315,1082.8549970081683,1624.699.sbml.csv,Vaginal Probiotic
11706,-958.6439526289147,1392.5040818952818,1624.699.sbml.csv,Vaginal Probiotic
11707,-1029.3626581703993,1508.4788744676432,1624.699.sbml.csv,Vaginal Probiotic
11708,-1624.7947470018764,-76.37572660168868,1624.699.sbml.csv,Vaginal Probiotic
11709,-2686.1624158025706,1441.6393372028813,1624.699.sbml.csv,Vaginal Probiotic
11710,-617.3808670639312,-686.4749239048647,1624.699.sbml.csv,Vaginal Probiotic
11711,-1473.6440975523467,727.0052759942834,1624.699.sbml.csv,Vaginal Probiotic
11712,-1793.1883126685902,-270.6595937517126,1624.699.sbml.csv,Vaginal Probiotic
11713,-2870.9704891114957,442.345803068841,1624.699.sbml.csv,Vaginal Probiotic
11714,-1528.3361180788834,229.34733998428067,1624.699.sbml.csv,Vaginal Probiotic
11715,-1771.054872467259,1571.9974829118544,1624.699.sbml.csv,Vaginal Probiotic
11716,-2257.2854607652635,317.17059587676357,1624.699.sbml.csv,Vaginal Probiotic
11717,-1615.2669251519044,1420.156828488776,1624.699.sbml.csv,Vaginal Probiotic
11718,-1171.9680067452957,651.5351749366436,1624.699.sbml.csv,Vaginal Probiotic
11719,-3233.214415763154,1217.038183114543,1624.699.sbml.csv,Vaginal Probiotic
11720,294.3501748469272,236.82015004166126,1624.699.sbml.csv,Vaginal Probiotic
11721,-2269.9383040026923,516.0471899346492,1624.699.sbml.csv,Vaginal Probiotic
11722,-1698.5023576892345,2214.2999541250197,1624.699.sbml.csv,Vaginal Probiotic
11723,-1078.8322281074136,465.3299041294793,1624.699.sbml.csv,Vaginal Probiotic
11724,-1092.3320712926795,-46.142839085360336,1624.699.sbml.csv,Vaginal Probiotic
11725,-225.4082572306655,1196.6111243326325,1624.699.sbml.csv,Vaginal Probiotic
11726,-2431.156842534762,314.69905718009466,1624.699.sbml.csv,Vaginal Probiotic
11727,-2563.10419220552,-150.17117983172867,1624.699.sbml.csv,Vaginal Probiotic
11728,-2563.4583230988974,1915.53916978696,1624.699.sbml.csv,Vaginal Probiotic
11729,-2589.129699431138,315.443581782191,1624.699.sbml.csv,Vaginal Probiotic
11730,-2213.971789973391,500.7973130894831,1624.699.sbml.csv,Vaginal Probiotic
11731,-1965.4588677134182,1467.818139500996,1624.699.sbml.csv,Vaginal Probiotic
11732,200.67313607779312,1719.288053097165,1624.699.sbml.csv,Vaginal Probiotic
11733,-1634.3552580355943,1669.2243483320976,1624.699.sbml.csv,Vaginal Probiotic
11734,-1713.581291799744,837.7452662069267,1624.699.sbml.csv,Vaginal Probiotic
11735,-2837.5334768073626,677.1379659968806,1624.699.sbml.csv,Vaginal Probiotic
11736,568.9708513475763,289.15883723692554,1624.699.sbml.csv,Vaginal Probiotic
11737,-1223.3996101465511,1116.9048359450837,1624.699.sbml.csv,Vaginal Probiotic
11738,-3286.93847517593,2423.6022006141015,1624.699.sbml.csv,Vaginal Probiotic
11739,-3050.0282165020535,2220.2724242932227,1624.699.sbml.csv,Vaginal Probiotic
11740,-3190.8286469936866,1464.60678202288,1624.699.sbml.csv,Vaginal Probiotic
11741,425.8906526744985,565.745122539051,1624.699.sbml.csv,Vaginal Probiotic
11742,-2363.4965518695076,1910.395050511675,1624.699.sbml.csv,Vaginal Probiotic
11743,-2545.3292549678463,2001.1376546605632,1624.699.sbml.csv,Vaginal Probiotic
11744,-3644.9651969735714,937.5047081754522,1624.699.sbml.csv,Vaginal Probiotic
11745,-1741.8922255214877,2450.763769217389,1624.699.sbml.csv,Vaginal Probiotic
11746,607.2462703654086,662.7581607445145,1624.699.sbml.csv,Vaginal Probiotic
11747,-1210.6501772180065,1646.369227103073,1624.699.sbml.csv,Vaginal Probiotic
11748,-1883.5390363127797,252.22978309078385,1624.699.sbml.csv,Vaginal Probiotic
11749,-576.5979634269277,930.8792535065562,1624.699.sbml.csv,Vaginal Probiotic
