Reaction,Annotation
rxn00988,  Carbohydrate metabolism
rxn16138,  Xenobiotics biodegradation and metabolism
rxn14214,  Lipid metabolism
rxn32871,  Carbohydrate metabolism
rxn02545,  Xenobiotics biodegradation and metabolism
rxn08169,  Metabolism of cofactors and vitamins
rxn35662,
rxn06078,  Amino acid metabolism
rxn03397,  Metabolism of cofactors and vitamins
rxn29369,  Carbohydrate metabolism
EXpd00067,
rxn16665,
rxn01512,  Nucleotide metabolism
rxn01479,  Lipid metabolism
rxn34194,  Metabolism of other amino acids
rxn11656,  Xenobiotics biodegradation and metabolism
rxn36758,  Metabolism of cofactors and vitamins
rxn00745,
rxn16237,  Energy metabolism
rxn31924,  Metabolism of cofactors and vitamins
rxn19840,  Metabolism of other amino acids
rxn08536,
rxn01027,  Nucleotide metabolism
rxn27994,  Carbohydrate metabolism
rxn16119,  Metabolism of terpenoids and polyketides
rxn33067,  Nucleotide metabolism
rxn01437,  Amino acid metabolism
rxn03174,  Metabolism of cofactors and vitamins
rxn06817,
rxn04739,  Xenobiotics biodegradation and metabolism
rxn05151,  Nucleotide metabolism
rxn30209,
rxn38499,  Metabolism of terpenoids and polyketides
rxn05115,  Nucleotide metabolism
rxn00801,  Amino acid metabolism
rxn16677,  Amino acid metabolism
rxn01639,  Amino acid metabolism
rxn34777,  Carbohydrate metabolism
rxn19233,
rxn04446,  Metabolism of terpenoids and polyketides
rxn03601,  Xenobiotics biodegradation and metabolism
rxn32938,  Metabolism of cofactors and vitamins
rxn00678,  Carbohydrate metabolism
rxn02944,  Amino acid metabolism
EXpd01101,
rxn05204,  Nucleotide metabolism
rxn03358,  Amino acid metabolism
rxn01358,  Nucleotide metabolism
rxn03327,  Biosynthesis of other secondary metabolites
rxn05070,  Metabolism of terpenoids and polyketides
rxn45616,
rxn33696,  Amino acid metabolism
rxn47859,
rxn31277,  Lipid metabolism
rxn11717,  Lipid metabolism
rxn36764,  Metabolism of cofactors and vitamins
rxn07370,  Metabolism of terpenoids and polyketides
rxn01423,  Amino acid metabolism
EXpd19020,
rxn02439,  Carbohydrate metabolism
rxn05231,  Nucleotide metabolism
rxn34671,  Amino acid metabolism
rxn01859,  Nucleotide metabolism
rxn16642,  Amino acid metabolism
rxn01597,  Xenobiotics biodegradation and metabolism
rxn09458,  Metabolism of other amino acids
rxn01374,  Amino acid metabolism
rxn37906,  Metabolism of other amino acids
rxn02986,  Metabolism of cofactors and vitamins
rxn33359,
rxn00691,  Carbohydrate metabolism
rxn01484,  Carbohydrate metabolism
rxn00717,  Nucleotide metabolism
rxn05154,  Nucleotide metabolism
rxn45052,
rxn03617,  Xenobiotics biodegradation and metabolism
EXpd00009,
rxn01337,  Lipid metabolism
rxn07682,  Lipid metabolism
rxn01684,
rxn33736,
rxn35310,  Biosynthesis of other secondary metabolites
rxn18925,  Lipid metabolism
rxn02938,  Nucleotide metabolism
rxn07902,  Xenobiotics biodegradation and metabolism
rxn04325,  Metabolism of terpenoids and polyketides
rxn08202,
rxn11714,  Lipid metabolism
rxn36076,
rxn16721,  Xenobiotics biodegradation and metabolism
rxn01962,  Nucleotide metabolism
rxn11735,
rxn33318,  Energy metabolism
rxn00537,  Metabolism of other amino acids
rxn31097,  Biosynthesis of other secondary metabolites
EXpd00107,
rxn08537,
EXpd00986,
rxn14382,  Biosynthesis of other secondary metabolites
rxn05672,
rxn16628,  Energy metabolism
rxn15430,
rxn05831,  Lipid metabolism
rxn06453,
rxn34300,  Nucleotide metabolism
rxn00940,  Metabolism of cofactors and vitamins
rxn08861,
rxn05514,
rxn38796,  Carbohydrate metabolism
rxn34366,  Metabolism of terpenoids and polyketides
EXpd00260,
rxn03042,  Carbohydrate metabolism
rxn20662,  Metabolism of cofactors and vitamins
rxn33703,  Biosynthesis of other secondary metabolites
rxn13681,
EXpd15297,
rxn13939,
rxn33618,  Amino acid metabolism
rxn32148,  Nucleotide metabolism
rxn03847,  Xenobiotics biodegradation and metabolism
rxn08518,
rxn46801,
rxn34632,  Carbohydrate metabolism
rxn02877,  Xenobiotics biodegradation and metabolism
rxn04472,  Xenobiotics biodegradation and metabolism
rxn15783,  Metabolism of cofactors and vitamins
rxn06086,  Lipid metabolism
rxn07741,  Lipid metabolism
rxn07347,  Metabolism of terpenoids and polyketides
rxn19567,  Energy metabolism
rxn09306,
rxn17807,  Lipid metabolism
rxn34581,  Metabolism of other amino acids
rxn32226,  Carbohydrate metabolism
rxn27481,  Metabolism of cofactors and vitamins
rxn01809,  Lipid metabolism
rxn04724,  Xenobiotics biodegradation and metabolism
rxn05114,  Nucleotide metabolism
rxn19979,  Biosynthesis of other secondary metabolites
rxn04328,  Metabolism of terpenoids and polyketides
rxn06542,  Amino acid metabolism
rxn04663,  Xenobiotics biodegradation and metabolism
rxn15255,  Carbohydrate metabolism
rxn04872,  Xenobiotics biodegradation and metabolism
rxn28089,  Carbohydrate metabolism
rxn38868,  Amino acid metabolism
rxn03843,
rxn32567,  Nucleotide metabolism
rxn11715,  Lipid metabolism
rxn15824,  Metabolism of terpenoids and polyketides
rxn03316,  Lipid metabolism
rxn33377,  Lipid metabolism
rxn00060,  Metabolism of cofactors and vitamins
rxn15469,  Lipid metabolism
rxn07647,  Metabolism of terpenoids and polyketides
rxn02228,  Amino acid metabolism
rxn28646,  Lipid metabolism
rxn04873,  Xenobiotics biodegradation and metabolism
rxn00584,  Xenobiotics biodegradation and metabolism
rxn01369,
rxn16515,
rxn29965,  Carbohydrate metabolism
rxn03868,  Xenobiotics biodegradation and metabolism
rxn17240,  Metabolism of cofactors and vitamins
rxn35444,  Metabolism of terpenoids and polyketides
rxn16581,
rxn33560,  Biosynthesis of other secondary metabolites
rxn15410,  Metabolism of other amino acids
rxn34232,
rxn08801,
rxn01313,  Metabolism of cofactors and vitamins
rxn16635,  Metabolism of terpenoids and polyketides
rxn31210,  Amino acid metabolism
rxn38004,  Carbohydrate metabolism
rxn31758,  Metabolism of other amino acids
rxn07880,
rxn34633,  Amino acid metabolism
rxn02071,  Amino acid metabolism
rxn01134,  Carbohydrate metabolism
rxn01300,  Amino acid metabolism
rxn35691,  Metabolism of other amino acids
rxn15865,  Biosynthesis of other secondary metabolites
rxn38076,
rxn09693,  Xenobiotics biodegradation and metabolism
rxn32630,  Amino acid metabolism
rxn32303,
rxn15751,  Energy metabolism
rxn20289,  Nucleotide metabolism
rxn02196,  Biosynthesis of other secondary metabolites
rxn16678,  Amino acid metabolism
rxn33346,
rxn38318,  Amino acid metabolism
rxn16683,  Carbohydrate metabolism
rxn00941,  Metabolism of cofactors and vitamins
rxn01462,  Amino acid metabolism
rxn20627,  Metabolism of cofactors and vitamins
rxn14196,  Metabolism of terpenoids and polyketides
rxn00290,
rxn15544,
rxn02925,  Amino acid metabolism
rxn00802,  Amino acid metabolism
rxn35524,  Metabolism of cofactors and vitamins
rxn14173,
rxn35527,  Lipid metabolism
rxn01788,  Metabolism of terpenoids and polyketides
rxn02141,  Xenobiotics biodegradation and metabolism
rxn05940,  Carbohydrate metabolism
rxn33398,  Lipid metabolism
rxn00787,  Carbohydrate metabolism
rxn16156,  Metabolism of terpenoids and polyketides
rxn01844,  Lipid metabolism
rxn25273,  Carbohydrate metabolism
rxn05616,
rxn32571,  Carbohydrate metabolism
rxn33193,  Nucleotide metabolism
rna_rxn,
rxn38009,  Carbohydrate metabolism
rxn31689,
rxn11650,  Metabolism of cofactors and vitamins
rxn17079,  Biosynthesis of other secondary metabolites
rxn28381,  Amino acid metabolism
rxn31886,  Metabolism of cofactors and vitamins
rxn07518,  Xenobiotics biodegradation and metabolism
rxn02437,  Carbohydrate metabolism
rxn03676,  Xenobiotics biodegradation and metabolism
rxn02283,  Metabolism of cofactors and vitamins
rxn29946,
rxn03431,
rxn06041,  Lipid metabolism
rxn33155,  Carbohydrate metabolism
rxn32739,  Carbohydrate metabolism
rxn04326,  Metabolism of terpenoids and polyketides
rxn01952,
EXpd00644,
rxn17400,  Metabolism of cofactors and vitamins
rxn26079,  Amino acid metabolism
rxn08444,  Lipid metabolism
rxn04588,  Biosynthesis of other secondary metabolites
rxn33042,  Carbohydrate metabolism
rxn14359,
rxn00245,  Carbohydrate metabolism
rxn34786,  Carbohydrate metabolism
rxn01973,  Amino acid metabolism
rxn27717,  Amino acid metabolism
rxn01926,
rxn12739,  Metabolism of cofactors and vitamins
rxn00615,  Lipid metabolism
rxn05152,  Nucleotide metabolism
rxn34730,  Lipid metabolism
rxn15129,  Carbohydrate metabolism
rxn27866,  Carbohydrate metabolism
rxn06979,  Metabolism of cofactors and vitamins
rxn09469,  Metabolism of other amino acids
rxn03916,  Glycan biosynthesis and metabolism
rxn19004,  Biosynthesis of other secondary metabolites
rxn34482,
rxn04754,  Xenobiotics biodegradation and metabolism
rxn31538,  Metabolism of cofactors and vitamins
rxn34447,
rxn13697,
rxn03919,  Glycan biosynthesis and metabolism
rxn32932,  Amino acid metabolism
rxn19982,  Lipid metabolism
rxn00849,
rxn02095,  Carbohydrate metabolism
rxn38024,  Nucleotide metabolism
rxn30398,  Amino acid metabolism
rxn15222,  Carbohydrate metabolism
rxn34710,  Lipid metabolism
rxn17248,  Metabolism of cofactors and vitamins
rxn13722,
rxn09374,
rxn37934,  Amino acid metabolism
rxn14108,  Carbohydrate metabolism
rxn04703,  Carbohydrate metabolism
rxn00768,  Lipid metabolism
rxn03164,  Amino acid metabolism
rxn01109,  Carbohydrate metabolism
rxn27818,  Glycan biosynthesis and metabolism
rxn05669,
rxn30207,  Amino acid metabolism
rxn31851,  Carbohydrate metabolism
rxn02808,  Xenobiotics biodegradation and metabolism
rxn02428,  Metabolism of cofactors and vitamins
rxn28169,  Biosynthesis of other secondary metabolites
rxn03893,  Metabolism of cofactors and vitamins
EXpd00235,
rxn04961,  Energy metabolism
rxn33628,  Carbohydrate metabolism
rxn31901,  Amino acid metabolism
rxn19776,  Carbohydrate metabolism
rxn15535,  Carbohydrate metabolism
rxn38341,  Biosynthesis of other secondary metabolites
rxn07391,
rxn16048,  Carbohydrate metabolism
rxn15105,  Glycan biosynthesis and metabolism
rxn01395,  Carbohydrate metabolism
rxn05066,
rxn38908,  Amino acid metabolism
rxn28890,  Amino acid metabolism
rxn34772,  Carbohydrate metabolism
rxn38136,  Amino acid metabolism
rxn38372,
rxn20592,
rxn00830,  Metabolism of terpenoids and polyketides
EXpd00023,
rxn02085,  Amino acid metabolism
rxn03087,  Amino acid metabolism
rxn12748,  Metabolism of cofactors and vitamins
rxn01421,  Amino acid metabolism
rxn38484,  Lipid metabolism
rxn16511,
rxn32633,  Nucleotide metabolism
rxn04895,  Xenobiotics biodegradation and metabolism
EXpd00069,
rxn30188,  Nucleotide metabolism
rxn30666,  Nucleotide metabolism
rxn33986,  Amino acid metabolism
rxn31423,
rxn00804,  Amino acid metabolism
rxn02975,  Carbohydrate metabolism
rxn10954,  Amino acid metabolism
rxn32338,  Amino acid metabolism
rxn29122,  Carbohydrate metabolism
rxn03446,  Metabolism of cofactors and vitamins
rxn33043,  Amino acid metabolism
rxn15627,  Metabolism of terpenoids and polyketides
rxn33453,  Carbohydrate metabolism
rxn33568,  Metabolism of cofactors and vitamins
rxn32386,  Nucleotide metabolism
rxn15049,  Nucleotide metabolism
rxn24319,
rxn27110,  Amino acid metabolism
rxn15383,  Carbohydrate metabolism
rxn11987,
rxn30025,  Metabolism of cofactors and vitamins
rxn02622,  Carbohydrate metabolism
rxn04413,  Metabolism of cofactors and vitamins
rxn00102,  Energy metabolism
rxn28081,
rxn09470,  Metabolism of other amino acids
rxn33174,  Metabolism of terpenoids and polyketides
rxn15170,  Lipid metabolism
rxn00072,  Metabolism of cofactors and vitamins
rxn00044,
rxn36503,  Lipid metabolism
rxn12380,  Metabolism of cofactors and vitamins
rxn32981,  Nucleotide metabolism
rxn02204,  Metabolism of cofactors and vitamins
rxn10977,  Amino acid metabolism
rxn16485,
rxn02943,  Carbohydrate metabolism
rxn36077,
rxn02983,  Xenobiotics biodegradation and metabolism
rxn05071,  Metabolism of terpenoids and polyketides
rxn33404,
rxn31894,  Amino acid metabolism
rxn00342,  Amino acid metabolism
rxn27982,  Carbohydrate metabolism
rxn16221,
rxn00395,  Amino acid metabolism
rxn30189,  Nucleotide metabolism
rxn02125,  Xenobiotics biodegradation and metabolism
rxn27521,  Amino acid metabolism
rxn05508,
rxn36506,  Lipid metabolism
rxn16676,  Metabolism of terpenoids and polyketides
rxn15666,  Nucleotide metabolism
rxn10186,
rxn05308,  Lipid metabolism
rxn38143,  Metabolism of cofactors and vitamins
rxn04518,  Metabolism of terpenoids and polyketides
rxn05890,  Energy metabolism
rxn07177,  Xenobiotics biodegradation and metabolism
rxn00247,  Carbohydrate metabolism
rxn33340,  Nucleotide metabolism
rxn15935,  Metabolism of cofactors and vitamins
rxn25716,  Lipid metabolism
rxn16584,
rxn32002,  Xenobiotics biodegradation and metabolism
rxn03360,  Amino acid metabolism
rxn16314,  Metabolism of cofactors and vitamins
rxn19701,  Energy metabolism
rxn06375,  Lipid metabolism
rxn08188,  Metabolism of cofactors and vitamins
rxn32814,
rxn36659,  Lipid metabolism
rxn10834,
rxn15651,  Xenobiotics biodegradation and metabolism
rxn16443,
rxn31779,  Nucleotide metabolism
rxn04599,  Amino acid metabolism
rxn06472,  Metabolism of other amino acids
rxn15213,  Carbohydrate metabolism
rxn01217,  Nucleotide metabolism
rxn00672,  Carbohydrate metabolism
rxn19935,  Nucleotide metabolism
rxn08291,
rxn03669,  Xenobiotics biodegradation and metabolism
rxn01699,  Metabolism of cofactors and vitamins
rxn28382,  Biosynthesis of other secondary metabolites
rxn03455,  Xenobiotics biodegradation and metabolism
rxn03545,  Biosynthesis of other secondary metabolites
rxn16211,  Metabolism of other amino acids
rxn04719,  Xenobiotics biodegradation and metabolism
rxn16179,  Metabolism of terpenoids and polyketides
rxn11716,  Lipid metabolism
rxn00162,  Carbohydrate metabolism
rxn16280,  Xenobiotics biodegradation and metabolism
rxn16839,
rxn15826,  Metabolism of other amino acids
rxn20499,  Metabolism of cofactors and vitamins
rxn16403,
rxn38124,
rxn47869,
rxn07900,  Xenobiotics biodegradation and metabolism
rxn03957,  Metabolism of terpenoids and polyketides
rxn02286,
rxn04264,  Metabolism of terpenoids and polyketides
rxn38029,  Amino acid metabolism
rxn10097,  Energy metabolism
rxn04911,  Lipid metabolism
rxn19763,  Metabolism of cofactors and vitamins
rxn24063,  Metabolism of cofactors and vitamins
rxn05128,  Amino acid metabolism
rxn29990,
rxn35242,  Carbohydrate metabolism
rxn44034,
rxn20202,
rxn13659,
rxn00595,  Xenobiotics biodegradation and metabolism
rxn09018,  Metabolism of terpenoids and polyketides
rxn17468,  Lipid metabolism
rxn27728,  Amino acid metabolism
rxn16125,  Metabolism of terpenoids and polyketides
rxn17767,  Nucleotide metabolism
rxn16826,  Nucleotide metabolism
rxn00122,  Metabolism of cofactors and vitamins
rxn02618,  Lipid metabolism
rxn15018,  Nucleotide metabolism
rxn00415,  Amino acid metabolism
rxn39462,  Lipid metabolism
rxn00230,  Carbohydrate metabolism
rxn33222,  Nucleotide metabolism
rxn38181,  Metabolism of cofactors and vitamins
rxn02045,  Amino acid metabolism
rxn09615,  Xenobiotics biodegradation and metabolism
rxn48118,
rxn33837,
rxn42840,
rxn30019,  Amino acid metabolism
rxn15699,  Metabolism of cofactors and vitamins
rxn05203,  Nucleotide metabolism
rxn02284,  Carbohydrate metabolism
rxn29728,  Carbohydrate metabolism
rxn03534,  Metabolism of cofactors and vitamins
rxn32502,  Xenobiotics biodegradation and metabolism
rxn35425,  Xenobiotics biodegradation and metabolism
rxn03691,  Xenobiotics biodegradation and metabolism
rxn15604,  Lipid metabolism
EXpd00081,
rxn15934,  Metabolism of cofactors and vitamins
rxn03898,  Xenobiotics biodegradation and metabolism
rxn01416,  Energy metabolism
rxn48508,
rxn34491,
rxn29919,  Carbohydrate metabolism
rxn33818,  Amino acid metabolism
rxn00728,  Amino acid metabolism
rxn16842,
rxn32347,  Amino acid metabolism
rxn31443,  Lipid metabolism
rxn05894,  Energy metabolism
rxn28243,  Energy metabolism
rxn03597,  Xenobiotics biodegradation and metabolism
rxn30418,
rxn08040,
rxn30364,  Carbohydrate metabolism
rxn16611,  Glycan biosynthesis and metabolism
rxn08240,
rxn16062,  Metabolism of terpenoids and polyketides
rxn12854,
rxn07485,  Xenobiotics biodegradation and metabolism
rxn43082,
rxn06929,  Metabolism of terpenoids and polyketides
rxn40505,
rxn14028,
EXpd00082,
rxn30733,  Carbohydrate metabolism
EXpd00186,
EXpd00311,
rxn08608,  Carbohydrate metabolism
rxn16143,  Energy metabolism
rxn16699,  Metabolism of terpenoids and polyketides
rxn44504,
EXpd00246,
rxn05676,
rxn12442,  Carbohydrate metabolism
rxn19643,  Nucleotide metabolism
rxn31919,  Carbohydrate metabolism
rxn30590,  Amino acid metabolism
rxn07463,  Metabolism of terpenoids and polyketides
rxn24829,  Metabolism of cofactors and vitamins
rxn08086,
rxn01948,  Amino acid metabolism
rxn11682,  Lipid metabolism
rxn33231,  Carbohydrate metabolism
rxn00452,  Amino acid metabolism
rxn39963,
rxn19260,  Amino acid metabolism
rxn11808,  Xenobiotics biodegradation and metabolism
rxn16398,
rxn19955,  Metabolism of terpenoids and polyketides
rxn32483,  Carbohydrate metabolism
rxn27692,
rxn03615,  Biosynthesis of other secondary metabolites
rxn06105,  Nucleotide metabolism
rxn36686,  Lipid metabolism
rxn15063,
rxn34778,  Xenobiotics biodegradation and metabolism
rxn07307,  Energy metabolism
rxn34077,
rxn09896,  Xenobiotics biodegradation and metabolism
rxn09468,  Metabolism of other amino acids
rxn00899,
rxn15373,  Carbohydrate metabolism
rxn07689,  Lipid metabolism
rxn02313,  Carbohydrate metabolism
rxn02128,  Metabolism of cofactors and vitamins
rxn31364,  Energy metabolism
rxn37160,  Biosynthesis of other secondary metabolites
rxn16106,  Metabolism of terpenoids and polyketides
rxn01452,  Xenobiotics biodegradation and metabolism
rxn38099,  Metabolism of terpenoids and polyketides
rxn33436,  Metabolism of cofactors and vitamins
rxn11767,  Xenobiotics biodegradation and metabolism
rxn14050,
rxn07488,  Carbohydrate metabolism
rxn02363,  Amino acid metabolism
rxn35636,
EXpd00188,
rxn13746,
rxn13995,  Biosynthesis of other secondary metabolites
rxn33581,  Carbohydrate metabolism
rxn00336,  Carbohydrate metabolism
rxn03790,  Xenobiotics biodegradation and metabolism
EXpd00047,
rxn02020,  Nucleotide metabolism
rxn11760,  Xenobiotics biodegradation and metabolism
rxn38121,  Amino acid metabolism
rxn30979,
rxn20819,
rxn05519,
rxn14174,  Lipid metabolism
rxn30442,
rxn33182,
rxn28560,  Nucleotide metabolism
rxn03007,  Lipid metabolism
rxn07450,  Amino acid metabolism
rxn33349,
rxn16206,  Metabolism of other amino acids
rxn00993,  Amino acid metabolism
rxn04600,  Amino acid metabolism
rxn03126,  Energy metabolism
rxn32956,  Xenobiotics biodegradation and metabolism
rxn05147,  Nucleotide metabolism
rxn07758,  Biosynthesis of other secondary metabolites
rxn18961,  Carbohydrate metabolism
rxn35438,  Nucleotide metabolism
rxn15245,  Carbohydrate metabolism
rxn38694,  Metabolism of cofactors and vitamins
rxn16132,  Xenobiotics biodegradation and metabolism
rxn38243,  Amino acid metabolism
rxn33087,  Carbohydrate metabolism
rxn31275,  Lipid metabolism
rxn02304,  Metabolism of cofactors and vitamins
rxn00778,  Carbohydrate metabolism
rxn11772,  Xenobiotics biodegradation and metabolism
rxn19836,  Amino acid metabolism
rxn15822,  Metabolism of terpenoids and polyketides
rxn02112,  Carbohydrate metabolism
rxn06091,  Lipid metabolism
rxn32327,  Lipid metabolism
rxn01705,  Nucleotide metabolism
rxn00435,  Xenobiotics biodegradation and metabolism
rxn23817,  Metabolism of other amino acids
rxn00875,  Carbohydrate metabolism
rxn12217,
rxn24142,  Metabolism of cofactors and vitamins
rxn16126,  Metabolism of terpenoids and polyketides
rxn08431,
rxn16742,
rxn32796,  Amino acid metabolism
rxn35352,  Metabolism of cofactors and vitamins
rxn04913,  Lipid metabolism
rxn09016,  Metabolism of terpenoids and polyketides
rxn01056,  Carbohydrate metabolism
rxn01248,  Metabolism of cofactors and vitamins
rxn15080,
rxn00272,  Amino acid metabolism
rxn03532,  Metabolism of cofactors and vitamins
rxn33431,  Metabolism of other amino acids
rxn04036,  Energy metabolism
rxn32015,  Energy metabolism
rxn02593,  Xenobiotics biodegradation and metabolism
rxn34228,  Carbohydrate metabolism
rxn16124,  Metabolism of terpenoids and polyketides
rxn15087,  Carbohydrate metabolism
rxn05915,  Glycan biosynthesis and metabolism
rxn34739,  Lipid metabolism
rxn24356,  Carbohydrate metabolism
rxn03091,
rxn14059,  Biosynthesis of other secondary metabolites
rxn14134,  Amino acid metabolism
rxn07678,  Lipid metabolism
rxn13097,  Nucleotide metabolism
rxn38535,  Amino acid metabolism
rxn16234,  Energy metabolism
rxn32907,  Carbohydrate metabolism
rxn03064,  Carbohydrate metabolism
rxn24214,  Metabolism of terpenoids and polyketides
rxn01039,  Amino acid metabolism
rxn13741,
rxn02103,  Nucleotide metabolism
rxn02430,  Metabolism of cofactors and vitamins
rxn23129,
rxn00852,  Amino acid metabolism
rxn12569,  Metabolism of cofactors and vitamins
rxn09432,  Lipid metabolism
rxn09459,  Metabolism of other amino acids
rxn04524,  Metabolism of terpenoids and polyketides
rxn04453,  Nucleotide metabolism
rxn30086,  Amino acid metabolism
rxn36682,  Lipid metabolism
rxn01541,  Nucleotide metabolism
rxn38710,  Amino acid metabolism
rxn02806,  Carbohydrate metabolism
rxn09345,  Metabolism of terpenoids and polyketides
rxn20665,
rxn02344,  Amino acid metabolism
rxn11681,  Lipid metabolism
rxn33266,  Carbohydrate metabolism
rxn03569,
rxn15233,  Carbohydrate metabolism
rxn05029,  Metabolism of cofactors and vitamins
rxn13931,  Glycan biosynthesis and metabolism
rxn34719,  Lipid metabolism
rxn32204,  Nucleotide metabolism
rxn38669,  Biosynthesis of other secondary metabolites
rxn27998,  Carbohydrate metabolism
rxn33701,  Xenobiotics biodegradation and metabolism
rxn00504,  Amino acid metabolism
rxn33298,  Metabolism of cofactors and vitamins
rxn11334,
rxn33295,  Biosynthesis of other secondary metabolites
rxn11765,  Xenobiotics biodegradation and metabolism
rxn09149,  Metabolism of cofactors and vitamins
rxn05333,  Lipid metabolism
dna_rxn,
rxn18974,  Nucleotide metabolism
rxn15414,  Lipid metabolism
rxn34204,  Carbohydrate metabolism
rxn28256,
rxn00964,  Xenobiotics biodegradation and metabolism
rxn05064,  Energy metabolism
rxn28091,  Carbohydrate metabolism
rxn38284,  Carbohydrate metabolism
rxn31766,  Nucleotide metabolism
rxn01485,  Carbohydrate metabolism
rxn35355,  Carbohydrate metabolism
rxn09471,  Metabolism of other amino acids
rxn04833,  Xenobiotics biodegradation and metabolism
rxn32978,  Carbohydrate metabolism
rxn09004,  Metabolism of terpenoids and polyketides
rxn21936,  Carbohydrate metabolism
rxn08659,  Carbohydrate metabolism
rxn32357,
rxn00367,  Nucleotide metabolism
rxn04662,  Amino acid metabolism
rxn32102,  Amino acid metabolism
rxn40264,  Energy metabolism
rxn38398,  Metabolism of terpenoids and polyketides
rxn01605,  Carbohydrate metabolism
rxn19870,  Amino acid metabolism
rxn02385,  Lipid metabolism
rxn21210,  Amino acid metabolism
rxn02165,  Xenobiotics biodegradation and metabolism
rxn44063,
EXpd00128,
rxn34716,  Lipid metabolism
rxn01303,  Amino acid metabolism
rxn16582,
rxn28988,
rxn01511,  Nucleotide metabolism
rxn01205,  Metabolism of cofactors and vitamins
rxn03198,  Lipid metabolism
rxn03856,  Carbohydrate metabolism
rxn23134,
rxn07160,  Biosynthesis of other secondary metabolites
rxn32185,  Amino acid metabolism
EXpd00307,
rxn00744,  Lipid metabolism
rxn01593,  Biosynthesis of other secondary metabolites
EXpd02083,
rxn26511,
rxn40007,
rxn15697,  Carbohydrate metabolism
rxn28376,  Nucleotide metabolism
rxn09002,  Metabolism of terpenoids and polyketides
rxn31887,  Lipid metabolism
rxn00378,  Energy metabolism
rxn31412,  Carbohydrate metabolism
rxn14399,
rxn12059,
rxn00229,  Carbohydrate metabolism
rxn04794,  Carbohydrate metabolism
rxn00587,  Xenobiotics biodegradation and metabolism
rxn04329,  Metabolism of terpenoids and polyketides
rxn02793,  Lipid metabolism
rxn00605,
rxn14109,  Amino acid metabolism
rxn03085,  Energy metabolism
rxn09063,  Metabolism of cofactors and vitamins
rxn03750,  Xenobiotics biodegradation and metabolism
rxn15616,  Metabolism of terpenoids and polyketides
rxn08393,  Lipid metabolism
rxn02655,  Biosynthesis of other secondary metabolites
rxn02142,  Xenobiotics biodegradation and metabolism
rxn03562,  Xenobiotics biodegradation and metabolism
rxn16727,  Metabolism of terpenoids and polyketides
rxn07524,  Xenobiotics biodegradation and metabolism
rxn16162,  Metabolism of terpenoids and polyketides
rxn03544,  Biosynthesis of other secondary metabolites
rxn34737,  Lipid metabolism
rxn30396,  Metabolism of cofactors and vitamins
rxn04323,  Metabolism of terpenoids and polyketides
rxn02518,  Nucleotide metabolism
rxn00469,  Amino acid metabolism
rxn31870,  Metabolism of cofactors and vitamins
rxn01015,  Carbohydrate metabolism
EX_biomass,
rxn34231,  Carbohydrate metabolism
rxn02263,  Carbohydrate metabolism
rxn12369,  Metabolism of cofactors and vitamins
rxn03791,  Xenobiotics biodegradation and metabolism
rxn01505,  Carbohydrate metabolism
rxn27381,  Amino acid metabolism
EXpd00393,
rxn01418,  Amino acid metabolism
rxn00347,  Amino acid metabolism
rxn16315,  Metabolism of cofactors and vitamins
rxn04331,  Metabolism of terpenoids and polyketides
rxn05145,  Nucleotide metabolism
rxn03715,  Xenobiotics biodegradation and metabolism
rxn34235,  Metabolism of other amino acids
rxn16323,
rxn09187,  Nucleotide metabolism
rxn07472,  Xenobiotics biodegradation and metabolism
rxn16614,  Glycan biosynthesis and metabolism
rxn15615,  Metabolism of terpenoids and polyketides
rxn01220,  Nucleotide metabolism
rxn32810,  Metabolism of cofactors and vitamins
rxn32595,
rxn09443,  Lipid metabolism
rxn47875,
rxn15933,  Metabolism of cofactors and vitamins
rxn26310,  Energy metabolism
rxn21216,
rxn38011,  Metabolism of other amino acids
rxn02761,  Nucleotide metabolism
rxn31272,  Lipid metabolism
rxn30366,  Carbohydrate metabolism
rxn07295,  Metabolism of cofactors and vitamins
rxn31257,  Lipid metabolism
rxn32292,
rxn11894,  Metabolism of cofactors and vitamins
EXpd00092,
rxn27916,  Biosynthesis of other secondary metabolites
rxn19646,
rxn06869,
rxn01222,  Nucleotide metabolism
rxn03339,  Amino acid metabolism
rxn15848,  Biosynthesis of other secondary metabolites
rxn04317,  Metabolism of terpenoids and polyketides
rxn27938,  Metabolism of terpenoids and polyketides
rxn01986,  Carbohydrate metabolism
rxn19740,  Nucleotide metabolism
rxn30524,  Energy metabolism
rxn06984,  Xenobiotics biodegradation and metabolism
rxn00714,  Nucleotide metabolism
rxn35537,
rxn07884,
rxn10898,
rxn01403,  Metabolism of other amino acids
rxn27716,  Carbohydrate metabolism
rxn34495,
rxn32376,  Metabolism of terpenoids and polyketides
rxn15550,
rxn04160,  Metabolism of cofactors and vitamins
rxn19157,
rxn38274,  Metabolism of cofactors and vitamins
rxn01064,  Xenobiotics biodegradation and metabolism
rxn10088,  Energy metabolism
rxn08170,  Metabolism of cofactors and vitamins
rxn00610,  Lipid metabolism
rxn04793,  Lipid metabolism
rxn10476,  Biosynthesis of other secondary metabolites
rxn08186,  Metabolism of cofactors and vitamins
rxn35351,  Amino acid metabolism
rxn00892,  Carbohydrate metabolism
rxn31988,  Amino acid metabolism
rxn02089,  Carbohydrate metabolism
rxn01499,  Amino acid metabolism
rxn14232,  Amino acid metabolism
rxn06983,  Carbohydrate metabolism
rxn00953,
rxn13801,
rxn32838,  Metabolism of cofactors and vitamins
rxn00331,  Carbohydrate metabolism
rxn05116,  Metabolism of cofactors and vitamins
rxn16829,  Nucleotide metabolism
rxn11014,
rxn42988,
rxn02415,  Biosynthesis of other secondary metabolites
rxn34672,  Metabolism of other amino acids
rxn30549,  Amino acid metabolism
rxn29993,  Amino acid metabolism
rxn04340,  Metabolism of terpenoids and polyketides
rxn06744,
rxn07520,  Xenobiotics biodegradation and metabolism
rxn29083,  Carbohydrate metabolism
rxn01792,  Metabolism of cofactors and vitamins
rxn15947,  Amino acid metabolism
rxn03903,  Glycan biosynthesis and metabolism
rxn00592,  Xenobiotics biodegradation and metabolism
rxn02038,  Lipid metabolism
rxn15635,  Metabolism of terpenoids and polyketides
rxn10212,  Energy metabolism
rxn00784,  Carbohydrate metabolism
rxn15237,  Carbohydrate metabolism
rxn03871,  Xenobiotics biodegradation and metabolism
rxn30395,  Carbohydrate metabolism
rxn13834,
rxn32758,  Lipid metabolism
rxn03938,
rxn30429,  Nucleotide metabolism
rxn00938,  Metabolism of cofactors and vitamins
rxn15948,  Amino acid metabolism
rxn09375,
rxn01518,  Nucleotide metabolism
rxn32727,
rxn19210,  Amino acid metabolism
rxn15925,  Metabolism of cofactors and vitamins
rxn01784,  Metabolism of other amino acids
rxn33080,  Xenobiotics biodegradation and metabolism
rxn00010,  Carbohydrate metabolism
rxn07318,  Lipid metabolism
rxn34775,  Lipid metabolism
rxn30430,  Amino acid metabolism
rxn33981,  Carbohydrate metabolism
rxn08160,  Metabolism of cofactors and vitamins
rxn27685,  Nucleotide metabolism
rxn02440,  Carbohydrate metabolism
rxn35652,
rxn02948,  Xenobiotics biodegradation and metabolism
rxn15784,  Metabolism of cofactors and vitamins
rxn01641,  Amino acid metabolism
rxn03690,  Xenobiotics biodegradation and metabolism
rxn08775,
rxn15408,  Carbohydrate metabolism
rxn23649,
rxn07646,  Metabolism of terpenoids and polyketides
rxn00934,  Carbohydrate metabolism
rxn00293,  Carbohydrate metabolism
rxn18920,
rxn30334,  Metabolism of other amino acids
rxn33207,  Carbohydrate metabolism
rxn16334,
rxn03611,  Xenobiotics biodegradation and metabolism
rxn03605,  Xenobiotics biodegradation and metabolism
rxn03921,  Xenobiotics biodegradation and metabolism
rxn32052,  Carbohydrate metabolism
rxn03573,  Xenobiotics biodegradation and metabolism
rxn34488,  Xenobiotics biodegradation and metabolism
rxn03342,  Amino acid metabolism
rxn01631,  Amino acid metabolism
rxn01461,  Amino acid metabolism
rxn04339,  Metabolism of terpenoids and polyketides
rxn00624,  Amino acid metabolism
rxn34576,  Lipid metabolism
rxn33400,
rxn00686,  Metabolism of cofactors and vitamins
rxn31235,  Carbohydrate metabolism
rxn22986,  Amino acid metabolism
rxn03419,  Metabolism of cofactors and vitamins
rxn38706,  Energy metabolism
rxn07358,  Metabolism of terpenoids and polyketides
rxn19010,  Nucleotide metabolism
rxn03642,  Carbohydrate metabolism
rxn35484,
rxn15164,  Metabolism of cofactors and vitamins
rxn03514,  Metabolism of cofactors and vitamins
rxn12772,  Carbohydrate metabolism
rxn03167,  Metabolism of cofactors and vitamins
rxn37807,  Amino acid metabolism
rxn06220,  Lipid metabolism
rxn39917,
rxn35281,
rxn15216,  Lipid metabolism
rxn07492,  Carbohydrate metabolism
rxn03739,  Xenobiotics biodegradation and metabolism
rxn38114,  Carbohydrate metabolism
rxn40643,
rxn27618,  Lipid metabolism
rxn04037,  Carbohydrate metabolism
rxn09429,  Lipid metabolism
rxn34627,  Carbohydrate metabolism
rxn37600,  Carbohydrate metabolism
rxn04418,
rxn14152,  Amino acid metabolism
rxn11655,  Xenobiotics biodegradation and metabolism
rxn00461,  Carbohydrate metabolism
rxn02002,  Metabolism of terpenoids and polyketides
rxn06522,
rxn32093,  Lipid metabolism
rxn07466,
rxn04587,  Biosynthesis of other secondary metabolites
rxn34185,  Metabolism of other amino acids
rxn04288,  Metabolism of terpenoids and polyketides
rxn03667,  Xenobiotics biodegradation and metabolism
rxn07355,  Metabolism of terpenoids and polyketides
rxn18579,  Nucleotide metabolism
rxn30393,
rxn07191,  Carbohydrate metabolism
rxn00921,  Xenobiotics biodegradation and metabolism
EXpd09027,
rxn31777,  Lipid metabolism
rxn30643,
rxn01985,  Nucleotide metabolism
rxn01577,
rxn07476,  Carbohydrate metabolism
rxn06694,
rxn10053,  Energy metabolism
rxn31994,  Biosynthesis of other secondary metabolites
rxn01350,  Energy metabolism
rxn05107,  Amino acid metabolism
rxn37889,  Lipid metabolism
rxn03612,  Xenobiotics biodegradation and metabolism
rxn15949,  Amino acid metabolism
rxn14319,  Lipid metabolism
rxn04550,  Metabolism of terpenoids and polyketides
rxn05527,
rxn30541,
rxn15880,
rxn22821,
rxn06425,
rxn15875,
rxn08224,
rxn02885,  Amino acid metabolism
rxn34798,
rxn28115,  Amino acid metabolism
rxn30860,  Metabolism of cofactors and vitamins
rxn11156,  Metabolism of cofactors and vitamins
rxn35212,
rxn02931,
rxn01763,  Carbohydrate metabolism
rxn00837,  Nucleotide metabolism
rxn01913,  Carbohydrate metabolism
rxn11750,  Xenobiotics biodegradation and metabolism
rxn01615,  Carbohydrate metabolism
rxn40745,
rxn33557,
rxn16178,  Metabolism of terpenoids and polyketides
rxn03714,  Xenobiotics biodegradation and metabolism
cofactor_rxn,
rxn16622,  Carbohydrate metabolism
rxn10203,  Energy metabolism
rxn32776,  Metabolism of cofactors and vitamins
rxn08797,
rxn03301,  Lipid metabolism
rxn02193,  Lipid metabolism
rxn28377,  Metabolism of terpenoids and polyketides
rxn15062,  Carbohydrate metabolism
EXpd00098,
rxn05618,
rxn01633,  Carbohydrate metabolism
rxn02341,  Metabolism of cofactors and vitamins
rxn30635,  Amino acid metabolism
rxn31973,  Nucleotide metabolism
rxn06168,
rxn05226,  Nucleotide metabolism
rxn03574,  Xenobiotics biodegradation and metabolism
rxn15878,
rxn00544,  Carbohydrate metabolism
rxn39376,  Amino acid metabolism
rxn15642,  Xenobiotics biodegradation and metabolism
rxn31801,  Amino acid metabolism
rxn12363,  Metabolism of cofactors and vitamins
rxn03078,
rxn05356,  Lipid metabolism
rxn08612,  Nucleotide metabolism
rxn00426,  Amino acid metabolism
rxn38273,
rxn16249,  Xenobiotics biodegradation and metabolism
rxn06648,
rxn16804,  Xenobiotics biodegradation and metabolism
rxn31365,  Energy metabolism
EXpd01092,
rxn16583,
rxn01735,  Amino acid metabolism
rxn31366,  Energy metabolism
rxn11811,  Xenobiotics biodegradation and metabolism
rxn05232,  Nucleotide metabolism
EXpd00438,
rxn33120,  Carbohydrate metabolism
rxn07152,  Biosynthesis of other secondary metabolites
rxn01156,  Amino acid metabolism
rxn15856,  Biosynthesis of other secondary metabolites
rxn01930,  Amino acid metabolism
rxn16573,  Metabolism of cofactors and vitamins
rxn05165,  Nucleotide metabolism
rxn03904,  Glycan biosynthesis and metabolism
rxn05300,  Lipid metabolism
rxn03649,  Xenobiotics biodegradation and metabolism
rxn06860,  Carbohydrate metabolism
rxn03841,  Metabolism of cofactors and vitamins
rxn26080,  Amino acid metabolism
rxn00562,  Nucleotide metabolism
rxn01644,
rxn32798,  Amino acid metabolism
rxn01573,  Amino acid metabolism
rxn16346,
protein_rxn,
rxn03936,  Xenobiotics biodegradation and metabolism
rxn06299,  Energy metabolism
rxn03003,  Amino acid metabolism
rxn00909,  Metabolism of cofactors and vitamins
rxn32460,  Amino acid metabolism
rxn31539,
rxn28109,  Xenobiotics biodegradation and metabolism
rxn20037,  Xenobiotics biodegradation and metabolism
rxn07204,  Energy metabolism
rxn04912,  Lipid metabolism
rxn15226,  Carbohydrate metabolism
rxn04914,  Lipid metabolism
rxn06080,  Lipid metabolism
rxn15621,  Metabolism of terpenoids and polyketides
rxn00594,  Xenobiotics biodegradation and metabolism
rxn33220,  Metabolism of terpenoids and polyketides
rxn15850,  Biosynthesis of other secondary metabolites
rxn23243,  Metabolism of terpenoids and polyketides
rxn16169,  Metabolism of terpenoids and polyketides
rxn11006,
rxn01494,  Amino acid metabolism
rxn00957,  Xenobiotics biodegradation and metabolism
rxn30156,
rxn33032,  Amino acid metabolism
rxn35413,  Metabolism of cofactors and vitamins
rxn16157,  Metabolism of terpenoids and polyketides
rxn30034,
rxn16621,  Amino acid metabolism
rxn07848,  Energy metabolism
rxn15617,  Metabolism of terpenoids and polyketides
rxn30708,  Metabolism of cofactors and vitamins
EXpd00060,
rxn02273,  Amino acid metabolism
rxn15229,  Nucleotide metabolism
rxn02322,  Metabolism of terpenoids and polyketides
rxn11744,
rxn02318,  Carbohydrate metabolism
rxn00015,  Biosynthesis of other secondary metabolites
rxn04896,  Xenobiotics biodegradation and metabolism
rxn31335,  Carbohydrate metabolism
rxn26073,  Glycan biosynthesis and metabolism
rxn16230,  Metabolism of terpenoids and polyketides
rxn29888,  Carbohydrate metabolism
rxn04385,  Metabolism of cofactors and vitamins
rxn11537,  Metabolism of terpenoids and polyketides
rxn33900,  Carbohydrate metabolism
rxn01281,  Carbohydrate metabolism
rxn33062,
rxn05241,
rxn00603,
rxn02438,  Carbohydrate metabolism
rxn07897,  Xenobiotics biodegradation and metabolism
rxn47121,
rxn24314,  Metabolism of cofactors and vitamins
rxn01202,
rxn01825,  Amino acid metabolism
rxn10543,  Metabolism of cofactors and vitamins
rxn33766,  Metabolism of cofactors and vitamins
rxn38263,  Carbohydrate metabolism
rxn32193,  Amino acid metabolism
rxn07648,  Metabolism of terpenoids and polyketides
rxn32851,  Nucleotide metabolism
rxn41546,
rxn34733,  Lipid metabolism
rxn01634,  Carbohydrate metabolism
rxn20471,
rxn31394,
rxn03089,  Xenobiotics biodegradation and metabolism
EXpd00247,
rxn16163,  Metabolism of terpenoids and polyketides
rxn11743,  Amino acid metabolism
rxn12206,
rxn16054,  Metabolism of terpenoids and polyketides
rxn04374,  Lipid metabolism
rxn03540,  Metabolism of cofactors and vitamins
rxn11965,  Carbohydrate metabolism
rxn33016,  Metabolism of cofactors and vitamins
rxn02577,  Xenobiotics biodegradation and metabolism
rxn33166,  Metabolism of cofactors and vitamins
rxn16343,  Energy metabolism
rxn00752,  Amino acid metabolism
rxn16149,  Nucleotide metabolism
rxn02104,  Nucleotide metabolism
rxn00368,  Nucleotide metabolism
rxn10029,  Energy metabolism
rxn01715,  Amino acid metabolism
rxn00023,
rxn15782,  Metabolism of cofactors and vitamins
rxn37377,
rxn01343,
rxn16168,  Metabolism of terpenoids and polyketides
rxn16789,  Lipid metabolism
rxn02861,  Xenobiotics biodegradation and metabolism
rxn30020,
rxn03030,  Amino acid metabolism
rxn27893,  Amino acid metabolism
rxn15686,  Metabolism of terpenoids and polyketides
rxn03575,  Xenobiotics biodegradation and metabolism
rxn03963,  Amino acid metabolism
rxn08706,  Metabolism of cofactors and vitamins
rxn03766,  Biosynthesis of other secondary metabolites
rxn03395,  Metabolism of cofactors and vitamins
rxn33664,  Xenobiotics biodegradation and metabolism
rxn32132,  Amino acid metabolism
rxn33474,  Nucleotide metabolism
rxn16580,
rxn33412,  Lipid metabolism
rxn30336,  Lipid metabolism
rxn28198,
rxn16442,  Carbohydrate metabolism
rxn17765,  Amino acid metabolism
rxn27867,  Metabolism of cofactors and vitamins
rxn26474,  Metabolism of terpenoids and polyketides
rxn32828,  Metabolism of cofactors and vitamins
rxn03809,  Metabolism of terpenoids and polyketides
rxn01394,  Carbohydrate metabolism
rxn30339,  Amino acid metabolism
rxn09420,  Lipid metabolism
rxn16212,  Metabolism of other amino acids
rxn20782,  Energy metabolism
rxn01363,  Amino acid metabolism
rxn02974,  Carbohydrate metabolism
rxn19825,  Amino acid metabolism
rxn07621,  Metabolism of terpenoids and polyketides
rxn01504,  Amino acid metabolism
rxn15354,  Carbohydrate metabolism
rxn32572,  Amino acid metabolism
rxn16660,  Xenobiotics biodegradation and metabolism
rxn22819,
rxn33479,  Lipid metabolism
rxn31322,  Lipid metabolism
rxn07876,
rxn19830,  Nucleotide metabolism
rxn01474,  Carbohydrate metabolism
rxn03359,  Amino acid metabolism
rxn00720,  Nucleotide metabolism
rxn02144,  Xenobiotics biodegradation and metabolism
rxn02532,
rxn20204,
rxn08478,
rxn00007,  Carbohydrate metabolism
rxn03536,  Metabolism of cofactors and vitamins
rxn09733,  Xenobiotics biodegradation and metabolism
rxn33099,  Xenobiotics biodegradation and metabolism
rxn07623,  Xenobiotics biodegradation and metabolism
rxn00958,  Xenobiotics biodegradation and metabolism
rxn05205,  Nucleotide metabolism
rxn32434,  Metabolism of cofactors and vitamins
rxn21214,  Amino acid metabolism
rxn30143,  Carbohydrate metabolism
rxn17766,  Nucleotide metabolism
rxn37675,  Carbohydrate metabolism
rxn01096,  Xenobiotics biodegradation and metabolism
rxn05562,
rxn45777,
rxn10116,  Carbohydrate metabolism
rxn09803,  Xenobiotics biodegradation and metabolism
rxn16646,  Amino acid metabolism
rxn33486,
rxn02285,  Carbohydrate metabolism
rxn08194,
rxn33740,  Metabolism of other amino acids
rxn02496,
rxn09715,  Nucleotide metabolism
rxn30324,  Energy metabolism
rxn38381,  Metabolism of cofactors and vitamins
rxn33380,
rxn07264,  Lipid metabolism
rxn02900,  Metabolism of other amino acids
rxn09300,
rxn05949,
rxn02366,  Amino acid metabolism
rxn28199,  Carbohydrate metabolism
rxn22985,  Amino acid metabolism
rxn32559,  Amino acid metabolism
rxn09109,  Metabolism of cofactors and vitamins
rxn10175,
rxn27772,  Amino acid metabolism
rxn30194,  Amino acid metabolism
rxn30550,
rxn01586,  Lipid metabolism
rxn20619,
rxn00910,  Metabolism of cofactors and vitamins
rxn39245,
rxn03394,  Metabolism of cofactors and vitamins
rxn27265,
EXpd00075,
rxn00495,  Amino acid metabolism
rxn07587,  Metabolism of cofactors and vitamins
rxn01944,  Amino acid metabolism
rxn11663,
rxn10187,
rxn37645,  Metabolism of cofactors and vitamins
rxn17763,  Amino acid metabolism
rxn06887,  Metabolism of cofactors and vitamins
rxn29994,  Amino acid metabolism
rxn01516,  Nucleotide metabolism
rxn07477,
rxn30710,  Nucleotide metabolism
rxn19980,  Carbohydrate metabolism
rxn05159,  Nucleotide metabolism
rxn01647,  Metabolism of cofactors and vitamins
rxn33642,  Amino acid metabolism
rxn11713,  Lipid metabolism
rxn07756,  Biosynthesis of other secondary metabolites
rxn11203,
rxn00692,  Amino acid metabolism
rxn32748,  Nucleotide metabolism
rxn02380,  Carbohydrate metabolism
rxn04023,  Xenobiotics biodegradation and metabolism
rxn02540,  Xenobiotics biodegradation and metabolism
rxn32706,  Nucleotide metabolism
rxn03638,  Carbohydrate metabolism
rxn09448,  Lipid metabolism
rxn31585,  Amino acid metabolism
rxn34732,  Lipid metabolism
rxn43573,
rxn15748,  Amino acid metabolism
rxn36689,  Lipid metabolism
rxn04480,  Metabolism of terpenoids and polyketides
rxn38487,  Lipid metabolism
rxn30602,
rxn09102,  Metabolism of cofactors and vitamins
rxn33432,  Amino acid metabolism
rxn03334,  Amino acid metabolism
rxn04726,  Xenobiotics biodegradation and metabolism
rxn32025,  Carbohydrate metabolism
rxn01893,  Amino acid metabolism
rxn18678,  Nucleotide metabolism
rxn19855,  Amino acid metabolism
rxn04321,  Metabolism of terpenoids and polyketides
rxn00620,  Lipid metabolism
rxn28107,
rxn01422,  Amino acid metabolism
rxn14292,  Metabolism of terpenoids and polyketides
rxn11934,  Energy metabolism
rxn10504,  Metabolism of cofactors and vitamins
rxn14121,
rxn37912,
rxn08323,
rxn37995,  Carbohydrate metabolism
rxn38910,  Amino acid metabolism
rxn05877,
rxn27841,  Nucleotide metabolism
rxn07751,  Biosynthesis of other secondary metabolites
rxn01267,  Amino acid metabolism
rxn04378,  Lipid metabolism
rxn11838,  Xenobiotics biodegradation and metabolism
EXpd00214,
rxn28987,
rxn16410,
rxn00779,  Carbohydrate metabolism
rxn38113,  Carbohydrate metabolism
rxn00346,  Metabolism of other amino acids
rxn01256,  Amino acid metabolism
rxn01003,  Amino acid metabolism
rxn12776,  Carbohydrate metabolism
rxn36081,
rxn05126,  Amino acid metabolism
rxn32462,  Energy metabolism
rxn12996,
rxn16399,
rxn03724,  Xenobiotics biodegradation and metabolism
rxn02926,  Amino acid metabolism
rxn00994,  Amino acid metabolism
rxn08344,
rxn32155,
rxn13231,  Xenobiotics biodegradation and metabolism
rxn00345,  Amino acid metabolism
rxn03440,  Carbohydrate metabolism
EXpd03586,
rxn25164,  Carbohydrate metabolism
rxn15619,  Metabolism of terpenoids and polyketides
rxn27845,  Metabolism of terpenoids and polyketides
rxn10180,  Metabolism of cofactors and vitamins
rxn01019,  Amino acid metabolism
rxn01626,  Nucleotide metabolism
rxn38718,  Metabolism of cofactors and vitamins
rxn35492,
rxn09307,
rxn38117,  Carbohydrate metabolism
rxn02288,  Metabolism of cofactors and vitamins
rxn38981,  Carbohydrate metabolism
rxn15257,  Carbohydrate metabolism
rxn15219,  Carbohydrate metabolism
rxn16544,
rxn07519,  Xenobiotics biodegradation and metabolism
rxn20617,  Amino acid metabolism
rxn05730,
EXpd00104,
rxn30355,  Amino acid metabolism
rxn16695,  Metabolism of terpenoids and polyketides
rxn16131,  Xenobiotics biodegradation and metabolism
rxn00539,  Lipid metabolism
rxn02483,  Xenobiotics biodegradation and metabolism
rxn11900,  Metabolism of cofactors and vitamins
rxn01778,
rxn03445,  Metabolism of cofactors and vitamins
rxn16355,  Energy metabolism
rxn01847,  Carbohydrate metabolism
rxn16698,  Metabolism of terpenoids and polyketides
rxn06023,  Metabolism of cofactors and vitamins
rxn08521,
rxn20496,
rxn12510,  Metabolism of cofactors and vitamins
rxn01648,  Nucleotide metabolism
rxn33526,
rxn32387,  Carbohydrate metabolism
rxn16090,  Xenobiotics biodegradation and metabolism
EXpd00269,
rxn02899,  Xenobiotics biodegradation and metabolism
rxn33241,
rxn38077,  Carbohydrate metabolism
rxn06200,
rxn01446,  Nucleotide metabolism
rxn07904,  Xenobiotics biodegradation and metabolism
rxn47055,
rxn13999,  Carbohydrate metabolism
rxn31326,  Lipid metabolism
rxn44831,
rxn00707,  Nucleotide metabolism
rxn32560,  Carbohydrate metabolism
rxn12038,  Xenobiotics biodegradation and metabolism
rxn03884,  Carbohydrate metabolism
rxn15078,
rxn02267,
rxn11657,  Xenobiotics biodegradation and metabolism
rxn16612,  Glycan biosynthesis and metabolism
rxn40577,
rxn02770,  Carbohydrate metabolism
rxn16560,
rxn38829,  Carbohydrate metabolism
rxn09126,  Metabolism of cofactors and vitamins
rxn01994,  Xenobiotics biodegradation and metabolism
rxn34053,  Carbohydrate metabolism
rxn28238,  Energy metabolism
rxn05663,
rxn11565,  Metabolism of cofactors and vitamins
rxn26472,  Metabolism of terpenoids and polyketides
rxn11674,  Metabolism of terpenoids and polyketides
rxn07241,
rxn03876,  Xenobiotics biodegradation and metabolism
rxn34735,  Lipid metabolism
rxn05682,
rxn37586,
rxn19988,
rxn05256,
rxn01364,  Amino acid metabolism
rxn13150,  Metabolism of cofactors and vitamins
rxn00999,  Amino acid metabolism
rxn15048,  Carbohydrate metabolism
rxn27785,  Carbohydrate metabolism
rxn01669,  Metabolism of cofactors and vitamins
rxn35246,
rxn02788,  Xenobiotics biodegradation and metabolism
rxn34257,
rxn24414,
rxn01885,  Metabolism of other amino acids
rxn20227,  Carbohydrate metabolism
EXpd08625,
rxn14274,  Lipid metabolism
rxn06848,  Glycan biosynthesis and metabolism
rxn16798,  Carbohydrate metabolism
rxn38489,  Lipid metabolism
rxn13976,
rxn31250,  Lipid metabolism
rxn33507,
rxn00538,  Lipid metabolism
rxn01522,  Nucleotide metabolism
rxn39004,  Biosynthesis of other secondary metabolites
rxn09001,  Metabolism of terpenoids and polyketides
rxn34259,
lipid_rxn,
rxn16565,
rxn32752,
rxn09865,  Xenobiotics biodegradation and metabolism
rxn16617,  Amino acid metabolism
rxn01565,  Amino acid metabolism
rxn27876,  Carbohydrate metabolism
rxn35553,  Amino acid metabolism
rxn16761,  Metabolism of terpenoids and polyketides
rxn16760,  Metabolism of terpenoids and polyketides
rxn15276,  Carbohydrate metabolism
rxn03560,  Xenobiotics biodegradation and metabolism
rxn31381,  Carbohydrate metabolism
rxn10997,
rxn10105,  Energy metabolism
rxn09228,  Metabolism of other amino acids
rxn38810,
rxn34760,  Carbohydrate metabolism
rxn12147,  Carbohydrate metabolism
EXpd00388,
rxn13752,
rxn05963,  Lipid metabolism
rxn16341,  Energy metabolism
rxn01927,  Amino acid metabolism
rxn04322,  Metabolism of terpenoids and polyketides
rxn25494,  Metabolism of cofactors and vitamins
rxn16823,  Metabolism of cofactors and vitamins
rxn00394,  Amino acid metabolism
rxn01827,  Metabolism of cofactors and vitamins
rxn10089,  Energy metabolism
rxn32924,
rxn04526,  Metabolism of terpenoids and polyketides
EXpd00300,
rxn16495,
rxn01817,  Carbohydrate metabolism
rxn34718,  Lipid metabolism
rxn16713,
rxn16082,  Xenobiotics biodegradation and metabolism
rxn05291,  Lipid metabolism
rxn15625,  Metabolism of terpenoids and polyketides
rxn43048,
rxn02896,  Biosynthesis of other secondary metabolites
rxn11684,
rxn25216,  Carbohydrate metabolism
rxn02533,
rxn32974,  Nucleotide metabolism
rxn23798,  Metabolism of cofactors and vitamins
rxn34779,  Carbohydrate metabolism
rxn19034,  Carbohydrate metabolism
rxn17239,  Metabolism of cofactors and vitamins
rxn01200,  Carbohydrate metabolism
rxn40664,
rxn04025,  Amino acid metabolism
rxn31792,  Amino acid metabolism
rxn43642,
rxn27286,  Glycan biosynthesis and metabolism
EXpd01242,
rxn01048,  Energy metabolism
rxn39301,
rxn28025,  Carbohydrate metabolism
rxn04787,  Amino acid metabolism
rxn15139,  Carbohydrate metabolism
rxn02552,  Carbohydrate metabolism
EXpd00305,
rxn00143,  Amino acid metabolism
rxn03644,  Energy metabolism
rxn06912,  Xenobiotics biodegradation and metabolism
rxn35655,
rxn10157,  Energy metabolism
rxn05289,  Nucleotide metabolism
rxn19683,
rxn31424,  Carbohydrate metabolism
rxn06227,
rxn15098,  Carbohydrate metabolism
rxn00722,  Xenobiotics biodegradation and metabolism
rxn04033,  Xenobiotics biodegradation and metabolism
rxn38241,  Metabolism of cofactors and vitamins
rxn24149,  Metabolism of cofactors and vitamins
rxn10281,  Energy metabolism
rxn05127,  Amino acid metabolism
rxn03864,  Xenobiotics biodegradation and metabolism
rxn16632,
rxn03747,  Xenobiotics biodegradation and metabolism
rxn03513,  Metabolism of cofactors and vitamins
rxn21114,  Amino acid metabolism
rxn00656,  Metabolism of other amino acids
rxn03517,  Carbohydrate metabolism
rxn00937,  Metabolism of other amino acids
rxn06348,  Carbohydrate metabolism
rxn14322,  Lipid metabolism
rxn16827,  Nucleotide metabolism
rxn07608,  Xenobiotics biodegradation and metabolism
rxn32684,  Carbohydrate metabolism
rxn00829,  Metabolism of terpenoids and polyketides
EXpd00971,
rxn34523,  Metabolism of cofactors and vitamins
rxn02122,  Carbohydrate metabolism
rxn07374,  Metabolism of terpenoids and polyketides
EXpd00041,
rxn05197,  Nucleotide metabolism
rxn26476,  Metabolism of terpenoids and polyketides
rxn07644,  Xenobiotics biodegradation and metabolism
EXpd00277,
rxn24332,
rxn01035,  Xenobiotics biodegradation and metabolism
rxn20046,
rxn12579,  Metabolism of cofactors and vitamins
rxn00141,  Amino acid metabolism
rxn35436,  Nucleotide metabolism
rxn04705,  Metabolism of cofactors and vitamins
rxn46208,
rxn04274,  Metabolism of terpenoids and polyketides
rxn08879,
rxn03317,  Lipid metabolism
rxn00421,
rxn04134,  Metabolism of terpenoids and polyketides
rxn04928,  Carbohydrate metabolism
rxn33738,  Lipid metabolism
rxn09433,  Lipid metabolism
rxn02728,  Amino acid metabolism
rxn15047,  Carbohydrate metabolism
rxn16238,  Energy metabolism
rxn16597,
rxn38046,
rxn27334,
rxn03613,  Biosynthesis of other secondary metabolites
rxn10621,  Amino acid metabolism
rxn04052,  Metabolism of cofactors and vitamins
rxn04954,  Metabolism of cofactors and vitamins
rxn31217,  Carbohydrate metabolism
rxn04513,  Metabolism of terpenoids and polyketides
EXpd00137,
rxn03421,  Metabolism of cofactors and vitamins
EXpd00054,
rxn35692,  Metabolism of other amino acids
rxn07484,  Xenobiotics biodegradation and metabolism
rxn28327,
rxn02796,  Lipid metabolism
rxn15656,  Carbohydrate metabolism
rxn00285,  Carbohydrate metabolism
rxn04074,  Xenobiotics biodegradation and metabolism
rxn15480,
rxn31439,  Lipid metabolism
GmNegellwall,
rxn16664,
rxn27774,
rxn04295,  Metabolism of terpenoids and polyketides
rxn34717,  Lipid metabolism
rxn03488,  Carbohydrate metabolism
rxn03512,  Metabolism of cofactors and vitamins
rxn02345,  Lipid metabolism
EXpd00207,
rxn04082,  Carbohydrate metabolism
rxn01510,  Nucleotide metabolism
rxn26463,  Metabolism of terpenoids and polyketides
rxn04298,  Metabolism of terpenoids and polyketides
rxn16135,  Xenobiotics biodegradation and metabolism
rxn09450,  Lipid metabolism
rxn31942,  Nucleotide metabolism
rxn02171,  Carbohydrate metabolism
rxn31548,
rxn20655,  Carbohydrate metabolism
rxn03555,  Xenobiotics biodegradation and metabolism
rxn14293,  Metabolism of terpenoids and polyketides
rxn15849,  Biosynthesis of other secondary metabolites
rxn00302,  Metabolism of cofactors and vitamins
rxn03236,
rxn30432,  Lipid metabolism
EXpd01080,
rxn30388,  Metabolism of cofactors and vitamins
rxn19018,  Carbohydrate metabolism
rxn35427,  Carbohydrate metabolism
rxn03897,  Xenobiotics biodegradation and metabolism
rxn16783,
rxn29473,
rxn14120,  Metabolism of cofactors and vitamins
rxn03023,  Carbohydrate metabolism
rxn33391,  Metabolism of cofactors and vitamins
rxn11778,  Xenobiotics biodegradation and metabolism
rxn11835,  Xenobiotics biodegradation and metabolism
rxn08771,  Nucleotide metabolism
rxn08084,
rxn15352,  Carbohydrate metabolism
rxn29210,  Metabolism of terpenoids and polyketides
rxn04510,  Metabolism of terpenoids and polyketides
rxn07760,  Biosynthesis of other secondary metabolites
rxn02905,  Lipid metabolism
rxn15095,  Carbohydrate metabolism
rxn02253,  Carbohydrate metabolism
rxn15155,  Carbohydrate metabolism
rxn06485,
rxn00327,  Nucleotide metabolism
rxn04706,  Amino acid metabolism
rxn14246,
rxn01670,  Metabolism of cofactors and vitamins
rxn01830,  Carbohydrate metabolism
rxn14353,
rxn32969,  Nucleotide metabolism
rxn04158,  Metabolism of cofactors and vitamins
rxn00895,  Carbohydrate metabolism
rxn02403,  Amino acid metabolism
rxn28979,  Amino acid metabolism
rxn04514,  Metabolism of terpenoids and polyketides
rxn00416,  Amino acid metabolism
rxn03792,  Xenobiotics biodegradation and metabolism
rxn01515,  Nucleotide metabolism
rxn28001,  Carbohydrate metabolism
rxn15131,  Carbohydrate metabolism
rxn30096,  Lipid metabolism
rxn41564,
rxn15996,  Xenobiotics biodegradation and metabolism
rxn03200,  Lipid metabolism
rxn29004,
rxn30135,  Amino acid metabolism
rxn16150,  Carbohydrate metabolism
rxn09637,  Xenobiotics biodegradation and metabolism
rxn15882,
rxn05560,
rxn04012,  Lipid metabolism
rxn02949,  Amino acid metabolism
rxn05123,  Amino acid metabolism
rxn03260,  Lipid metabolism
rxn03504,  Carbohydrate metabolism
rxn06145,  Lipid metabolism
rxn04935,  Amino acid metabolism
rxn15169,  Lipid metabolism
rxn38115,  Carbohydrate metabolism
rxn15864,  Biosynthesis of other secondary metabolites
rxn00765,  Lipid metabolism
rxn00101,  Nucleotide metabolism
rxn03140,  Glycan biosynthesis and metabolism
rxn27536,  Energy metabolism
rxn00462,  Metabolism of other amino acids
rxn37861,  Biosynthesis of other secondary metabolites
rxn06562,  Lipid metabolism
rxn34357,
rxn05105,  Amino acid metabolism
rxn00396,  Amino acid metabolism
rxn00625,
rxn10477,  Metabolism of cofactors and vitamins
rxn01157,
rxn05513,
rxn19896,  Amino acid metabolism
rxn09037,  Metabolism of terpenoids and polyketides
rxn37956,  Lipid metabolism
rxn04454,  Metabolism of terpenoids and polyketides
rxn19488,
rxn02270,
rxn13893,  Amino acid metabolism
rxn35549,  Amino acid metabolism
rxn38677,  Lipid metabolism
rxn32720,  Carbohydrate metabolism
rxn05242,
rxn32053,  Amino acid metabolism
rxn10036,  Energy metabolism
rxn07766,  Biosynthesis of other secondary metabolites
rxn29023,
rxn11007,  Amino acid metabolism
rxn15298,  Carbohydrate metabolism
rxn33750,  Metabolism of cofactors and vitamins
rxn11810,  Xenobiotics biodegradation and metabolism
rxn32289,
rxn38486,  Lipid metabolism
rxn07606,  Xenobiotics biodegradation and metabolism
EXpd00182,
rxn30332,  Amino acid metabolism
rxn01606,
rxn02889,  Amino acid metabolism
rxn06112,  Biosynthesis of other secondary metabolites
rxn16728,  Metabolism of terpenoids and polyketides
rxn00429,  Xenobiotics biodegradation and metabolism
rxn30369,  Metabolism of cofactors and vitamins
rxn01192,  Xenobiotics biodegradation and metabolism
rxn05234,  Nucleotide metabolism
rxn09427,  Lipid metabolism
rxn01434,  Amino acid metabolism
rxn24344,
rxn00715,  Nucleotide metabolism
rxn28797,
rxn09425,  Lipid metabolism
rxn33208,  Lipid metabolism
rxn01690,  Lipid metabolism
rxn00463,  Nucleotide metabolism
rxn30734,  Amino acid metabolism
rxn04290,  Metabolism of terpenoids and polyketides
rxn15334,  Nucleotide metabolism
rxn00305,  Carbohydrate metabolism
EXpd00156,
rxn32708,  Carbohydrate metabolism
rxn10104,  Energy metabolism
rxn06038,  Lipid metabolism
rxn04473,  Metabolism of terpenoids and polyketides
rxn19338,  Nucleotide metabolism
rxn32418,  Metabolism of cofactors and vitamins
EXpd00356,
rxn08458,
rxn06079,  Lipid metabolism
rxn06087,  Lipid metabolism
rxn16368,
rxn01933,  Xenobiotics biodegradation and metabolism
rxn16694,  Metabolism of terpenoids and polyketides
rxn08820,
rxn00734,  Amino acid metabolism
rxn33256,  Nucleotide metabolism
rxn02229,  Amino acid metabolism
rxn12537,  Metabolism of cofactors and vitamins
rxn31253,  Lipid metabolism
rxn01895,  Amino acid metabolism
rxn37266,  Metabolism of cofactors and vitamins
rxn03337,  Amino acid metabolism
rxn02477,  Metabolism of cofactors and vitamins
rxn38233,  Nucleotide metabolism
rxn22316,
peptidoglycan_rxn,
rxn15075,  Carbohydrate metabolism
rxn32424,
rxn12512,  Metabolism of cofactors and vitamins
rxn16803,  Xenobiotics biodegradation and metabolism
rxn16663,
rxn04832,  Xenobiotics biodegradation and metabolism
rxn02400,  Metabolism of cofactors and vitamins
rxn02930,
rxn03806,  Metabolism of terpenoids and polyketides
rxn33602,
rxn02030,
rxn34538,
rxn00627,  Carbohydrate metabolism
rxn04590,  Biosynthesis of other secondary metabolites
rxn03630,  Metabolism of other amino acids
rxn35371,
rxn10609,  Biosynthesis of other secondary metabolites
rxn33463,
rxn05946,
rxn17704,
rxn01370,  Nucleotide metabolism
rxn20838,  Metabolism of terpenoids and polyketides
rxn36687,  Lipid metabolism
EXpd00533,
rxn05110,  Biosynthesis of other secondary metabolites
rxn09288,
rxn01991,  Amino acid metabolism
rxn35480,
rxn00540,  Amino acid metabolism
rxn07877,
rxn04352,  Metabolism of terpenoids and polyketides
rxn01166,  Lipid metabolism
rxn30153,
rxn32421,  Carbohydrate metabolism
rxn33386,  Carbohydrate metabolism
rxn34769,
rxn07168,  Biosynthesis of other secondary metabolites
rxn09638,  Xenobiotics biodegradation and metabolism
rxn19263,  Lipid metabolism
rxn08549,
rxn28309,  Metabolism of cofactors and vitamins
rxn01896,  Xenobiotics biodegradation and metabolism
rxn16792,  Carbohydrate metabolism
EXpd00024,
rxn02756,  Metabolism of cofactors and vitamins
rxn02768,  Carbohydrate metabolism
rxn15696,  Amino acid metabolism
rxn01352,  Nucleotide metabolism
rxn19253,  Amino acid metabolism
rxn02015,  Lipid metabolism
rxn16123,  Metabolism of terpenoids and polyketides
rxn00962,  Xenobiotics biodegradation and metabolism
rxn15053,  Lipid metabolism
rxn04312,  Metabolism of terpenoids and polyketides
rxn03727,  Xenobiotics biodegradation and metabolism
rxn30731,
rxn10984,  Lipid metabolism
rxn06971,  Lipid metabolism
rxn00177,  Carbohydrate metabolism
rxn08311,
rxn04034,  Metabolism of terpenoids and polyketides
rxn34233,  Carbohydrate metabolism
rxn01193,  Xenobiotics biodegradation and metabolism
rxn02332,  Carbohydrate metabolism
rxn17384,  Biosynthesis of other secondary metabolites
rxn33015,
rxn41830,
rxn07748,  Biosynthesis of other secondary metabolites
rxn37953,
rxn00278,  Amino acid metabolism
rxn16140,  Carbohydrate metabolism
rxn26078,  Amino acid metabolism
rxn31255,  Lipid metabolism
rxn03933,  Glycan biosynthesis and metabolism
rxn11077,  Metabolism of cofactors and vitamins
rxn00703,
rxn14057,  Energy metabolism
rxn00930,  Amino acid metabolism
rxn17066,  Biosynthesis of other secondary metabolites
rxn34731,  Amino acid metabolism
rxn01578,  Amino acid metabolism
EXpd00209,
rxn32253,
rxn27724,  Metabolism of cofactors and vitamins
rxn00193,
rxn34191,  Carbohydrate metabolism
rxn13975,  Biosynthesis of other secondary metabolites
rxn15112,  Nucleotide metabolism
rxn02274,  Amino acid metabolism
rxn04650,  Xenobiotics biodegradation and metabolism
rxn04950,
rxn01444,  Nucleotide metabolism
rxn43619,
rxn09614,  Xenobiotics biodegradation and metabolism
rxn35639,
rxn00306,  Carbohydrate metabolism
rxn07585,  Metabolism of cofactors and vitamins
rxn32636,  Xenobiotics biodegradation and metabolism
rxn05625,
rxn33140,  Lipid metabolism
rxn07686,  Lipid metabolism
rxn33730,  Amino acid metabolism
rxn39598,
rxn25745,  Lipid metabolism
rxn15923,  Metabolism of cofactors and vitamins
rxn20036,  Xenobiotics biodegradation and metabolism
rxn11758,  Xenobiotics biodegradation and metabolism
rxn02297,  Metabolism of cofactors and vitamins
rxn00148,  Carbohydrate metabolism
rxn01506,  Carbohydrate metabolism
rxn16794,  Nucleotide metabolism
rxn34240,  Carbohydrate metabolism
rxn03286,  Lipid metabolism
rxn33392,
rxn03379,  Metabolism of other amino acids
rxn16139,  Energy metabolism
rxn03861,
EXpd00149,
rxn00521,  Amino acid metabolism
rxn01706,  Nucleotide metabolism
rxn30532,
rxn01750,  Carbohydrate metabolism
EXpd02333,
rxn09889,  Xenobiotics biodegradation and metabolism
rxn04894,  Xenobiotics biodegradation and metabolism
rxn03743,  Xenobiotics biodegradation and metabolism
rxn04311,  Metabolism of terpenoids and polyketides
rxn05549,
rxn38543,  Metabolism of cofactors and vitamins
rxn04448,  Metabolism of terpenoids and polyketides
rxn08168,  Metabolism of cofactors and vitamins
rxn29986,  Nucleotide metabolism
rxn31354,  Metabolism of terpenoids and polyketides
rxn45744,
rxn05301,  Lipid metabolism
rxn01261,  Metabolism of cofactors and vitamins
rxn06403,  Carbohydrate metabolism
rxn30484,
rxn38909,  Amino acid metabolism
rxn02775,  Metabolism of cofactors and vitamins
rxn19327,
EXpd01363,
rxn09065,  Metabolism of cofactors and vitamins
rxn44951,
rxn30021,  Carbohydrate metabolism
EXpd00051,
EXpd00222,
rxn31933,  Xenobiotics biodegradation and metabolism
rxn07628,  Xenobiotics biodegradation and metabolism
rxn02140,  Xenobiotics biodegradation and metabolism
EXpd00027,
rxn21215,  Amino acid metabolism
rxn26890,  Xenobiotics biodegradation and metabolism
rxn06219,  Lipid metabolism
rxn01972,  Amino acid metabolism
rxn38835,  Carbohydrate metabolism
rxn07366,  Metabolism of terpenoids and polyketides
rxn03800,  Xenobiotics biodegradation and metabolism
rxn33937,
rxn01251,  Metabolism of cofactors and vitamins
rxn31476,  Glycan biosynthesis and metabolism
rxn08447,
rxn03408,  Glycan biosynthesis and metabolism
rxn35247,
rxn11510,
rxn33867,  Carbohydrate metabolism
EXpd00133,
rxn04746,  Xenobiotics biodegradation and metabolism
rxn04834,  Xenobiotics biodegradation and metabolism
rxn19986,  Amino acid metabolism
rxn31793,  Metabolism of terpenoids and polyketides
rxn03974,  Biosynthesis of other secondary metabolites
rxn30428,  Nucleotide metabolism
rxn04316,  Metabolism of terpenoids and polyketides
rxn05104,  Amino acid metabolism
rxn12931,
rxn00297,  Carbohydrate metabolism
rxn07151,  Biosynthesis of other secondary metabolites
rxn02946,  Amino acid metabolism
rxn06883,  Carbohydrate metabolism
rxn01729,  Amino acid metabolism
rxn33129,  Metabolism of cofactors and vitamins
rxn14207,  Energy metabolism
rxn03201,  Lipid metabolism
rxn35316,  Energy metabolism
rxn01442,
rxn03559,  Xenobiotics biodegradation and metabolism
rxn30413,  Nucleotide metabolism
rxn30141,  Carbohydrate metabolism
rxn38911,
rxn15338,  Carbohydrate metabolism
rxn19213,  Nucleotide metabolism
rxn02743,  Amino acid metabolism
rxn01685,  Carbohydrate metabolism
rxn26196,
rxn24354,  Amino acid metabolism
rxn01142,  Amino acid metabolism
EXpd00129,
rxn12881,
rxn10667,  Amino acid metabolism
rxn05124,  Amino acid metabolism
rxn00524,  Amino acid metabolism
rxn15855,  Biosynthesis of other secondary metabolites
rxn10060,  Energy metabolism
rxn38482,  Lipid metabolism
rxn08066,
rxn32171,  Carbohydrate metabolism
rxn04140,
rxn11346,
rxn01993,  Xenobiotics biodegradation and metabolism
rxn02809,  Xenobiotics biodegradation and metabolism
rxn07348,  Metabolism of terpenoids and polyketides
EXpd00353,
rxn08822,
rxn31225,  Lipid metabolism
rxn16887,
rxn19339,  Xenobiotics biodegradation and metabolism
rxn03741,  Xenobiotics biodegradation and metabolism
rxn03041,  Amino acid metabolism
rxn19892,  Amino acid metabolism
rxn02227,  Amino acid metabolism
rxn01602,  Metabolism of cofactors and vitamins
rxn34088,  Carbohydrate metabolism
rxn00366,  Nucleotide metabolism
rxn32389,  Lipid metabolism
rxn30618,  Metabolism of other amino acids
rxn02102,  Nucleotide metabolism
rxn03946,
rxn01679,  Nucleotide metabolism
rxn16170,  Metabolism of terpenoids and polyketides
rxn31773,  Amino acid metabolism
rxn32757,  Energy metabolism
rxn33683,  Amino acid metabolism
rxn25238,  Amino acid metabolism
rxn32737,  Xenobiotics biodegradation and metabolism
rxn13914,  Biosynthesis of other secondary metabolites
rxn01088,  Lipid metabolism
rxn01143,  Nucleotide metabolism
rxn32492,  Carbohydrate metabolism
rxn00588,  Xenobiotics biodegradation and metabolism
rxn31323,  Lipid metabolism
rxn46266,
rxn38280,  Metabolism of cofactors and vitamins
rxn07899,  Xenobiotics biodegradation and metabolism
rxn01141,
rxn13106,  Nucleotide metabolism
rxn15724,
rxn09338,  Lipid metabolism
rxn01475,  Carbohydrate metabolism
rxn32844,  Amino acid metabolism
rxn15629,  Metabolism of terpenoids and polyketides
rxn34738,  Lipid metabolism
rxn15899,  Carbohydrate metabolism
rxn39013,  Xenobiotics biodegradation and metabolism
rxn38888,  Amino acid metabolism
rxn00146,  Carbohydrate metabolism
rxn33272,  Energy metabolism
rxn15754,  Metabolism of cofactors and vitamins
rxn01285,
rxn15545,  Lipid metabolism
rxn43863,
rxn32259,  Carbohydrate metabolism
rxn28350,  Metabolism of cofactors and vitamins
rxn00750,  Lipid metabolism
EXpd00130,
rxn09177,  Metabolism of cofactors and vitamins
rxn14043,  Metabolism of other amino acids
rxn35376,  Metabolism of cofactors and vitamins
rxn09720,  Metabolism of other amino acids
rxn06045,  Lipid metabolism
rxn29956,  Nucleotide metabolism
EXpd00263,
rxn22783,  Metabolism of terpenoids and polyketides
rxn00590,  Xenobiotics biodegradation and metabolism
rxn03625,  Xenobiotics biodegradation and metabolism
rxn36685,  Lipid metabolism
rxn47906,
rxn36392,  Lipid metabolism
rxn07218,
rxn04740,  Xenobiotics biodegradation and metabolism
rxn35318,
rxn33492,  Carbohydrate metabolism
rxn02011,  Amino acid metabolism
rxn08856,
rxn38030,
rxn01601,  Metabolism of cofactors and vitamins
rxn33374,
rxn06578,  Carbohydrate metabolism
rxn00613,
rxn30302,  Amino acid metabolism
rxn47471,
rxn00510,  Amino acid metabolism
rxn01538,  Metabolism of cofactors and vitamins
rxn08019,
rxn00942,  Metabolism of cofactors and vitamins
rxn39322,  Lipid metabolism
rxn11654,  Xenobiotics biodegradation and metabolism
rxn01753,  Carbohydrate metabolism
GmPosellwall,
rxn01207,
rxn03643,  Carbohydrate metabolism
rxn01583,  Lipid metabolism
rxn14215,  Metabolism of terpenoids and polyketides
rxn11995,
rxn01857,  Carbohydrate metabolism
rxn42091,
EXpd00242,
rxn00131,  Nucleotide metabolism
rxn27228,  Nucleotide metabolism
rxn04952,
rxn31327,  Lipid metabolism
rxn32682,  Xenobiotics biodegradation and metabolism
rxn09128,  Metabolism of cofactors and vitamins
rxn30697,  Metabolism of terpenoids and polyketides
rxn02772,  Metabolism of terpenoids and polyketides
rxn34011,
rxn35629,
rxn38060,  Amino acid metabolism
rxn01686,  Carbohydrate metabolism
rxn04811,  Xenobiotics biodegradation and metabolism
rxn19071,  Nucleotide metabolism
rxn15165,  Metabolism of cofactors and vitamins
rxn14039,  Metabolism of cofactors and vitamins
rxn01869,  Carbohydrate metabolism
rxn38314,  Amino acid metabolism
rxn26481,  Lipid metabolism
rxn01057,  Carbohydrate metabolism
rxn35452,  Carbohydrate metabolism
rxn29959,  Carbohydrate metabolism
rxn31361,
rxn13182,  Metabolism of cofactors and vitamins
rxn06077,  Amino acid metabolism
rxn34705,
rxn33024,
rxn32556,  Nucleotide metabolism
rxn03918,  Glycan biosynthesis and metabolism
rxn04830,  Xenobiotics biodegradation and metabolism
rxn01107,  Carbohydrate metabolism
rxn14248,  Biosynthesis of other secondary metabolites
rxn30908,  Nucleotide metabolism
rxn08227,
rxn03650,  Xenobiotics biodegradation and metabolism
rxn01621,  Carbohydrate metabolism
rxn11998,  Lipid metabolism
rxn03047,  Metabolism of cofactors and vitamins
rxn10059,  Energy metabolism
rxn35548,  Carbohydrate metabolism
rxn11959,  Xenobiotics biodegradation and metabolism
rxn20583,  Carbohydrate metabolism
rxn27766,  Nucleotide metabolism
rxn31565,  Metabolism of cofactors and vitamins
rxn08324,
rxn05168,  Nucleotide metabolism
rxn32318,  Metabolism of cofactors and vitamins
rxn17648,  Metabolism of cofactors and vitamins
rxn01113,  Carbohydrate metabolism
rxn01974,  Amino acid metabolism
rxn02767,  Amino acid metabolism
rxn01253,  Metabolism of cofactors and vitamins
rxn16321,  Carbohydrate metabolism
rxn14013,
rxn01045,  Amino acid metabolism
rxn14136,  Metabolism of terpenoids and polyketides
rxn04527,  Metabolism of terpenoids and polyketides
rxn01575,  Amino acid metabolism
rxn33672,  Nucleotide metabolism
rxn00202,  Amino acid metabolism
rxn12592,  Metabolism of cofactors and vitamins
rxn08439,  Lipid metabolism
rxn35538,
rxn16089,  Xenobiotics biodegradation and metabolism
rxn08761,  Lipid metabolism
rxn34708,
rxn04047,  Metabolism of cofactors and vitamins
rxn38162,  Carbohydrate metabolism
rxn31426,  Carbohydrate metabolism
rxn02402,  Metabolism of cofactors and vitamins
rxn15274,  Metabolism of other amino acids
rxn03969,  Xenobiotics biodegradation and metabolism
rxn11347,
rxn16000,  Xenobiotics biodegradation and metabolism
rxn01678,  Nucleotide metabolism
rxn00118,
rxn09326,
rxn01404,  Metabolism of other amino acids
EXpd00609,
rxn07594,  Xenobiotics biodegradation and metabolism
rxn16207,  Metabolism of other amino acids
rxn05177,  Nucleotide metabolism
rxn07541,  Xenobiotics biodegradation and metabolism
rxn30087,  Carbohydrate metabolism
rxn00340,  Amino acid metabolism
rxn30504,  Metabolism of terpenoids and polyketides
rxn13116,
rxn14044,  Carbohydrate metabolism
rxn35418,  Metabolism of cofactors and vitamins
rxn16758,  Xenobiotics biodegradation and metabolism
rxn30503,  Metabolism of terpenoids and polyketides
rxn14087,
rxn15860,  Biosynthesis of other secondary metabolites
rxn20638,  Amino acid metabolism
rxn09019,  Metabolism of terpenoids and polyketides
rxn19487,
rxn30045,  Amino acid metabolism
rxn31675,
rxn10585,
rxn14049,  Lipid metabolism
rxn37337,  Lipid metabolism
rxn07132,  Metabolism of terpenoids and polyketides
rxn01438,  Amino acid metabolism
rxn07367,  Metabolism of terpenoids and polyketides
rxn11078,  Metabolism of cofactors and vitamins
rxn02828,  Biosynthesis of other secondary metabolites
rxn00183,  Amino acid metabolism
rxn27919,  Nucleotide metabolism
rxn33383,  Nucleotide metabolism
rxn32939,  Nucleotide metabolism
rxn27667,  Carbohydrate metabolism
rxn31790,  Metabolism of cofactors and vitamins
rxn38490,  Lipid metabolism
rxn03991,
rxn08688,  Metabolism of cofactors and vitamins
rxn34304,  Carbohydrate metabolism
rxn33589,  Xenobiotics biodegradation and metabolism
rxn07317,  Lipid metabolism
rxn12545,  Metabolism of cofactors and vitamins
rxn32452,
rxn07527,  Xenobiotics biodegradation and metabolism
rxn09824,  Xenobiotics biodegradation and metabolism
rxn30018,  Nucleotide metabolism
rxn32876,  Xenobiotics biodegradation and metabolism
rxn01066,  Lipid metabolism
rxn05573,
rxn15746,  Carbohydrate metabolism
rxn07740,  Lipid metabolism
rxn38905,  Amino acid metabolism
rxn03704,  Xenobiotics biodegradation and metabolism
rxn10179,  Metabolism of terpenoids and polyketides
EXpd00557,
rxn35283,  Amino acid metabolism
EXpd00030,
rxn16675,  Carbohydrate metabolism
rxn00971,  Energy metabolism
rxn11875,  Xenobiotics biodegradation and metabolism
rxn04934,  Amino acid metabolism
rxn07486,  Carbohydrate metabolism
rxn34727,  Lipid metabolism
rxn31530,  Metabolism of terpenoids and polyketides
EXpd00089,
rxn04886,  Xenobiotics biodegradation and metabolism
rxn04789,  Metabolism of other amino acids
rxn06224,  Carbohydrate metabolism
rxn00949,  Energy metabolism
rxn31321,  Lipid metabolism
rxn00688,  Metabolism of cofactors and vitamins
rxn03978,  Energy metabolism
rxn16086,  Xenobiotics biodegradation and metabolism
rxn30509,
rxn35488,
rxn04051,
rxn02429,  Carbohydrate metabolism
rxn04324,  Metabolism of terpenoids and polyketides
rxn15749,  Amino acid metabolism
rxn07724,  Lipid metabolism
rxn01800,  Nucleotide metabolism
rxn16084,  Xenobiotics biodegradation and metabolism
rxn30680,  Metabolism of cofactors and vitamins
rxn02173,  Carbohydrate metabolism
rxn08445,
rxn09460,  Metabolism of other amino acids
rxn33063,  Amino acid metabolism
rxn27525,  Metabolism of cofactors and vitamins
rxn15360,  Carbohydrate metabolism
rxn05744,
rxn29112,  Nucleotide metabolism
rxn16701,  Xenobiotics biodegradation and metabolism
rxn35439,
rxn04068,  Lipid metabolism
rxn19341,  Metabolism of cofactors and vitamins
rxn38055,  Amino acid metabolism
rxn33762,  Nucleotide metabolism
rxn33363,  Xenobiotics biodegradation and metabolism
rxn00530,  Amino acid metabolism
rxn12196,  Biosynthesis of other secondary metabolites
rxn31256,  Lipid metabolism
rxn00033,  Amino acid metabolism
rxn39267,
rxn16431,
rxn00712,  Nucleotide metabolism
rxn07141,  Metabolism of terpenoids and polyketides
rxn33259,  Carbohydrate metabolism
rxn32513,  Amino acid metabolism
rxn08241,
rxn06545,  Xenobiotics biodegradation and metabolism
rxn31441,
rxn35443,
rxn30368,
rxn15685,  Metabolism of terpenoids and polyketides
rxn15546,  Lipid metabolism
rxn15449,
rxn30752,  Carbohydrate metabolism
rxn07882,
rxn17202,  Lipid metabolism
rxn30378,  Metabolism of other amino acids
rxn01306,  Carbohydrate metabolism
rxn11601,
rxn38696,
rxn07363,  Metabolism of terpenoids and polyketides
rxn28046,  Metabolism of cofactors and vitamins
rxn32471,  Carbohydrate metabolism
rxn38082,  Nucleotide metabolism
rxn05316,  Lipid metabolism
rxn00255,  Xenobiotics biodegradation and metabolism
EXpd00216,
rxn30478,
rxn32842,
rxn16024,  Xenobiotics biodegradation and metabolism
rxn29955,  Nucleotide metabolism
rxn04673,  Metabolism of cofactors and vitamins
rxn09188,  Amino acid metabolism
rxn15277,  Carbohydrate metabolism
rxn00669,  Carbohydrate metabolism
rxn29179,  Carbohydrate metabolism
rxn03092,
rxn01674,  Nucleotide metabolism
rxn00851,
rxn00767,
rxn30596,  Amino acid metabolism
rxn35448,  Amino acid metabolism
rxn00449,  Carbohydrate metabolism
rxn28110,  Carbohydrate metabolism
rxn20608,
rxn15950,  Amino acid metabolism
rxn16799,  Carbohydrate metabolism
rxn33315,
rxn29628,  Carbohydrate metabolism
rxn10906,  Metabolism of cofactors and vitamins
rxn09166,  Metabolism of cofactors and vitamins
rxn06281,
rxn37685,  Metabolism of terpenoids and polyketides
rxn00487,  Amino acid metabolism
rxn34258,
rxn00856,  Amino acid metabolism
rxn02509,  Metabolism of cofactors and vitamins
rxn22987,  Amino acid metabolism
rxn16414,
rxn03906,  Xenobiotics biodegradation and metabolism
rxn03867,  Xenobiotics biodegradation and metabolism
rxn08459,  Metabolism of cofactors and vitamins
rxn15964,  Energy metabolism
rxn34226,
rxn48197,
rxn00467,  Amino acid metabolism
rxn01884,  Xenobiotics biodegradation and metabolism
rxn12005,  Metabolism of cofactors and vitamins
rxn03990,
rxn03603,  Xenobiotics biodegradation and metabolism
rxn33132,  Amino acid metabolism
rxn03043,  Carbohydrate metabolism
rxn03604,  Xenobiotics biodegradation and metabolism
rxn29991,
rxn01108,  Carbohydrate metabolism
rxn01331,  Metabolism of cofactors and vitamins
rxn26505,
EXpd15561,
rxn01951,  Carbohydrate metabolism
rxn38234,  Nucleotide metabolism
EXpd00010,
rxn05794,
rxn32599,  Xenobiotics biodegradation and metabolism
rxn01453,  Carbohydrate metabolism
rxn18585,  Nucleotide metabolism
rxn28180,  Amino acid metabolism
rxn03055,  Amino acid metabolism
rxn17745,  Carbohydrate metabolism
rxn07455,  Lipid metabolism
rxn04347,  Metabolism of terpenoids and polyketides
rxn08922,
rxn01346,
rxn24320,
rxn35518,  Carbohydrate metabolism
rxn09111,  Metabolism of cofactors and vitamins
rxn32966,
rxn31785,  Carbohydrate metabolism
rxn00465,
rxn04674,  Metabolism of cofactors and vitamins
rxn05166,  Nucleotide metabolism
EXpd00039,
rxn33327,  Lipid metabolism
rxn38135,
rxn38971,  Energy metabolism
rxn38885,  Carbohydrate metabolism
rxn01663,  Amino acid metabolism
rxn06409,  Amino acid metabolism
rxn34879,
rxn02009,  Glycan biosynthesis and metabolism
rxn38430,  Amino acid metabolism
rxn31098,  Nucleotide metabolism
rxn05206,  Nucleotide metabolism
rxn16223,
rxn36080,
rxn03244,  Lipid metabolism
rxn01299,  Nucleotide metabolism
rxn01828,  Carbohydrate metabolism
rxn37873,  Lipid metabolism
rxn20161,
rxn37674,  Metabolism of other amino acids
rxn08617,  Carbohydrate metabolism
rxn31401,  Amino acid metabolism
rxn14270,  Metabolism of cofactors and vitamins
rxn05255,
rxn12749,  Metabolism of cofactors and vitamins
rxn24576,
rxn08239,
rxn11258,  Nucleotide metabolism
rxn35442,  Carbohydrate metabolism
rxn11759,  Xenobiotics biodegradation and metabolism
rxn34567,  Amino acid metabolism
rxn01203,  Amino acid metabolism
rxn02929,  Amino acid metabolism
rxn00348,  Amino acid metabolism
rxn00497,  Amino acid metabolism
rxn01163,  Lipid metabolism
rxn04579,  Biosynthesis of other secondary metabolites
rxn09679,  Carbohydrate metabolism
rxn03031,  Amino acid metabolism
rxn16051,  Metabolism of terpenoids and polyketides
rxn02875,
rxn35560,  Carbohydrate metabolism
rxn35698,  Nucleotide metabolism
rxn11879,  Carbohydrate metabolism
rxn16496,  Metabolism of terpenoids and polyketides
rxn04301,  Metabolism of terpenoids and polyketides
rxn11968,  Amino acid metabolism
rxn30552,  Amino acid metabolism
rxn38286,  Carbohydrate metabolism
rxn08762,  Lipid metabolism
rxn15827,  Metabolism of other amino acids
rxn02798,  Lipid metabolism
rxn01987,  Carbohydrate metabolism
rxn31182,  Metabolism of cofactors and vitamins
rxn03620,  Xenobiotics biodegradation and metabolism
rxn07627,  Xenobiotics biodegradation and metabolism
rxn06600,  Amino acid metabolism
rxn30592,  Nucleotide metabolism
rxn07755,  Biosynthesis of other secondary metabolites
rxn06114,
rxn00107,  Nucleotide metabolism
rxn03934,  Xenobiotics biodegradation and metabolism
rxn02774,  Metabolism of cofactors and vitamins
rxn00629,  Carbohydrate metabolism
rxn04661,  Amino acid metabolism
rxn31997,  Nucleotide metabolism
rxn15218,  Lipid metabolism
rxn39268,
rxn05317,  Lipid metabolism
rxn07353,  Metabolism of terpenoids and polyketides
rxn00197,
rxn32246,  Amino acid metabolism
rxn33637,
rxn24321,
teichoicacid_rxn,
rxn32473,  Nucleotide metabolism
rxn01419,  Amino acid metabolism
rxn02807,  Xenobiotics biodegradation and metabolism
rxn02831,  Metabolism of cofactors and vitamins
rxn03764,  Biosynthesis of other secondary metabolites
rxn04589,  Biosynthesis of other secondary metabolites
rxn01786,  Metabolism of terpenoids and polyketides
rxn33591,  Xenobiotics biodegradation and metabolism
rxn12811,  Carbohydrate metabolism
rxn00105,  Metabolism of cofactors and vitamins
rxn23808,  Metabolism of other amino acids
rxn02447,  Lipid metabolism
rxn31084,  Amino acid metabolism
rxn33382,
rxn20503,
rxn35424,  Amino acid metabolism
rxn00780,  Carbohydrate metabolism
rxn38812,  Biosynthesis of other secondary metabolites
rxn31059,  Nucleotide metabolism
rxn02377,  Carbohydrate metabolism
rxn02281,  Amino acid metabolism
rxn40789,
rxn05202,  Nucleotide metabolism
rxn15630,  Metabolism of terpenoids and polyketides
rxn16331,  Metabolism of cofactors and vitamins
rxn01981,  Metabolism of other amino acids
rxn15632,  Carbohydrate metabolism
rxn10432,
rxn03705,  Xenobiotics biodegradation and metabolism
rxn00364,  Nucleotide metabolism
rxn15079,
rxn32210,  Carbohydrate metabolism
rxn35345,  Carbohydrate metabolism
rxn10615,  Amino acid metabolism
rxn15402,  Lipid metabolism
rxn27944,  Nucleotide metabolism
rxn38692,  Metabolism of cofactors and vitamins
rxn19827,  Amino acid metabolism
rxn00399,  Amino acid metabolism
rxn31477,  Glycan biosynthesis and metabolism
rxn30072,
rxn00213,  Carbohydrate metabolism
rxn37694,  Metabolism of cofactors and vitamins
rxn16825,  Carbohydrate metabolism
rxn32591,  Metabolism of cofactors and vitamins
rxn00195,  Carbohydrate metabolism
rxn10577,
rxn03849,  Xenobiotics biodegradation and metabolism
rxn16862,
rxn16734,  Metabolism of terpenoids and polyketides
EXpd00528,
rxn38148,  Carbohydrate metabolism
rxn33097,  Metabolism of cofactors and vitamins
rxn19340,
rxn10155,  Energy metabolism
rxn15094,  Amino acid metabolism
rxn04941,  Carbohydrate metabolism
rxn07352,  Metabolism of terpenoids and polyketides
rxn17743,  Xenobiotics biodegradation and metabolism
rxn03258,  Lipid metabolism
rxn01664,  Biosynthesis of other secondary metabolites
rxn09260,
rxn02541,  Xenobiotics biodegradation and metabolism
rxn07826,  Xenobiotics biodegradation and metabolism
rxn12582,  Metabolism of cofactors and vitamins
rxn16412,
rxn34244,  Carbohydrate metabolism
rxn28184,  Amino acid metabolism
rxn13409,  Metabolism of terpenoids and polyketides
rxn08307,
rxn19878,  Nucleotide metabolism
rxn17089,  Amino acid metabolism
rxn01315,  Amino acid metabolism
rxn31767,  Nucleotide metabolism
rxn19940,  Metabolism of cofactors and vitamins
rxn00741,  Carbohydrate metabolism
rxn38509,  Xenobiotics biodegradation and metabolism
rxn38059,
rxn18964,  Carbohydrate metabolism
rxn15833,
rxn16801,  Carbohydrate metabolism
rxn05918,  Glycan biosynthesis and metabolism
rxn14372,  Amino acid metabolism
rxn15847,  Biosynthesis of other secondary metabolites
rxn01308,  Carbohydrate metabolism
rxn05734,
rxn03706,  Xenobiotics biodegradation and metabolism
rxn32220,  Xenobiotics biodegradation and metabolism
rxn13927,  Biosynthesis of other secondary metabolites
rxn31866,
rxn28275,  Lipid metabolism
rxn06081,  Lipid metabolism
rxn31362,  Carbohydrate metabolism
rxn31946,
rxn36480,  Lipid metabolism
rxn15116,  Carbohydrate metabolism
rxn11776,  Xenobiotics biodegradation and metabolism
rxn19142,
rxn02033,  Biosynthesis of other secondary metabolites
rxn10571,  Metabolism of cofactors and vitamins
rxn09462,  Metabolism of other amino acids
EXpd00063,
rxn03173,  Metabolism of cofactors and vitamins
rxn15725,  Biosynthesis of other secondary metabolites
rxn31834,  Metabolism of cofactors and vitamins
rxn10562,  Energy metabolism
rxn04809,  Xenobiotics biodegradation and metabolism
rxn08242,
rxn34267,  Carbohydrate metabolism
rxn27983,  Carbohydrate metabolism
rxn32084,  Amino acid metabolism
rxn02367,  Amino acid metabolism
rxn00282,  Amino acid metabolism
rxn03038,  Amino acid metabolism
rxn00754,  Lipid metabolism
rxn32683,  Metabolism of other amino acids
rxn07804,  Xenobiotics biodegradation and metabolism
rxn02177,  Metabolism of terpenoids and polyketides
rxn04355,  Metabolism of terpenoids and polyketides
rxn38702,  Amino acid metabolism
rxn03756,  Metabolism of terpenoids and polyketides
rxn19993,  Metabolism of other amino acids
rxn06822,
rxn15821,  Metabolism of terpenoids and polyketides
rxn38239,  Nucleotide metabolism
rxn33569,  Biosynthesis of other secondary metabolites
rxn03742,  Xenobiotics biodegradation and metabolism
rxn01347,
rxn33205,  Carbohydrate metabolism
EXpd00099,
EXpd00053,
rxn03541,  Metabolism of cofactors and vitamins
rxn00478,  Amino acid metabolism
rxn03094,
rxn09442,  Lipid metabolism
rxn09716,  Xenobiotics biodegradation and metabolism
rxn16254,  Xenobiotics biodegradation and metabolism
rxn00392,  Metabolism of cofactors and vitamins
rxn03578,  Xenobiotics biodegradation and metabolism
rxn27956,
rxn00702,  Carbohydrate metabolism
rxn32490,  Lipid metabolism
rxn30983,
rxn08766,  Lipid metabolism
rxn16806,  Metabolism of cofactors and vitamins
rxn04349,  Metabolism of terpenoids and polyketides
rxn20003,
rxn03920,  Xenobiotics biodegradation and metabolism
rxn32466,  Biosynthesis of other secondary metabolites
rxn00265,
rxn32091,  Carbohydrate metabolism
rxn11773,  Xenobiotics biodegradation and metabolism
rxn02852,  Xenobiotics biodegradation and metabolism
rxn16516,
rxn12264,
rxn15500,  Metabolism of other amino acids
rxn05236,  Nucleotide metabolism
rxn07265,  Lipid metabolism
rxn13734,
rxn02466,  Amino acid metabolism
rxn11997,  Metabolism of other amino acids
rxn02404,  Glycan biosynthesis and metabolism
rxn35544,  Amino acid metabolism
rxn27788,  Amino acid metabolism
rxn14058,  Amino acid metabolism
rxn47401,
rxn44864,
rxn24355,
rxn16250,  Xenobiotics biodegradation and metabolism
rxn00473,  Amino acid metabolism
rxn10867,
rxn34517,
rxn32862,  Lipid metabolism
rxn33580,
rxn02617,  Carbohydrate metabolism
rxn07879,
rxn16837,  Metabolism of cofactors and vitamins
EXpd01281,
rxn30218,
rxn13699,
rxn33820,  Amino acid metabolism
rxn00737,  Amino acid metabolism
rxn06044,  Amino acid metabolism
rxn02007,  Carbohydrate metabolism
rxn00519,  Carbohydrate metabolism
rxn07580,  Metabolism of cofactors and vitamins
rxn02319,  Carbohydrate metabolism
rxn11751,  Metabolism of other amino acids
rxn14278,  Biosynthesis of other secondary metabolites
rxn03380,
rxn29237,  Xenobiotics biodegradation and metabolism
rxn03263,  Metabolism of other amino acids
rxn03943,
rxn01124,  Carbohydrate metabolism
rxn38682,  Lipid metabolism
rxn35541,  Amino acid metabolism
rxn10144,  Metabolism of cofactors and vitamins
rxn03749,  Xenobiotics biodegradation and metabolism
rxn02791,  Metabolism of other amino acids
rxn30683,  Amino acid metabolism
rxn02845,  Metabolism of other amino acids
rxn03954,
rxn02888,  Amino acid metabolism
rxn31075,
rxn35214,  Carbohydrate metabolism
rxn38123,
rxn15073,  Carbohydrate metabolism
rxn27432,  Metabolism of cofactors and vitamins
rxn10663,  Amino acid metabolism
rxn04464,  Nucleotide metabolism
rxn01673,  Nucleotide metabolism
rxn03599,  Xenobiotics biodegradation and metabolism
rxn03340,  Amino acid metabolism
rxn14229,
rxn15988,  Amino acid metabolism
rxn03561,  Xenobiotics biodegradation and metabolism
rxn15667,
rxn34212,  Amino acid metabolism
rxn03482,  Carbohydrate metabolism
rxn31520,  Lipid metabolism
rxn15963,
rxn05893,  Energy metabolism
rxn33145,  Carbohydrate metabolism
rxn01196,  Xenobiotics biodegradation and metabolism
rxn16503,
rxn03744,  Xenobiotics biodegradation and metabolism
rxn05318,  Lipid metabolism
rxn15873,  Metabolism of terpenoids and polyketides
rxn06934,  Carbohydrate metabolism
rxn30116,  Lipid metabolism
rxn14132,
rxn38972,
rxn08113,  Carbohydrate metabolism
rxn33884,  Metabolism of cofactors and vitamins
rxn32781,
rxn04196,  Metabolism of terpenoids and polyketides
rxn02432,  Carbohydrate metabolism
rxn20057,
rxn06022,  Metabolism of cofactors and vitamins
rxn40099,  Energy metabolism
rxn08616,
rxn16052,  Metabolism of terpenoids and polyketides
rxn16236,  Energy metabolism
rxn16574,
rxn10213,  Energy metabolism
rxn07845,  Carbohydrate metabolism
rxn33337,
rxn04598,  Amino acid metabolism
rxn16413,
EXpd00180,
rxn25989,  Metabolism of cofactors and vitamins
rxn16613,  Glycan biosynthesis and metabolism
rxn00298,  Carbohydrate metabolism
rxn15146,  Carbohydrate metabolism
rxn05119,  Metabolism of cofactors and vitamins
rxn32898,  Nucleotide metabolism
rxn03716,  Xenobiotics biodegradation and metabolism
rxn01128,  Nucleotide metabolism
biomass_GmNeg,
rxn12615,  Metabolism of cofactors and vitamins
rxn03622,  Xenobiotics biodegradation and metabolism
rxn00279,  Amino acid metabolism
rxn33373,  Lipid metabolism
rxn10505,  Metabolism of cofactors and vitamins
rxn35234,  Carbohydrate metabolism
rxn00104,  Metabolism of cofactors and vitamins
rxn32308,  Nucleotide metabolism
rxn32239,
rxn32021,  Metabolism of cofactors and vitamins
rxn02365,  Amino acid metabolism
EXpd00322,
rxn32961,  Amino acid metabolism
rxn10211,  Energy metabolism
rxn04718,  Xenobiotics biodegradation and metabolism
rxn27897,  Amino acid metabolism
rxn08044,  Carbohydrate metabolism
rxn32287,  Nucleotide metabolism
rxn01953,  Carbohydrate metabolism
rxn31325,  Lipid metabolism
rxn08021,
rxn09439,  Lipid metabolism
rxn32447,  Energy metabolism
rxn00252,  Carbohydrate metabolism
rxn24940,
rxn16356,  Nucleotide metabolism
rxn41888,
rxn01305,  Carbohydrate metabolism
rxn01121,  Carbohydrate metabolism
rxn12113,
rxn03746,  Xenobiotics biodegradation and metabolism
rxn07465,  Amino acid metabolism
rxn09370,
rxn08429,  Lipid metabolism
rxn01332,  Amino acid metabolism
rxn31312,  Carbohydrate metabolism
rxn01671,  Metabolism of cofactors and vitamins
rxn35693,
rxn19543,  Amino acid metabolism
rxn11768,  Xenobiotics biodegradation and metabolism
rxn15571,
rxn05636,
rxn30338,  Carbohydrate metabolism
rxn07490,  Carbohydrate metabolism
rxn14191,  Carbohydrate metabolism
rxn00228,  Metabolism of other amino acids
rxn10106,  Energy metabolism
rxn09304,
rxn04477,  Metabolism of terpenoids and polyketides
rxn11595,
rxn14227,  Xenobiotics biodegradation and metabolism
rxn33281,
rxn15930,  Metabolism of cofactors and vitamins
rxn00339,
rxn01333,  Carbohydrate metabolism
rxn30386,
rxn15459,  Carbohydrate metabolism
rxn35428,  Nucleotide metabolism
rxn16350,
rxn01722,  Metabolism of cofactors and vitamins
rxn04345,  Metabolism of terpenoids and polyketides
rxn07744,  Biosynthesis of other secondary metabolites
rxn25492,  Amino acid metabolism
rxn02190,  Nucleotide metabolism
rxn05651,
rxn07267,  Lipid metabolism
rxn01153,
rxn04584,  Biosynthesis of other secondary metabolites
rxn02883,  Amino acid metabolism
rxn02154,  Metabolism of cofactors and vitamins
rxn00032,  Amino acid metabolism
rxn27708,  Amino acid metabolism
rxn35539,
rxn04351,  Metabolism of terpenoids and polyketides
rxn00965,  Metabolism of cofactors and vitamins
rxn16247,  Xenobiotics biodegradation and metabolism
rxn03546,  Xenobiotics biodegradation and metabolism
EXpd01414,
rxn08293,
rxn06090,  Lipid metabolism
rxn06729,  Glycan biosynthesis and metabolism
rxn00929,  Amino acid metabolism
rxn01805,  Carbohydrate metabolism
rxn05984,  Amino acid metabolism
rxn31419,  Xenobiotics biodegradation and metabolism
rxn20480,  Lipid metabolism
rxn07429,
rxn00843,  Energy metabolism
rxn08317,
rxn31584,  Amino acid metabolism
rxn15147,  Nucleotide metabolism
rxn07482,  Xenobiotics biodegradation and metabolism
rxn00968,  Xenobiotics biodegradation and metabolism
rxn38902,
rxn02980,  Xenobiotics biodegradation and metabolism
rxn14276,  Lipid metabolism
EXpd00205,
rxn31982,  Amino acid metabolism
rxn11676,
rxn34196,  Metabolism of other amino acids
rxn00783,  Carbohydrate metabolism
rxn12575,  Metabolism of cofactors and vitamins
rxn31218,
rxn01135,  Carbohydrate metabolism
rxn05638,
rxn00719,  Nucleotide metabolism
rxn16328,
rxn28460,
rxn30717,  Glycan biosynthesis and metabolism
rxn05217,  Nucleotide metabolism
rxn37888,  Carbohydrate metabolism
rxn01775,  Carbohydrate metabolism
rxn20040,  Xenobiotics biodegradation and metabolism
rxn25051,  Amino acid metabolism
rxn33299,  Metabolism of cofactors and vitamins
rxn38043,  Amino acid metabolism
rxn07847,  Energy metabolism
rxn30335,  Amino acid metabolism
rxn06610,  Lipid metabolism
EXpd00274,
rxn32234,  Metabolism of other amino acids
rxn03762,  Biosynthesis of other secondary metabolites
rxn35453,  Biosynthesis of other secondary metabolites
rxn35670,
rxn27109,  Amino acid metabolism
rxn00931,  Amino acid metabolism
rxn34298,  Metabolism of other amino acids
rxn30397,  Amino acid metabolism
rxn34712,  Lipid metabolism
rxn30422,  Metabolism of cofactors and vitamins
rxn32371,
rxn31228,
rxn02425,
rxn31786,
rxn20163,  Metabolism of other amino acids
rxn00178,  Lipid metabolism
rxn00409,  Nucleotide metabolism
rxn33083,  Amino acid metabolism
rxn22827,  Amino acid metabolism
rxn30633,  Amino acid metabolism
rxn31936,
rxn26011,  Amino acid metabolism
rxn34736,  Lipid metabolism
rxn07256,  Lipid metabolism
rxn16213,  Metabolism of other amino acids
rxn32073,  Metabolism of other amino acids
rxn05952,  Metabolism of other amino acids
rxn43849,
rxn00803,  Carbohydrate metabolism
rxn16682,  Carbohydrate metabolism
rxn02008,
rxn00365,  Nucleotide metabolism
rxn00966,  Metabolism of cofactors and vitamins
rxn04810,  Xenobiotics biodegradation and metabolism
rxn02161,  Carbohydrate metabolism
rxn16195,  Metabolism of terpenoids and polyketides
rxn20016,  Amino acid metabolism
rxn03057,  Amino acid metabolism
rxn05245,
rxn01129,  Nucleotide metabolism
rxn16193,  Metabolism of terpenoids and polyketides
rxn15210,  Carbohydrate metabolism
rxn14048,  Carbohydrate metabolism
rxn15443,  Lipid metabolism
rxn02360,  Amino acid metabolism
rxn00579,  Carbohydrate metabolism
rxn01454,
rxn09467,  Metabolism of other amino acids
rxn36393,  Lipid metabolism
rxn01390,  Carbohydrate metabolism
rxn08212,  Nucleotide metabolism
rxn15186,  Carbohydrate metabolism
rxn12169,
rxn15943,  Lipid metabolism
rxn35311,
rxn32228,  Metabolism of cofactors and vitamins
rxn31452,  Amino acid metabolism
rxn10098,  Energy metabolism
rxn33469,
rxn00400,  Amino acid metabolism
rxn12432,  Metabolism of cofactors and vitamins
rxn33035,  Carbohydrate metabolism
rxn15387,  Metabolism of other amino acids
rxn07319,  Lipid metabolism
rxn32249,  Amino acid metabolism
rxn29456,  Carbohydrate metabolism
EXpd00079,
rxn00553,  Carbohydrate metabolism
rxn02028,  Amino acid metabolism
rxn32619,
rxn07883,
rxn33164,  Xenobiotics biodegradation and metabolism
rxn29365,  Carbohydrate metabolism
rxn03204,  Amino acid metabolism
rxn00388,  Energy metabolism
rxn36504,  Lipid metabolism
rxn32750,  Metabolism of cofactors and vitamins
rxn14255,
rxn31328,
rxn08569,
rxn16888,
rxn00877,
rxn21639,  Glycan biosynthesis and metabolism
rxn19714,
rxn04702,  Xenobiotics biodegradation and metabolism
rxn00990,  Carbohydrate metabolism
rxn38344,  Metabolism of other amino acids
rxn08764,  Lipid metabolism
rxn03086,  Amino acid metabolism
rxn08754,  Metabolism of terpenoids and polyketides
rxn11858,  Energy metabolism
rxn02851,  Metabolism of terpenoids and polyketides
rxn22066,  Metabolism of other amino acids
rxn03487,  Carbohydrate metabolism
rxn11207,
rxn22782,
rxn32610,  Metabolism of cofactors and vitamins
rxn38174,  Biosynthesis of other secondary metabolites
rxn26130,  Carbohydrate metabolism
rxn03533,  Metabolism of cofactors and vitamins
rxn15361,  Carbohydrate metabolism
rxn13698,
rxn11809,  Xenobiotics biodegradation and metabolism
rxn01034,  Xenobiotics biodegradation and metabolism
rxn16536,
rxn09456,  Lipid metabolism
rxn27288,  Metabolism of cofactors and vitamins
rxn00682,  Carbohydrate metabolism
rxn02397,  Amino acid metabolism
rxn08672,  Metabolism of cofactors and vitamins
rxn16844,  Energy metabolism
rxn32152,  Xenobiotics biodegradation and metabolism
rxn16661,  Amino acid metabolism
rxn04050,  Metabolism of cofactors and vitamins
rxn06850,  Lipid metabolism
rxn03610,  Xenobiotics biodegradation and metabolism
rxn09355,
rxn02258,  Carbohydrate metabolism
rxn04494,  Metabolism of terpenoids and polyketides
rxn27816,  Amino acid metabolism
rxn05169,  Nucleotide metabolism
rxn03944,
rxn00806,  Amino acid metabolism
rxn38907,  Amino acid metabolism
rxn15634,  Metabolism of terpenoids and polyketides
rxn27997,
rxn38485,  Lipid metabolism
rxn05221,  Nucleotide metabolism
COG3601,
rxn22820,
rxn27534,  Amino acid metabolism
rxn16824,  Metabolism of cofactors and vitamins
rxn31436,
rxn21211,  Amino acid metabolism
rxn34770,  Carbohydrate metabolism
rxn08818,
rxn28991,  Energy metabolism
rxn16411,
rxn01739,  Amino acid metabolism
rxn16055,  Metabolism of terpenoids and polyketides
rxn07254,  Lipid metabolism
rxn08214,
rxn03195,  Amino acid metabolism
rxn14169,  Amino acid metabolism
rxn41988,
rxn00984,
rxn00532,  Carbohydrate metabolism
rxn09297,  Nucleotide metabolism
rxn06741,
rxn01219,  Nucleotide metabolism
rxn02985,  Metabolism of cofactors and vitamins
rxn11902,  Metabolism of cofactors and vitamins
rxn08377,  Lipid metabolism
rxn37980,
rxn30634,  Amino acid metabolism
rxn03666,  Xenobiotics biodegradation and metabolism
rxn01245,
rxn01366,  Nucleotide metabolism
rxn01841,  Amino acid metabolism
rxn38106,  Amino acid metabolism
rxn09944,  Xenobiotics biodegradation and metabolism
rxn32486,  Carbohydrate metabolism
rxn06890,  Xenobiotics biodegradation and metabolism
rxn01314,  Metabolism of cofactors and vitamins
rxn02160,  Amino acid metabolism
rxn16620,  Amino acid metabolism
rxn38278,
rxn33387,
rxn30380,  Metabolism of cofactors and vitamins
rxn09616,  Xenobiotics biodegradation and metabolism
rxn37968,
rxn07359,  Metabolism of terpenoids and polyketides
rxn31528,  Metabolism of terpenoids and polyketides
rxn32378,  Nucleotide metabolism
rxn07807,  Xenobiotics biodegradation and metabolism
rxn17099,  Xenobiotics biodegradation and metabolism
rxn26478,  Metabolism of terpenoids and polyketides
rxn30446,  Nucleotide metabolism
rxn03205,  Amino acid metabolism
rxn15942,  Lipid metabolism
rxn19240,
rxn01508,  Nucleotide metabolism
rxn00879,  Biosynthesis of other secondary metabolites
rxn16176,  Metabolism of terpenoids and polyketides
rxn14316,  Amino acid metabolism
rxn44035,
rxn10974,  Metabolism of terpenoids and polyketides
rxn07752,  Biosynthesis of other secondary metabolites
rxn06671,  Lipid metabolism
rxn10272,  Energy metabolism
rxn05693,
rxn03786,  Xenobiotics biodegradation and metabolism
rxn07896,  Xenobiotics biodegradation and metabolism
rxn37546,
rxn01513,  Nucleotide metabolism
rxn02696,  Carbohydrate metabolism
rxn16594,  Metabolism of terpenoids and polyketides
rxn08982,  Metabolism of terpenoids and polyketides
rxn05645,
rxn22005,
rxn00133,  Nucleotide metabolism
rxn15991,
rxn00853,  Amino acid metabolism
rxn15529,
rxn25749,  Lipid metabolism
rxn15190,  Carbohydrate metabolism
rxn16400,
rxn28051,
rxn00709,  Nucleotide metabolism
rxn11202,
rxn15661,  Carbohydrate metabolism
rxn27779,  Carbohydrate metabolism
rxn00748,  Carbohydrate metabolism
rxn02676,  Carbohydrate metabolism
rxn07765,  Biosynthesis of other secondary metabolites
rxn00933,  Amino acid metabolism
rxn04313,  Metabolism of terpenoids and polyketides
rxn38078,
rxn33815,  Amino acid metabolism
biomass_GmPos,
rxn38862,  Carbohydrate metabolism
rxn16838,  Metabolism of cofactors and vitamins
rxn15868,  Metabolism of terpenoids and polyketides
rxn11162,
rxn06864,  Metabolism of cofactors and vitamins
rxn00657,  Metabolism of other amino acids
rxn00267,  Amino acid metabolism
rxn09861,  Xenobiotics biodegradation and metabolism
rxn04549,  Metabolism of terpenoids and polyketides
rxn36715,  Lipid metabolism
rxn00258,  Carbohydrate metabolism
rxn01680,  Amino acid metabolism
rxn35456,  Metabolism of cofactors and vitamins
rxn38833,  Nucleotide metabolism
rxn48018,
EXpd00308,
rxn03050,
rxn09180,  Amino acid metabolism
rxn07618,  Xenobiotics biodegradation and metabolism
rxn03130,  Glycan biosynthesis and metabolism
rxn34729,  Lipid metabolism
rxn07602,  Xenobiotics biodegradation and metabolism
rxn04139,  Metabolism of cofactors and vitamins
rxn15728,  Carbohydrate metabolism
rxn00423,  Amino acid metabolism
rxn07523,  Xenobiotics biodegradation and metabolism
rxn38254,
rxn30384,  Carbohydrate metabolism
rxn08267,
rxn14135,
rxn16697,  Metabolism of terpenoids and polyketides
rxn11590,
rxn25059,
rxn01772,  Amino acid metabolism
rxn33181,  Nucleotide metabolism
rxn46323,
rxn02235,  Lipid metabolism
EXpd00309,
rxn00762,  Lipid metabolism
rxn30152,
rxn16843,  Energy metabolism
rxn10857,
rxn27522,  Carbohydrate metabolism
rxn27773,
rxn01524,  Nucleotide metabolism
rxn28889,  Amino acid metabolism
rxn24334,
rxn04831,  Xenobiotics biodegradation and metabolism
rxn02375,  Nucleotide metabolism
rxn15490,  Nucleotide metabolism
rxn13947,  Glycan biosynthesis and metabolism
rxn29989,  Amino acid metabolism
rxn30104,  Metabolism of cofactors and vitamins
rxn31984,  Lipid metabolism
rxn26352,  Metabolism of cofactors and vitamins
rxn01667,  Carbohydrate metabolism
rxn00566,  Amino acid metabolism
rxn02084,  Amino acid metabolism
rxn03899,  Energy metabolism
rxn05149,  Nucleotide metabolism
rxn11355,
rxn08924,  Metabolism of cofactors and vitamins
rxn11209,
rxn08433,  Lipid metabolism
rxn10534,
rxn00456,  Amino acid metabolism
rxn30698,  Carbohydrate metabolism
rxn09373,  Nucleotide metabolism
rxn33316,  Energy metabolism
rxn02401,  Metabolism of cofactors and vitamins
rxn15296,  Carbohydrate metabolism
rxn27937,
rxn30508,
rxn00077,  Metabolism of cofactors and vitamins
rxn33134,  Amino acid metabolism
rxn16655,  Metabolism of terpenoids and polyketides
rxn04346,  Metabolism of terpenoids and polyketides
rxn02450,  Lipid metabolism
rxn06033,  Lipid metabolism
rxn02091,
rxn35429,
rxn04348,  Metabolism of terpenoids and polyketides
rxn00713,  Nucleotide metabolism
rxn41811,
rxn03915,  Xenobiotics biodegradation and metabolism
rxn38467,  Metabolism of cofactors and vitamins
rxn06089,  Lipid metabolism
rxn31983,
rxn01799,  Nucleotide metabolism
rxn07747,  Biosynthesis of other secondary metabolites
rxn23730,
rxn01188,  Amino acid metabolism
rxn32777,  Carbohydrate metabolism
rxn03976,
rxn06329,  Metabolism of cofactors and vitamins
rxn32176,  Nucleotide metabolism
rxn03594,  Xenobiotics biodegradation and metabolism
rxn01919,  Amino acid metabolism
rxn07840,  Amino acid metabolism
rxn10580,
rxn22384,  Amino acid metabolism
rxn38275,  Metabolism of cofactors and vitamins
rxn03511,  Glycan biosynthesis and metabolism
rxn09049,  Metabolism of cofactors and vitamins
rxn02292,  Metabolism of cofactors and vitamins
rxn00763,  Lipid metabolism
rxn00295,  Carbohydrate metabolism
rxn01912,  Carbohydrate metabolism
rxn34630,  Carbohydrate metabolism
rxn29952,  Nucleotide metabolism
rxn01989,  Carbohydrate metabolism
rxn37219,  Metabolism of cofactors and vitamins
rxn38370,  Biosynthesis of other secondary metabolites
rxn33838,
rxn25583,  Biosynthesis of other secondary metabolites
rxn27984,
rxn28543,  Carbohydrate metabolism
rxn00393,
rxn01945,  Amino acid metabolism
rxn33994,  Carbohydrate metabolism
rxn32753,  Lipid metabolism
rxn32987,  Amino acid metabolism
EXpd00105,
rxn38097,
rxn34262,  Carbohydrate metabolism
rxn13940,  Glycan biosynthesis and metabolism
rxn16127,  Metabolism of terpenoids and polyketides
rxn16512,  Carbohydrate metabolism
rxn03424,  Amino acid metabolism
rxn05733,
rxn15953,  Carbohydrate metabolism
rxn03740,  Xenobiotics biodegradation and metabolism
rxn28390,
rxn01377,  Metabolism of other amino acids
rxn08968,  Metabolism of cofactors and vitamins
rxn27889,  Metabolism of other amino acids
rxn38691,
rxn03563,  Xenobiotics biodegradation and metabolism
rxn15365,  Lipid metabolism
rxn30154,
rxn04478,  Metabolism of terpenoids and polyketides
rxn05047,  Amino acid metabolism
rxn15206,
rxn00520,  Carbohydrate metabolism
rxn00973,
rxn08069,
rxn02969,  Xenobiotics biodegradation and metabolism
rxn32216,  Nucleotide metabolism
rxn00356,  Carbohydrate metabolism
rxn11749,  Xenobiotics biodegradation and metabolism
rxn35454,
rxn00134,  Nucleotide metabolism
rxn01656,  Metabolism of terpenoids and polyketides
rxn00871,  Carbohydrate metabolism
rxn08231,
rxn01598,  Xenobiotics biodegradation and metabolism
rxn00586,  Xenobiotics biodegradation and metabolism
rxn11000,
rxn00375,  Amino acid metabolism
rxn07757,  Biosynthesis of other secondary metabolites
rxn02881,  Metabolism of cofactors and vitamins
rxn03942,
rxn10057,  Energy metabolism
rxn07475,  Carbohydrate metabolism
rxn04070,  Metabolism of cofactors and vitamins
rxn23650,
rxn04338,  Metabolism of terpenoids and polyketides
rxn28181,  Amino acid metabolism
rxn30431,  Nucleotide metabolism
rxn10939,
rxn03681,  Xenobiotics biodegradation and metabolism
rxn03924,  Metabolism of other amino acids
rxn30743,
rxn04377,  Lipid metabolism
rxn15952,  Carbohydrate metabolism
rxn32058,
rxn32050,  Carbohydrate metabolism
rxn02276,  Amino acid metabolism
rxn00417,
rxn37965,  Lipid metabolism
rxn03251,  Lipid metabolism
rxn26471,  Metabolism of terpenoids and polyketides
rxn35343,  Lipid metabolism
rxn38257,  Amino acid metabolism
rxn16684,  Carbohydrate metabolism
rxn10003,  Energy metabolism
rxn10978,  Amino acid metabolism
rxn08297,
rxn27688,  Nucleotide metabolism
rxn00038,  Carbohydrate metabolism
rxn14184,
rxn01802,  Lipid metabolism
rxn07681,  Lipid metabolism
rxn01751,  Carbohydrate metabolism
rxn23629,
rxn13281,
rxn20026,
rxn35545,  Amino acid metabolism
rxn01931,
rxn01921,  Carbohydrate metabolism
rxn08610,  Carbohydrate metabolism
rxn14000,  Amino acid metabolism
rxn19224,  Xenobiotics biodegradation and metabolism
rxn01642,  Amino acid metabolism
rxn01233,  Metabolism of other amino acids
rxn01646,  Metabolism of cofactors and vitamins
rxn11757,  Xenobiotics biodegradation and metabolism
rxn27001,
rxn08233,
rxn27427,  Carbohydrate metabolism
rxn31917,  Nucleotide metabolism
rxn03866,  Xenobiotics biodegradation and metabolism
rxn15823,  Metabolism of terpenoids and polyketides
rxn32413,  Carbohydrate metabolism
rxn26394,  Metabolism of other amino acids
rxn31977,  Amino acid metabolism
rxn46555,
rxn33706,  Amino acid metabolism
rxn35415,
rxn16142,  Energy metabolism
rxn47813,
rxn04795,  Xenobiotics biodegradation and metabolism
rxn02296,  Metabolism of cofactors and vitamins
rxn08220,
rxn27943,  Carbohydrate metabolism
rxn31241,  Metabolism of cofactors and vitamins
rxn12212,
rxn07885,
rxn16618,  Amino acid metabolism
rxn05626,
rxn00292,  Carbohydrate metabolism
rxn03426,  Amino acid metabolism
rxn33242,
rxn03362,  Amino acid metabolism
rxn00558,
rxn34771,
rxn31254,  Lipid metabolism
rxn01640,  Amino acid metabolism
rxn10665,  Amino acid metabolism
rxn37933,  Carbohydrate metabolism
rxn07764,  Biosynthesis of other secondary metabolites
rxn04353,  Metabolism of terpenoids and polyketides
rxn03159,  Glycan biosynthesis and metabolism
rxn33806,  Carbohydrate metabolism
rxn03182,  Glycan biosynthesis and metabolism
rxn05305,  Lipid metabolism
rxn04750,  Amino acid metabolism
EXpd15499,
rxn32812,
rxn33484,  Carbohydrate metabolism
rxn03254,  Lipid metabolism
EXpd00048,
rxn16194,  Metabolism of terpenoids and polyketides
rxn03141,  Glycan biosynthesis and metabolism
rxn38824,  Carbohydrate metabolism
rxn05674,
rxn08747,  Metabolism of terpenoids and polyketides
rxn16681,  Amino acid metabolism
EXpd00367,
rxn00507,  Carbohydrate metabolism
rxn04840,  Lipid metabolism
rxn33098,
rxn28116,  Carbohydrate metabolism
EXpd00065,
EXpd03587,
rxn11761,  Xenobiotics biodegradation and metabolism
rxn09451,  Lipid metabolism
rxn00897,  Carbohydrate metabolism
rxn06216,  Lipid metabolism
rxn08854,
rxn00742,  Amino acid metabolism
rxn02523,  Metabolism of cofactors and vitamins
rxn02517,  Nucleotide metabolism
rxn19673,  Energy metabolism
rxn11756,  Xenobiotics biodegradation and metabolism
rxn16257,  Xenobiotics biodegradation and metabolism
rxn01999,  Metabolism of terpenoids and polyketides
rxn07323,  Lipid metabolism
rxn09104,  Metabolism of cofactors and vitamins
rxn01016,  Energy metabolism
rxn03885,  Carbohydrate metabolism
rxn19898,  Amino acid metabolism
rxn32365,  Carbohydrate metabolism
rxn15478,  Glycan biosynthesis and metabolism
rxn27815,
rxn07595,  Xenobiotics biodegradation and metabolism
rxn30041,  Metabolism of cofactors and vitamins
rxn01466,  Metabolism of terpenoids and polyketides
rxn15060,  Energy metabolism
rxn03282,
rxn07573,  Lipid metabolism
EXpd08023,
rxn31868,  Lipid metabolism
rxn00987,  Metabolism of cofactors and vitamins
rxn34352,
rxn23799,  Metabolism of cofactors and vitamins
rxn30972,  Xenobiotics biodegradation and metabolism
rxn27379,  Amino acid metabolism
rxn16785,
rxn32767,
rxn08998,
rxn15503,
rxn11731,  Amino acid metabolism
rxn02246,  Amino acid metabolism
rxn38399,  Lipid metabolism
rxn32740,  Carbohydrate metabolism
rxn33079,  Carbohydrate metabolism
rxn23000,  Carbohydrate metabolism
rxn04748,  Xenobiotics biodegradation and metabolism
rxn16666,  Carbohydrate metabolism
rxn37222,  Metabolism of cofactors and vitamins
EXpd00220,
rxn33524,  Amino acid metabolism
rxn01176,  Carbohydrate metabolism
rxn18913,  Carbohydrate metabolism
rxn15343,  Metabolism of other amino acids
rxn09836,  Xenobiotics biodegradation and metabolism
rxn27428,  Carbohydrate metabolism
rxn31437,  Lipid metabolism
rxn02170,  Amino acid metabolism
rxn14393,  Biosynthesis of other secondary metabolites
rxn38867,  Amino acid metabolism
rxn32048,  Metabolism of other amino acids
rxn33573,  Nucleotide metabolism
rxn15539,
rxn39979,  Xenobiotics biodegradation and metabolism
rxn10168,  Lipid metabolism
rxn01497,  Amino acid metabolism
rxn01439,  Carbohydrate metabolism
rxn31104,  Metabolism of cofactors and vitamins
rxn38026,  Metabolism of cofactors and vitamins
rxn02362,
rxn07746,  Biosynthesis of other secondary metabolites
rxn08229,
rxn31408,  Lipid metabolism
rxn20650,  Carbohydrate metabolism
rxn04786,  Amino acid metabolism
rxn41427,
rxn38134,  Nucleotide metabolism
rxn09122,  Nucleotide metabolism
rxn00833,  Nucleotide metabolism
rxn32195,  Amino acid metabolism
rxn03845,  Xenobiotics biodegradation and metabolism
rxn07140,  Metabolism of terpenoids and polyketides
rxn32613,  Metabolism of cofactors and vitamins
rxn00513,  Nucleotide metabolism
rxn07462,  Metabolism of terpenoids and polyketides
rxn33688,  Biosynthesis of other secondary metabolites
rxn31385,
rxn20263,  Metabolism of cofactors and vitamins
rxn03439,  Glycan biosynthesis and metabolism
rxn09777,  Xenobiotics biodegradation and metabolism
rxn13989,  Metabolism of terpenoids and polyketides
rxn02527,  Carbohydrate metabolism
rxn03344,  Amino acid metabolism
rxn32733,
rxn32996,  Carbohydrate metabolism
rxn16354,  Xenobiotics biodegradation and metabolism
rxn16762,  Metabolism of terpenoids and polyketides
rxn06025,  Metabolism of other amino acids
rxn32711,  Carbohydrate metabolism
rxn37872,  Carbohydrate metabolism
rxn31753,  Amino acid metabolism
rxn23648,
rxn11734,  Metabolism of other amino acids
rxn00671,
rxn17854,  Lipid metabolism
rxn01990,  Carbohydrate metabolism
rxn05902,
rxn03576,  Xenobiotics biodegradation and metabolism
rxn35449,  Metabolism of terpenoids and polyketides
rxn32488,
rxn40611,
rxn08114,  Carbohydrate metabolism
rxn38512,  Metabolism of other amino acids
rxn33488,  Carbohydrate metabolism
rxn03587,  Xenobiotics biodegradation and metabolism
rxn01213,  Metabolism of terpenoids and polyketides
rxn34245,  Carbohydrate metabolism
rxn01467,  Metabolism of terpenoids and polyketides
rxn15091,  Amino acid metabolism
rxn00116,  Nucleotide metabolism
rxn05458,  Lipid metabolism
rxn38539,  Lipid metabolism
rxn02266,  Amino acid metabolism
rxn35346,  Biosynthesis of other secondary metabolites
rxn15679,  Lipid metabolism
rxn04095,  Xenobiotics biodegradation and metabolism
rxn05160,  Nucleotide metabolism
rxn13941,  Glycan biosynthesis and metabolism
rxn15998,  Xenobiotics biodegradation and metabolism
rxn01025,  Nucleotide metabolism
rxn16607,
rxn23797,  Metabolism of cofactors and vitamins
rxn30578,  Nucleotide metabolism
rxn35551,  Amino acid metabolism
rxn19936,  Nucleotide metabolism
rxn08535,
rxn00908,  Carbohydrate metabolism
rxn01483,  Carbohydrate metabolism
rxn31363,  Amino acid metabolism
rxn16053,  Metabolism of terpenoids and polyketides
rxn29978,  Carbohydrate metabolism
EXpd10515,
rxn01294,  Xenobiotics biodegradation and metabolism
rxn06092,  Lipid metabolism
rxn36683,  Lipid metabolism
rxn05011,
rxn01236,  Carbohydrate metabolism
rxn05220,  Nucleotide metabolism
rxn00924,
rxn05054,  Metabolism of cofactors and vitamins
rxn03654,  Xenobiotics biodegradation and metabolism
rxn19956,  Biosynthesis of other secondary metabolites
rxn13994,
rxn35440,  Xenobiotics biodegradation and metabolism
rxn31867,  Glycan biosynthesis and metabolism
rxn00677,  Carbohydrate metabolism
rxn32569,  Carbohydrate metabolism
rxn21212,  Amino acid metabolism
rxn00022,  Carbohydrate metabolism
rxn14089,  Xenobiotics biodegradation and metabolism
rxn04143,  Carbohydrate metabolism
rxn03034,  Amino acid metabolism
rxn07725,  Lipid metabolism
rxn14321,  Biosynthesis of other secondary metabolites
rxn33365,  Nucleotide metabolism
rxn38831,  Nucleotide metabolism
rxn31960,  Metabolism of cofactors and vitamins
rxn05223,  Nucleotide metabolism
rxn16592,
rxn01943,  Amino acid metabolism
rxn32174,  Energy metabolism
rxn03491,  Metabolism of cofactors and vitamins
rxn01996,  Amino acid metabolism
rxn31478,  Glycan biosynthesis and metabolism
rxn00901,
rxn36507,  Lipid metabolism
rxn16246,  Xenobiotics biodegradation and metabolism
rxn12080,
rxn07255,  Lipid metabolism
rxn02894,  Amino acid metabolism
rxn30458,
rxn05012,  Amino acid metabolism
rxn03586,  Xenobiotics biodegradation and metabolism
rxn03400,  Amino acid metabolism
rxn10447,  Energy metabolism
rxn28082,  Metabolism of cofactors and vitamins
rxn05093,  Energy metabolism
rxn07360,  Metabolism of terpenoids and polyketides
rxn32690,  Amino acid metabolism
rxn16543,  Carbohydrate metabolism
rxn06418,
rxn11859,  Energy metabolism
rxn00489,  Amino acid metabolism
rxn04359,  Metabolism of terpenoids and polyketides
rxn35284,  Amino acid metabolism
rxn14091,  Amino acid metabolism
rxn30008,
rxn09472,  Metabolism of other amino acids
rxn36479,  Lipid metabolism
rxn07603,  Biosynthesis of other secondary metabolites
rxn15125,  Carbohydrate metabolism
rxn38132,
rxn04476,  Metabolism of terpenoids and polyketides
rxn14156,  Biosynthesis of other secondary metabolites
rxn00024,  Amino acid metabolism
rxn16045,  Xenobiotics biodegradation and metabolism
rxn38069,  Carbohydrate metabolism
rxn38459,  Carbohydrate metabolism
rxn07474,  Carbohydrate metabolism
rxn30531,
rxn16788,
rxn09113,  Metabolism of cofactors and vitamins
rxn37686,  Lipid metabolism
rxn34220,
rxn03935,  Xenobiotics biodegradation and metabolism
rxn00472,
rxn16579,  Metabolism of terpenoids and polyketides
rxn36681,  Lipid metabolism
rxn16222,  Metabolism of terpenoids and polyketides
rxn03039,  Nucleotide metabolism
rxn09657,  Xenobiotics biodegradation and metabolism
rxn15743,  Carbohydrate metabolism
rxn03304,  Lipid metabolism
rxn07350,  Metabolism of terpenoids and polyketides
rxn12114,
rxn04601,  Amino acid metabolism
rxn03870,  Xenobiotics biodegradation and metabolism
rxn38359,  Carbohydrate metabolism
rxn29019,  Metabolism of terpenoids and polyketides
rxn03882,  Xenobiotics biodegradation and metabolism
rxn01517,  Nucleotide metabolism
rxn04586,  Biosynthesis of other secondary metabolites
rxn16329,  Metabolism of terpenoids and polyketides
rxn33702,  Lipid metabolism
rxn01279,  Carbohydrate metabolism
rxn34299,  Carbohydrate metabolism
rxn31878,  Lipid metabolism
rxn08222,
rxn28803,  Metabolism of terpenoids and polyketides
rxn29942,  Nucleotide metabolism
rxn01146,  Nucleotide metabolism
rxn35958,
rxn27455,  Xenobiotics biodegradation and metabolism
rxn31276,  Lipid metabolism
rxn32811,
rxn02094,  Carbohydrate metabolism
rxn27520,  Metabolism of terpenoids and polyketides
rxn31088,
rxn02779,  Amino acid metabolism
rxn32917,  Nucleotide metabolism
rxn16096,  Xenobiotics biodegradation and metabolism
rxn27108,  Amino acid metabolism
rxn32095,  Nucleotide metabolism
rxn04442,  Metabolism of terpenoids and polyketides
rxn32164,
rxn13141,  Metabolism of cofactors and vitamins
rxn03901,  Glycan biosynthesis and metabolism
rxn33610,
rxn05222,  Nucleotide metabolism
rxn38020,  Nucleotide metabolism
rxn38811,  Lipid metabolism
rxn33078,  Amino acid metabolism
rxn00995,
rxn28146,
rxn32242,  Amino acid metabolism
rxn33446,  Carbohydrate metabolism
rxn00623,  Energy metabolism
rxn01610,  Amino acid metabolism
rxn01746,  Nucleotide metabolism
rxn05763,
rxn33091,  Carbohydrate metabolism
rxn27933,  Amino acid metabolism
rxn04593,  Biosynthesis of other secondary metabolites
R03018,  Metabolism of cofactors and vitamins
rxn02000,  Biosynthesis of other secondary metabolites
rxn02212,  Amino acid metabolism
rxn08068,  Lipid metabolism
rxn00796,  Nucleotide metabolism
rxn37640,  Energy metabolism
rxn06723,  Glycan biosynthesis and metabolism
rxn32399,  Amino acid metabolism
rxn02123,  Carbohydrate metabolism
rxn15220,  Carbohydrate metabolism
rxn07909,  Xenobiotics biodegradation and metabolism
rxn16497,  Metabolism of terpenoids and polyketides
rxn38183,  Nucleotide metabolism
rxn27362,  Amino acid metabolism
rxn00634,  Carbohydrate metabolism
rxn14275,
rxn05085,
rxn10052,  Energy metabolism
rxn01221,  Nucleotide metabolism
rxn03095,
rxn01151,
rxn04841,  Lipid metabolism
rxn00244,
rxn02663,  Xenobiotics biodegradation and metabolism
rxn21401,
rxn34248,  Metabolism of other amino acids
rxn15644,  Xenobiotics biodegradation and metabolism
rxn32122,  Carbohydrate metabolism
rxn19989,  Lipid metabolism
rxn41021,
rxn14216,
rxn03869,  Xenobiotics biodegradation and metabolism
rxn38693,
rxn38342,  Carbohydrate metabolism
rxn47880,
rxn04043,
rxn32673,
rxn00196,  Carbohydrate metabolism
rxn01579,  Amino acid metabolism
rxn33862,  Metabolism of terpenoids and polyketides
rxn06905,
rxn15330,  Amino acid metabolism
rxn27670,  Amino acid metabolism
rxn19730,  Metabolism of terpenoids and polyketides
rxn39318,  Lipid metabolism
EXpd03725,
rxn00054,  Amino acid metabolism
rxn03194,
rxn06258,
rxn01006,  Carbohydrate metabolism
rxn38054,  Amino acid metabolism
rxn07345,  Metabolism of cofactors and vitamins
rxn15877,  Carbohydrate metabolism
rxn11766,  Xenobiotics biodegradation and metabolism
rxn16623,
rxn06429,
rxn04602,  Amino acid metabolism
rxn15188,  Carbohydrate metabolism
rxn04999,  Amino acid metabolism
rxn01164,  Lipid metabolism
rxn30763,  Xenobiotics biodegradation and metabolism
rxn04275,  Metabolism of terpenoids and polyketides
rxn00223,
rxn02083,  Amino acid metabolism
rxn33603,  Energy metabolism
rxn10056,  Energy metabolism
rxn04597,  Amino acid metabolism
rxn01724,  Metabolism of cofactors and vitamins
rxn28310,  Metabolism of cofactors and vitamins
rxn44067,
rxn02118,  Biosynthesis of other secondary metabolites
rxn16317,
rxn35430,  Amino acid metabolism
rxn00078,
rxn15061,  Carbohydrate metabolism
rxn34626,  Carbohydrate metabolism
rxn30534,
rxn09193,  Metabolism of other amino acids
rxn38240,  Nucleotide metabolism
rxn07630,  Xenobiotics biodegradation and metabolism
rxn35433,  Nucleotide metabolism
rxn03537,  Metabolism of cofactors and vitamins
rxn15831,  Metabolism of other amino acids
rxn15363,  Carbohydrate metabolism
rxn02823,  Amino acid metabolism
rxn14311,  Lipid metabolism
rxn00723,  Xenobiotics biodegradation and metabolism
rxn00926,  Nucleotide metabolism
rxn10897,  Metabolism of cofactors and vitamins
rxn04930,  Carbohydrate metabolism
rxn05563,
rxn03129,
EXpd00032,
rxn08166,  Metabolism of cofactors and vitamins
rxn46214,
rxn02092,  Carbohydrate metabolism
rxn33497,  Energy metabolism
rxn02260,
rxn13812,
rxn02629,  Xenobiotics biodegradation and metabolism
rxn04788,  Amino acid metabolism
rxn02744,  Amino acid metabolism
rxn04903,  Xenobiotics biodegradation and metabolism
rxn47074,
rxn03763,  Biosynthesis of other secondary metabolites
rxn16129,  Metabolism of terpenoids and polyketides
rxn12649,  Metabolism of cofactors and vitamins
rxn05109,  Amino acid metabolism
rxn02431,  Energy metabolism
rxn37871,
rxn20649,  Amino acid metabolism
rxn33891,
rxn15005,  Carbohydrate metabolism
rxn03596,  Xenobiotics biodegradation and metabolism
rxn11036,
rxn15161,  Carbohydrate metabolism
rxn16224,  Metabolism of terpenoids and polyketides
rxn33629,  Amino acid metabolism
rxn33143,  Metabolism of cofactors and vitamins
rxn05349,  Lipid metabolism
rxn06907,  Xenobiotics biodegradation and metabolism
rxn30071,  Amino acid metabolism
rxn32196,  Carbohydrate metabolism
rxn13962,  Amino acid metabolism
EXpd00412,
rxn03056,  Amino acid metabolism
rxn00313,  Amino acid metabolism
rxn08434,  Lipid metabolism
rxn32425,  Metabolism of cofactors and vitamins
rxn05048,
rxn01148,
rxn09441,  Lipid metabolism
rxn08162,  Nucleotide metabolism
rxn00991,
rxn28612,  Amino acid metabolism
rxn15351,  Carbohydrate metabolism
rxn16641,  Amino acid metabolism
rxn14026,  Lipid metabolism
rxn11210,
rxn38142,  Amino acid metabolism
rxn00337,  Amino acid metabolism
rxn07487,  Carbohydrate metabolism
rxn16520,
rxn33663,  Nucleotide metabolism
rxn16184,  Metabolism of terpenoids and polyketides
rxn01635,  Amino acid metabolism
rxn15633,  Carbohydrate metabolism
rxn09106,  Metabolism of cofactors and vitamins
rxn01619,  Carbohydrate metabolism
rxn09934,  Xenobiotics biodegradation and metabolism
rxn24064,  Metabolism of cofactors and vitamins
rxn42058,
rxn01607,  Metabolism of terpenoids and polyketides
rxn00979,  Carbohydrate metabolism
rxn16182,  Metabolism of terpenoids and polyketides
rxn08543,
rxn05491,
rxn02010,  Glycan biosynthesis and metabolism
rxn32139,  Carbohydrate metabolism
rxn16845,  Energy metabolism
rxn00100,  Metabolism of cofactors and vitamins
rxn07903,  Xenobiotics biodegradation and metabolism
rxn02716,  Metabolism of cofactors and vitamins
rxn23441,  Biosynthesis of other secondary metabolites
EXpd00072,
rxn05214,  Nucleotide metabolism
rxn06138,  Lipid metabolism
rxn01252,  Metabolism of cofactors and vitamins
rxn32749,  Metabolism of terpenoids and polyketides
rxn16359,  Amino acid metabolism
rxn04356,  Metabolism of terpenoids and polyketides
rxn07479,  Xenobiotics biodegradation and metabolism
rxn38863,  Amino acid metabolism
rxn06874,  Energy metabolism
rxn03821,  Metabolism of terpenoids and polyketides
rxn16233,  Energy metabolism
rxn09339,  Metabolism of terpenoids and polyketides
rxn40743,
rxn00602,  Amino acid metabolism
rxn27936,  Amino acid metabolism
rxn35519,  Carbohydrate metabolism
rxn03272,
rxn30078,
rxn30780,  Lipid metabolism
rxn06831,  Metabolism of cofactors and vitamins
rxn38679,  Metabolism of terpenoids and polyketides
rxn01277,  Carbohydrate metabolism
rxn03146,  Glycan biosynthesis and metabolism
rxn01734,  Carbohydrate metabolism
rxn11962,  Amino acid metabolism
rxn04512,  Metabolism of terpenoids and polyketides
rxn06798,  Lipid metabolism
EXpd00035,
rxn02982,  Xenobiotics biodegradation and metabolism
rxn12933,
rxn15368,  Amino acid metabolism
rxn08290,
rxn36714,  Lipid metabolism
rxn00358,  Carbohydrate metabolism
rxn09463,  Metabolism of other amino acids
rxn37816,  Xenobiotics biodegradation and metabolism
rxn46442,
rxn02427,  Metabolism of cofactors and vitamins
rxn30256,  Metabolism of cofactors and vitamins
rxn44825,
rxn25582,
EXpd15560,
rxn00403,  Amino acid metabolism
rxn19030,  Carbohydrate metabolism
rxn32194,  Amino acid metabolism
rxn02688,  Xenobiotics biodegradation and metabolism
rxn17399,  Metabolism of cofactors and vitamins
EXpd00119,
rxn02295,  Amino acid metabolism
rxn16175,  Metabolism of terpenoids and polyketides
rxn16226,  Metabolism of terpenoids and polyketides
rxn03598,  Xenobiotics biodegradation and metabolism
rxn01231,  Metabolism of other amino acids
rxn11755,  Xenobiotics biodegradation and metabolism
rxn39005,  Biosynthesis of other secondary metabolites
rxn16091,  Xenobiotics biodegradation and metabolism
rxn00935,  Carbohydrate metabolism
rxn19141,
rxn16409,  Xenobiotics biodegradation and metabolism
EXpd03718,
EXpd00025,
rxn11774,  Xenobiotics biodegradation and metabolism
rxn32044,
rxn16566,
EXpd00001,
rxn16513,  Carbohydrate metabolism
rxn31264,
rxn31243,  Carbohydrate metabolism
rxn46500,
rxn15496,  Lipid metabolism
rxn31895,  Nucleotide metabolism
rxn13980,  Lipid metabolism
rxn07729,  Biosynthesis of other secondary metabolites
rxn01389,  Carbohydrate metabolism
rxn07759,  Biosynthesis of other secondary metabolites
rxn15745,  Carbohydrate metabolism
rxn15954,  Carbohydrate metabolism
rxn03535,  Metabolism of cofactors and vitamins
rxn32516,  Amino acid metabolism
rxn01195,  Xenobiotics biodegradation and metabolism
rxn00152,  Carbohydrate metabolism
rxn18910,  Nucleotide metabolism
rxn32557,  Amino acid metabolism
rxn32901,  Amino acid metabolism
rxn08204,
rxn38034,  Carbohydrate metabolism
rxn38970,  Lipid metabolism
rxn04479,  Metabolism of terpenoids and polyketides
rxn32450,  Metabolism of terpenoids and polyketides
rxn14263,  Metabolism of cofactors and vitamins
rxn20630,  Amino acid metabolism
rxn27932,  Amino acid metabolism
rxn07901,  Xenobiotics biodegradation and metabolism
rxn31404,  Xenobiotics biodegradation and metabolism
rxn03481,  Carbohydrate metabolism
rxn39948,
rxn32133,  Metabolism of cofactors and vitamins
rxn00638,  Carbohydrate metabolism
EXpd00343,
rxn14126,  Metabolism of terpenoids and polyketides
rxn46750,
rxn09124,  Metabolism of cofactors and vitamins
rxn04604,  Amino acid metabolism
rxn06678,  Carbohydrate metabolism
EXpd00084,
rxn15293,  Carbohydrate metabolism
rxn22535,  Carbohydrate metabolism
rxn33822,  Carbohydrate metabolism
rxn13979,  Metabolism of other amino acids
rxn07155,  Biosynthesis of other secondary metabolites
rxn07341,  Metabolism of terpenoids and polyketides
rxn03341,  Amino acid metabolism
rxn00617,
rxn15962,  Energy metabolism
rxn03896,  Xenobiotics biodegradation and metabolism
rxn34734,  Lipid metabolism
rxn14077,  Amino acid metabolism
rxn00867,  Amino acid metabolism
rxn16251,  Xenobiotics biodegradation and metabolism
rxn02052,  Metabolism of terpenoids and polyketides
rxn27266,
EXpd00132,
rxn11004,  Amino acid metabolism
rxn04360,  Metabolism of terpenoids and polyketides
rxn03547,  Xenobiotics biodegradation and metabolism
rxn37127,  Metabolism of terpenoids and polyketides
rxn07849,  Energy metabolism
rxn45899,
rxn04603,  Amino acid metabolism
rxn05244,
rxn08551,
rxn39247,
rxn03814,  Metabolism of terpenoids and polyketides
rxn02129,  Metabolism of cofactors and vitamins
rxn04358,  Metabolism of terpenoids and polyketides
rxn15641,  Xenobiotics biodegradation and metabolism
rxn30151,  Amino acid metabolism
rxn03264,
rxn03372,
rxn28804,
rxn32982,  Nucleotide metabolism
rxn15315,  Lipid metabolism
EXpd00254,
rxn32257,  Nucleotide metabolism
rxn08947,  Metabolism of cofactors and vitamins
rxn33352,  Energy metabolism
rxn31407,  Lipid metabolism
rxn06926,  Xenobiotics biodegradation and metabolism
rxn32605,  Metabolism of other amino acids
rxn31324,  Lipid metabolism
rxn04483,  Metabolism of terpenoids and polyketides
rxn00004,  Xenobiotics biodegradation and metabolism
rxn15652,  Xenobiotics biodegradation and metabolism
rxn03437,  Amino acid metabolism
rxn14202,
rxn19322,  Metabolism of cofactors and vitamins
rxn00369,  Nucleotide metabolism
rxn05871,  Lipid metabolism
rxn31783,  Amino acid metabolism
rxn32580,
rxn06043,  Lipid metabolism
rxn03852,
rxn05627,
rxn23024,
rxn34273,  Nucleotide metabolism
rxn28183,  Amino acid metabolism
rxn11834,  Xenobiotics biodegradation and metabolism
rxn11569,
rxn32500,
rxn16800,  Carbohydrate metabolism
rxn11775,
rxn33563,  Carbohydrate metabolism
rxn27429,
rxn07372,  Metabolism of terpenoids and polyketides
rxn46348,
rxn11877,  Carbohydrate metabolism
rxn03951,  Metabolism of cofactors and vitamins
rxn33328,  Carbohydrate metabolism
rxn38087,
rxn06149,  Energy metabolism
EXpd00161,
rxn27852,  Energy metabolism
rxn08016,
rxn00286,  Energy metabolism
rxn08213,
rxn33147,
rxn15785,  Metabolism of cofactors and vitamins
rxn03600,  Xenobiotics biodegradation and metabolism
rxn03663,  Xenobiotics biodegradation and metabolism
rxn03875,  Xenobiotics biodegradation and metabolism
rxn31923,  Carbohydrate metabolism
rxn10604,  Metabolism of cofactors and vitamins
rxn16802,  Xenobiotics biodegradation and metabolism
rxn16235,  Energy metabolism
rxn02866,  Amino acid metabolism
rxn16252,  Xenobiotics biodegradation and metabolism
rxn04010,
rxn02090,  Amino acid metabolism
rxn08900,  Metabolism of cofactors and vitamins
rxn01911,  Carbohydrate metabolism
rxn16128,  Metabolism of terpenoids and polyketides
rxn19806,  Carbohydrate metabolism
rxn00334,  Carbohydrate metabolism
rxn38244,  Nucleotide metabolism
rxn41088,
rxn23401,  Biosynthesis of other secondary metabolites
rxn07468,  Metabolism of terpenoids and polyketides
rxn08682,  Metabolism of cofactors and vitamins
rxn32064,  Metabolism of other amino acids
rxn01004,  Amino acid metabolism
rxn35431,
rxn15636,  Metabolism of terpenoids and polyketides
rxn04337,  Metabolism of terpenoids and polyketides
rxn33633,  Carbohydrate metabolism
rxn25970,
rxn00598,  Amino acid metabolism
rxn31885,  Amino acid metabolism
rxn35957,
rxn00113,  Amino acid metabolism
rxn32794,  Amino acid metabolism
rxn03765,  Biosynthesis of other secondary metabolites
rxn10434,
rxn00234,  Carbohydrate metabolism
rxn27789,  Carbohydrate metabolism
rxn02132,
rxn27892,
rxn31962,  Xenobiotics biodegradation and metabolism
rxn02981,  Xenobiotics biodegradation and metabolism
rxn41785,
rxn09145,  Metabolism of cofactors and vitamins
rxn00002,  Amino acid metabolism
rxn02226,  Amino acid metabolism
rxn25701,
rxn16085,  Xenobiotics biodegradation and metabolism
rxn32658,
rxn16593,
rxn33490,  Energy metabolism
rxn38130,  Amino acid metabolism
rxn33789,  Amino acid metabolism
rxn04752,  Xenobiotics biodegradation and metabolism
rxn24177,  Xenobiotics biodegradation and metabolism
rxn04096,  Xenobiotics biodegradation and metabolism
rxn09301,  Nucleotide metabolism
rxn34509,
rxn02176,  Metabolism of cofactors and vitamins
rxn07889,  Xenobiotics biodegradation and metabolism
rxn04745,  Xenobiotics biodegradation and metabolism
rxn14053,  Metabolism of terpenoids and polyketides
rxn03983,  Energy metabolism
rxn03602,  Xenobiotics biodegradation and metabolism
rxn16679,  Amino acid metabolism
rxn28100,  Amino acid metabolism
rxn09422,  Lipid metabolism
rxn04953,
rxn05313,  Lipid metabolism
rxn31383,
rxn23800,  Lipid metabolism
rxn02625,  Carbohydrate metabolism
rxn15272,  Energy metabolism
rxn28267,  Metabolism of other amino acids
rxn06088,  Lipid metabolism
rxn00160,  Carbohydrate metabolism
rxn12800,  Carbohydrate metabolism
rxn00542,  Carbohydrate metabolism
rxn33728,  Lipid metabolism
EXpd15269,
rxn00577,  Carbohydrate metabolism
rxn03734,  Xenobiotics biodegradation and metabolism
rxn33681,  Carbohydrate metabolism
rxn32343,  Metabolism of other amino acids
rxn00891,  Carbohydrate metabolism
rxn30391,
rxn04475,  Metabolism of terpenoids and polyketides
rxn28277,  Lipid metabolism
rxn31883,  Xenobiotics biodegradation and metabolism
rxn32553,
rxn21213,  Carbohydrate metabolism
rxn38906,  Amino acid metabolism
rxn20663,  Amino acid metabolism
rxn10074,  Energy metabolism
rxn29789,  Carbohydrate metabolism
rxn02145,  Metabolism of cofactors and vitamins
rxn27000,  Amino acid metabolism
rxn03798,  Xenobiotics biodegradation and metabolism
rxn03152,  Xenobiotics biodegradation and metabolism
rxn05887,
rxn05948,
rxn39962,
rxn16151,  Carbohydrate metabolism
rxn26470,  Metabolism of terpenoids and polyketides
rxn37672,  Lipid metabolism
rxn14007,  Lipid metabolism
rxn13519,
rxn24213,
rxn40324,  Metabolism of terpenoids and polyketides
rxn29048,  Carbohydrate metabolism
rxn03378,
rxn03922,  Xenobiotics biodegradation and metabolism
rxn27543,
rxn15306,  Nucleotide metabolism
rxn20769,  Biosynthesis of other secondary metabolites
rxn05224,  Nucleotide metabolism
rxn04592,  Biosynthesis of other secondary metabolites
rxn02478,  Xenobiotics biodegradation and metabolism
rxn16021,  Xenobiotics biodegradation and metabolism
rxn10099,  Energy metabolism
EXpd17026,
rxn38104,  Metabolism of terpenoids and polyketides
rxn33066,  Carbohydrate metabolism
rxn01780,
rxn03150,  Metabolism of cofactors and vitamins
rxn24055,  Metabolism of terpenoids and polyketides
rxn05229,  Nucleotide metabolism
rxn33550,
rxn04782,  Xenobiotics biodegradation and metabolism
rxn10271,  Energy metabolism
rxn32104,  Metabolism of cofactors and vitamins
rxn08295,
rxn07181,  Xenobiotics biodegradation and metabolism
rxn00321,  Amino acid metabolism
rxn08392,  Lipid metabolism
rxn07898,  Xenobiotics biodegradation and metabolism
rxn00792,  Metabolism of cofactors and vitamins
rxn03040,  Amino acid metabolism
rxn15662,  Carbohydrate metabolism
rxn31847,  Nucleotide metabolism
rxn03799,  Xenobiotics biodegradation and metabolism
rxn02445,  Lipid metabolism
rxn08161,
rxn37797,  Nucleotide metabolism
rxn13143,  Metabolism of cofactors and vitamins
rxn04502,  Metabolism of terpenoids and polyketides
rxn03658,  Biosynthesis of other secondary metabolites
rxn16385,  Metabolism of cofactors and vitamins
EXpd00022,
rxn11643,  Metabolism of cofactors and vitamins
rxn33856,  Nucleotide metabolism
rxn05179,  Nucleotide metabolism
rxn03728,  Xenobiotics biodegradation and metabolism
rxn20661,  Amino acid metabolism
rxn01022,  Amino acid metabolism
rxn03343,  Amino acid metabolism
rxn41952,
rxn07745,  Biosynthesis of other secondary metabolites
rxn02904,
rxn33707,  Lipid metabolism
rxn43341,
rxn32074,  Metabolism of cofactors and vitamins
rxn02369,  Xenobiotics biodegradation and metabolism
rxn25709,
rxn01122,  Carbohydrate metabolism
rxn30128,
rxn28045,
rxn05235,  Nucleotide metabolism
rxn14083,
rxn04445,  Metabolism of terpenoids and polyketides
rxn01187,  Carbohydrate metabolism
rxn06904,  Xenobiotics biodegradation and metabolism
rxn14250,  Energy metabolism
rxn00729,  Amino acid metabolism
rxn15852,  Biosynthesis of other secondary metabolites
rxn39449,  Amino acid metabolism
rxn15623,  Metabolism of terpenoids and polyketides
rxn01375,  Nucleotide metabolism
rxn15536,
rxn19848,  Amino acid metabolism
rxn12780,  Carbohydrate metabolism
rxn30447,  Nucleotide metabolism
rxn07890,  Xenobiotics biodegradation and metabolism
rxn27927,  Carbohydrate metabolism
rxn40059,
rxn31451,  Lipid metabolism
rxn12146,  Carbohydrate metabolism
rxn31910,  Lipid metabolism
rxn34254,
rxn33082,  Lipid metabolism
rxn14097,  Amino acid metabolism
rxn00317,
rxn12009,  Xenobiotics biodegradation and metabolism
rxn11794,  Xenobiotics biodegradation and metabolism
rxn15325,  Carbohydrate metabolism
rxn35554,  Amino acid metabolism
rxn03678,  Xenobiotics biodegradation and metabolism
rxn25713,  Lipid metabolism
rxn00309,  Biosynthesis of other secondary metabolites
rxn00097,  Nucleotide metabolism
rxn12039,  Xenobiotics biodegradation and metabolism
rxn01293,  Xenobiotics biodegradation and metabolism
rxn03037,  Amino acid metabolism
rxn01654,  Metabolism of cofactors and vitamins
rxn01501,  Metabolism of terpenoids and polyketides
rxn41825,
rxn32803,  Carbohydrate metabolism
rxn08200,
rxn15267,  Carbohydrate metabolism
rxn34089,  Xenobiotics biodegradation and metabolism
rxn04447,  Metabolism of terpenoids and polyketides
rxn42899,
rxn08309,
rxn07346,  Metabolism of cofactors and vitamins
rxn03883,  Carbohydrate metabolism
rxn00315,
rxn04571,  Biosynthesis of other secondary metabolites
rxn15118,  Nucleotide metabolism
rxn27887,
rxn08088,
rxn00541,  Amino acid metabolism
rxn07908,  Xenobiotics biodegradation and metabolism
rxn03772,
rxn15045,  Carbohydrate metabolism
rxn16671,  Amino acid metabolism
rxn32754,  Metabolism of cofactors and vitamins
rxn00928,  Amino acid metabolism
rxn33452,
rxn31329,  Amino acid metabolism
rxn04651,  Carbohydrate metabolism
rxn33715,
rxn32227,
rxn04357,  Metabolism of terpenoids and polyketides
rxn04547,  Metabolism of terpenoids and polyketides
rxn19645,  Nucleotide metabolism
rxn01361,  Nucleotide metabolism
rxn09165,  Metabolism of cofactors and vitamins
rxn16776,  Nucleotide metabolism
rxn01742,  Amino acid metabolism
rxn12049,  Metabolism of other amino acids
rxn16159,  Metabolism of terpenoids and polyketides
rxn10202,  Energy metabolism
rxn09692,
rxn34709,  Lipid metabolism
rxn29082,  Carbohydrate metabolism
rxn38276,
rxn15999,  Xenobiotics biodegradation and metabolism
rxn26509,  Metabolism of terpenoids and polyketides
rxn27104,  Amino acid metabolism
rxn10623,  Amino acid metabolism
rxn01894,  Xenobiotics biodegradation and metabolism
rxn26484,  Metabolism of terpenoids and polyketides
rxn10010,  Energy metabolism
rxn08100,  Carbohydrate metabolism
EXpd00033,
rxn02989,  Amino acid metabolism
EXpd00654,
rxn02051,  Metabolism of terpenoids and polyketides
rxn35432,  Amino acid metabolism
rxn04354,  Metabolism of terpenoids and polyketides
rxn01870,  Carbohydrate metabolism
rxn00471,  Amino acid metabolism
rxn30469,
rxn38053,
rxn00701,  Carbohydrate metabolism
rxn02939,  Metabolism of cofactors and vitamins
rxn31954,  Carbohydrate metabolism
rxn21417,  Biosynthesis of other secondary metabolites
rxn38159,  Carbohydrate metabolism
rxn15495,  Lipid metabolism
rxn34789,  Carbohydrate metabolism
rxn03374,
rxn02346,  Carbohydrate metabolism
rxn01710,  Carbohydrate metabolism
rxn07832,  Xenobiotics biodegradation and metabolism
rxn00693,  Amino acid metabolism
rxn04875,  Xenobiotics biodegradation and metabolism
rxn10280,  Energy metabolism
rxn03758,  Metabolism of terpenoids and polyketides
rxn33907,  Carbohydrate metabolism
rxn29052,
rxn01368,  Nucleotide metabolism
rxn09327,  Nucleotide metabolism
rxn00855,  Amino acid metabolism
rxn00621,  Lipid metabolism
rxn10177,  Metabolism of terpenoids and polyketides
rxn03860,  Xenobiotics biodegradation and metabolism
rxn31891,  Xenobiotics biodegradation and metabolism
rxn38153,  Amino acid metabolism
rxn13171,  Metabolism of cofactors and vitamins
rxn27686,  Nucleotide metabolism
rxn03607,  Xenobiotics biodegradation and metabolism
rxn00117,  Nucleotide metabolism
rxn01967,  Carbohydrate metabolism
rxn35211,  Amino acid metabolism
rxn29006,
rxn02433,  Carbohydrate metabolism
rxn35164,  Lipid metabolism
rxn00056,  Metabolism of cofactors and vitamins
rxn14178,  Carbohydrate metabolism
EXpd01133,
rxn00503,  Amino acid metabolism
rxn43157,
rxn02446,  Lipid metabolism
rxn30665,  Lipid metabolism
rxn37809,  Amino acid metabolism
rxn01037,  Amino acid metabolism
rxn02262,  Carbohydrate metabolism
rxn40387,  Metabolism of other amino acids
rxn16619,  Amino acid metabolism
rxn09697,  Xenobiotics biodegradation and metabolism
rxn07775,  Metabolism of cofactors and vitamins
rxn06139,  Lipid metabolism
rxn04989,
rxn32643,  Metabolism of cofactors and vitamins
rxn04874,  Xenobiotics biodegradation and metabolism
rxn10030,  Energy metabolism
rxn15108,  Carbohydrate metabolism
rxn15171,
rxn39377,  Amino acid metabolism
rxn12303,
rxn00479,  Amino acid metabolism
rxn38356,
rxn35447,  Nucleotide metabolism
rxn01520,  Nucleotide metabolism
rxn30254,
EXpd00066,
rxn16122,  Metabolism of terpenoids and polyketides
rxn33502,  Carbohydrate metabolism
rxn31397,  Xenobiotics biodegradation and metabolism
rxn02192,  Lipid metabolism
rxn19140,
rxn05112,  Biosynthesis of other secondary metabolites
rxn07473,  Carbohydrate metabolism
rxn32350,
rxn03114,  Lipid metabolism
rxn09320,
rxn03492,  Metabolism of cofactors and vitamins
rxn07763,  Biosynthesis of other secondary metabolites
rxn21635,
rxn04482,  Metabolism of terpenoids and polyketides
EXpd00106,
EXpd03279,
rxn01304,  Amino acid metabolism
rxn11274,  Nucleotide metabolism
rxn09147,  Metabolism of cofactors and vitamins
rxn38163,  Metabolism of cofactors and vitamins
rxn01234,  Metabolism of other amino acids
rxn16144,  Xenobiotics biodegradation and metabolism
rxn19202,  Amino acid metabolism
rxn15088,  Carbohydrate metabolism
rxn14017,
rxn01160,  Energy metabolism
rxn05554,
rxn12210,  Carbohydrate metabolism
rxn38070,  Amino acid metabolism
rxn00383,  Energy metabolism
rxn00799,  Carbohydrate metabolism
rxn10643,  Amino acid metabolism
rxn30580,  Lipid metabolism
rxn00927,  Nucleotide metabolism
rxn34728,  Lipid metabolism
rxn07685,  Lipid metabolism
rxn07544,  Xenobiotics biodegradation and metabolism
rxn04024,  Amino acid metabolism
rxn08043,  Amino acid metabolism
rxn23405,  Carbohydrate metabolism
rxn33448,  Amino acid metabolism
rxn32850,  Lipid metabolism
rxn25746,  Lipid metabolism
rxn03336,  Amino acid metabolism
rxn00106,
rxn07774,  Metabolism of cofactors and vitamins
rxn32324,  Carbohydrate metabolism
rxn31826,
rxn30533,
rxn03675,  Xenobiotics biodegradation and metabolism
EXpd00036,
rxn38492,  Lipid metabolism
rxn08799,
rxn02279,  Carbohydrate metabolism
rxn30068,  Carbohydrate metabolism
rxn38689,  Metabolism of cofactors and vitamins
rxn22826,
rxn30907,  Nucleotide metabolism
rxn20041,
rxn04234,  Metabolism of terpenoids and polyketides
rxn41598,
rxn40040,  Energy metabolism
rxn15104,  Glycan biosynthesis and metabolism
rxn40038,  Energy metabolism
rxn15727,  Xenobiotics biodegradation and metabolism
rxn02745,  Xenobiotics biodegradation and metabolism
rxn16137,  Xenobiotics biodegradation and metabolism
rxn04350,  Metabolism of terpenoids and polyketides
rxn05909,  Amino acid metabolism
rxn01500,  Metabolism of terpenoids and polyketides
rxn00036,  Amino acid metabolism
rxn02405,  Glycan biosynthesis and metabolism
rxn03668,  Xenobiotics biodegradation and metabolism
rxn33213,
rxn03313,  Lipid metabolism
rxn04521,  Metabolism of terpenoids and polyketides
rxn32991,  Amino acid metabolism
rxn27959,  Xenobiotics biodegradation and metabolism
rxn08547,
rxn20288,  Nucleotide metabolism
rxn05117,  Metabolism of cofactors and vitamins
rxn32529,
rxn27531,
rxn30897,  Carbohydrate metabolism
rxn10204,  Energy metabolism
rxn37671,
rxn37661,  Metabolism of cofactors and vitamins
rxn15074,
rxn06037,  Lipid metabolism
rxn30089,
rxn00276,
rxn36688,  Lipid metabolism
rxn32831,
rxn02143,  Xenobiotics biodegradation and metabolism
rxn16095,  Xenobiotics biodegradation and metabolism
rxn32076,  Glycan biosynthesis and metabolism
rxn37937,
rxn20839,  Metabolism of terpenoids and polyketides
rxn35505,  Carbohydrate metabolism
rxn15439,  Carbohydrate metabolism
rxn02795,  Lipid metabolism
rxn35437,
rxn00407,  Nucleotide metabolism