Reaction,Annotation
rxn02007, Carbohydrate metabolism
EXpd00027,
rxn39462, Lipid metabolism
rxn26310, Energy metabolism
rxn03395, Metabolism of cofactors and vitamins
rxn17384, Biosynthesis of other secondary metabolites
rxn31324, Lipid metabolism
rxn08088,
rxn03440, Carbohydrate metabolism
rxn00984,
rxn03969, Xenobiotics biodegradation and metabolites
rxn08241,
rxn09472, Metabolism of other amino acids
rxn37937,
rxn04830, Xenobiotics biodegradation and metabolites
rxn00588, Xenobiotics biodegradation and metabolites
rxn05669,
rxn07902, Xenobiotics biodegradation and metabolites
rxn15685, Metabolism of terpenoids and polyketides
rxn02263, Carbohydrate metabolism
rxn03630, Metabolism of other amino acids
rxn33569, Biosynthesis of other secondary metabolites
rxn07264, Lipid metabolism
rxn01306, Carbohydrate metabolism
rxn10577,
rxn29919, Carbohydrate metabolism
rxn14058, Amino acid metabolism
rxn30154,
rxn08377, Lipid metabolism
rxn09065, Metabolism of cofactors and vitamins
rxn30860, Metabolism of cofactors and vitamins
rxn31426, Carbohydrate metabolism
rxn03870, Xenobiotics biodegradation and metabolites
rxn16089, Xenobiotics biodegradation and metabolites
rxn16681, Amino acid metabolism
rxn15146, Carbohydrate metabolism
rxn07544, Xenobiotics biodegradation and metabolites
rxn30509,
rxn03504, Carbohydrate metabolism
rxn16172, Metabolism of terpenoids and polyketides
rxn38241, Metabolism of cofactors and vitamins
rxn00452, Amino acid metabolism
rxn01113, Carbohydrate metabolism
rxn46266,
rxn07757, Biosynthesis of other secondary metabolites
rxn30041, Metabolism of cofactors and vitamins
rxn00287,
rxn00306, Carbohydrate metabolism
rxn01610, Amino acid metabolism
rxn30369, Metabolism of cofactors and vitamins
rxn09320,
rxn07826, Xenobiotics biodegradation and metabolites
rxn01515, Nucleotide metabolism
rxn15360, Carbohydrate metabolism
rxn08161,
rxn01633, Carbohydrate metabolism
rxn02405, Glycan biosynthesis and metabolism
rxn19142,
rxn01990, Carbohydrate metabolism
rxn09339, Metabolism of terpenoids and polyketides
rxn03544, Biosynthesis of other secondary metabolites
rxn02227, Amino acid metabolism
rxn31520, Lipid metabolism
rxn03561, Xenobiotics biodegradation and metabolites
rxn05152, Nucleotide metabolism
rxn28089, Carbohydrate metabolism
rxn04603, Amino acid metabolism
rxn27937,
EXpd15561,
rxn00473, Amino acid metabolism
rxn27994, Carbohydrate metabolism
rxn40040, Energy metabolism
rxn32871, Carbohydrate metabolism
rxn44035,
rxn27816, Amino acid metabolism
rxn10609, Biosynthesis of other secondary metabolites
rxn32753, Lipid metabolism
rxn01128, Nucleotide metabolism
rxn16234, Energy metabolism
rxn00657, Metabolism of other amino acids
rxn04275, Metabolism of terpenoids and polyketides
rxn32643, Metabolism of cofactors and vitamins
rxn34719, Lipid metabolism
rxn32259, Carbohydrate metabolism
rxn30151, Amino acid metabolism
rxn33207, Carbohydrate metabolism
rxn03899, Energy metabolism
rxn01586, Lipid metabolism
rxn06542, Amino acid metabolism
rxn07352, Metabolism of terpenoids and polyketides
rxn02229, Amino acid metabolism
rxn38485, Lipid metabolism
rxn16250, Xenobiotics biodegradation and metabolites
rxn38284, Carbohydrate metabolism
rxn01993, Xenobiotics biodegradation and metabolites
rxn03195, Amino acid metabolism
rxn03030, Amino acid metabolism
rxn32683, Metabolism of other amino acids
rxn01948, Amino acid metabolism
rxn01370, Nucleotide metabolism
rxn05794,
rxn16665,
rxn15074,
rxn03792, Xenobiotics biodegradation and metabolites
rxn02900, Metabolism of other amino acids
rxn04024, Amino acid metabolism
rxn01504, Amino acid metabolism
rxn29959, Carbohydrate metabolism
rxn06091, Lipid metabolism
rxn05909, Amino acid metabolism
rxn36686, Lipid metabolism
rxn32898, Nucleotide metabolism
rxn00995,
rxn34231, Carbohydrate metabolism
rxn02084, Amino acid metabolism
rxn01640, Amino acid metabolism
rxn33213,
rxn14039, Metabolism of cofactors and vitamins
rxn15615, Metabolism of terpenoids and polyketides
rxn07587, Metabolism of cofactors and vitamins
rxn19774,
rxn22535, Carbohydrate metabolism
rxn29023,
rxn08212, Nucleotide metabolism
rxn27000, Amino acid metabolism
rxn34633, Amino acid metabolism
rxn09149, Metabolism of cofactors and vitamins
rxn26890, Xenobiotics biodegradation and metabolites
rxn29942, Nucleotide metabolism
rxn27109, Amino acid metabolism
rxn07602, Xenobiotics biodegradation and metabolites
rxn34716, Lipid metabolism
rxn19071, Nucleotide metabolism
rxn33097, Metabolism of cofactors and vitamins
rxn08754, Metabolism of terpenoids and polyketides
rxn15642, Xenobiotics biodegradation and metabolites
rxn10203, Energy metabolism
rxn03141, Glycan biosynthesis and metabolism
rxn05205, Nucleotide metabolism
rxn38059,
rxn07132, Metabolism of terpenoids and polyketides
rxn15636, Metabolism of terpenoids and polyketides
rxn04706, Amino acid metabolism
rxn31689,
rxn07763, Biosynthesis of other secondary metabolites
rxn16635, Metabolism of terpenoids and polyketides
rxn34523, Metabolism of cofactors and vitamins
rxn31917, Nucleotide metabolism
rxn38121, Amino acid metabolism
rxn31988, Amino acid metabolism
rxn00843, Energy metabolism
rxn05115, Nucleotide metabolism
rxn15075, Carbohydrate metabolism
rxn09692,
rxn00767,
rxn24334,
rxn13962, Amino acid metabolism
rxn03765, Biosynthesis of other secondary metabolites
rxn16168, Metabolism of terpenoids and polyketides
rxn15868, Metabolism of terpenoids and polyketides
rxn35527, Lipid metabolism
rxn38694, Metabolism of cofactors and vitamins
rxn01267, Amino acid metabolism
rxn07901, Xenobiotics biodegradation and metabolites
rxn33663, Nucleotide metabolism
rxn30580, Lipid metabolism
rxn01847, Carbohydrate metabolism
rxn02160, Amino acid metabolism
rxn01987, Carbohydrate metabolism
rxn02788, Xenobiotics biodegradation and metabolites
rxn02279, Carbohydrate metabolism
rxn09306,
rxn03358, Amino acid metabolism
rxn00921, Xenobiotics biodegradation and metabolites
rxn48118,
rxn31530, Metabolism of terpenoids and polyketides
rxn35549, Amino acid metabolism
rxn03611, Xenobiotics biodegradation and metabolites
rxn15325, Carbohydrate metabolism
rxn02118, Biosynthesis of other secondary metabolites
rxn03421, Metabolism of cofactors and vitamins
rxn33581, Carbohydrate metabolism
rxn31585, Amino acid metabolism
rxn00213, Carbohydrate metabolism
rxn31451, Lipid metabolism
rxn31584, Amino acid metabolism
rxn15414, Lipid metabolism
rxn16238, Energy metabolism
rxn32064, Metabolism of other amino acids
rxn32095, Nucleotide metabolism
rxn27379, Amino acid metabolism
rxn34672, Metabolism of other amino acids
rxn33327, Lipid metabolism
rxn41825,
rxn16742,
rxn15267, Carbohydrate metabolism
rxn32842,
rxn38507, Metabolism of cofactors and vitamins
rxn16684, Carbohydrate metabolism
rxn33707, Lipid metabolism
rxn33560, Biosynthesis of other secondary metabolites
rxn33063, Amino acid metabolism
rxn00891, Carbohydrate metabolism
rxn03455, Xenobiotics biodegradation and metabolites
rxn31264,
rxn00871, Carbohydrate metabolism
rxn09469, Metabolism of other amino acids
rxn03304, Lipid metabolism
rxn04718, Xenobiotics biodegradation and metabolites
rxn05638,
rxn01236, Carbohydrate metabolism
rxn04512, Metabolism of terpenoids and polyketides
rxn16862,
rxn19253, Amino acid metabolism
rxn27001,
rxn06860, Carbohydrate metabolism
rxn02981, Xenobiotics biodegradation and metabolites
rxn11654, Xenobiotics biodegradation and metabolites
rxn01830, Carbohydrate metabolism
rxn07740, Lipid metabolism
rxn32737, Xenobiotics biodegradation and metabolites
rxn47906,
rxn01751, Carbohydrate metabolism
rxn10477, Metabolism of cofactors and vitamins
rxn16800, Carbohydrate metabolism
rxn03344, Amino acid metabolism
rxn04750, Amino acid metabolism
rxn01423, Amino acid metabolism
rxn02552, Carbohydrate metabolism
rxn40038, Energy metabolism
rxn31326, Lipid metabolism
rxn07151, Biosynthesis of other secondary metabolites
rxn00610, Lipid metabolism
rxn01122, Carbohydrate metabolism
rxn01347,
rxn04833, Xenobiotics biodegradation and metabolites
rxn05123, Amino acid metabolism
rxn01912, Carbohydrate metabolism
rxn27933, Amino acid metabolism
rxn32389, Lipid metabolism
rxn17468, Lipid metabolism
rxn04274, Metabolism of terpenoids and polyketides
rxn16048, Carbohydrate metabolism
rxn02974, Carbohydrate metabolism
rxn20204,
rxn34737, Lipid metabolism
rxn03643, Carbohydrate metabolism
rxn03094,
rxn04082, Carbohydrate metabolism
rxn02808, Xenobiotics biodegradation and metabolites
rxn33736,
rxn20026,
rxn16762, Metabolism of terpenoids and polyketides
EXpd00130,
rxn02545, Xenobiotics biodegradation and metabolites
rxn03236,
rxn24576,
rxn07595, Xenobiotics biodegradation and metabolites
rxn11998, Lipid metabolism
rxn12363, Metabolism of cofactors and vitamins
rxn00587, Xenobiotics biodegradation and metabolites
rxn01346,
rxn01363, Amino acid metabolism
rxn04524, Metabolism of terpenoids and polyketides
rxn15627, Metabolism of terpenoids and polyketides
rxn01763, Carbohydrate metabolism
rxn01933, Xenobiotics biodegradation and metabolites
rxn01601, Metabolism of cofactors and vitamins
rxn31323, Lipid metabolism
rxn15220, Carbohydrate metabolism
rxn00297, Carbohydrate metabolism
rxn32226, Carbohydrate metabolism
rxn38263, Carbohydrate metabolism
rxn03756, Metabolism of terpenoids and polyketides
rxn03740, Xenobiotics biodegradation and metabolites
rxn16592,
rxn00908, Carbohydrate metabolism
rxn38234, Nucleotide metabolism
rxn07317, Lipid metabolism
rxn00744, Lipid metabolism
rxn09260,
rxn21214, Amino acid metabolism
rxn14108, Carbohydrate metabolism
rxn27818, Glycan biosynthesis and metabolism
rxn34262, Carbohydrate metabolism
rxn31946,
rxn15443, Lipid metabolism
rxn00787, Carbohydrate metabolism
rxn00152, Carbohydrate metabolism
rxn06890, Xenobiotics biodegradation and metabolites
rxn26484, Metabolism of terpenoids and polyketides
rxn05616,
rxn05676,
rxn39267,
rxn00728, Amino acid metabolism
rxn00143, Amino acid metabolism
rxn00117, Nucleotide metabolism
rxn15748, Amino acid metabolism
rxn06077, Amino acid metabolism
rxn01605, Carbohydrate metabolism
rxn09113, Metabolism of cofactors and vitamins
rxn43619,
rxn36076,
rxn03301, Lipid metabolism
rxn11590,
rxn04360, Metabolism of terpenoids and polyketides
rxn16235, Energy metabolism
rxn03821, Metabolism of terpenoids and polyketides
rxn01164, Lipid metabolism
rxn07681, Lipid metabolism
rxn02828, Biosynthesis of other secondary metabolites
rxn14126, Metabolism of terpenoids and polyketides
EXpd15560,
rxn08324,
rxn11663,
rxn33042, Carbohydrate metabolism
rxn01974, Amino acid metabolism
rxn27887,
rxn32466, Biosynthesis of other secondary metabolites
rxn02196, Biosynthesis of other secondary metabolites
rxn02270,
rxn00654, Nucleotide metabolism
rxn16579, Metabolism of terpenoids and polyketides
rxn32956, Xenobiotics biodegradation and metabolites
rxn17765, Amino acid metabolism
rxn28180, Amino acid metabolism
rxn27688, Nucleotide metabolism
rxn31059, Nucleotide metabolism
rxn02045, Amino acid metabolism
rxn14109, Amino acid metabolism
rxn31901, Amino acid metabolism
rxn34736, Lipid metabolism
rxn33066, Carbohydrate metabolism
rxn12510, Metabolism of cofactors and vitamins
rxn15274, Metabolism of other amino acids
rxn01895, Amino acid metabolism
rxn33099, Xenobiotics biodegradation and metabolites
rxn15827, Metabolism of other amino acids
rxn30355, Amino acid metabolism
rxn31104, Metabolism of cofactors and vitamins
R03018, Metabolism of cofactors and vitamins
EXpd00065,
rxn38888, Amino acid metabolism
rxn16257, Xenobiotics biodegradation and metabolites
rxn16698, Metabolism of terpenoids and polyketides
rxn08688, Metabolism of cofactors and vitamins
rxn30380, Metabolism of cofactors and vitamins
rxn03919, Glycan biosynthesis and metabolism
rxn00072, Metabolism of cofactors and vitamins
rxn00285, Carbohydrate metabolism
rxn03380,
rxn37661, Metabolism of cofactors and vitamins
rxn33129, Metabolism of cofactors and vitamins
rxn03264,
rxn24354, Amino acid metabolism
rxn18964, Carbohydrate metabolism
rxn04356, Metabolism of terpenoids and polyketides
rxn01172, Metabolism of other amino acids
rxn38689, Metabolism of cofactors and vitamins
rxn01953, Carbohydrate metabolism
rxn25492, Amino acid metabolism
rxn04550, Metabolism of terpenoids and polyketides
rxn29006,
rxn31982, Amino acid metabolism
rxn03705, Xenobiotics biodegradation and metabolites
rxn33079, Carbohydrate metabolism
rxn38535, Amino acid metabolism
rxn01135, Carbohydrate metabolism
rxn16157, Metabolism of terpenoids and polyketides
rxn26511,
rxn07879,
rxn32516, Amino acid metabolism
rxn35958,
rxn07360, Metabolism of terpenoids and polyketides
rxn05625,
rxn38240, Nucleotide metabolism
rxn01962, Nucleotide metabolism
rxn02428, Metabolism of cofactors and vitamins
rxn46214,
rxn09934, Xenobiotics biodegradation and metabolites
rxn30708, Metabolism of cofactors and vitamins
rxn08478,
rxn05887,
rxn34770, Carbohydrate metabolism
rxn34718, Lipid metabolism
EXpd15499,
rxn03884, Carbohydrate metabolism
rxn04346, Metabolism of terpenoids and polyketides
rxn07177, Xenobiotics biodegradation and metabolites
rxn01520, Nucleotide metabolism
rxn11744,
rxn30141, Carbohydrate metabolism
rxn15546, Lipid metabolism
rxn00036, Amino acid metabolism
rxn02332, Carbohydrate metabolism
rxn38489, Lipid metabolism
rxn32610, Metabolism of cofactors and vitamins
rxn01981, Metabolism of other amino acids
rxn03743, Xenobiotics biodegradation and metabolites
rxn42058,
rxn38356,
rxn06403, Carbohydrate metabolism
rxn01343,
rxn05513,
rxn07760, Biosynthesis of other secondary metabolites
rxn02304, Metabolism of cofactors and vitamins
rxn35283, Amino acid metabolism
rxn30368,
rxn05301, Lipid metabolism
rxn02791, Metabolism of other amino acids
rxn01844, Lipid metabolism
rxn04516, Metabolism of terpenoids and polyketides
rxn11778, Xenobiotics biodegradation and metabolites
rxn07524, Xenobiotics biodegradation and metabolites
rxn38243, Amino acid metabolism
rxn08518,
rxn16176, Metabolism of terpenoids and polyketides
rxn04331, Metabolism of terpenoids and polyketides
rxn32076, Glycan biosynthesis and metabolism
rxn01991, Amino acid metabolism
rxn04587, Biosynthesis of other secondary metabolites
rxn05236, Nucleotide metabolism
rxn33688, Biosynthesis of other secondary metabolites
rxn32938, Metabolism of cofactors and vitamins
rxn32091, Carbohydrate metabolism
rxn35692, Metabolism of other amino acids
cofactor_rxn,
rxn15496, Lipid metabolism
rxn00106,
rxn10280, Energy metabolism
EXpd00412,
rxn28146,
rxn04913, Lipid metabolism
rxn34632, Carbohydrate metabolism
rxn15049, Nucleotide metabolism
rxn03334, Amino acid metabolism
rxn02676, Carbohydrate metabolism
rxn02929, Amino acid metabolism
rxn25059,
rxn31424, Carbohydrate metabolism
rxn38135,
rxn02894, Amino acid metabolism
rxn31984, Lipid metabolism
rxn33337,
rxn33242,
rxn15656, Carbohydrate metabolism
rxn17678, Lipid metabolism
rxn01545, Nucleotide metabolism
rxn09862, Xenobiotics biodegradation and metabolites
rxn31325, Lipid metabolism
rxn07889, Xenobiotics biodegradation and metabolites
rxn34733, Lipid metabolism
rxn06874, Energy metabolism
rxn25583, Biosynthesis of other secondary metabolites
rxn00465,
rxn23799, Metabolism of cofactors and vitamins
rxn33166, Metabolism of cofactors and vitamins
rxn04196, Metabolism of terpenoids and polyketides
rxn11810, Xenobiotics biodegradation and metabolites
rxn32569, Carbohydrate metabolism
rxn20649, Amino acid metabolism
EXpd01414,
rxn00407, Nucleotide metabolism
rxn07885,
rxn03936, Xenobiotics biodegradation and metabolites
rxn16613, Glycan biosynthesis and metabolism
rxn31758, Metabolism of other amino acids
rxn04989,
rxn00435, Xenobiotics biodegradation and metabolites
rxn36480, Lipid metabolism
rxn08231,
rxn02986, Metabolism of cofactors and vitamins
rxn03194,
rxn30395, Carbohydrate metabolism
rxn06741,
rxn04705, Metabolism of cofactors and vitamins
rxn32171, Carbohydrate metabolism
rxn27772, Amino acid metabolism
rxn34233, Carbohydrate metabolism
rxn32050, Carbohydrate metabolism
rxn15478, Glycan biosynthesis and metabolism
rxn04483, Metabolism of terpenoids and polyketides
rxn22827, Amino acid metabolism
rxn33392,
rxn04357, Metabolism of terpenoids and polyketides
rxn11643, Metabolism of cofactors and vitamins
rxn46173,
rxn32386, Nucleotide metabolism
rxn04912, Lipid metabolism
rxn20016, Amino acid metabolism
rxn11595,
rxn42840,
rxn33557,
rxn31075,
rxn03043, Carbohydrate metabolism
rxn00004, Xenobiotics biodegradation and metabolites
rxn32104, Metabolism of cofactors and vitamins
rxn31243, Carbohydrate metabolism
rxn08392, Lipid metabolism
rxn22066, Metabolism of other amino acids
rxn31277, Lipid metabolism
rxn01522, Nucleotide metabolism
rxn47074,
rxn32185, Amino acid metabolism
rxn31250, Lipid metabolism
rxn07603, Biosynthesis of other secondary metabolites
rxn38981, Carbohydrate metabolism
rxn16798, Carbohydrate metabolism
rxn05305, Lipid metabolism
rxn38097,
rxn15368, Amino acid metabolism
rxn32421, Carbohydrate metabolism
rxn05327, Lipid metabolism
rxn00678, Carbohydrate metabolism
rxn36081,
rxn01220, Nucleotide metabolism
rxn01641, Amino acid metabolism
rxn01999, Metabolism of terpenoids and polyketides
rxn17648, Metabolism of cofactors and vitamins
rxn02478, Xenobiotics biodegradation and metabolites
rxn14169, Amino acid metabolism
rxn19982, Lipid metabolism
rxn07484, Xenobiotics biodegradation and metabolites
rxn31276, Lipid metabolism
rxn40099, Energy metabolism
rxn32682, Xenobiotics biodegradation and metabolites
rxn15131, Carbohydrate metabolism
rxn14250, Energy metabolism
rxn33098,
rxn01252, Metabolism of cofactors and vitamins
rxn33490, Energy metabolism
rxn16356, Nucleotide metabolism
rxn05242,
rxn33730, Amino acid metabolism
rxn01828, Carbohydrate metabolism
rxn04831, Xenobiotics biodegradation and metabolites
rxn28091, Carbohydrate metabolism
rxn05107, Amino acid metabolism
rxn06112, Biosynthesis of other secondary metabolites
rxn33907, Carbohydrate metabolism
rxn01989, Carbohydrate metabolism
rxn08766, Lipid metabolism
rxn16792, Carbohydrate metabolism
rxn34424,
rxn45616,
rxn07745, Biosynthesis of other secondary metabolites
rxn30532,
rxn02246, Amino acid metabolism
rxn32556, Nucleotide metabolism
rxn13940, Glycan biosynthesis and metabolism
rxn01305, Carbohydrate metabolism
rxn00682, Carbohydrate metabolism
rxn04586, Biosynthesis of other secondary metabolites
rxn01913, Carbohydrate metabolism
rxn31235, Carbohydrate metabolism
rxn03481, Carbohydrate metabolism
rxn13734,
rxn16355, Energy metabolism
rxn07363, Metabolism of terpenoids and polyketides
rxn10543, Metabolism of cofactors and vitamins
rxn34709, Lipid metabolism
rxn01753, Carbohydrate metabolism
rxn01648, Nucleotide metabolism
rxn30635, Amino acid metabolism
rxn07347, Metabolism of terpenoids and polyketides
rxn14050,
rxn03114, Lipid metabolism
rxn08069,
rxn25582,
rxn05618,
rxn03612, Xenobiotics biodegradation and metabolites
rxn03691, Xenobiotics biodegradation and metabolites
rxn00729, Amino acid metabolism
rxn09180, Amino acid metabolism
GmNegellwall,
rxn14232, Amino acid metabolism
rxn47121,
rxn34245, Carbohydrate metabolism
rxn07766, Biosynthesis of other secondary metabolites
rxn04036, Energy metabolism
rxn10105, Energy metabolism
rxn16412,
rxn16051, Metabolism of terpenoids and polyketides
rxn16175, Metabolism of terpenoids and polyketides
rxn31225, Lipid metabolism
rxn32048, Metabolism of other amino acids
rxn33696, Amino acid metabolism
rxn09693, Xenobiotics biodegradation and metabolites
rxn16758, Xenobiotics biodegradation and metabolites
rxn09420, Lipid metabolism
rxn00461, Carbohydrate metabolism
rxn19986, Amino acid metabolism
rxn07618, Xenobiotics biodegradation and metabolites
rxn07573, Lipid metabolism
rxn01474, Carbohydrate metabolism
rxn10272, Energy metabolism
rxn20046,
rxn02450, Lipid metabolism
rxn30698, Carbohydrate metabolism
rxn09124, Metabolism of cofactors and vitamins
rxn23808, Metabolism of other amino acids
rxn30332, Amino acid metabolism
rxn16826, Nucleotide metabolism
rxn27455, Xenobiotics biodegradation and metabolites
rxn28001, Carbohydrate metabolism
rxn12049, Metabolism of other amino acids
rxn02437, Carbohydrate metabolism
rxn28460,
rxn14089, Xenobiotics biodegradation and metabolites
rxn14097, Amino acid metabolism
rxn07450, Amino acid metabolism
rxn03559, Xenobiotics biodegradation and metabolites
rxn30418,
rxn04473, Metabolism of terpenoids and polyketides
rxn34567, Amino acid metabolism
rxn00693, Amino acid metabolism
rxn01911, Carbohydrate metabolism
rxn29956, Nucleotide metabolism
rxn31423,
rxn10984, Lipid metabolism
rxn06850, Lipid metabolism
rxn03594, Xenobiotics biodegradation and metabolites
EXpd00035,
rxn02779, Amino acid metabolism
rxn31218,
rxn15387, Metabolism of other amino acids
rxn38359, Carbohydrate metabolism
rxn25709,
biomass_GmNeg,
rxn03866, Xenobiotics biodegradation and metabolites
rxn07724, Lipid metabolism
rxn30334, Metabolism of other amino acids
rxn02253, Carbohydrate metabolism
rxn01644,
rxn15545, Lipid metabolism
rxn05308, Lipid metabolism
rxn16106, Metabolism of terpenoids and polyketides
rxn27866, Carbohydrate metabolism
EXpd00072,
rxn12005, Metabolism of cofactors and vitamins
rxn32073, Metabolism of other amino acids
rxn01597, Xenobiotics biodegradation and metabolites
rxn38885, Carbohydrate metabolism
rxn00677, Carbohydrate metabolism
rxn05458, Lipid metabolism
rxn03642, Carbohydrate metabolism
rxn30391,
rxn09301, Nucleotide metabolism
rxn16513, Carbohydrate metabolism
rxn33231, Carbohydrate metabolism
rxn00833, Nucleotide metabolism
rxn35437,
rxn30733, Carbohydrate metabolism
rxn30019, Amino acid metabolism
EXpd00030,
rxn38971, Energy metabolism
rxn14173,
rxn32814,
rxn11717, Lipid metabolism
rxn32560, Carbohydrate metabolism
rxn39376, Amino acid metabolism
rxn00033, Amino acid metabolism
rxn28046, Metabolism of cofactors and vitamins
rxn03339, Amino acid metabolism
rxn00623, Energy metabolism
rxn38115, Carbohydrate metabolism
rxn00258, Carbohydrate metabolism
rxn27774,
rxn38076,
rxn00940, Metabolism of cofactors and vitamins
rxn05651,
rxn16086, Xenobiotics biodegradation and metabolites
rxn01207,
EXpd00033,
rxn16323,
rxn27667, Carbohydrate metabolism
EXpd17026,
rxn17248, Metabolism of cofactors and vitamins
rxn08309,
rxn09427, Lipid metabolism
rxn38011, Metabolism of other amino acids
rxn31253, Lipid metabolism
rxn10580,
rxn15725, Biosynthesis of other secondary metabolites
rxn04298, Metabolism of terpenoids and polyketides
rxn01735, Amino acid metabolism
rxn01817, Carbohydrate metabolism
EXpd03587,
rxn04953,
rxn02122, Carbohydrate metabolism
rxn38024, Nucleotide metabolism
rxn04930, Carbohydrate metabolism
rxn01772, Amino acid metabolism
rxn37995, Carbohydrate metabolism
rxn02071, Amino acid metabolism
rxn32122, Carbohydrate metabolism
rxn00899,
rxn25494, Metabolism of cofactors and vitamins
rxn08429, Lipid metabolism
rxn32673,
rxn35553, Amino acid metabolism
rxn32074, Metabolism of cofactors and vitamins
rxn07318, Lipid metabolism
rxn15633, Carbohydrate metabolism
rxn04143, Carbohydrate metabolism
rxn30606, Nucleotide metabolism
rxn30710, Nucleotide metabolism
rxn38669, Biosynthesis of other secondary metabolites
rxn28797,
rxn14196, Metabolism of terpenoids and polyketides
rxn03856, Carbohydrate metabolism
rxn02772, Metabolism of terpenoids and polyketides
rxn07774, Metabolism of cofactors and vitamins
rxn12569, Metabolism of cofactors and vitamins
rxn02926, Amino acid metabolism
rxn16677, Amino acid metabolism
rxn00962, Xenobiotics biodegradation and metabolites
rxn01025, Nucleotide metabolism
rxn03704, Xenobiotics biodegradation and metabolites
rxn02319, Carbohydrate metabolism
rxn03809, Metabolism of terpenoids and polyketides
lipid_rxn,
rxn21936, Carbohydrate metabolism
rxn31419, Xenobiotics biodegradation and metabolites
rxn16497, Metabolism of terpenoids and polyketides
rxn34581, Metabolism of other amino acids
rxn00101, Nucleotide metabolism
rxn11078, Metabolism of cofactors and vitamins
rxn03437, Amino acid metabolism
rxn11355,
rxn38693,
rxn01221, Nucleotide metabolism
rxn01516, Nucleotide metabolism
rxn29082, Carbohydrate metabolism
rxn33884, Metabolism of cofactors and vitamins
rxn01635, Amino acid metabolism
rxn38499, Metabolism of terpenoids and polyketides
rxn04068, Lipid metabolism
rxn30541,
rxn04598, Amino acid metabolism
rxn01453, Carbohydrate metabolism
rxn04329, Metabolism of terpenoids and polyketides
rxn19487,
rxn01446, Nucleotide metabolism
rxn00532, Carbohydrate metabolism
rxn15754, Metabolism of cofactors and vitamins
rxn34300, Nucleotide metabolism
rxn31866,
rxn12582, Metabolism of cofactors and vitamins
rxn16574,
rxn03546, Xenobiotics biodegradation and metabolites
rxn15621, Metabolism of terpenoids and polyketides
rxn38113, Carbohydrate metabolism
rxn21114, Amino acid metabolism
rxn05124, Amino acid metabolism
rxn05963, Lipid metabolism
rxn34194, Metabolism of other amino acids
rxn32303,
rxn06080, Lipid metabolism
rxn01064, Xenobiotics biodegradation and metabolites
rxn39268,
rxn32152, Xenobiotics biodegradation and metabolites
rxn15219, Carbohydrate metabolism
rxn16085, Xenobiotics biodegradation and metabolites
rxn09193, Metabolism of other amino acids
rxn16825, Carbohydrate metabolism
rxn01176, Carbohydrate metabolism
rxn01497, Amino acid metabolism
rxn03535, Metabolism of cofactors and vitamins
rxn03482, Carbohydrate metabolism
rxn02235, Lipid metabolism
rxn45744,
rxn32021, Metabolism of cofactors and vitamins
rxn02369, Xenobiotics biodegradation and metabolites
rxn32239,
rxn15338, Carbohydrate metabolism
rxn30020,
rxn35431,
rxn32939, Nucleotide metabolism
rxn32357,
rxn15365, Lipid metabolism
rxn01857, Carbohydrate metabolism
rxn29955, Nucleotide metabolism
rxn03814, Metabolism of terpenoids and polyketides
rxn02367, Amino acid metabolism
rxn30596, Amino acid metabolism
rxn04348, Metabolism of terpenoids and polyketides
rxn00638, Carbohydrate metabolism
rxn03342, Amino acid metabolism
rxn33363, Xenobiotics biodegradation and metabolites
rxn29952, Nucleotide metabolism
rxn09166, Metabolism of cofactors and vitamins
rxn28543, Carbohydrate metabolism
rxn00471, Amino acid metabolism
rxn04340, Metabolism of terpenoids and polyketides
rxn11000,
rxn17807, Lipid metabolism
rxn32982, Nucleotide metabolism
rxn32727,
rxn11877, Carbohydrate metabolism
rxn02085, Amino acid metabolism
rxn38692, Metabolism of cofactors and vitamins
rxn04482, Metabolism of terpenoids and polyketides
rxn02144, Xenobiotics biodegradation and metabolites
rxn15363, Carbohydrate metabolism
rxn23000, Carbohydrate metabolism
rxn32447, Energy metabolism
rxn38318, Amino acid metabolism
rxn08297,
rxn34226,
rxn15856, Biosynthesis of other secondary metabolites
rxn36506, Lipid metabolism
rxn03560, Xenobiotics biodegradation and metabolites
rxn37546,
rxn08547,
rxn16573, Metabolism of cofactors and vitamins
rxn16126, Metabolism of terpenoids and polyketides
rxn38053,
rxn08818,
rxn01279, Carbohydrate metabolism
rxn01575, Amino acid metabolism
rxn37600, Carbohydrate metabolism
rxn15964, Energy metabolism
rxn01364, Amino acid metabolism
rxn02015, Lipid metabolism
rxn27618, Lipid metabolism
rxn27108, Amino acid metabolism
EXpd00067,
rxn35311,
rxn07909, Xenobiotics biodegradation and metabolites
rxn03514, Metabolism of cofactors and vitamins
rxn02362,
rxn05112, Biosynthesis of other secondary metabolites
rxn28991, Energy metabolism
rxn06522,
rxn02092, Carbohydrate metabolism
rxn06149, Energy metabolism
rxn04034, Metabolism of terpenoids and polyketides
rxn34778, Xenobiotics biodegradation and metabolites
rxn16156, Metabolism of terpenoids and polyketides
rxn00590, Xenobiotics biodegradation and metabolites
rxn03749, Xenobiotics biodegradation and metabolites
rxn03601, Xenobiotics biodegradation and metabolites
rxn01750, Carbohydrate metabolism
rxn05674,
rxn29473,
rxn01715, Amino acid metabolism
EXpd00007,
rxn08043, Amino acid metabolism
rxn16230, Metabolism of terpenoids and polyketides
rxn04911, Lipid metabolism
rxn08239,
rxn35429,
rxn08822,
rxn16839,
rxn17854, Lipid metabolism
rxn16511,
rxn15257, Carbohydrate metabolism
rxn30643,
rxn00228, Metabolism of other amino acids
rxn32917, Nucleotide metabolism
rxn10974, Metabolism of terpenoids and polyketides
rxn15206,
rxn09861, Xenobiotics biodegradation and metabolites
rxn00627, Carbohydrate metabolism
rxn00620, Lipid metabolism
rxn11156, Metabolism of cofactors and vitamins
rxn00337, Amino acid metabolism
rxn09460, Metabolism of other amino acids
rxn01461, Amino acid metabolism
peptidoglycan_rxn,
rxn00957, Xenobiotics biodegradation and metabolites
rxn02103, Nucleotide metabolism
rxn11838, Xenobiotics biodegradation and metabolites
rxn32750, Metabolism of cofactors and vitamins
rxn34731, Amino acid metabolism
rxn20665,
rxn00503, Amino acid metabolism
rxn07143, Metabolism of terpenoids and polyketides
rxn37640, Energy metabolism
rxn30972, Xenobiotics biodegradation and metabolites
rxn31364, Energy metabolism
rxn07682, Lipid metabolism
rxn16837, Metabolism of cofactors and vitamins
rxn03424, Amino acid metabolism
rxn15272, Energy metabolism
EXpd00119,
rxn16247, Xenobiotics biodegradation and metabolites
rxn06425,
rxn04012, Lipid metabolism
rxn16803, Xenobiotics biodegradation and metabolites
rxn01656, Metabolism of terpenoids and polyketides
rxn00292, Carbohydrate metabolism
rxn11210,
rxn01418, Amino acid metabolism
rxn15749, Amino acid metabolism
rxn44067,
rxn13741,
rxn02000, Biosynthesis of other secondary metabolites
rxn03587, Xenobiotics biodegradation and metabolites
rxn16314, Metabolism of cofactors and vitamins
rxn37807, Amino acid metabolism
rxn07490, Carbohydrate metabolism
rxn05241,
rxn15169, Lipid metabolism
rxn07455, Lipid metabolism
rxn33140, Lipid metabolism
rxn30324, Energy metabolism
rxn27997,
rxn21417, Biosynthesis of other secondary metabolites
rxn27685, Nucleotide metabolism
rxn03868, Xenobiotics biodegradation and metabolites
rxn33083, Amino acid metabolism
rxn01669, Metabolism of cofactors and vitamins
rxn07541, Xenobiotics biodegradation and metabolites
rxn03343, Amino acid metabolism
rxn32084, Amino acid metabolism
rxn15108, Carbohydrate metabolism
rxn38274, Metabolism of cofactors and vitamins
EXpd00528,
rxn28184, Amino acid metabolism
rxn08659, Carbohydrate metabolism
rxn03537, Metabolism of cofactors and vitamins
rxn36504, Lipid metabolism
rxn16612, Glycan biosynthesis and metabolism
rxn08706, Metabolism of cofactors and vitamins
rxn15529,
rxn02663, Xenobiotics biodegradation and metabolites
rxn14359,
rxn00495, Amino acid metabolism
EXpd01281,
rxn15449,
rxn00586, Xenobiotics biodegradation and metabolites
rxn34212, Amino acid metabolism
rxn30384, Carbohydrate metabolism
rxn00245, Carbohydrate metabolism
rxn23797, Metabolism of cofactors and vitamins
rxn16760, Metabolism of terpenoids and polyketides
rxn38130, Amino acid metabolism
rxn33281,
rxn09443, Lipid metabolism
rxn00133, Nucleotide metabolism
rxn37816, Xenobiotics biodegradation and metabolites
rxn35439,
rxn03057, Amino acid metabolism
rxn08747, Metabolism of terpenoids and polyketides
rxn26073, Glycan biosynthesis and metabolism
rxn11765, Xenobiotics biodegradation and metabolites
rxn07725, Lipid metabolism
rxn02477, Metabolism of cofactors and vitamins
rxn00621, Lipid metabolism
rxn10281, Energy metabolism
rxn31792, Amino acid metabolism
rxn15662, Carbohydrate metabolism
rxn04312, Metabolism of terpenoids and polyketides
rxn00993, Amino acid metabolism
rxn38069, Carbohydrate metabolism
rxn02385, Lipid metabolism
rxn03845, Xenobiotics biodegradation and metabolites
rxn15296, Carbohydrate metabolism
rxn06044, Amino acid metabolism
rxn01027, Nucleotide metabolism
rxn32053, Amino acid metabolism
rxn31538, Metabolism of cofactors and vitamins
rxn08100, Carbohydrate metabolism
rxn03286, Lipid metabolism
rxn16021, Xenobiotics biodegradation and metabolites
rxn14322, Lipid metabolism
rxn10059, Energy metabolism
rxn15745, Carbohydrate metabolism
rxn04663, Xenobiotics biodegradation and metabolites
rxn27936, Amino acid metabolism
rxn04841, Lipid metabolism
rxn01859, Nucleotide metabolism
rxn03426, Amino acid metabolism
rxn20057,
EXpd01242,
rxn35211, Amino acid metabolism
EXpd00001,
rxn16159, Metabolism of terpenoids and polyketides
rxn16084, Xenobiotics biodegradation and metabolites
rxn32195, Amino acid metabolism
rxn14077, Amino acid metabolism
rxn09697, Xenobiotics biodegradation and metabolites
rxn01045, Amino acid metabolism
rxn13893, Amino acid metabolism
rxn10179, Metabolism of terpenoids and polyketides
rxn11775,
rxn38484, Lipid metabolism
rxn06723, Glycan biosynthesis and metabolism
rxn31366, Energy metabolism
rxn10571, Metabolism of cofactors and vitamins
rxn31773, Amino acid metabolism
rxn30743,
EXpd00322,
rxn32776, Metabolism of cofactors and vitamins
rxn20161,
rxn03666, Xenobiotics biodegradation and metabolites
rxn08608, Carbohydrate metabolism
rxn05104, Amino acid metabolism
rxn01193, Xenobiotics biodegradation and metabolites
rxn38142, Amino acid metabolism
rxn35214, Carbohydrate metabolism
rxn32196, Carbohydrate metabolism
rxn14216,
rxn15536,
rxn14319, Lipid metabolism
rxn04674, Metabolism of cofactors and vitamins
rxn01034, Xenobiotics biodegradation and metabolites
rxn00949, Energy metabolism
rxn03742, Xenobiotics biodegradation and metabolites
rxn01462, Amino acid metabolism
rxn01419, Amino acid metabolism
rxn06418,
rxn22005,
rxn00010, Carbohydrate metabolism
rxn02346, Carbohydrate metabolism
rxn41888,
rxn15469, Lipid metabolism
rxn01631, Amino acid metabolism
rxn27785, Carbohydrate metabolism
rxn38280, Metabolism of cofactors and vitamins
rxn13231, Xenobiotics biodegradation and metabolites
rxn03669, Xenobiotics biodegradation and metabolites
rxn19763, Metabolism of cofactors and vitamins
rxn01234, Metabolism of other amino acids
rxn00987, Metabolism of cofactors and vitamins
rxn00479, Amino acid metabolism
rxn01022, Amino acid metabolism
rxn34053, Carbohydrate metabolism
rxn04475, Metabolism of terpenoids and polyketides
rxn33398, Lipid metabolism
rxn24344,
rxn00510, Amino acid metabolism
rxn40789,
rxn15878,
rxn08229,
rxn01454,
rxn05168, Nucleotide metabolism
rxn03934, Xenobiotics biodegradation and metabolites
rxn31452, Amino acid metabolism
rxn16055, Metabolism of terpenoids and polyketides
rxn31329, Amino acid metabolism
rxn01673, Nucleotide metabolism
rxn07847, Energy metabolism
rxn20630, Amino acid metabolism
rxn07747, Biosynthesis of other secondary metabolites
rxn34710, Lipid metabolism
rxn04739, Xenobiotics biodegradation and metabolites
rxn12059,
rxn14059, Biosynthesis of other secondary metabolites
rxn03644, Energy metabolism
rxn08551,
rxn02400, Metabolism of cofactors and vitamins
rxn31786,
rxn16804, Xenobiotics biodegradation and metabolites
rxn05048,
rxn33016, Metabolism of cofactors and vitamins
rxn09228, Metabolism of other amino acids
rxn01369,
rxn03727, Xenobiotics biodegradation and metabolites
rxn20202,
rxn30763, Xenobiotics biodegradation and metabolites
rxn03620, Xenobiotics biodegradation and metabolites
rxn02533,
rxn05220, Nucleotide metabolism
rxn34775, Lipid metabolism
rxn15784, Metabolism of cofactors and vitamins
rxn15724,
rxn01578, Amino acid metabolism
rxn33664, Xenobiotics biodegradation and metabolites
rxn32932, Amino acid metabolism
rxn31777, Lipid metabolism
rxn04745, Xenobiotics biodegradation and metabolites
rxn16226, Metabolism of terpenoids and polyketides
rxn16125, Metabolism of terpenoids and polyketides
rxn11756, Xenobiotics biodegradation and metabolites
rxn13927, Biosynthesis of other secondary metabolites
EXpd00132,
rxn38909, Amino acid metabolism
rxn15865, Biosynthesis of other secondary metabolites
rxn03038, Amino acid metabolism
rxn07647, Metabolism of terpenoids and polyketides
rxn06224, Carbohydrate metabolism
rxn04010,
rxn16331, Metabolism of cofactors and vitamins
rxn07475, Carbohydrate metabolism
rxn32228, Metabolism of cofactors and vitamins
rxn37999,
rxn31997, Nucleotide metabolism
rxn03362, Amino acid metabolism
rxn03550, Xenobiotics biodegradation and metabolites
rxn01654, Metabolism of cofactors and vitamins
rxn01884, Xenobiotics biodegradation and metabolites
rxn02439, Carbohydrate metabolism
rxn33062,
rxn27889, Metabolism of other amino acids
rxn15315, Lipid metabolism
rxn02345, Lipid metabolism
rxn29888, Carbohydrate metabolism
rxn00369, Nucleotide metabolism
rxn31255, Lipid metabolism
rxn17099, Xenobiotics biodegradation and metabolites
rxn07678, Lipid metabolism
rxn02204, Metabolism of cofactors and vitamins
rxn19855, Amino acid metabolism
rxn23129,
rxn05165, Nucleotide metabolism
rxn04139, Metabolism of cofactors and vitamins
rxn14136, Metabolism of terpenoids and polyketides
rxn03841, Metabolism of cofactors and vitamins
rxn01841, Amino acid metabolism
rxn33043, Amino acid metabolism
rxn37686, Lipid metabolism
rxn15949, Amino acid metabolism
rxn35318,
rxn33377, Lipid metabolism
rxn08170, Metabolism of cofactors and vitamins
rxn04894, Xenobiotics biodegradation and metabolites
rxn04896, Xenobiotics biodegradation and metabolites
rxn34257,
rxn02969, Xenobiotics biodegradation and metabolites
rxn05894, Energy metabolism
rxn09471, Metabolism of other amino acids
rxn30734, Amino acid metabolism
rxn16221,
rxn27779, Carbohydrate metabolism
rxn05105, Amino acid metabolism
rxn04873, Xenobiotics biodegradation and metabolites
rxn33120, Carbohydrate metabolism
rxn31241, Metabolism of cofactors and vitamins
rxn22985, Amino acid metabolism
rxn02176, Metabolism of cofactors and vitamins
rxn08617, Carbohydrate metabolism
rxn35629,
rxn03445, Metabolism of cofactors and vitamins
rxn33837,
rxn00339,
rxn03408, Glycan biosynthesis and metabolism
rxn27686, Nucleotide metabolism
rxn34248, Metabolism of other amino acids
rxn08021,
rxn16354, Xenobiotics biodegradation and metabolites
rxn30366, Carbohydrate metabolism
rxn03536, Metabolism of cofactors and vitamins
rxn03446, Metabolism of cofactors and vitamins
rxn04521, Metabolism of terpenoids and polyketides
rxn05232, Nucleotide metabolism
rxn03649, Xenobiotics biodegradation and metabolites
rxn15652, Xenobiotics biodegradation and metabolites
rxn38835, Carbohydrate metabolism
rxn03555, Xenobiotics biodegradation and metabolites
EXpd00254,
rxn11162,
rxn28376, Nucleotide metabolism
rxn08204,
rxn38148, Carbohydrate metabolism
rxn04095, Xenobiotics biodegradation and metabolites
rxn00929, Amino acid metabolism
rxn04673, Metabolism of cofactors and vitamins
rxn30378, Metabolism of other amino acids
rxn28646, Lipid metabolism
rxn37906, Metabolism of other amino acids
rxn14270, Metabolism of cofactors and vitamins
rxn00159, Carbohydrate metabolism
rxn04074, Xenobiotics biodegradation and metabolites
rxn15354, Carbohydrate metabolism
rxn37694, Metabolism of cofactors and vitamins
rxn38972,
rxn35351, Amino acid metabolism
rxn35281,
rxn32749, Metabolism of terpenoids and polyketides
rxn01107, Carbohydrate metabolism
rxn16443,
rxn08610, Carbohydrate metabolism
rxn15053, Lipid metabolism
rxn08458,
rxn06907, Xenobiotics biodegradation and metabolites
rxn13947, Glycan biosynthesis and metabolism
rxn06025, Metabolism of other amino acids
rxn43341,
rxn38070, Amino acid metabolism
rxn13698,
rxn15629, Metabolism of terpenoids and polyketides
rxn24055, Metabolism of terpenoids and polyketides
rxn28804,
EX_biomass,
rxn32287, Nucleotide metabolism
rxn16734, Metabolism of terpenoids and polyketides
rxn01931,
rxn16641, Amino acid metabolism
rxn00472,
rxn01404, Metabolism of other amino acids
rxn03140, Glycan biosynthesis and metabolism
rxn05029, Metabolism of cofactors and vitamins
rxn08290,
rxn02401, Metabolism of cofactors and vitamins
rxn11768, Xenobiotics biodegradation and metabolites
rxn28081,
rxn16614, Glycan biosynthesis and metabolism
rxn46323,
rxn32450, Metabolism of terpenoids and polyketides
rxn30432, Lipid metabolism
rxn32015, Energy metabolism
rxn08267,
rxn26471, Metabolism of terpenoids and polyketides
rxn16207, Metabolism of other amino acids
rxn29112, Nucleotide metabolism
rxn41598,
rxn25046, Carbohydrate metabolism
rxn16536,
rxn06043, Lipid metabolism
rxn02851, Metabolism of terpenoids and polyketides
rxn31478, Glycan biosynthesis and metabolism
rxn46208,
rxn03419, Metabolism of cofactors and vitamins
rxn07627, Xenobiotics biodegradation and metabolites
rxn00196, Carbohydrate metabolism
rxn27845, Metabolism of terpenoids and polyketides
rxn07880,
rxn15226, Carbohydrate metabolism
rxn11714, Lipid metabolism
rxn04349, Metabolism of terpenoids and polyketides
rxn07350, Metabolism of terpenoids and polyketides
rxn03668, Xenobiotics biodegradation and metabolites
rxn05145, Nucleotide metabolism
rxn37685, Metabolism of terpenoids and polyketides
rxn34727, Lipid metabolism
rxn04703, Carbohydrate metabolism
rxn05573,
rxn16697, Metabolism of terpenoids and polyketides
rxn06929, Metabolism of terpenoids and polyketides
rxn15651, Xenobiotics biodegradation and metabolites
rxn02260,
rxn00032, Amino acid metabolism
rxn31383,
rxn33573, Nucleotide metabolism
rxn01192, Xenobiotics biodegradation and metabolites
rxn20617, Amino acid metabolism
rxn16054, Metabolism of terpenoids and polyketides
rxn24034, Metabolism of other amino acids
rxn02483, Xenobiotics biodegradation and metabolites
rxn02415, Biosynthesis of other secondary metabolites
rxn05527,
rxn33374,
rxn04999, Amino acid metabolism
rxn19825, Amino acid metabolism
rxn14278, Biosynthesis of other secondary metabolites
rxn30045, Amino acid metabolism
rxn19488,
rxn02541, Xenobiotics biodegradation and metabolites
rxn07884,
rxn19836, Amino acid metabolism
rxn14399,
rxn26394, Metabolism of other amino acids
rxn20638, Amino acid metabolism
rxn43048,
rxn34258,
rxn29122, Carbohydrate metabolism
rxn09459, Metabolism of other amino acids
rxn38492, Lipid metabolism
rxn15255, Carbohydrate metabolism
rxn03944,
rxn35670,
rxn05940, Carbohydrate metabolism
rxn09458, Metabolism of other amino acids
rxn35242, Carbohydrate metabolism
rxn04480, Metabolism of terpenoids and polyketides
rxn38082, Nucleotide metabolism
rxn34738, Lipid metabolism
rxn04600, Amino acid metabolism
rxn04746, Xenobiotics biodegradation and metabolites
rxn07580, Metabolism of cofactors and vitamins
rxn00309, Biosynthesis of other secondary metabolites
rxn09345, Metabolism of terpenoids and polyketides
rxn34671, Amino acid metabolism
rxn10175,
rxn32376, Metabolism of terpenoids and polyketides
rxn11834, Xenobiotics biodegradation and metabolites
rxn30338, Carbohydrate metabolism
rxn07628, Xenobiotics biodegradation and metabolites
rxn03724, Xenobiotics biodegradation and metabolites
rxn03615, Biosynthesis of other secondary metabolites
rxn03790, Xenobiotics biodegradation and metabolites
rxn48197,
rxn07358, Metabolism of terpenoids and polyketides
rxn11656, Xenobiotics biodegradation and metabolites
rxn19210, Amino acid metabolism
rxn08214,
rxn16617, Amino acid metabolism
rxn31397, Xenobiotics biodegradation and metabolites
rxn42899,
rxn04318, Metabolism of terpenoids and polyketides
rxn00741, Carbohydrate metabolism
rxn35428, Nucleotide metabolism
rxn08194,
rxn00321, Amino acid metabolism
rxn07181, Xenobiotics biodegradation and metabolites
rxn20480, Lipid metabolism
rxn33134, Amino acid metabolism
rxn14060, Metabolism of other amino acids
rxn02365, Amino acid metabolism
rxn04316, Metabolism of terpenoids and polyketides
rxn35415,
rxn15293, Carbohydrate metabolism
rxn01583, Lipid metabolism
rxn05117, Metabolism of cofactors and vitamins
rxn35448, Amino acid metabolism
rxn05744,
rxn38398, Metabolism of terpenoids and polyketides
rxn33497, Energy metabolism
rxn00524, Amino acid metabolism
rxn16829, Nucleotide metabolism
rxn02094, Carbohydrate metabolism
rxn07904, Xenobiotics biodegradation and metabolites
rxn08213,
rxn15186, Carbohydrate metabolism
rxn01437, Amino acid metabolism
rxn00331, Carbohydrate metabolism
rxn18585, Nucleotide metabolism
rxn33233,
rxn31973, Nucleotide metabolism
rxn23796, Metabolism of cofactors and vitamins
rxn31407, Lipid metabolism
rxn38811, Lipid metabolism
rxn04442, Metabolism of terpenoids and polyketides
rxn33618, Amino acid metabolism
rxn02366, Amino acid metabolism
rxn38341, Biosynthesis of other secondary metabolites
rxn02982, Xenobiotics biodegradation and metabolites
rxn30422, Metabolism of cofactors and vitamins
rxn30431, Nucleotide metabolism
rxn05563,
rxn01607, Metabolism of terpenoids and polyketides
rxn04134, Metabolism of terpenoids and polyketides
rxn07804, Xenobiotics biodegradation and metabolites
rxn34196, Metabolism of other amino acids
rxn14043, Metabolism of other amino acids
rxn01333, Carbohydrate metabolism
rxn07765, Biosynthesis of other secondary metabolites
rxn01685, Carbohydrate metabolism
rxn10144, Metabolism of cofactors and vitamins
rxn27841, Nucleotide metabolism
rxn03943,
rxn30256, Metabolism of cofactors and vitamins
rxn32490, Lipid metabolism
rxn01134, Carbohydrate metabolism
rxn28988,
rxn36715, Lipid metabolism
rxn12206,
rxn01157,
rxn38020, Nucleotide metabolism
rxn02212, Amino acid metabolism
rxn09147, Metabolism of cofactors and vitamins
rxn05560,
rxn30128,
rxn33349,
rxn14013,
rxn16223,
rxn34240, Carbohydrate metabolism
rxn15782, Metabolism of cofactors and vitamins
rxn12512, Metabolism of cofactors and vitamins
rxn33295, Biosynthesis of other secondary metabolites
rxn37968,
rxn32399, Amino acid metabolism
rxn04353, Metabolism of terpenoids and polyketides
rxn04502, Metabolism of terpenoids and polyketides
rxn05235, Nucleotide metabolism
rxn45009,
rxn02905, Lipid metabolism
rxn04840, Lipid metabolism
rxn03867, Xenobiotics biodegradation and metabolites
rxn28183, Amino acid metabolism
rxn24177, Xenobiotics biodegradation and metabolites
rxn01788, Metabolism of terpenoids and polyketides
rxn38153, Amino acid metabolism
rxn21210, Amino acid metabolism
rxn03598, Xenobiotics biodegradation and metabolites
rxn05011,
rxn35424, Amino acid metabolism
rxn27429,
EXpd00156,
rxn02266, Amino acid metabolism
rxn09128, Metabolism of cofactors and vitamins
rxn03085, Energy metabolism
rxn03095,
rxn00223,
rxn00712, Nucleotide metabolism
rxn05626,
rxn09733, Xenobiotics biodegradation and metabolites
rxn30752, Carbohydrate metabolism
rxn00295, Carbohydrate metabolism
EXpd00277,
rxn33182,
rxn16794, Nucleotide metabolism
rxn33174, Metabolism of terpenoids and polyketides
rxn03860, Xenobiotics biodegradation and metabolites
rxn21215, Amino acid metabolism
rxn03086, Amino acid metabolism
rxn16761, Metabolism of terpenoids and polyketides
rxn38829, Carbohydrate metabolism
rxn04313, Metabolism of terpenoids and polyketides
rxn02774, Metabolism of cofactors and vitamins
rxn01004, Amino acid metabolism
EXpd00069,
rxn07832, Xenobiotics biodegradation and metabolites
rxn03541, Metabolism of cofactors and vitamins
rxn27893, Amino acid metabolism
rxn30398, Amino acid metabolism
rxn16721, Xenobiotics biodegradation and metabolites
rxn32424,
rxn16845, Energy metabolism
rxn01121, Carbohydrate metabolism
rxn16142, Energy metabolism
rxn00348, Amino acid metabolism
rxn43849,
rxn01896, Xenobiotics biodegradation and metabolites
rxn32343, Metabolism of other amino acids
rxn00334, Carbohydrate metabolism
rxn16496, Metabolism of terpenoids and polyketides
teichoicacid_rxn,
rxn05126, Amino acid metabolism
rxn11965, Carbohydrate metabolism
rxn33299, Metabolism of cofactors and vitamins
rxn10211, Energy metabolism
rxn23650,
rxn03400, Amino acid metabolism
rxn03924, Metabolism of other amino acids
rxn31275, Lipid metabolism
rxn31365, Energy metabolism
rxn00336, Carbohydrate metabolism
rxn32901, Amino acid metabolism
rxn32234, Metabolism of other amino acids
rxn02281, Amino acid metabolism
rxn05562,
rxn32210, Carbohydrate metabolism
rxn24320,
rxn32798, Amino acid metabolism
rxn24142, Metabolism of cofactors and vitamins
rxn16368,
rxn41830,
rxn33346,
rxn36689, Lipid metabolism
rxn27334,
rxn14134, Amino acid metabolism
rxn01684,
rxn31272, Lipid metabolism
rxn33484, Carbohydrate metabolism
rxn34244, Carbohydrate metabolism
rxn00504, Amino acid metabolism
rxn31210, Amino acid metabolism
EXpd00235,
rxn33453, Carbohydrate metabolism
rxn27520, Metabolism of terpenoids and polyketides
rxn16329, Metabolism of terpenoids and polyketides
rxn11875, Xenobiotics biodegradation and metabolites
rxn01894, Xenobiotics biodegradation and metabolites
rxn07473, Carbohydrate metabolism
rxn02432, Carbohydrate metabolism
rxn01187, Carbohydrate metabolism
rxn00592, Xenobiotics biodegradation and metabolites
rxn11655, Xenobiotics biodegradation and metabolites
rxn03883, Carbohydrate metabolism
rxn31868, Lipid metabolism
rxn08431,
rxn02052, Metabolism of terpenoids and polyketides
rxn02446, Lipid metabolism
rxn04418,
rxn37337, Lipid metabolism
rxn03089, Xenobiotics biodegradation and metabolites
rxn12545, Metabolism of cofactors and vitamins
rxn04935, Amino acid metabolism
rxn38123,
rxn13999, Carbohydrate metabolism
rxn04160, Metabolism of cofactors and vitamins
rxn10834,
rxn41785,
rxn32378, Nucleotide metabolism
rxn27867, Metabolism of cofactors and vitamins
rxn03244, Lipid metabolism
rxn00416, Amino acid metabolism
rxn16341, Energy metabolism
rxn01331, Metabolism of cofactors and vitamins
rxn07523, Xenobiotics biodegradation and metabolites
rxn16581,
rxn06168,
rxn00537, Metabolism of other amino acids
rxn16143, Energy metabolism
rxn07370, Metabolism of terpenoids and polyketides
rxn32204, Nucleotide metabolism
rxn08084,
rxn38239, Nucleotide metabolism
rxn16683, Carbohydrate metabolism
rxn32844, Amino acid metabolism
rxn02796, Lipid metabolism
rxn14044, Carbohydrate metabolism
rxn31404, Xenobiotics biodegradation and metabolites
rxn06023, Metabolism of cofactors and vitamins
rxn01722, Metabolism of cofactors and vitamins
rxn15848, Biosynthesis of other secondary metabolites
rxn06600, Amino acid metabolism
rxn00742, Amino acid metabolism
rxn33256, Nucleotide metabolism
rxn11894, Metabolism of cofactors and vitamins
rxn01248, Metabolism of cofactors and vitamins
rxn01389, Carbohydrate metabolism
rxn28309, Metabolism of cofactors and vitamins
rxn15535, Carbohydrate metabolism
rxn14255,
rxn05217, Nucleotide metabolism
rxn15666, Nucleotide metabolism
rxn03272,
rxn11997, Metabolism of other amino acids
rxn12038, Xenobiotics biodegradation and metabolites
rxn16728, Metabolism of terpenoids and polyketides
rxn00910, Metabolism of cofactors and vitamins
rxn41988,
rxn38459, Carbohydrate metabolism
rxn32924,
rxn37675, Carbohydrate metabolism
rxn01035, Xenobiotics biodegradation and metabolites
rxn31328,
rxn31885, Amino acid metabolism
EXpd00274,
rxn33404,
protein_rxn,
rxn03786, Xenobiotics biodegradation and metabolites
rxn05160, Nucleotide metabolism
rxn01245,
rxn26078, Amino acid metabolism
rxn01153,
rxn38399, Lipid metabolism
rxn03431,
rxn09037, Metabolism of terpenoids and polyketides
rxn13995, Biosynthesis of other secondary metabolites
rxn06562, Lipid metabolism
EXpd00180,
rxn30000, Energy metabolism
rxn32752,
rxn02440, Carbohydrate metabolism
rxn15699, Metabolism of cofactors and vitamins
rxn35433, Nucleotide metabolism
rxn16224, Metabolism of terpenoids and polyketides
rxn24109, Metabolism of cofactors and vitamins
rxn11713, Lipid metabolism
rxn47401,
rxn31088,
rxn07746, Biosynthesis of other secondary metabolites
rxn01705, Nucleotide metabolism
rxn00015, Biosynthesis of other secondary metabolites
rxn38244, Nucleotide metabolism
rxn33259, Carbohydrate metabolism
rxn30135, Amino acid metabolism
rxn12146, Carbohydrate metabolism
rxn08160, Metabolism of cofactors and vitamins
rxn04323, Metabolism of terpenoids and polyketides
rxn03602, Xenobiotics biodegradation and metabolites
rxn04599, Amino acid metabolism
rxn11731, Amino acid metabolism
rxn08543,
rxn14028,
rxn03023, Carbohydrate metabolism
rxn03706, Xenobiotics biodegradation and metabolites
rxn27420,
rxn30731,
rxn19896, Amino acid metabolism
rxn06578, Carbohydrate metabolism
rxn33024,
rxn01994, Xenobiotics biodegradation and metabolites
rxn32987, Amino acid metabolism
rxn19004, Biosynthesis of other secondary metabolites
rxn03512, Metabolism of cofactors and vitamins
rxn04358, Metabolism of terpenoids and polyketides
rxn32194, Amino acid metabolism
rxn27938, Metabolism of terpenoids and polyketides
rxn04043,
rxn01390, Carbohydrate metabolism
rxn38106, Amino acid metabolism
rxn08535,
rxn19979, Biosynthesis of other secondary metabolites
rxn01501, Metabolism of terpenoids and polyketides
rxn32961, Amino acid metabolism
rxn12380, Metabolism of cofactors and vitamins
rxn28051,
rxn08797,
rxn02403, Amino acid metabolism
rxn01337, Lipid metabolism
rxn14248, Biosynthesis of other secondary metabolites
rxn31962, Xenobiotics biodegradation and metabolites
rxn16583,
rxn38509, Xenobiotics biodegradation and metabolites
rxn00830, Metabolism of terpenoids and polyketides
rxn32557, Amino acid metabolism
rxn04651, Carbohydrate metabolism
rxn16122, Metabolism of terpenoids and polyketides
rxn15696, Amino acid metabolism
rxn37809, Amino acid metabolism
rxn19878, Nucleotide metabolism
rxn03885, Carbohydrate metabolism
rxn27998, Carbohydrate metabolism
rxn33222, Nucleotide metabolism
rxn01416, Energy metabolism
rxn30908, Nucleotide metabolism
rxn33822, Carbohydrate metabolism
rxn19181, Amino acid metabolism
rxn15954, Carbohydrate metabolism
rxn05116, Metabolism of cofactors and vitamins
rxn32253,
rxn00358, Carbohydrate metabolism
rxn10030, Energy metabolism
rxn10213, Energy metabolism
rxn38718, Metabolism of cofactors and vitamins
rxn00762, Lipid metabolism
rxn01646, Metabolism of cofactors and vitamins
rxn08616,
rxn35284, Amino acid metabolism
rxn19892, Amino acid metabolism
rxn37797, Nucleotide metabolism
rxn03638, Carbohydrate metabolism
rxn01647, Metabolism of cofactors and vitamins
rxn02540, Xenobiotics biodegradation and metabolites
rxn00802, Amino acid metabolism
rxn33431, Metabolism of other amino acids
rxn04584, Biosynthesis of other secondary metabolites
rxn01332, Amino acid metabolism
rxn25749, Lipid metabolism
rxn36077,
rxn29965, Carbohydrate metabolism
rxn01606,
rxn00692, Amino acid metabolism
rxn03087, Amino acid metabolism
rxn09439, Lipid metabolism
rxn02286,
rxn06216, Lipid metabolism
rxn41952,
rxn03379, Metabolism of other amino acids
rxn38159, Carbohydrate metabolism
rxn01809, Lipid metabolism
rxn01039, Amino acid metabolism
rxn03766, Biosynthesis of other secondary metabolites
rxn31385,
rxn08295,
rxn03313, Lipid metabolism
rxn01196, Xenobiotics biodegradation and metabolites
rxn30666, Nucleotide metabolism
rxn30413, Nucleotide metabolism
rxn31919, Carbohydrate metabolism
rxn08433, Lipid metabolism
rxn27717, Amino acid metabolism
rxn29946,
rxn01973, Amino acid metabolism
rxn32706, Nucleotide metabolism
rxn26481, Lipid metabolism
rxn39948,
rxn08233,
EXpd00367,
rxn16317,
rxn28382, Biosynthesis of other secondary metabolites
rxn09063, Metabolism of cofactors and vitamins
rxn01173, Metabolism of other amino acids
rxn01710, Carbohydrate metabolism
rxn37933, Carbohydrate metabolism
rxn30665, Lipid metabolism
rxn40745,
rxn32740, Carbohydrate metabolism
rxn09102, Metabolism of cofactors and vitamins
rxn11995,
EXpd00971,
rxn03617, Xenobiotics biodegradation and metabolites
rxn05984, Amino acid metabolism
rxn30336, Lipid metabolism
rxn31312, Carbohydrate metabolism
rxn18925, Lipid metabolism
rxn16565,
rxn01037, Amino acid metabolism
rxn15942, Lipid metabolism
rxn17763, Amino acid metabolism
rxn14120, Metabolism of cofactors and vitamins
rxn06869,
rxn32025, Carbohydrate metabolism
rxn06694,
rxn00765, Lipid metabolism
rxn16632,
EXpd00106,
rxn31548,
rxn05918, Glycan biosynthesis and metabolism
rxn14057, Energy metabolism
rxn08293,
rxn04650, Xenobiotics biodegradation and metabolites
rxn09441, Lipid metabolism
rxn01057, Carbohydrate metabolism
rxn04875, Xenobiotics biodegradation and metabolites
rxn04288, Metabolism of terpenoids and polyketides
rxn00195, Carbohydrate metabolism
rxn00229, Carbohydrate metabolism
rxn05154, Nucleotide metabolism
rxn35247,
rxn00478, Amino acid metabolism
rxn06984, Xenobiotics biodegradation and metabolites
rxn07474, Carbohydrate metabolism
rxn00594, Xenobiotics biodegradation and metabolites
rxn01205, Metabolism of cofactors and vitamins
rxn00783, Carbohydrate metabolism
rxn19646,
rxn03340, Amino acid metabolism
rxn07758, Biosynthesis of other secondary metabolites
rxn30633, Amino acid metabolism
rxn04527, Metabolism of terpenoids and polyketides
rxn07897, Xenobiotics biodegradation and metabolites
rxn35454,
rxn08240,
rxn02177, Metabolism of terpenoids and polyketides
rxn09126, Metabolism of cofactors and vitamins
rxn15880,
rxn07527, Xenobiotics biodegradation and metabolites
rxn35893,
rxn26011, Amino acid metabolism
rxn10116, Carbohydrate metabolism
rxn01016, Energy metabolism
rxn35505, Carbohydrate metabolism
rxn34273, Nucleotide metabolism
rxn35346, Biosynthesis of other secondary metabolites
rxn16594, Metabolism of terpenoids and polyketides
rxn00305, Carbohydrate metabolism
rxn02038, Lipid metabolism
rxn10177, Metabolism of terpenoids and polyketides
rxn31883, Xenobiotics biodegradation and metabolites
rxn20037, Xenobiotics biodegradation and metabolites
rxn33220, Metabolism of terpenoids and polyketides
rxn38124,
rxn04325, Metabolism of terpenoids and polyketides
rxn25746, Lipid metabolism
rxn30478,
rxn30578, Nucleotide metabolism
rxn32434, Metabolism of cofactors and vitamins
rxn31870, Metabolism of cofactors and vitamins
rxn00162, Carbohydrate metabolism
rxn00784, Carbohydrate metabolism
rxn03791, Xenobiotics biodegradation and metabolites
rxn16194, Metabolism of terpenoids and polyketides
rxn38034, Carbohydrate metabolism
rxn31785, Carbohydrate metabolism
rxn06822,
rxn06281,
rxn27932, Amino acid metabolism
rxn19260, Amino acid metabolism
rxn14178, Carbohydrate metabolism
rxn02051, Metabolism of terpenoids and polyketides
rxn02885, Amino acid metabolism
rxn09373, Nucleotide metabolism
rxn12039, Xenobiotics biodegradation and metabolites
rxn34204, Carbohydrate metabolism
rxn02775, Metabolism of cofactors and vitamins
rxn34771,
rxn11776, Xenobiotics biodegradation and metabolites
rxn12996,
rxn44443,
rxn17743, Xenobiotics biodegradation and metabolites
rxn07204, Energy metabolism
rxn32093, Lipid metabolism
rxn32002, Xenobiotics biodegradation and metabolites
rxn15210, Carbohydrate metabolism
rxn15635, Metabolism of terpenoids and polyketides
EXpd03725,
rxn04914, Lipid metabolism
rxn00754, Lipid metabolism
rxn33706, Amino acid metabolism
rxn31924, Metabolism of cofactors and vitamins
rxn04794, Carbohydrate metabolism
rxn02341, Metabolism of cofactors and vitamins
rxn34728, Lipid metabolism
rxn03600, Xenobiotics biodegradation and metabolites
rxn46348,
rxn33474, Nucleotide metabolism
rxn16096, Xenobiotics biodegradation and metabolites
rxn05093, Energy metabolism
rxn31887, Lipid metabolism
rxn11757, Xenobiotics biodegradation and metabolites
rxn31910, Lipid metabolism
EXpd00388,
rxn08169, Metabolism of cofactors and vitamins
rxn07160, Biosynthesis of other secondary metabolites
rxn15361, Carbohydrate metabolism
rxn17766, Nucleotide metabolism
rxn30087, Carbohydrate metabolism
rxn07429,
rxn02896, Biosynthesis of other secondary metabolites
rxn01160, Energy metabolism
rxn07241,
rxn31977, Amino acid metabolism
rxn38487, Lipid metabolism
rxn03167, Metabolism of cofactors and vitamins
rxn10867,
rxn00521, Amino acid metabolism
rxn04941, Carbohydrate metabolism
EXpd00089,
rxn31394,
rxn02123, Carbohydrate metabolism
rxn09679, Carbohydrate metabolism
rxn28803, Metabolism of terpenoids and polyketides
rxn25238, Amino acid metabolism
rxn16182, Metabolism of terpenoids and polyketides
rxn03574, Xenobiotics biodegradation and metabolites
rxn34739, Lipid metabolism
rxn00365, Nucleotide metabolism
rxn01780,
rxn05514,
rxn38029, Amino acid metabolism
rxn03055, Amino acid metabolism
rxn15459, Carbohydrate metabolism
rxn28890, Amino acid metabolism
rxn15616, Metabolism of terpenoids and polyketides
rxn16799, Carbohydrate metabolism
rxn30089,
rxn02269,
rxn33766, Metabolism of cofactors and vitamins
rxn03747, Xenobiotics biodegradation and metabolites
rxn16607,
rxn07520, Xenobiotics biodegradation and metabolites
rxn20619,
rxn03605, Xenobiotics biodegradation and metabolites
rxn33087, Carbohydrate metabolism
rxn03904, Glycan biosynthesis and metabolism
rxn06982, Metabolism of cofactors and vitamins
rxn07849, Energy metabolism
rxn11334,
biomass_GmPos,
rxn05255,
rxn02313, Carbohydrate metabolism
rxn34088, Carbohydrate metabolism
rxn34769,
rxn30907, Nucleotide metabolism
rxn02112, Carbohydrate metabolism
rxn04374, Lipid metabolism
rxn03852,
rxn15216, Lipid metabolism
rxn31878, Lipid metabolism
rxn10665, Amino acid metabolism
rxn11676,
rxn05890, Energy metabolism
rxn28199, Carbohydrate metabolism
rxn09049, Metabolism of cofactors and vitamins
rxn05871, Lipid metabolism
rxn37671,
rxn35355, Carbohydrate metabolism
rxn02262, Carbohydrate metabolism
rxn19224, Xenobiotics biodegradation and metabolites
rxn16661, Amino acid metabolism
rxn00024, Amino acid metabolism
rxn08672, Metabolism of cofactors and vitamins
rxn24319,
rxn05071, Metabolism of terpenoids and polyketides
rxn30697, Metabolism of terpenoids and polyketides
rxn16359, Amino acid metabolism
rxn33642, Amino acid metabolism
rxn03654, Xenobiotics biodegradation and metabolites
EXpd00051,
rxn09715, Nucleotide metabolism
rxn13801,
rxn01308, Carbohydrate metabolism
rxn05893, Energy metabolism
rxn00054, Amino acid metabolism
rxn15439, Carbohydrate metabolism
rxn08224,
rxn15634, Metabolism of terpenoids and polyketides
rxn27543,
EXpd00220,
rxn01156, Amino acid metabolism
rxn01231, Metabolism of other amino acids
rxn16403,
rxn05221, Nucleotide metabolism
rxn00752, Amino acid metabolism
rxn11772, Xenobiotics biodegradation and metabolites
rxn32572, Amino acid metabolism
rxn03758, Metabolism of terpenoids and polyketides
EXpd00209,
rxn01986, Carbohydrate metabolism
rxn32850, Lipid metabolism
rxn00347, Amino acid metabolism
rxn33981, Carbohydrate metabolism
rxn38099, Metabolism of terpenoids and polyketides
rxn06038, Lipid metabolism
EXpd10515,
rxn38162, Carbohydrate metabolism
rxn08537,
rxn31933, Xenobiotics biodegradation and metabolites
rxn05245,
rxn02128, Metabolism of cofactors and vitamins
rxn01352, Nucleotide metabolism
rxn32711, Carbohydrate metabolism
rxn32571, Carbohydrate metabolism
rxn32052, Carbohydrate metabolism
rxn07759, Biosynthesis of other secondary metabolites
rxn02983, Xenobiotics biodegradation and metabolites
rxn30534,
rxn03875, Xenobiotics biodegradation and metabolites
rxn00286, Energy metabolism
rxn04337, Metabolism of terpenoids and polyketides
rxn16611, Glycan biosynthesis and metabolism
rxn42091,
rxn07644, Xenobiotics biodegradation and metabolites
rxn01146, Nucleotide metabolism
rxn00778, Carbohydrate metabolism
rxn14000, Amino acid metabolism
rxn31801, Amino acid metabolism
rxn15410, Metabolism of other amino acids
rxn33208, Lipid metabolism
rxn16515,
rxn03047, Metabolism of cofactors and vitamins
rxn01366, Nucleotide metabolism
rxn15245, Carbohydrate metabolism
rxn30072,
rxn15277, Carbohydrate metabolism
rxn02743, Amino acid metabolism
rxn15783, Metabolism of cofactors and vitamins
rxn08799,
rxn15115, Carbohydrate metabolism
rxn05763,
rxn38512, Metabolism of other amino acids
rxn05468,
rxn16642, Amino acid metabolism
rxn02975, Carbohydrate metabolism
rxn04359, Metabolism of terpenoids and polyketides
rxn16675, Carbohydrate metabolism
EXpd00066,
rxn25051, Amino acid metabolism
rxn03092,
rxn03864, Xenobiotics biodegradation and metabolites
rxn15822, Metabolism of terpenoids and polyketides
rxn32452,
rxn03359, Amino acid metabolism
rxn31891, Xenobiotics biodegradation and metabolites
rxn33937,
rxn22316,
rxn14372, Amino acid metabolism
rxn00968, Xenobiotics biodegradation and metabolites
rxn38078,
rxn05206, Nucleotide metabolism
rxn19776, Carbohydrate metabolism
rxn04809, Xenobiotics biodegradation and metabolites
rxn00538, Lipid metabolism
rxn04903, Xenobiotics biodegradation and metabolites
rxn16140, Carbohydrate metabolism
rxn38490, Lipid metabolism
rxn31321, Lipid metabolism
rxn07372, Metabolism of terpenoids and polyketides
rxn07896, Xenobiotics biodegradation and metabolites
rxn08521,
rxn37965, Lipid metabolism
rxn03091,
rxn10010, Energy metabolism
rxn02925, Amino acid metabolism
rxn31437, Lipid metabolism
rxn33550,
rxn02767, Amino acid metabolism
rxn03491, Metabolism of cofactors and vitamins
rxn32471, Carbohydrate metabolism
rxn33681, Carbohydrate metabolism
rxn05110, Biosynthesis of other secondary metabolites
rxn33568, Metabolism of cofactors and vitamins
rxn03978, Energy metabolism
rxn03397, Metabolism of cofactors and vitamins
rxn32318, Metabolism of cofactors and vitamins
rxn30780, Lipid metabolism
rxn03622, Xenobiotics biodegradation and metabolites
EXpd00308,
rxn10562, Energy metabolism
rxn12204, Biosynthesis of other secondary metabolites
rxn07485, Xenobiotics biodegradation and metabolites
rxn03942,
rxn35164, Lipid metabolism
rxn42988,
rxn38677, Lipid metabolism
rxn07883,
rxn33728, Lipid metabolism
rxn01293, Xenobiotics biodegradation and metabolites
rxn33452,
rxn02033, Biosynthesis of other secondary metabolites
EXpd00092,
rxn03896, Xenobiotics biodegradation and metabolites
rxn06037, Lipid metabolism
rxn38710, Amino acid metabolism
rxn38278,
rxn31936,
rxn38831, Nucleotide metabolism
rxn10088, Energy metabolism
rxn01541, Nucleotide metabolism
rxn07359, Metabolism of terpenoids and polyketides
rxn31443, Lipid metabolism
rxn38314, Amino acid metabolism
rxn04886, Xenobiotics biodegradation and metabolites
rxn31539,
rxn05300, Lipid metabolism
rxn00265,
rxn28256,
rxn06905,
rxn32308, Nucleotide metabolism
rxn16442, Carbohydrate metabolism
rxn00994, Amino acid metabolism
rxn03337, Amino acid metabolism
rxn10058, Energy metabolism
rxn08569,
rxn06219, Lipid metabolism
rxn05318, Lipid metabolism
rxn01163, Lipid metabolism
rxn36507, Lipid metabolism
rxn38104, Metabolism of terpenoids and polyketides
rxn07518, Xenobiotics biodegradation and metabolites
rxn07482, Xenobiotics biodegradation and metabolites
EXpd00099,
rxn00396, Amino acid metabolism
rxn03042, Carbohydrate metabolism
rxn32425, Metabolism of cofactors and vitamins
rxn08227,
rxn04662, Amino acid metabolism
rxn10202, Energy metabolism
rxn15864, Biosynthesis of other secondary metabolites
rxn35432, Amino acid metabolism
rxn15630, Metabolism of terpenoids and polyketides
rxn01202,
rxn31254, Lipid metabolism
rxn06087, Lipid metabolism
rxn05070, Metabolism of terpenoids and polyketides
rxn38114, Carbohydrate metabolism
rxn16580,
rxn08820,
rxn15850, Biosynthesis of other secondary metabolites
rxn32974, Nucleotide metabolism
rxn15430,
rxn02190, Nucleotide metabolism
rxn32969, Nucleotide metabolism
rxn23629,
rxn35452, Carbohydrate metabolism
rxn08879,
rxn38970, Lipid metabolism
rxn01350, Energy metabolism
rxn04811, Xenobiotics biodegradation and metabolites
rxn20263, Metabolism of cofactors and vitamins
rxn23024,
rxn09637, Xenobiotics biodegradation and metabolites
rxn11987,
rxn05952, Metabolism of other amino acids
rxn41427,
rxn34304, Carbohydrate metabolism
rxn02427, Metabolism of cofactors and vitamins
rxn19673, Energy metabolism
rxn31826,
rxn33867, Carbohydrate metabolism
EXpd00149,
rxn06729, Glycan biosynthesis and metabolism
EXpd02333,
rxn04052, Metabolism of cofactors and vitamins
rxn01734, Carbohydrate metabolism
rxn09470, Metabolism of other amino acids
rxn11716, Lipid metabolism
rxn03041, Amino acid metabolism
rxn11760, Xenobiotics biodegradation and metabolites
rxn05179, Nucleotide metabolism
rxn04264, Metabolism of terpenoids and polyketides
rxn00539, Lipid metabolism
rxn07876,
rxn16666, Carbohydrate metabolism
rxn03957, Metabolism of terpenoids and polyketides
rxn27956,
EXpd09027,
rxn03741, Xenobiotics biodegradation and metabolites
rxn37861, Biosynthesis of other secondary metabolites
rxn17745, Carbohydrate metabolism
rxn16346,
EXpd00082,
rxn02322, Metabolism of terpenoids and polyketides
rxn12776, Carbohydrate metabolism
rxn02030,
rxn32619,
rxn00714, Nucleotide metabolism
rxn19141,
rxn00837, Nucleotide metabolism
rxn16195, Metabolism of terpenoids and polyketides
rxn00768, Lipid metabolism
rxn05151, Nucleotide metabolism
rxn04589, Biosynthesis of other secondary metabolites
rxn03532, Metabolism of cofactors and vitamins
rxn30552, Amino acid metabolism
rxn08439, Lipid metabolism
rxn11682, Lipid metabolism
rxn15383, Carbohydrate metabolism
EXpd00654,
rxn00317,
rxn04096, Xenobiotics biodegradation and metabolites
rxn00346, Metabolism of other amino acids
EXpd00307,
rxn00279, Amino acid metabolism
rxn22987, Amino acid metabolism
rxn01972, Amino acid metabolism
rxn38046,
rxn00615, Lipid metabolism
rxn38233, Nucleotide metabolism
rxn15641, Xenobiotics biodegradation and metabolites
rxn09865, Xenobiotics biodegradation and metabolites
rxn38275, Metabolism of cofactors and vitamins
rxn11537, Metabolism of terpenoids and polyketides
rxn00829, Metabolism of terpenoids and polyketides
rxn16788,
rxn10767, Amino acid metabolism
rxn15352, Carbohydrate metabolism
rxn11510,
rxn03976,
rxn04726, Xenobiotics biodegradation and metabolites
rxn28327,
rxn32595,
rxn04339, Metabolism of terpenoids and polyketides
rxn15875,
rxn00400, Amino acid metabolism
rxn00378, Energy metabolism
rxn33373, Lipid metabolism
EXpd00075,
rxn03663, Xenobiotics biodegradation and metabolites
rxn02618, Lipid metabolism
rxn00988, Carbohydrate metabolism
rxn15998, Xenobiotics biodegradation and metabolites
rxn00853, Amino acid metabolism
rxn01422, Amino acid metabolism
rxn09192, Nucleotide metabolism
rxn30339, Amino acid metabolism
rxn02142, Xenobiotics biodegradation and metabolites
rxn01303, Amino acid metabolism
rxn12147, Carbohydrate metabolism
rxn19030, Carbohydrate metabolism
rxn16091, Xenobiotics biodegradation and metabolites
rxn28889, Amino acid metabolism
rxn01786, Metabolism of terpenoids and polyketides
rxn02807, Xenobiotics biodegradation and metabolites
rxn32599, Xenobiotics biodegradation and metabolites
rxn14393, Biosynthesis of other secondary metabolites
rxn05177, Nucleotide metabolism
rxn03182, Glycan biosynthesis and metabolism
rxn04447, Metabolism of terpenoids and polyketides
rxn04597, Amino acid metabolism
rxn08762, Lipid metabolism
rxn16149, Nucleotide metabolism
rxn14275,
rxn19339, Xenobiotics biodegradation and metabolites
rxn01593, Biosynthesis of other secondary metabolites
rxn16664,
rxn37871,
rxn31381, Carbohydrate metabolism
rxn02809, Xenobiotics biodegradation and metabolites
rxn04793, Lipid metabolism
rxn11036,
rxn15165, Metabolism of cofactors and vitamins
rxn32488,
rxn16699, Metabolism of terpenoids and polyketides
rxn20661, Amino acid metabolism
rxn30430, Amino acid metabolism
rxn33015,
rxn02154, Metabolism of cofactors and vitamins
rxn16400,
rxn00038, Carbohydrate metabolism
rxn35698, Nucleotide metabolism
rxn00584, Xenobiotics biodegradation and metabolites
rxn02091,
rxn10003, Energy metabolism
rxn19327,
rxn04025, Amino acid metabolism
rxn06220, Lipid metabolism
rxn28238, Energy metabolism
rxn16399,
rxn05256,
rxn01513, Nucleotide metabolism
rxn03974, Biosynthesis of other secondary metabolites
rxn16655, Metabolism of terpenoids and polyketides
EXpd00023,
rxn11934, Energy metabolism
rxn32605, Metabolism of other amino acids
rxn03578, Xenobiotics biodegradation and metabolites
rxn01919, Amino acid metabolism
rxn20608,
rxn30068, Carbohydrate metabolism
rxn37674, Metabolism of other amino acids
rxn16132, Xenobiotics biodegradation and metabolites
rxn15330, Amino acid metabolism
rxn20782, Energy metabolism
rxn09716, Xenobiotics biodegradation and metabolites
rxn02523, Metabolism of cofactors and vitamins
rxn00002, Amino acid metabolism
rxn35518, Carbohydrate metabolism
rxn10053, Energy metabolism
rxn14083,
rxn05066,
rxn35554, Amino acid metabolism
rxn02716, Metabolism of cofactors and vitamins
rxn38812, Biosynthesis of other secondary metabolites
rxn35352, Metabolism of cofactors and vitamins
rxn32350,
rxn32781,
rxn01885, Metabolism of other amino acids
rxn14053, Metabolism of terpenoids and polyketides
rxn13141, Metabolism of cofactors and vitamins
rxn10104, Energy metabolism
rxn34185, Metabolism of other amino acids
rxn08801,
rxn04834, Xenobiotics biodegradation and metabolites
rxn14215, Metabolism of terpenoids and polyketides
rxn05313, Lipid metabolism
rxn00723, Xenobiotics biodegradation and metabolites
rxn15078,
rxn20839, Metabolism of terpenoids and polyketides
rxn09448, Lipid metabolism
rxn31675,
rxn35539,
rxn01475, Carbohydrate metabolism
EXpd00081,
rxn02745, Xenobiotics biodegradation and metabolites
rxn02008,
rxn20471,
rxn01108, Carbohydrate metabolism
EXpd00047,
rxn00979, Carbohydrate metabolism
rxn01233, Metabolism of other amino acids
rxn15139, Carbohydrate metabolism
rxn39963,
rxn36714, Lipid metabolism
EXpd00041,
rxn13150, Metabolism of cofactors and vitamins
rxn01188, Amino acid metabolism
rxn07845, Carbohydrate metabolism
rxn38009, Carbohydrate metabolism
rxn32371,
rxn35316, Energy metabolism
rxn18579, Nucleotide metabolism
rxn15923, Metabolism of cofactors and vitamins
rxn13697,
rxn01056, Carbohydrate metabolism
rxn05234, Nucleotide metabolism
rxn11569,
rxn14174, Lipid metabolism
rxn00375, Amino acid metabolism
rxn11968, Amino acid metabolism
rxn06348, Carbohydrate metabolism
rxn10954, Amino acid metabolism
rxn38030,
rxn02831, Metabolism of cofactors and vitamins
rxn33315,
rxn38862, Carbohydrate metabolism
rxn16000, Xenobiotics biodegradation and metabolites
rxn35560, Carbohydrate metabolism
rxn31412, Carbohydrate metabolism
rna_rxn,
rxn15480,
EXpd00137,
rxn34772, Carbohydrate metabolism
rxn15073, Carbohydrate metabolism
rxn01784, Metabolism of other amino acids
rxn01805, Carbohydrate metabolism
rxn15952, Carbohydrate metabolism
rxn31257, Lipid metabolism
rxn26505,
rxn07367, Metabolism of terpenoids and polyketides
rxn38863, Amino acid metabolism
rxn03678, Xenobiotics biodegradation and metabolites
rxn09106, Metabolism of cofactors and vitamins
rxn15079,
rxn02202, Metabolism of cofactors and vitamins
rxn10663, Amino acid metabolism
EXpd00247,
rxn34482,
rxn03946,
rxn28100, Amino acid metabolism
rxn05159, Nucleotide metabolism
rxn28169, Biosynthesis of other secondary metabolites
rxn38254,
rxn31790, Metabolism of cofactors and vitamins
rxn32473, Nucleotide metabolism
rxn34298, Metabolism of other amino acids
rxn07486, Carbohydrate metabolism
EXpd00129,
rxn02625, Carbohydrate metabolism
rxn05349, Lipid metabolism
rxn15728, Carbohydrate metabolism
rxn04033, Xenobiotics biodegradation and metabolites
rxn19940, Metabolism of cofactors and vitamins
rxn07353, Metabolism of terpenoids and polyketides
rxn02866, Amino acid metabolism
rxn31322, Lipid metabolism
rxn05114, Nucleotide metabolism
rxn15899, Carbohydrate metabolism
rxn01096, Xenobiotics biodegradation and metabolites
rxn00792, Metabolism of cofactors and vitamins
rxn31847, Nucleotide metabolism
rxn02845, Metabolism of other amino acids
rxn07256, Lipid metabolism
rxn01893, Amino acid metabolism
rxn02010, Glycan biosynthesis and metabolism
EXpd00644,
rxn02132,
rxn32164,
rxn38004, Carbohydrate metabolism
rxn32748, Nucleotide metabolism
rxn30680, Metabolism of cofactors and vitamins
rxn03843,
rxn09018, Metabolism of terpenoids and polyketides
rxn03861,
rxn38181, Metabolism of cofactors and vitamins
rxn00044,
rxn02104, Nucleotide metabolism
rxn04354, Metabolism of terpenoids and polyketides
rxn03625, Xenobiotics biodegradation and metabolites
rxn01434, Amino acid metabolism
rxn13976,
rxn19956, Biosynthesis of other secondary metabolites
rxn30116, Lipid metabolism
rxn29083, Carbohydrate metabolism
rxn03394, Metabolism of cofactors and vitamins
rxn18910, Nucleotide metabolism
rxn01642, Amino acid metabolism
rxn01409, Lipid metabolism
rxn31436,
rxn32176, Nucleotide metabolism
rxn23243, Metabolism of terpenoids and polyketides
rxn10155, Energy metabolism
rxn20288, Nucleotide metabolism
rxn20499, Metabolism of cofactors and vitamins
rxn14156, Biosynthesis of other secondary metabolites
rxn08771, Nucleotide metabolism
rxn02875,
rxn03935, Xenobiotics biodegradation and metabolites
rxn19989, Lipid metabolism
rxn32684, Carbohydrate metabolism
rxn34627, Carbohydrate metabolism
rxn00519, Carbohydrate metabolism
rxn16413,
rxn30979,
EXpd00098,
rxn03258, Lipid metabolism
rxn03547, Xenobiotics biodegradation and metabolites
rxn00399, Amino acid metabolism
rxn15679, Lipid metabolism
rxn28082, Metabolism of cofactors and vitamins
rxn03610, Xenobiotics biodegradation and metabolites
rxn30447, Nucleotide metabolism
rxn33672, Nucleotide metabolism
rxn05128, Amino acid metabolism
rxn02173, Carbohydrate metabolism
rxn15855, Biosynthesis of other secondary metabolites
rxn16503,
rxn03800, Xenobiotics biodegradation and metabolites
rxn05197, Nucleotide metabolism
rxn28099, Amino acid metabolism
rxn00077, Metabolism of cofactors and vitamins
rxn28267, Metabolism of other amino acids
rxn04579, Biosynthesis of other secondary metabolites
EXpd00242,
rxn07477,
rxn03715, Xenobiotics biodegradation and metabolites
rxn12615, Metabolism of cofactors and vitamins
rxn28107,
rxn07267, Lipid metabolism
rxn16343, Energy metabolism
rxn16137, Xenobiotics biodegradation and metabolites
rxn31335, Carbohydrate metabolism
rxn45899,
rxn01792, Metabolism of cofactors and vitamins
rxn07890, Xenobiotics biodegradation and metabolites
rxn01706, Nucleotide metabolism
rxn15125, Carbohydrate metabolism
rxn02883, Amino acid metabolism
rxn15785, Metabolism of cofactors and vitamins
rxn07882,
rxn00930, Amino acid metabolism
rxn16169, Metabolism of terpenoids and polyketides
rxn35541, Amino acid metabolism
EXpd00104,
rxn08307,
rxn11773, Xenobiotics biodegradation and metabolites
rxn29019, Metabolism of terpenoids and polyketides
rxn15490, Nucleotide metabolism
rxn04961, Energy metabolism
rxn16584,
rxn03205, Amino acid metabolism
rxn08291,
rxn07348, Metabolism of terpenoids and polyketides
rxn10534,
rxn13975, Biosynthesis of other secondary metabolites
rxn15005, Carbohydrate metabolism
rxn16334,
rxn00750, Lipid metabolism
rxn15619, Metabolism of terpenoids and polyketides
rxn34717, Lipid metabolism
rxn01142, Amino acid metabolism
rxn00366, Nucleotide metabolism
rxn04070, Metabolism of cofactors and vitamins
rxn27815,
rxn07685, Lipid metabolism
rxn33298, Metabolism of cofactors and vitamins
rxn00489, Amino acid metabolism
rxn19322, Metabolism of cofactors and vitamins
rxn05627,
rxn00313, Amino acid metabolism
EXpd00393,
rxn32580,
rxn31779, Nucleotide metabolism
rxn07775, Metabolism of cofactors and vitamins
rxn00804, Amino acid metabolism
rxn05946,
rxn32733,
rxn16701, Xenobiotics biodegradation and metabolites
rxn33436, Metabolism of cofactors and vitamins
rxn14152, Amino acid metabolism
rxn00467, Amino acid metabolism
rxn02170, Amino acid metabolism
rxn06485,
rxn15644, Xenobiotics biodegradation and metabolites
rxn09177, Metabolism of cofactors and vitamins
rxn15095, Carbohydrate metabolism
rxn27525, Metabolism of cofactors and vitamins
rxn00717, Nucleotide metabolism
rxn00779, Carbohydrate metabolism
rxn02102, Nucleotide metabolism
rxn16315, Metabolism of cofactors and vitamins
rxn16082, Xenobiotics biodegradation and metabolites
rxn03903, Glycan biosynthesis and metabolism
rxn09188, Amino acid metabolism
rxn07729, Biosynthesis of other secondary metabolites
rxn11755, Xenobiotics biodegradation and metabolites
rxn32387, Carbohydrate metabolism
rxn01499, Amino acid metabolism
rxn10977, Amino acid metabolism
rxn09429, Lipid metabolism
rxn11766, Xenobiotics biodegradation and metabolites
rxn31477, Glycan biosynthesis and metabolism
rxn07877,
rxn04355, Metabolism of terpenoids and polyketides
rxn02267,
rxn08900, Metabolism of cofactors and vitamins
rxn38824, Carbohydrate metabolism
rxn01921, Carbohydrate metabolism
rxn19988,
rxn02283, Metabolism of cofactors and vitamins
rxn16663,
rxn30429, Nucleotide metabolism
rxn16222, Metabolism of terpenoids and polyketides
rxn02518, Nucleotide metabolism
rxn00368, Nucleotide metabolism
rxn10271, Energy metabolism
rxn33762, Nucleotide metabolism
rxn09109, Metabolism of cofactors and vitamins
rxn02980, Xenobiotics biodegradation and metabolites
rxn27724, Metabolism of cofactors and vitamins
rxn32630, Amino acid metabolism
rxn01466, Metabolism of terpenoids and polyketides
rxn16776, Nucleotide metabolism
rxn02375, Nucleotide metabolism
rxn07218,
rxn03562, Xenobiotics biodegradation and metabolites
rxn11681, Lipid metabolism
rxn30428, Nucleotide metabolism
rxn06864, Metabolism of cofactors and vitamins
rxn31476, Glycan biosynthesis and metabolism
rxn34705,
rxn32591, Metabolism of cofactors and vitamins
rxn01671, Metabolism of cofactors and vitamins
rxn15276, Carbohydrate metabolism
rxn16151, Carbohydrate metabolism
rxn03260, Lipid metabolism
rxn01729, Amino acid metabolism
rxn16679, Amino acid metabolism
rxn01285,
rxn02761, Nucleotide metabolism
EXpd00063,
rxn03126, Energy metabolism
rxn18920,
rxn06545, Xenobiotics biodegradation and metabolites
rxn19543, Amino acid metabolism
rxn34630, Carbohydrate metabolism
rxn04934, Amino acid metabolism
rxn28277, Lipid metabolism
rxn32777, Carbohydrate metabolism
rxn23405, Carbohydrate metabolism
rxn33400,
rxn40264, Energy metabolism
rxn15625, Metabolism of terpenoids and polyketides
rxn16398,
rxn30442,
rxn30189, Nucleotide metabolism
rxn03744, Xenobiotics biodegradation and metabolites
rxn38486, Lipid metabolism
rxn00255, Xenobiotics biodegradation and metabolites
rxn04047, Metabolism of cofactors and vitamins
rxn32513, Amino acid metabolism
rxn38911,
rxn33683, Amino acid metabolism
rxn46587,
rxn14132,
rxn03990,
rxn35212,
rxn34734, Lipid metabolism
rxn38796, Carbohydrate metabolism
rxn45777,
rxn32249, Amino acid metabolism
rxn20592,
rxn31895, Nucleotide metabolism
rxn13746,
EXpd00053,
rxn10939,
rxn27531,
rxn32708, Carbohydrate metabolism
rxn30386,
rxn47471,
rxn27876, Carbohydrate metabolism
rxn07648, Metabolism of terpenoids and polyketides
rxn01985, Nucleotide metabolism
rxn00990, Carbohydrate metabolism
rxn07748, Biosynthesis of other secondary metabolites
rxn38682, Lipid metabolism
rxn06227,
rxn01394, Carbohydrate metabolism
rxn00553, Carbohydrate metabolism
rxn12432, Metabolism of cofactors and vitamins
rxn32876, Xenobiotics biodegradation and metabolites
rxn23649,
rxn03492, Metabolism of cofactors and vitamins
rxn35548, Carbohydrate metabolism
rxn32365, Carbohydrate metabolism
rxn03372,
rxn35427, Carbohydrate metabolism
rxn24355,
rxn32216, Nucleotide metabolism
rxn01927, Amino acid metabolism
rxn34735, Lipid metabolism
rxn10029, Energy metabolism
rxn08982, Metabolism of terpenoids and polyketides
rxn02629, Xenobiotics biodegradation and metabolites
rxn06912, Xenobiotics biodegradation and metabolites
rxn19936, Nucleotide metabolism
rxn02226, Amino acid metabolism
rxn03198, Lipid metabolism
rxn33328, Carbohydrate metabolism
rxn12854,
rxn03898, Xenobiotics biodegradation and metabolites
rxn02165, Xenobiotics biodegradation and metabolites
rxn16520,
rxn09307,
rxn32812,
rxn35480,
rxn00579, Carbohydrate metabolism
rxn07751, Biosynthesis of other secondary metabolites
rxn01019, Amino acid metabolism
rxn46442,
rxn24414,
rxn01678, Nucleotide metabolism
rxn19830, Nucleotide metabolism
rxn00966, Metabolism of cofactors and vitamins
rxn35492,
rxn15947, Amino acid metabolism
rxn04810, Xenobiotics biodegradation and metabolites
rxn32690, Amino acid metabolism
rxn02939, Metabolism of cofactors and vitamins
rxn30152,
rxn16411,
rxn34228, Carbohydrate metabolism
rxn07840, Amino acid metabolism
rxn32500,
rxn00933, Amino acid metabolism
rxn16213, Metabolism of other amino acids
rxn02344, Amino acid metabolism
rxn05166, Nucleotide metabolism
rxn00748, Carbohydrate metabolism
rxn03204, Amino acid metabolism
rxn07346, Metabolism of cofactors and vitamins
rxn20227, Carbohydrate metabolism
rxn27288, Metabolism of cofactors and vitamins
rxn16785,
EXpd00024,
rxn14087,
rxn05047, Amino acid metabolism
rxn11347,
rxn28987,
rxn00909, Metabolism of cofactors and vitamins
rxn35443,
rxn00290,
rxn38136, Amino acid metabolism
rxn32242, Amino acid metabolism
rxn04786, Amino acid metabolism
rxn02517, Nucleotide metabolism
rxn35436, Nucleotide metabolism
rxn01444, Nucleotide metabolism
rxn06145, Lipid metabolism
rxn00856, Amino acid metabolism
rxn16409, Xenobiotics biodegradation and metabolites
rxn31362, Carbohydrate metabolism
rxn25216, Carbohydrate metabolism
rxn08086,
rxn19980, Carbohydrate metabolism
rxn27789, Carbohydrate metabolism
rxn21401,
rxn35957,
rxn11809, Xenobiotics biodegradation and metabolites
rxn03871, Xenobiotics biodegradation and metabolites
rxn20663, Amino acid metabolism
rxn00302, Metabolism of cofactors and vitamins
rxn16823, Metabolism of cofactors and vitamins
rxn07152, Biosynthesis of other secondary metabolites
rxn09616, Xenobiotics biodegradation and metabolites
rxn08856,
rxn10212, Energy metabolism
rxn06926, Xenobiotics biodegradation and metabolites
rxn03607, Xenobiotics biodegradation and metabolites
rxn05508,
rxn01634, Carbohydrate metabolism
rxn00707, Nucleotide metabolism
EXpd00133,
rxn06114,
rxn32991, Amino acid metabolism
rxn05663,
rxn13939,
rxn16246, Xenobiotics biodegradation and metabolites
rxn03575, Xenobiotics biodegradation and metabolites
rxn07374, Metabolism of terpenoids and polyketides
rxn37873, Lipid metabolism
rxn00965, Metabolism of cofactors and vitamins
rxn01203, Amino acid metabolism
rxn21213, Carbohydrate metabolism
rxn09614, Xenobiotics biodegradation and metabolites
rxn01664, Biosynthesis of other secondary metabolites
rxn38257, Amino acid metabolism
rxn00634, Carbohydrate metabolism
rxn33820, Amino acid metabolism
rxn04788, Amino acid metabolism
rxn38286, Carbohydrate metabolism
rxn00855, Amino acid metabolism
rxn38055, Amino acid metabolism
EXpd00009,
rxn01943, Amino acid metabolism
rxn11014,
EXpd00986,
rxn32460, Amino acid metabolism
rxn15233, Carbohydrate metabolism
rxn15161, Carbohydrate metabolism
rxn15237, Carbohydrate metabolism
rxn20838, Metabolism of terpenoids and polyketides
rxn33365, Nucleotide metabolism
rxn31994, Biosynthesis of other secondary metabolites
rxn14311, Lipid metabolism
rxn03963, Amino acid metabolism
rxn03991,
rxn01967, Carbohydrate metabolism
rxn01395, Carbohydrate metabolism
rxn34777, Carbohydrate metabolism
rxn01066, Lipid metabolism
rxn20583, Carbohydrate metabolism
rxn15623, Metabolism of terpenoids and polyketides
rxn02798, Lipid metabolism
rxn32413, Carbohydrate metabolism
rxn28045,
rxn34779, Carbohydrate metabolism
rxn16676, Metabolism of terpenoids and polyketides
rxn16801, Carbohydrate metabolism
rxn16124, Metabolism of terpenoids and polyketides
rxn05085,
rxn24314, Metabolism of cofactors and vitamins
rxn19701, Energy metabolism
rxn31983,
rxn02171, Carbohydrate metabolism
rxn38370, Biosynthesis of other secondary metabolites
rxn16350,
rxn01679, Nucleotide metabolism
rxn05223, Nucleotide metabolism
rxn15306, Nucleotide metabolism
rxn16052, Metabolism of terpenoids and polyketides
rxn09165, Metabolism of cofactors and vitamins
rxn33205, Carbohydrate metabolism
rxn01281, Carbohydrate metabolism
rxn05291, Lipid metabolism
rxn10505, Metabolism of cofactors and vitamins
rxn35440, Xenobiotics biodegradation and metabolites
rxn02011, Amino acid metabolism
rxn02930,
rxn06887, Metabolism of cofactors and vitamins
rxn15824, Metabolism of terpenoids and polyketides
rxn01926,
rxn33432, Amino acid metabolism
rxn02728, Amino acid metabolism
rxn12649, Metabolism of cofactors and vitamins
rxn02593, Xenobiotics biodegradation and metabolites
rxn16095, Xenobiotics biodegradation and metabolites
rxn20769, Biosynthesis of other secondary metabolites
rxn35234, Carbohydrate metabolism
rxn00953,
rxn38344, Metabolism of other amino acids
rxn38539, Lipid metabolism
rxn20041,
rxn01800, Nucleotide metabolism
rxn01253, Metabolism of cofactors and vitamins
rxn30096, Lipid metabolism
rxn04351, Metabolism of terpenoids and polyketides
rxn16254, Xenobiotics biodegradation and metabolites
rxn01598, Xenobiotics biodegradation and metabolites
rxn20036, Xenobiotics biodegradation and metabolites
rxn35449, Metabolism of terpenoids and polyketides
rxn00367, Nucleotide metabolism
rxn16623,
rxn02795, Lipid metabolism
rxn33412, Lipid metabolism
rxn02985, Metabolism of cofactors and vitamins
rxn33486,
rxn31439, Lipid metabolism
rxn15188, Carbohydrate metabolism
EXpd00311,
rxn40505,
rxn01802, Lipid metabolism
rxn15833,
EXpd00222,
rxn34708,
rxn17202, Lipid metabolism
rxn13834,
rxn05012, Amino acid metabolism
rxn02143, Xenobiotics biodegradation and metabolites
rxn31401, Amino acid metabolism
rxn02296, Metabolism of cofactors and vitamins
rxn06979, Metabolism of cofactors and vitamins
rxn38276,
rxn14263, Metabolism of cofactors and vitamins
rxn04514, Metabolism of terpenoids and polyketides
rxn04513, Metabolism of terpenoids and polyketides
rxn09657, Xenobiotics biodegradation and metabolites
rxn00715, Nucleotide metabolism
rxn05645,
rxn03316, Lipid metabolism
rxn03517, Carbohydrate metabolism
rxn46500,
rxn15343, Metabolism of other amino acids
rxn34626, Carbohydrate metabolism
rxn01825, Amino acid metabolism
rxn04023, Xenobiotics biodegradation and metabolites
rxn01222, Nucleotide metabolism
rxn02943, Carbohydrate metabolism
rxn07585, Metabolism of cofactors and vitamins
rxn33469,
rxn28381, Amino acid metabolism
rxn33078, Amino acid metabolism
rxn30683, Amino acid metabolism
rxn32636, Xenobiotics biodegradation and metabolites
rxn28025, Carbohydrate metabolism
rxn15950, Amino acid metabolism
rxn38430, Amino acid metabolism
rxn24149, Metabolism of cofactors and vitamins
rxn07908, Xenobiotics biodegradation and metabolites
rxn23817, Metabolism of other amino acids
rxn35488,
rxn04345, Metabolism of terpenoids and polyketides
rxn01573, Amino acid metabolism
rxn16138, Xenobiotics biodegradation and metabolites
rxn04352, Metabolism of terpenoids and polyketides
rxn07463, Metabolism of terpenoids and polyketides
rxn02617, Carbohydrate metabolism
rxn38868, Amino acid metabolism
rxn03150, Metabolism of cofactors and vitamins
rxn07391,
rxn09638, Xenobiotics biodegradation and metabolites
rxn08947, Metabolism of cofactors and vitamins
rxn15373, Carbohydrate metabolism
rxn07366, Metabolism of terpenoids and polyketides
rxn32148, Nucleotide metabolism
rxn01778,
rxn02744, Amino acid metabolism
rxn06831, Metabolism of cofactors and vitamins
rxn47859,
rxn32292,
rxn05229, Nucleotide metabolism
rxn16237, Energy metabolism
rxn16385, Metabolism of cofactors and vitamins
rxn07752, Biosynthesis of other secondary metabolites
rxn00719, Nucleotide metabolism
rxn35453, Biosynthesis of other secondary metabolites
rxn34191, Carbohydrate metabolism
rxn03064, Carbohydrate metabolism
EXpd00246,
rxn16249, Xenobiotics biodegradation and metabolites
rxn06848, Glycan biosynthesis and metabolism
rxn33524, Amino acid metabolism
rxn02655, Biosynthesis of other secondary metabolites
rxn20503,
rxn25745, Lipid metabolism
rxn09111, Metabolism of cofactors and vitamins
rxn47813,
EXpd00161,
rxn09145, Metabolism of cofactors and vitamins
rxn34576, Lipid metabolism
rxn06022, Metabolism of cofactors and vitamins
rxn06041, Lipid metabolism
rxn00100, Metabolism of cofactors and vitamins
rxn02881, Metabolism of cofactors and vitamins
rxn33359,
rxn00801, Amino acid metabolism
EXpd00048,
rxn04326, Metabolism of terpenoids and polyketides
rxn16150, Carbohydrate metabolism
rxn06092, Lipid metabolism
rxn09104, Metabolism of cofactors and vitamins
rxn04702, Xenobiotics biodegradation and metabolites
rxn06678, Carbohydrate metabolism
rxn02318, Carbohydrate metabolism
rxn05127, Amino acid metabolism
rxn32739, Carbohydrate metabolism
rxn04872, Xenobiotics biodegradation and metabolites
rxn07462, Metabolism of terpenoids and polyketides
rxn30396, Metabolism of cofactors and vitamins
rxn03650, Xenobiotics biodegradation and metabolites
rxn15988, Amino acid metabolism
rxn13699,
rxn16183, Metabolism of terpenoids and polyketides
rxn15962, Energy metabolism
rxn07594, Xenobiotics biodegradation and metabolites
rxn04895, Xenobiotics biodegradation and metabolites
rxn30078,
rxn03439, Glycan biosynthesis and metabolism
EXpd00032,
rxn15849, Biosynthesis of other secondary metabolites
rxn09468, Metabolism of other amino acids
rxn09432, Lipid metabolism
rxn01438, Amino acid metabolism
rxn01686, Carbohydrate metabolism
EXpd00182,
rxn04448, Metabolism of terpenoids and polyketides
rxn34491,
rxn06033, Lipid metabolism
rxn15617, Metabolism of terpenoids and polyketides
rxn15746, Carbohydrate metabolism
rxn27788, Amino acid metabolism
rxn00617,
rxn11650, Metabolism of cofactors and vitamins
rxn37872, Carbohydrate metabolism
rxn38174, Biosynthesis of other secondary metabolites
rxn30335, Amino acid metabolism
rxn03954,
rxn30504, Metabolism of terpenoids and polyketides
rxn06299, Energy metabolism
rxn31960, Metabolism of cofactors and vitamins
rxn03586, Xenobiotics biodegradation and metabolites
rxn28377, Metabolism of terpenoids and polyketides
rxn16887,
rxn35544, Amino acid metabolism
rxn10667, Amino acid metabolism
rxn10585,
rxn28116, Carbohydrate metabolism
rxn30188, Nucleotide metabolism
rxn04347, Metabolism of terpenoids and polyketides
rxn32907, Carbohydrate metabolism
rxn03933, Glycan biosynthesis and metabolism
rxn30364, Carbohydrate metabolism
EXpd00107,
rxn02433, Carbohydrate metabolism
rxn16844, Energy metabolism
rxn00193,
rxn07608, Xenobiotics biodegradation and metabolites
rxn38691,
rxn03922, Xenobiotics biodegradation and metabolites
rxn19213, Nucleotide metabolism
rxn02140, Xenobiotics biodegradation and metabolites
rxn03746, Xenobiotics biodegradation and metabolites
rxn07141, Metabolism of terpenoids and polyketides
rxn03728, Xenobiotics biodegradation and metabolites
rxn03681, Xenobiotics biodegradation and metabolites
rxn34786, Carbohydrate metabolism
rxn24829, Metabolism of cofactors and vitamins
rxn35519, Carbohydrate metabolism
rxn04295, Metabolism of terpenoids and polyketides
rxn13143, Metabolism of cofactors and vitamins
rxn04510, Metabolism of terpenoids and polyketides
rxn23730,
rxn17089, Amino acid metabolism
rxn14227, Xenobiotics biodegradation and metabolites
rxn03263, Metabolism of other amino acids
rxn35538,
rxn08040,
rxn36503, Lipid metabolism
rxn20003,
rxn08220,
rxn16597,
rxn05222, Nucleotide metabolism
rxn48388,
rxn38117, Carbohydrate metabolism
rxn07465, Amino acid metabolism
rxn01945, Amino acid metabolism
rxn00497, Amino acid metabolism
rxn31954, Carbohydrate metabolism
EXpd00205,
rxn06429,
rxn33703, Biosynthesis of other secondary metabolites
rxn15991,
rxn37953,
rxn16184, Metabolism of terpenoids and polyketides
rxn28310, Metabolism of cofactors and vitamins
rxn12748, Metabolism of cofactors and vitamins
rxn00340, Amino acid metabolism
rxn11346,
rxn15999, Xenobiotics biodegradation and metabolites
rxn16179, Metabolism of terpenoids and polyketides
rxn31327, Lipid metabolism
rxn02360, Amino acid metabolism
rxn25701,
rxn02946, Amino acid metabolism
rxn06090, Lipid metabolism
rxn04752, Xenobiotics biodegradation and metabolites
rxn03596, Xenobiotics biodegradation and metabolites
rxn09944, Xenobiotics biodegradation and metabolites
rxn15751, Energy metabolism
rxn16233, Energy metabolism
rxn15948, Amino acid metabolism
rxn11959, Xenobiotics biodegradation and metabolites
rxn11750, Xenobiotics biodegradation and metabolites
rxn17767, Nucleotide metabolism
EXpd00054,
rxn15882,
rxn02402, Metabolism of cofactors and vitamins
rxn10204, Energy metabolism
rxn04328, Metabolism of terpenoids and polyketides
rxn32754, Metabolism of cofactors and vitamins
rxn41088,
rxn33715,
rxn16842,
rxn26509, Metabolism of terpenoids and polyketides
rxn11684,
rxn30531,
rxn04477, Metabolism of terpenoids and polyketides
rxn27266,
rxn07899, Xenobiotics biodegradation and metabolites
rxn04464, Nucleotide metabolism
rxn16170, Metabolism of terpenoids and polyketides
rxn16783,
rxn01602, Metabolism of cofactors and vitamins
rxn16694, Metabolism of terpenoids and polyketides
rxn14274, Lipid metabolism
rxn16543, Carbohydrate metabolism
rxn10604, Metabolism of cofactors and vitamins
rxn07900, Xenobiotics biodegradation and metabolites
rxn14184,
rxn27984,
EXpd00305,
rxn07265, Lipid metabolism
rxn35551, Amino acid metabolism
rxn27916, Biosynthesis of other secondary metabolites
rxn32246, Amino acid metabolism
rxn11835, Xenobiotics biodegradation and metabolites
rxn33266, Carbohydrate metabolism
rxn04666, Xenobiotics biodegradation and metabolites
rxn22782,
rxn04140,
rxn00449, Carbohydrate metabolism
rxn35413, Metabolism of cofactors and vitamins
rxn15667,
rxn37889, Lipid metabolism
rxn03037, Amino acid metabolism
rxn38706, Energy metabolism
rxn02089, Carbohydrate metabolism
rxn03569,
rxn11743, Amino acid metabolism
EXpd01363,
rxn32257, Nucleotide metabolism
rxn02095, Carbohydrate metabolism
rxn14049, Lipid metabolism
rxn03254, Lipid metabolism
rxn01358, Nucleotide metabolism
rxn01930, Amino acid metabolism
rxn13752,
rxn14121,
rxn12800, Carbohydrate metabolism
rxn15062, Carbohydrate metabolism
rxn38482, Lipid metabolism
rxn04590, Biosynthesis of other secondary metabolites
rxn02397, Amino acid metabolism
rxn32492, Carbohydrate metabolism
rxn03897, Xenobiotics biodegradation and metabolites
EXpd00060,
rxn01129, Nucleotide metabolism
rxn34254,
rxn15743, Carbohydrate metabolism
rxn08536,
rxn32658,
rxn16090, Xenobiotics biodegradation and metabolites
rxn00780, Carbohydrate metabolism
rxn16695, Metabolism of terpenoids and polyketides
rxn15661, Carbohydrate metabolism
rxn27983, Carbohydrate metabolism
rxn44063,
rxn03667, Xenobiotics biodegradation and metabolites
rxn35376, Metabolism of cofactors and vitamins
rxn32324, Carbohydrate metabolism
rxn03906, Xenobiotics biodegradation and metabolites
rxn21211, Amino acid metabolism
rxn00892, Carbohydrate metabolism
rxn32758, Lipid metabolism
rxn03540, Metabolism of cofactors and vitamins
rxn02125, Xenobiotics biodegradation and metabolites
rxn33387,
rxn00577, Carbohydrate metabolism
rxn02823, Amino acid metabolism
rxn11202,
rxn03039, Nucleotide metabolism
rxn00935, Carbohydrate metabolism
rxn32796, Amino acid metabolism
rxn00513, Nucleotide metabolism
rxn14091, Amino acid metabolism
rxn10158,
rxn02228, Amino acid metabolism
rxn34077,
rxn15088, Carbohydrate metabolism
rxn11758, Xenobiotics biodegradation and metabolites
rxn04385, Metabolism of cofactors and vitamins
rxn31923, Carbohydrate metabolism
rxn02949, Amino acid metabolism
rxn15298, Carbohydrate metabolism
rxn33526,
rxn01512, Nucleotide metabolism
rxn05226, Nucleotide metabolism
rxn32720, Carbohydrate metabolism
rxn17066, Biosynthesis of other secondary metabolites
rxn37219, Metabolism of cofactors and vitamins
rxn11767, Xenobiotics biodegradation and metabolites
rxn01724, Metabolism of cofactors and vitamins
rxn38679, Metabolism of terpenoids and polyketides
rxn00315,
rxn15129, Carbohydrate metabolism
rxn33193, Nucleotide metabolism
rxn15098, Carbohydrate metabolism
rxn25717, Lipid metabolism
rxn19018, Carbohydrate metabolism
rxn01315, Amino acid metabolism
rxn33067, Nucleotide metabolism
rxn30634, Amino acid metabolism
rxn03374,
rxn04476, Metabolism of terpenoids and polyketides
rxn16127, Metabolism of terpenoids and polyketides
rxn03714, Xenobiotics biodegradation and metabolites
rxn33340, Nucleotide metabolism
rxn06453,
rxn16682, Carbohydrate metabolism
rxn33891,
rxn03901, Glycan biosynthesis and metabolism
rxn03003, Amino acid metabolism
rxn07472, Xenobiotics biodegradation and metabolites
rxn05644,
rxn00540, Amino acid metabolism
rxn15222, Carbohydrate metabolism
rxn31228,
rxn01518, Nucleotide metabolism
rxn32462, Energy metabolism
rxn03513, Metabolism of cofactors and vitamins
rxn16789, Lipid metabolism
rxn38134, Nucleotide metabolism
rxn35524, Metabolism of cofactors and vitamins
rxn23798, Metabolism of cofactors and vitamins
rxn00877,
rxn13659,
rxn05119, Metabolism of cofactors and vitamins
rxn33492, Carbohydrate metabolism
rxn04234, Metabolism of terpenoids and polyketides
rxn11006,
rxn00388, Energy metabolism
rxn01251, Metabolism of cofactors and vitamins
rxn31354, Metabolism of terpenoids and polyketides
rxn04037, Carbohydrate metabolism
rxn11808, Xenobiotics biodegradation and metabolites
rxn32838, Metabolism of cofactors and vitamins
rxn33383, Nucleotide metabolism
rxn32044,
rxn04601, Amino acid metabolism
rxn09122, Nucleotide metabolism
rxn43863,
rxn07155, Biosynthesis of other secondary metabolites
rxn14321, Biosynthesis of other secondary metabolites
rxn07345, Metabolism of cofactors and vitamins
rxn08222,
rxn03938,
rxn30590, Amino acid metabolism
rxn12749, Metabolism of cofactors and vitamins
rxn16251, Xenobiotics biodegradation and metabolites
rxn27534, Amino acid metabolism
rxn07807, Xenobiotics biodegradation and metabolites
rxn38372,
rxn16713,
rxn08166, Metabolism of cofactors and vitamins
rxn40643,
rxn34517,
rxn03007, Lipid metabolism
rxn34011,
rxn11657, Xenobiotics biodegradation and metabolites
rxn32155,
rxn15351, Carbohydrate metabolism
rxn02532,
rxn06798, Lipid metabolism
rxn03534, Metabolism of cofactors and vitamins
rxn32502, Xenobiotics biodegradation and metabolites
rxn05244,
rxn27708, Amino acid metabolism
rxn17440, Xenobiotics biodegradation and metabolites
rxn06472, Metabolism of other amino acids
rxn35371,
rxn33740, Metabolism of other amino acids
rxn37377,
rxn32327, Lipid metabolism
EXpd00039,
rxn27362, Amino acid metabolism
rxn07898, Xenobiotics biodegradation and metabolites
rxn01277, Carbohydrate metabolism
rxn15686, Metabolism of terpenoids and polyketides
rxn15018, Nucleotide metabolism
rxn40387, Metabolism of other amino acids
rxn36659, Lipid metabolism
rxn28109, Xenobiotics biodegradation and metabolites
rxn10643, Amino acid metabolism
rxn21639, Glycan biosynthesis and metabolism
rxn00233,
rxn02889, Amino acid metabolism
rxn31867, Glycan biosynthesis and metabolism
rxn06138, Lipid metabolism
rxn02145, Metabolism of cofactors and vitamins
rxn00803, Carbohydrate metabolism
rxn17399, Metabolism of cofactors and vitamins
rxn31766, Nucleotide metabolism
rxn33563, Carbohydrate metabolism
rxn35418, Metabolism of cofactors and vitamins
rxn26352, Metabolism of cofactors and vitamins
rxn00558,
rxn39510, Glycan biosynthesis and metabolism
rxn02770, Carbohydrate metabolism
rxn12113,
rxn00423, Amino acid metabolism
rxn01494, Amino acid metabolism
rxn15544,
rxn14382, Biosynthesis of other secondary metabolites
rxn28181, Amino acid metabolism
rxn38910, Amino acid metabolism
rxn03317, Lipid metabolism
rxn33380,
rxn37586,
rxn27536, Energy metabolism
rxn00669, Carbohydrate metabolism
rxn02090, Amino acid metabolism
rxn19341, Metabolism of cofactors and vitamins
rxn35425, Xenobiotics biodegradation and metabolites
rxn19338, Nucleotide metabolism
rxn04661, Amino acid metabolism
rxn09836, Xenobiotics biodegradation and metabolites
rxn04051,
rxn33463,
rxn14246,
rxn30618, Metabolism of other amino acids
rxn31894, Amino acid metabolism
rxn29369, Carbohydrate metabolism
rxn11715, Lipid metabolism
rxn00202, Amino acid metabolism
rxn05169, Nucleotide metabolism
rxn01775, Carbohydrate metabolism
rxn06671, Lipid metabolism
rxn02297, Metabolism of cofactors and vitamins
rxn01742, Amino acid metabolism
rxn44825,
rxn06971, Lipid metabolism
rxn15061, Carbohydrate metabolism
rxn15604, Lipid metabolism
rxn33994, Carbohydrate metabolism
rxn07623, Xenobiotics biodegradation and metabolites
rxn31942, Nucleotide metabolism
rxn13994,
rxn35430, Amino acid metabolism
rxn01294, Xenobiotics biodegradation and metabolites
EXpd00105,
rxn01699, Metabolism of cofactors and vitamins
rxn02861, Xenobiotics biodegradation and metabolites
rxn02258, Carbohydrate metabolism
rxn04874, Xenobiotics biodegradation and metabolites
rxn11962, Amino acid metabolism
rxn33352, Energy metabolism
rxn08202,
rxn30503, Metabolism of terpenoids and polyketides
rxn04832, Xenobiotics biodegradation and metabolites
rxn04195, Metabolism of terpenoids and polyketides
rxn08612, Nucleotide metabolism
rxn13914, Biosynthesis of other secondary metabolites
rxn16678, Amino acid metabolism
rxn33382,
rxn00702, Carbohydrate metabolism
rxn16802, Xenobiotics biodegradation and metabolites
rxn00462, Metabolism of other amino acids
rxn33091, Carbohydrate metabolism
rxn34879,
rxn02284, Carbohydrate metabolism
rxn00131, Nucleotide metabolism
COG3601,
rxn08775,
rxn34232,
rxn38907, Amino acid metabolism
rxn13097, Nucleotide metabolism
rxn34483,
rxn36393, Lipid metabolism
rxn02425,
rxn32633, Nucleotide metabolism
rxn08764, Lipid metabolism
rxn31441,
rxn02285, Carbohydrate metabolism
rxn02161, Carbohydrate metabolism
rxn09467, Metabolism of other amino acids
rxn12575, Metabolism of cofactors and vitamins
rxn08549,
rxn19157,
EXpd00117,
rxn31783, Amino acid metabolism
rxn33132, Amino acid metabolism
rxn00598, Amino acid metabolism
rxn22384, Amino acid metabolism
rxn15930, Metabolism of cofactors and vitamins
rxn11258, Nucleotide metabolism
rxn29004,
rxn30397, Amino acid metabolism
EXpd00260,
rxn33862, Metabolism of terpenoids and polyketides
rxn02276, Amino acid metabolism
rxn13941, Glycan biosynthesis and metabolism
rxn02904,
rxn31363, Amino acid metabolism
rxn16622, Carbohydrate metabolism
rxn05554,
rxn12369, Metabolism of cofactors and vitamins
rxn07468, Metabolism of terpenoids and polyketides
rxn27522, Carbohydrate metabolism
rxn15402, Lipid metabolism
rxn16593,
rxn01088, Lipid metabolism
rxn04571, Biosynthesis of other secondary metabolites
rxn34732, Lipid metabolism
rxn04748, Xenobiotics biodegradation and metabolites
rxn01403, Metabolism of other amino acids
rxn06086, Lipid metabolism
rxn02496,
rxn06375, Lipid metabolism
rxn33032, Amino acid metabolism
rxn32058,
rxn15823, Metabolism of terpenoids and polyketides
rxn16582,
rxn08924, Metabolism of cofactors and vitamins
rxn00542, Carbohydrate metabolism
rxn11794, Xenobiotics biodegradation and metabolites
rxn07630, Xenobiotics biodegradation and metabolites
rxn01195, Xenobiotics biodegradation and metabolites
rxn35310, Biosynthesis of other secondary metabolites
rxn32810, Metabolism of cofactors and vitamins
rxn00624, Amino acid metabolism
rxn03501,
rxn19898, Amino acid metabolism
rxn10447, Energy metabolism
rxn03573, Xenobiotics biodegradation and metabolites
rxn04290, Metabolism of terpenoids and polyketides
rxn14292, Metabolism of terpenoids and polyketides
rxn14316, Amino acid metabolism
rxn01577,
rxn38054, Amino acid metabolism
rxn00701, Carbohydrate metabolism
rxn00629, Carbohydrate metabolism
rxn32220, Xenobiotics biodegradation and metabolites
rxn16566,
rxn33637,
rxn32132, Amino acid metabolism
rxn01015, Carbohydrate metabolism
rxn07323, Lipid metabolism
rxn33507,
rxn04602, Amino acid metabolism
rxn09187, Nucleotide metabolism
rxn07479, Xenobiotics biodegradation and metabolites
rxn04301, Metabolism of terpenoids and polyketides
rxn09777, Xenobiotics biodegradation and metabolites
rxn23401, Biosynthesis of other secondary metabolites
rxn34357,
rxn32347, Amino acid metabolism
rxn33272, Energy metabolism
rxn06079, Lipid metabolism
rxn11565, Metabolism of cofactors and vitamins
rxn29048, Carbohydrate metabolism
rxn33391, Metabolism of cofactors and vitamins
rxn06088, Lipid metabolism
rxn02377, Carbohydrate metabolism
rxn35343, Lipid metabolism
rxn01827, Metabolism of cofactors and vitamins
rxn34789, Carbohydrate metabolism
rxn21216,
rxn16495,
rxn31217, Carbohydrate metabolism
rxn15495, Lipid metabolism
rxn03599, Xenobiotics biodegradation and metabolites
rxn04324, Metabolism of terpenoids and polyketides
rxn30602,
rxn15164, Metabolism of cofactors and vitamins
rxn03869, Xenobiotics biodegradation and metabolites
rxn08302,
rxn43642,
rxn12080,
rxn16806, Metabolism of cofactors and vitamins
rxn32966,
rxn02141, Xenobiotics biodegradation and metabolites
rxn24356, Carbohydrate metabolism
rxn16236, Energy metabolism
rxn34235, Metabolism of other amino acids
rxn03763, Biosynthesis of other secondary metabolites
rxn34220,
rxn32133, Metabolism of cofactors and vitamins
rxn32851, Nucleotide metabolism
rxn16544,
rxn11761, Xenobiotics biodegradation and metabolites
rxn04588, Biosynthesis of other secondary metabolites
rxn33143, Metabolism of cofactors and vitamins
rxn29210, Metabolism of terpenoids and polyketides
rxn01500, Metabolism of terpenoids and polyketides
rxn01261, Metabolism of cofactors and vitamins
rxn03378,
rxn03604, Xenobiotics biodegradation and metabolites
rxn27959, Xenobiotics biodegradation and metabolites
rxn25989, Metabolism of cofactors and vitamins
rxn10060, Energy metabolism
rxn41021,
rxn15060, Energy metabolism
EXpd00079,
rxn33789, Amino acid metabolism
rxn03849, Xenobiotics biodegradation and metabolites
rxn15933, Metabolism of cofactors and vitamins
rxn10036, Energy metabolism
rxn33750, Metabolism of cofactors and vitamins
rxn27432, Metabolism of cofactors and vitamins
rxn00463, Nucleotide metabolism
rxn13979, Metabolism of other amino acids
rxn38902,
rxn01619, Carbohydrate metabolism
rxn04754, Xenobiotics biodegradation and metabolites
rxn00671,
rxn16646, Amino acid metabolism
rxn33806, Carbohydrate metabolism
rxn01579, Amino acid metabolism
rxn00160, Carbohydrate metabolism
rxn00745,
rxn07140, Metabolism of terpenoids and polyketides
rxn27943, Carbohydrate metabolism
rxn33702, Lipid metabolism
rxn16322, Metabolism of other amino acids
rxn00867, Amino acid metabolism
rxn02009, Glycan biosynthesis and metabolism
rxn28560, Nucleotide metabolism
rxn04526, Metabolism of terpenoids and polyketides
rxn16485,
rxn01506, Carbohydrate metabolism
rxn27419, Glycan biosynthesis and metabolism
rxn02438, Carbohydrate metabolism
rxn31098, Nucleotide metabolism
rxn04604, Amino acid metabolism
rxn01374, Amino acid metabolism
rxn00456, Amino acid metabolism
rxn16628, Energy metabolism
rxn03676, Xenobiotics biodegradation and metabolites
rxn03336, Amino acid metabolism
rxn20819,
rxn01143, Nucleotide metabolism
rxn02931,
rxn03511, Glycan biosynthesis and metabolism
rxn01667, Carbohydrate metabolism
rxn33580,
rxn07689, Lipid metabolism
rxn10504, Metabolism of cofactors and vitamins
rxn02429, Carbohydrate metabolism
rxn13851,
rxn06904, Xenobiotics biodegradation and metabolites
rxn00116, Nucleotide metabolism
rxn27692,
rxn14022, Metabolism of other amino acids
rxn02292, Metabolism of cofactors and vitamins
rxn15213, Carbohydrate metabolism
rxn12811, Carbohydrate metabolism
rxn03951, Metabolism of cofactors and vitamins
rxn16824, Metabolism of cofactors and vitamins
rxn12114,
rxn36479, Lipid metabolism
rxn16123, Metabolism of terpenoids and polyketides
rxn04350, Metabolism of terpenoids and polyketides
rxn19263, Lipid metabolism
rxn06817,
rxn00927, Nucleotide metabolism
rxn38867, Amino acid metabolism
rxn03173, Metabolism of cofactors and vitamins
rxn04549, Metabolism of terpenoids and polyketides
rxn32418, Metabolism of cofactors and vitamins
rxn01996, Amino acid metabolism
rxn01484, Carbohydrate metabolism
rxn23800, Lipid metabolism
rxn22783, Metabolism of terpenoids and polyketides
rxn38696,
rxn30104, Metabolism of cofactors and vitamins
rxn03129,
rxn02020, Nucleotide metabolism
rxn07255, Lipid metabolism
rxn16135, Xenobiotics biodegradation and metabolites
rxn33448, Amino acid metabolism
rxn09004, Metabolism of terpenoids and polyketides
rxn33610,
rxn03576, Xenobiotics biodegradation and metabolites
rxn05149, Nucleotide metabolism
rxn33164, Xenobiotics biodegradation and metabolites
rxn31408, Lipid metabolism
rxn10476, Biosynthesis of other secondary metabolites
rxn30143, Carbohydrate metabolism
rxn01361, Nucleotide metabolism
rxn16252, Xenobiotics biodegradation and metabolites
rxn08853, Nucleotide metabolism
rxn00924,
rxn03031, Amino acid metabolism
rxn08317,
rxn15087, Carbohydrate metabolism
rxn27892,
rxn15170, Lipid metabolism
rxn28979, Amino acid metabolism
dna_rxn,
rxn01615, Carbohydrate metabolism
rxn35447, Nucleotide metabolism
rxn07355, Metabolism of terpenoids and polyketides
rxn02938, Nucleotide metabolism
rxn16206, Metabolism of other amino acids
rxn22826,
rxn25713, Lipid metabolism
rxn01109, Carbohydrate metabolism
rxn20289, Nucleotide metabolism
rxn20655, Carbohydrate metabolism
rxn15953, Carbohydrate metabolism
rxn00720, Nucleotide metabolism
rxn13980, Lipid metabolism
rxn09019, Metabolism of terpenoids and polyketides
rxn28390,
rxn33488, Carbohydrate metabolism
rxn12537, Metabolism of cofactors and vitamins
rxn01639, Amino acid metabolism
rxn21212, Amino acid metabolism
rxn00926, Nucleotide metabolism
rxn03174, Metabolism of cofactors and vitamins
rxn00426, Amino acid metabolism
rxn08162, Nucleotide metabolism
rxn34299, Carbohydrate metabolism
rxn38273,
rxn15218, Lipid metabolism
rxn11774, Xenobiotics biodegradation and metabolites
rxn03798, Xenobiotics biodegradation and metabolites
rxn06139, Lipid metabolism
rxn31361,
rxn27286, Glycan biosynthesis and metabolism
rxn04454, Metabolism of terpenoids and polyketides
rxn20040, Xenobiotics biodegradation and metabolites
rxn36441, Lipid metabolism
rxn32529,
rxn32978, Carbohydrate metabolism
rxn00107, Nucleotide metabolism
rxn03675, Xenobiotics biodegradation and metabolites
rxn03327, Biosynthesis of other secondary metabolites
rxn03159, Glycan biosynthesis and metabolism
rxn04494, Metabolism of terpenoids and polyketides
rxn32981, Nucleotide metabolism
rxn30533,
rxn07646, Metabolism of terpenoids and polyketides
rxn04950,
rxn09297, Nucleotide metabolism
rxn03040, Amino acid metabolism
rxn35537,
rxn01511, Nucleotide metabolism
rxn16888,
rxn38132,
rxn03772,
rxn01870, Carbohydrate metabolism
rxn04317, Metabolism of terpenoids and polyketides
EXpd00084,
rxn31528, Metabolism of terpenoids and polyketides
rxn07741, Lipid metabolism
rxn35438, Nucleotide metabolism
rxn07686, Lipid metabolism
rxn07744, Biosynthesis of other secondary metabolites
rxn19714,
rxn01508, Nucleotide metabolism
rxn01124, Carbohydrate metabolism
rxn06934, Carbohydrate metabolism
rxn02852, Xenobiotics biodegradation and metabolites
rxn05549,
rxn35545, Amino acid metabolism
rxn06258,
rxn00672, Carbohydrate metabolism
rxn06078, Amino acid metabolism
rxn30209,
rxn06648,
rxn03597, Xenobiotics biodegradation and metabolites
rxn38077, Carbohydrate metabolism
rxn02363, Amino acid metabolism
rxn15080,
rxn16280, Xenobiotics biodegradation and metabolites
rxn07476, Carbohydrate metabolism
rxn27944, Nucleotide metabolism
rxn27728, Amino acid metabolism
rxn33738, Lipid metabolism
rxn01674, Nucleotide metabolism
rxn07492, Carbohydrate metabolism
rxn03056, Amino acid metabolism
rxn29989, Amino acid metabolism
rxn03603, Xenobiotics biodegradation and metabolites
rxn30018, Nucleotide metabolism
rxn03152, Xenobiotics biodegradation and metabolites
rxn30156,
rxn19827, Amino acid metabolism
rxn32559, Amino acid metabolism
rxn00278, Amino acid metabolism
rxn38342, Carbohydrate metabolism
rxn19340,
EXpd00263,
rxn33145, Carbohydrate metabolism
rxn00595, Xenobiotics biodegradation and metabolites
rxn15104, Glycan biosynthesis and metabolism
rxn04050, Metabolism of cofactors and vitamins
rxn06045, Lipid metabolism
rxn31851, Carbohydrate metabolism
rxn31256, Lipid metabolism
rxn30897, Carbohydrate metabolism
rxn03341, Amino acid metabolism
rxn09456, Lipid metabolism
rxn33241,
rxn04472, Xenobiotics biodegradation and metabolites
rxn24332,
rxn09615, Xenobiotics biodegradation and metabolites
rxn09300,
rxn15229, Nucleotide metabolism
rxn01621, Carbohydrate metabolism
rxn00244,
rxn35246,
rxn36080,
rxn14017,
rxn27919, Nucleotide metabolism
rxn35442, Carbohydrate metabolism
rxn15821, Metabolism of terpenoids and polyketides
rxn11749, Xenobiotics biodegradation and metabolites
rxn05224, Nucleotide metabolism
rxn35345, Carbohydrate metabolism
rxn22820,
rxn00298, Carbohydrate metabolism
rxn15727, Xenobiotics biodegradation and metabolites
rxn02688, Xenobiotics biodegradation and metabolites
rxn03545, Biosynthesis of other secondary metabolites
rxn32553,
rxn02295, Amino acid metabolism
rxn03690, Xenobiotics biodegradation and metabolites
rxn07295, Metabolism of cofactors and vitamins
rxn30983,
rxn35691, Metabolism of other amino acids
rxn04413, Metabolism of cofactors and vitamins
rxn00875, Carbohydrate metabolism
rxn15877, Carbohydrate metabolism
rxn29978, Carbohydrate metabolism
rxn32174, Energy metabolism
rxn16414,
rxn10168, Lipid metabolism
rxn00879, Biosynthesis of other secondary metabolites
rxn08200,
rxn33318, Energy metabolism
rxn07764, Biosynthesis of other secondary metabolites
rxn32567, Nucleotide metabolism
rxn35693,
rxn01467, Metabolism of terpenoids and polyketides
rxn31834, Metabolism of cofactors and vitamins
rxn03893, Metabolism of cofactors and vitamins
rxn05054, Metabolism of cofactors and vitamins
rxn15155, Carbohydrate metabolism
rxn02274, Amino acid metabolism
rxn25970,
rxn37127, Metabolism of terpenoids and polyketides
rxn04518, Metabolism of terpenoids and polyketides
rxn02447, Lipid metabolism
rxn03665, Xenobiotics biodegradation and metabolites
rxn03799, Xenobiotics biodegradation and metabolites
rxn27716, Carbohydrate metabolism
rxn34730, Lipid metabolism
rxn02527, Carbohydrate metabolism
rxn11203,
rxn01510, Nucleotide metabolism
rxn38087,
rxn07903, Xenobiotics biodegradation and metabolites
rxn29993, Amino acid metabolism
EXpd08625,
rxn08445,
rxn01799, Nucleotide metabolism
rxn05147, Nucleotide metabolism
rxn38060, Amino acid metabolism
rxn16119, Metabolism of terpenoids and polyketides
rxn33035, Carbohydrate metabolism
rxn10106, Energy metabolism
rxn06983, Carbohydrate metabolism
rxn11879, Carbohydrate metabolism
rxn16660, Xenobiotics biodegradation and metabolites
rxn08186, Metabolism of cofactors and vitamins
rxn32803, Carbohydrate metabolism
rxn04338, Metabolism of terpenoids and polyketides
GmPosellwall,
EXpd00438,
rxn08861,
rxn03921, Xenobiotics biodegradation and metabolites
rxn38163, Metabolism of cofactors and vitamins
rxn00941, Metabolism of cofactors and vitamins
rxn08113, Carbohydrate metabolism
rxn01944, Amino acid metabolism
rxn35639,
rxn04724, Xenobiotics biodegradation and metabolites
rxn01951, Carbohydrate metabolism
rxn03282,
rxn02577, Xenobiotics biodegradation and metabolites
rxn00928, Amino acid metabolism
rxn02192, Lipid metabolism
rxn32139, Carbohydrate metabolism
rxn04928, Carbohydrate metabolism
rxn37956, Lipid metabolism
rxn06089, Lipid metabolism
rxn27766, Nucleotide metabolism
rxn37912,
rxn00177, Carbohydrate metabolism
rxn27852, Energy metabolism
rxn15943, Lipid metabolism
rxn27110, Amino acid metabolism
rxn08188, Metabolism of cofactors and vitamins
rxn33386, Carbohydrate metabolism
rxn38833, Nucleotide metabolism
rxn34798,
rxn07319, Lipid metabolism
rxn35444, Metabolism of terpenoids and polyketides
rxn00613,
rxn06744,
rxn33082, Lipid metabolism
rxn12772, Carbohydrate metabolism
rxn02273, Amino acid metabolism
rxn16178, Metabolism of terpenoids and polyketides
rxn38143, Metabolism of cofactors and vitamins
rxn33633, Carbohydrate metabolism
rxn06409, Amino acid metabolism
rxn38702, Amino acid metabolism
rxn04787, Amino acid metabolism
rxn16727, Metabolism of terpenoids and polyketides
rxn38043, Amino acid metabolism
rxn07307, Energy metabolism
rxn03613, Biosynthesis of other secondary metabolites
rxn11811, Xenobiotics biodegradation and metabolites
rxn06081, Lipid metabolism
rxn15963,
rxn00763, Lipid metabolism
rxn05733,
rxn34729, Lipid metabolism
rxn01538, Metabolism of cofactors and vitamins
rxn39377, Amino acid metabolism
rxn33856, Nucleotide metabolism
rxn03360, Amino acid metabolism
rxn15996, Xenobiotics biodegradation and metabolites