Duration (Hours),A. lactolyticus SM,A. lactolyticus SM,A. lactolyticus SM,L. jensenii SM,L. jensenii SM,L. jensenii SM,C. bergeronii SM,C. bergeronii SM,C. bergeronii SM,A. marseille SM,A. marseille SM,A. marseille SM,E. massiliensis SM,E. massiliensis SM,E. massiliensis SM,A. tetradius SM,A. tetradius SM,A. tetradius SM,V. bacterium SM,V. bacterium SM,V. bacterium SM,P. vaginalis SM,P. vaginalis SM,P. vaginalis SM
0,0.0267,0.0582,0.01,0.034633333,0.040533333,0.015233333,0.026933333,0.060533333,0.007933333,0.021766667,0.056566667,0.004966667,0.025133333,0.067333333,0.032833333,0.031166667,0.047566667,0.029066667,0.035133333,0.033733333,-0.000966667,0.036966667,0.048366667,-0.000733333
0.08,0.027766667,0.057166667,0.013266667,0.034733333,0.041933333,0.017233333,0.0251,0.0598,0.0078,0.0234,0.0536,0.0058,0.025433333,0.064233333,0.032333333,0.030366667,0.046466667,0.025266667,0.034,0.0334,-0.001,0.039333333,0.050033333,0.000933333
0.17,0.0284,0.0585,0.0136,0.0337,0.0406,0.0199,0.024533333,0.059133333,0.010133333,0.0235,0.0512,0.0068,0.029333333,0.061733333,0.029933333,0.027266667,0.046966667,0.024466667,0.032133333,0.032233333,0.000333333,0.0397,0.0504,-0.0005
0.25,0.032666667,0.058866667,0.015366667,0.0346,0.0415,0.0205,0.0243,0.0562,0.0097,0.025533333,0.051933333,0.010633333,0.031333333,0.059433333,0.028033333,0.028633333,0.044933333,0.024533333,0.0321,0.0326,0,0.041466667,0.051766667,-0.000733333
0.33,0.030566667,0.057466667,0.015566667,0.0368,0.0399,0.0202,0.024933333,0.056433333,0.008433333,0.0296,0.0507,0.0111,0.032266667,0.058966667,0.026266667,0.0277,0.0433,0.024,0.0313,0.034,0,0.041033333,0.049533333,-0.003866667
0.42,0.0307,0.0582,0.017,0.0342,0.0415,0.0195,0.0263,0.0556,0.0097,0.0297,0.0481,0.0119,0.031666667,0.058766667,0.023866667,0.030033333,0.046033333,0.025333333,0.031666667,0.031566667,0.001166667,0.0441,0.0508,-0.0032
0.5,0.0334,0.0608,0.0197,0.034033333,0.040833333,0.019633333,0.023733333,0.056433333,0.009933333,0.030933333,0.047733333,0.012533333,0.0324,0.0599,0.0235,0.030366667,0.047366667,0.028466667,0.033833333,0.034333333,0.003933333,0.044533333,0.051233333,-0.002266667
0.58,0.0295,0.0596,0.0173,0.033466667,0.041366667,0.020166667,0.019666667,0.053466667,0.007766667,0.032166667,0.044466667,0.012866667,0.0332,0.0578,0.0195,0.0311,0.0458,0.027,0.031166667,0.033866667,0.002466667,0.0443,0.0507,-0.0028
0.67,0.0311,0.0576,0.0187,0.032766667,0.042666667,0.020966667,0.020666667,0.049866667,0.005566667,0.030066667,0.042466667,0.010466667,0.032333333,0.056533333,0.018433333,0.033333333,0.048133333,0.027233333,0.0299,0.0339,0.0037,0.044866667,0.050966667,-0.003133333
0.75,0.032,0.0607,0.0184,0.035033333,0.041733333,0.020533333,0.0203,0.0503,0.0042,0.029966667,0.040166667,0.009366667,0.034766667,0.056666667,0.017066667,0.034233333,0.049733333,0.026433333,0.029633333,0.034333333,0.003633333,0.045333333,0.051833333,-0.003266667
0.83,0.0343,0.0618,0.0174,0.0337,0.0431,0.0202,0.0219,0.0471,0.0037,0.030133333,0.040733333,0.006133333,0.0357,0.0577,0.0142,0.0314,0.0478,0.0267,0.029966667,0.034266667,0.004766667,0.045133333,0.052933333,-0.003866667
0.92,0.0359,0.0637,0.0183,0.033666667,0.045066667,0.022366667,0.023433333,0.049133333,0.007633333,0.029233333,0.041733333,0.007133333,0.035533333,0.058533333,0.015333333,0.0317,0.0476,0.0265,0.029066667,0.033466667,0.001966667,0.044866667,0.052166667,-0.006733333
1,0.034666667,0.063166667,0.016966667,0.0313,0.0435,0.0232,0.022766667,0.048766667,0.005766667,0.027933333,0.042433333,0.007433333,0.037366667,0.057966667,0.015466667,0.034233333,0.046333333,0.026533333,0.028633333,0.033433333,0.002533333,0.044933333,0.053733333,-0.007066667
1.08,0.0299,0.0636,0.0184,0.030633333,0.043833333,0.024433333,0.022266667,0.048966667,0.006466667,0.028533333,0.043733333,0.007733333,0.034333333,0.057833333,0.016333333,0.035333333,0.047233333,0.026533333,0.028266667,0.032766667,0.002766667,0.042866667,0.051766667,-0.007833333
1.17,0.030666667,0.063066667,0.019666667,0.031466667,0.041766667,0.023766667,0.021433333,0.048833333,0.005833333,0.029233333,0.041933333,0.006833333,0.033533333,0.057433333,0.017633333,0.035266667,0.046566667,0.025466667,0.028366667,0.032966667,0.003366667,0.041333333,0.050733333,-0.008566667
1.25,0.032333333,0.062433333,0.018633333,0.0317,0.0411,0.0208,0.020833333,0.049533333,0.004733333,0.027966667,0.038966667,0.007966667,0.0316,0.0569,0.0185,0.034033333,0.045733333,0.024933333,0.0287,0.0329,0.0027,0.0413,0.0513,-0.0089
1.33,0.031033333,0.060433333,0.020233333,0.033766667,0.043166667,0.022966667,0.0207,0.0487,0.0081,0.0278,0.0405,0.0096,0.031933333,0.056233333,0.017533333,0.035666667,0.045566667,0.024366667,0.027466667,0.032166667,0.002366667,0.040833333,0.051333333,-0.009166667
1.42,0.0277,0.0617,0.0187,0.035266667,0.043866667,0.021466667,0.019733333,0.048933333,0.006433333,0.029533333,0.041733333,0.011233333,0.029866667,0.055266667,0.015466667,0.0342,0.0452,0.0256,0.027,0.0318,0.0017,0.0398,0.0512,-0.0094
1.5,0.028166667,0.060866667,0.019666667,0.032433333,0.042833333,0.022133333,0.019066667,0.049766667,0.007866667,0.0285,0.04,0.0095,0.030266667,0.053566667,0.014266667,0.034566667,0.047066667,0.026166667,0.0268,0.0321,0.0027,0.039933333,0.050133333,-0.009066667
1.58,0.030066667,0.061766667,0.019966667,0.032766667,0.042466667,0.021366667,0.0191,0.0516,0.0083,0.030166667,0.041366667,0.011266667,0.0319,0.0532,0.0135,0.035533333,0.048133333,0.027033333,0.027566667,0.031266667,0.003566667,0.040233333,0.049333333,-0.011166667
1.67,0.0316,0.062,0.0194,0.031533333,0.043233333,0.018333333,0.017566667,0.052866667,0.007766667,0.028833333,0.040133333,0.012033333,0.030733333,0.053333333,0.011533333,0.034733333,0.047333333,0.023733333,0.0272,0.0298,0.0018,0.037366667,0.048166667,-0.011333333
1.75,0.030933333,0.063633333,0.016833333,0.031866667,0.044066667,0.020166667,0.0186,0.0525,0.0071,0.030166667,0.039066667,0.015166667,0.029333333,0.053133333,0.012233333,0.031866667,0.046066667,0.024166667,0.028066667,0.030966667,0.002866667,0.038733333,0.048233333,-0.011066667
1.83,0.032533333,0.063833333,0.014833333,0.032333333,0.043733333,0.021333333,0.016933333,0.052333333,0.008733333,0.031433333,0.040333333,0.015733333,0.027733333,0.053733333,0.011333333,0.033966667,0.047566667,0.024666667,0.0288,0.0315,0.0026,0.040333333,0.049233333,-0.012466667
1.92,0.032766667,0.062566667,0.016566667,0.031766667,0.044466667,0.020766667,0.018466667,0.053766667,0.009966667,0.030766667,0.042366667,0.016866667,0.0261,0.0551,0.013,0.0354,0.0478,0.0256,0.028766667,0.031066667,0.002266667,0.040533333,0.049233333,-0.014566667
2,0.0335,0.0636,0.0185,0.032066667,0.043766667,0.023166667,0.014133333,0.053433333,0.008733333,0.0298,0.0426,0.0165,0.025733333,0.053733333,0.012533333,0.035933333,0.049233333,0.026533333,0.025933333,0.029733333,0.002233333,0.041966667,0.049766667,-0.014533333
2.08,0.0349,0.0651,0.0203,0.0362,0.0463,0.0269,0.014033333,0.051333333,0.006533333,0.030933333,0.041833333,0.014333333,0.027466667,0.052966667,0.011566667,0.035166667,0.048766667,0.022866667,0.026166667,0.029266667,0.001566667,0.042366667,0.049766667,-0.014333333
2.17,0.0355,0.0651,0.0208,0.036533333,0.045633333,0.024333333,0.015033333,0.050733333,0.005733333,0.032133333,0.042133333,0.015133333,0.026066667,0.053366667,0.011366667,0.037766667,0.049666667,0.025066667,0.0261,0.031,0.0016,0.042233333,0.049433333,-0.013766667
2.25,0.035366667,0.063466667,0.019466667,0.034333333,0.044933333,0.024033333,0.014766667,0.051166667,0.007666667,0.033266667,0.043166667,0.014566667,0.0278,0.0543,0.0114,0.037066667,0.048766667,0.024366667,0.026766667,0.031466667,0.001166667,0.043066667,0.050066667,-0.012433333
2.33,0.034633333,0.064133333,0.017433333,0.034,0.0457,0.0241,0.017666667,0.052166667,0.008366667,0.032833333,0.043633333,0.013633333,0.027566667,0.053766667,0.010366667,0.0337,0.0461,0.0238,0.027066667,0.030666667,0.001966667,0.0409,0.0493,-0.0119
2.42,0.035233333,0.063233333,0.017433333,0.0342,0.0469,0.0263,0.016966667,0.050866667,0.007166667,0.032366667,0.041166667,0.011466667,0.0287,0.0529,0.0089,0.032866667,0.045166667,0.023466667,0.028033333,0.031833333,0.001733333,0.040566667,0.049866667,-0.010733333
2.5,0.032733333,0.062333333,0.016333333,0.033166667,0.047466667,0.023766667,0.015833333,0.051233333,0.006433333,0.0319,0.0408,0.0102,0.027866667,0.053166667,0.009766667,0.032466667,0.045766667,0.024066667,0.025366667,0.030866667,0.002766667,0.039533333,0.049933333,-0.010666667
2.58,0.0329,0.0638,0.0181,0.036633333,0.047933333,0.025333333,0.015333333,0.050833333,0.006533333,0.0324,0.0416,0.0085,0.028033333,0.051633333,0.009633333,0.0316,0.0474,0.0231,0.0263,0.0314,0.0042,0.0396,0.0493,-0.0096
2.67,0.0325,0.0615,0.0164,0.038833333,0.048133333,0.025033333,0.0171,0.0511,0.0073,0.0337,0.042,0.0112,0.028766667,0.052666667,0.009866667,0.0322,0.0472,0.0247,0.026066667,0.032166667,0.004966667,0.0395,0.0498,-0.0099
2.75,0.031433333,0.062533333,0.014733333,0.0363,0.0468,0.0245,0.015,0.0499,0.0075,0.032333333,0.042833333,0.008933333,0.0294,0.0533,0.0092,0.033233333,0.047233333,0.020433333,0.0254,0.0327,0.0048,0.0395,0.0505,-0.0109
2.83,0.031766667,0.060666667,0.014166667,0.033133333,0.045133333,0.021233333,0.0151,0.0502,0.0071,0.0317,0.0442,0.0115,0.026866667,0.052666667,0.008266667,0.032966667,0.048166667,0.021266667,0.026333333,0.034933333,0.007533333,0.0421,0.0521,-0.0094
2.92,0.033233333,0.060133333,0.013933333,0.034433333,0.046533333,0.022533333,0.016366667,0.049566667,0.006966667,0.0329,0.0432,0.0135,0.027933333,0.053233333,0.010433333,0.034333333,0.048233333,0.021433333,0.026,0.0323,0.0065,0.0406,0.0509,-0.01
3,0.029966667,0.060566667,0.012266667,0.035966667,0.045866667,0.023266667,0.0129,0.0509,0.0065,0.032766667,0.042866667,0.014166667,0.027666667,0.052566667,0.010066667,0.033633333,0.046833333,0.023833333,0.027266667,0.032966667,0.006366667,0.041166667,0.049566667,-0.010433333
3.08,0.030633333,0.061033333,0.015733333,0.0373,0.0462,0.0249,0.016633333,0.053233333,0.009833333,0.0328,0.0436,0.0145,0.0275,0.0512,0.0098,0.032933333,0.048833333,0.022133333,0.027133333,0.033033333,0.004833333,0.040066667,0.049666667,-0.011233333
3.17,0.031433333,0.058933333,0.015233333,0.0349,0.044,0.025,0.0162,0.0529,0.0089,0.031533333,0.041633333,0.013633333,0.027733333,0.049833333,0.005933333,0.035,0.0494,0.0237,0.028066667,0.033966667,0.004666667,0.040233333,0.049633333,-0.011666667
3.25,0.029733333,0.059333333,0.014033333,0.0361,0.0453,0.0261,0.018866667,0.053966667,0.010366667,0.0307,0.0424,0.0127,0.029,0.0518,0.0076,0.035466667,0.047566667,0.022466667,0.028,0.0342,0.0054,0.0394,0.0495,-0.0129
3.33,0.0294,0.0601,0.0135,0.036433333,0.045433333,0.023133333,0.019166667,0.052066667,0.009466667,0.029566667,0.041666667,0.012466667,0.028133333,0.051133333,0.007433333,0.0345,0.048,0.0233,0.026666667,0.035666667,0.008166667,0.039133333,0.049133333,-0.012066667
3.42,0.0312,0.0606,0.0128,0.038333333,0.046033333,0.020933333,0.018966667,0.051566667,0.005866667,0.028633333,0.039733333,0.009633333,0.0275,0.0534,0.008,0.035366667,0.045166667,0.023566667,0.026266667,0.035066667,0.006866667,0.039366667,0.049066667,-0.011533333
3.5,0.0342,0.063,0.0154,0.035066667,0.044266667,0.020966667,0.019,0.0536,0.0067,0.029933333,0.042433333,0.011533333,0.0284,0.0526,0.0095,0.034466667,0.046266667,0.023766667,0.023533333,0.034233333,0.005933333,0.0407,0.0494,-0.0102
3.58,0.0346,0.0635,0.0163,0.035666667,0.043666667,0.022266667,0.0148,0.0526,0.0073,0.0308,0.0433,0.0105,0.0296,0.0539,0.0103,0.034266667,0.046866667,0.022266667,0.024533333,0.033233333,0.004533333,0.039733333,0.048433333,-0.009866667
3.67,0.033266667,0.063766667,0.014466667,0.036,0.0449,0.0221,0.0179,0.0538,0.0082,0.031166667,0.042766667,0.012066667,0.026433333,0.054133333,0.008633333,0.033133333,0.045933333,0.021233333,0.0245,0.0327,0.0051,0.038033333,0.047333333,-0.009966667
3.75,0.032466667,0.063566667,0.015666667,0.036066667,0.045866667,0.022366667,0.018766667,0.054566667,0.009366667,0.029866667,0.041966667,0.013766667,0.028966667,0.054666667,0.010966667,0.032733333,0.045633333,0.022733333,0.024933333,0.032233333,0.004233333,0.038266667,0.047566667,-0.012433333
3.83,0.032833333,0.064333333,0.015233333,0.037066667,0.046766667,0.024266667,0.019333333,0.053033333,0.008033333,0.030733333,0.042433333,0.014933333,0.027566667,0.055166667,0.012266667,0.033466667,0.047066667,0.023866667,0.024633333,0.032133333,0.003333333,0.0379,0.0482,-0.0125
3.92,0.0308,0.0643,0.0151,0.037033333,0.046433333,0.025133333,0.018733333,0.053133333,0.007333333,0.030366667,0.042866667,0.014766667,0.0286,0.0547,0.0093,0.0336,0.0478,0.0251,0.026966667,0.032366667,0.001766667,0.0395,0.0488,-0.0124
4,0.030766667,0.062766667,0.014466667,0.0355,0.0449,0.0241,0.0184,0.0517,0.0065,0.032533333,0.044633333,0.013633333,0.026666667,0.053166667,0.010966667,0.031,0.0466,0.0228,0.0259,0.0304,0.0015,0.037333333,0.048233333,-0.011766667
4.08,0.032633333,0.062533333,0.014133333,0.034,0.0443,0.023,0.019466667,0.052166667,0.005866667,0.0321,0.0432,0.0129,0.028166667,0.054166667,0.011966667,0.032266667,0.046066667,0.022266667,0.026066667,0.030266667,0.001866667,0.038166667,0.046366667,-0.012333333
4.17,0.031266667,0.061966667,0.017166667,0.0357,0.0458,0.0255,0.018933333,0.050933333,0.006033333,0.0325,0.0433,0.0115,0.025566667,0.052566667,0.012166667,0.031866667,0.045866667,0.020866667,0.026933333,0.032433333,0.002833333,0.037233333,0.046633333,-0.011666667
4.25,0.032266667,0.062666667,0.019066667,0.0357,0.0458,0.0263,0.017333333,0.051733333,0.005533333,0.028766667,0.041166667,0.011166667,0.025633333,0.052533333,0.014233333,0.033366667,0.046966667,0.023766667,0.026533333,0.033133333,0.003233333,0.035566667,0.047966667,-0.010633333
4.33,0.0312,0.062,0.0183,0.034266667,0.045566667,0.024366667,0.017533333,0.052833333,0.006933333,0.029666667,0.042466667,0.012866667,0.025966667,0.052266667,0.010366667,0.0323,0.0484,0.0243,0.025166667,0.031666667,0.002366667,0.035233333,0.047333333,-0.011666667
4.42,0.032266667,0.060266667,0.017466667,0.034433333,0.045533333,0.023033333,0.018133333,0.053933333,0.008933333,0.0301,0.0437,0.0143,0.028,0.0531,0.0117,0.031566667,0.048466667,0.025466667,0.025366667,0.032866667,0.002166667,0.0345,0.0466,-0.0124
4.5,0.034333333,0.061833333,0.017733333,0.034733333,0.044833333,0.021733333,0.017933333,0.054533333,0.011433333,0.031866667,0.044166667,0.015466667,0.027133333,0.052133333,0.009933333,0.0311,0.0482,0.0267,0.024533333,0.032533333,0.002633333,0.0363,0.0466,-0.0113
4.58,0.0345,0.0612,0.016,0.034466667,0.045166667,0.022066667,0.018966667,0.054966667,0.011866667,0.0319,0.0428,0.0153,0.0257,0.0527,0.0122,0.031766667,0.048666667,0.026266667,0.0233,0.0318,0.0015,0.0369,0.0462,-0.013
4.67,0.033266667,0.062766667,0.016366667,0.035033333,0.044733333,0.020833333,0.0159,0.0517,0.0121,0.0333,0.0426,0.015,0.025133333,0.053333333,0.009833333,0.031566667,0.048966667,0.025666667,0.023133333,0.032533333,0.002333333,0.037033333,0.046533333,-0.011866667
4.75,0.032133333,0.063833333,0.015133333,0.0331,0.0456,0.0209,0.019233333,0.053533333,0.012333333,0.032333333,0.043333333,0.014533333,0.025133333,0.053333333,0.007833333,0.031533333,0.046933333,0.024333333,0.0231,0.0319,0.0017,0.037566667,0.046866667,-0.013833333
4.83,0.031966667,0.061766667,0.013066667,0.0336,0.0454,0.0196,0.017,0.0516,0.0132,0.032033333,0.043033333,0.014933333,0.024,0.0528,0.0082,0.032333333,0.047533333,0.023333333,0.0234,0.0321,0.0018,0.0377,0.0469,-0.0128
4.92,0.032266667,0.062166667,0.015066667,0.0353,0.0431,0.0206,0.0163,0.052,0.0132,0.030566667,0.042466667,0.015166667,0.023633333,0.052333333,0.006733333,0.032566667,0.047766667,0.023566667,0.023966667,0.031566667,0.002566667,0.0385,0.0459,-0.0126
5,0.0334,0.0632,0.0158,0.032966667,0.044466667,0.022466667,0.0177,0.0518,0.0121,0.0301,0.0425,0.0121,0.023633333,0.052933333,0.007633333,0.034066667,0.047766667,0.024266667,0.022066667,0.029966667,0.000366667,0.0386,0.044,-0.0148
5.08,0.033733333,0.063933333,0.015633333,0.033033333,0.044333333,0.020833333,0.0169,0.0517,0.0118,0.0272,0.0395,0.011,0.025166667,0.052266667,0.005766667,0.034733333,0.046333333,0.025133333,0.023666667,0.030966667,0.001466667,0.0401,0.0444,-0.0143
5.17,0.033966667,0.063166667,0.015366667,0.0341,0.0435,0.0216,0.017666667,0.049566667,0.009966667,0.0275,0.0403,0.0119,0.026833333,0.054933333,0.009033333,0.033566667,0.046466667,0.025266667,0.0246,0.0319,0.0007,0.040433333,0.045833333,-0.013466667
5.25,0.029766667,0.062066667,0.014966667,0.032366667,0.042866667,0.022766667,0.017266667,0.049066667,0.009266667,0.028333333,0.039333333,0.011433333,0.027733333,0.056733333,0.011233333,0.0349,0.0478,0.0234,0.025233333,0.032633333,0.000133333,0.0384,0.0463,-0.0129
5.33,0.032533333,0.063433333,0.016933333,0.032233333,0.044633333,0.023733333,0.017166667,0.048866667,0.006366667,0.028066667,0.040766667,0.012666667,0.028766667,0.055866667,0.012166667,0.0348,0.0487,0.0237,0.024566667,0.032566667,0.001866667,0.037366667,0.047066667,-0.011233333
5.42,0.032266667,0.063466667,0.015866667,0.035033333,0.045233333,0.022833333,0.017466667,0.047666667,0.005566667,0.0282,0.0412,0.0121,0.028466667,0.056566667,0.012266667,0.035033333,0.046133333,0.023833333,0.024833333,0.032433333,0.002333333,0.038333333,0.048133333,-0.011866667
5.5,0.0348,0.0649,0.0174,0.034533333,0.044633333,0.021333333,0.0166,0.0484,0.0059,0.029233333,0.042833333,0.011733333,0.028533333,0.055133333,0.013633333,0.035266667,0.047366667,0.024766667,0.0236,0.0325,0.0044,0.035633333,0.047333333,-0.010966667
5.58,0.031633333,0.063133333,0.017133333,0.0323,0.0416,0.0213,0.017866667,0.049966667,0.005666667,0.029433333,0.043433333,0.012933333,0.026766667,0.053366667,0.012166667,0.035666667,0.047866667,0.022966667,0.024066667,0.033466667,0.004266667,0.035566667,0.046366667,-0.011833333
5.67,0.032933333,0.062133333,0.015733333,0.032133333,0.041133333,0.020333333,0.014533333,0.049033333,0.005333333,0.029933333,0.042733333,0.012133333,0.027066667,0.053866667,0.009166667,0.035333333,0.048833333,0.021533333,0.024433333,0.034433333,0.004633333,0.035433333,0.046833333,-0.011866667
5.75,0.035,0.0619,0.0155,0.035733333,0.043233333,0.021933333,0.015833333,0.050633333,0.005333333,0.029533333,0.040933333,0.011633333,0.0274,0.0544,0.0097,0.034,0.0497,0.0234,0.025433333,0.034933333,0.003733333,0.033533333,0.048033333,-0.012066667
5.83,0.033066667,0.061666667,0.013466667,0.0347,0.0433,0.0229,0.015833333,0.048533333,0.003833333,0.031,0.0412,0.0114,0.026933333,0.053533333,0.008233333,0.035233333,0.051433333,0.024833333,0.024433333,0.034333333,0.001933333,0.034966667,0.048066667,-0.011733333
5.92,0.032866667,0.062366667,0.015666667,0.034766667,0.043566667,0.023966667,0.015166667,0.048366667,0.005866667,0.030733333,0.041833333,0.010333333,0.026066667,0.053166667,0.009366667,0.0347,0.0499,0.0253,0.0239,0.0329,0.002,0.0357,0.0485,-0.0108
6,0.029733333,0.062233333,0.013733333,0.035266667,0.044166667,0.025266667,0.016533333,0.050533333,0.006433333,0.028833333,0.041533333,0.010633333,0.028966667,0.054066667,0.008866667,0.034966667,0.048266667,0.024266667,0.023466667,0.033666667,0.002766667,0.036033333,0.048133333,-0.011066667
6.08,0.0311,0.0622,0.0142,0.039333333,0.046333333,0.025833333,0.014433333,0.051833333,0.007633333,0.030333333,0.042333333,0.012133333,0.030533333,0.054033333,0.008833333,0.034366667,0.047866667,0.023866667,0.024166667,0.032966667,0.003266667,0.0348,0.048,-0.011
6.17,0.029566667,0.062366667,0.014566667,0.0375,0.0474,0.0267,0.013833333,0.051933333,0.005733333,0.031733333,0.042633333,0.013933333,0.0289,0.0535,0.0104,0.033866667,0.044666667,0.024366667,0.024666667,0.033866667,0.003766667,0.0365,0.0494,-0.0096
6.25,0.031033333,0.062333333,0.015933333,0.034833333,0.045533333,0.024733333,0.013766667,0.051566667,0.005166667,0.0309,0.043,0.0144,0.026766667,0.054966667,0.013266667,0.034866667,0.044966667,0.026766667,0.0255,0.0343,0.0029,0.036733333,0.050033333,-0.011666667
6.33,0.031166667,0.061266667,0.015266667,0.033366667,0.043966667,0.024766667,0.016133333,0.053033333,0.007733333,0.030466667,0.043966667,0.015466667,0.0262,0.0555,0.014,0.034266667,0.046166667,0.026666667,0.027066667,0.034666667,0.003066667,0.037466667,0.049066667,-0.011333333
6.42,0.031833333,0.061733333,0.017233333,0.034833333,0.044533333,0.025233333,0.016233333,0.054133333,0.005433333,0.0308,0.0447,0.0139,0.022766667,0.054566667,0.011066667,0.0345,0.0468,0.0281,0.024366667,0.034766667,0.001066667,0.035633333,0.049333333,-0.011366667
6.5,0.030833333,0.062233333,0.016233333,0.0337,0.046,0.0234,0.0186,0.0563,0.0088,0.029566667,0.044866667,0.014166667,0.022766667,0.055666667,0.010466667,0.0342,0.0471,0.0282,0.025433333,0.034533333,0.000133333,0.036366667,0.048466667,-0.013233333
6.58,0.030933333,0.058833333,0.017233333,0.034,0.0463,0.023,0.019,0.0544,0.0074,0.028966667,0.044066667,0.014066667,0.0228,0.0556,0.0106,0.031033333,0.046133333,0.025133333,0.0262,0.0345,-0.0005,0.038033333,0.048833333,-0.012066667
6.67,0.0303,0.0602,0.0153,0.0345,0.0467,0.0238,0.018966667,0.050366667,0.007966667,0.0307,0.043,0.0139,0.0232,0.0572,0.0115,0.030333333,0.046633333,0.024933333,0.025133333,0.033633333,-0.000266667,0.037266667,0.048866667,-0.012633333
6.75,0.028766667,0.060566667,0.016766667,0.035266667,0.047366667,0.023866667,0.019233333,0.050433333,0.007533333,0.030733333,0.043533333,0.011933333,0.0227,0.0572,0.0142,0.0295,0.0469,0.0268,0.0258,0.0337,0.0004,0.038233333,0.049333333,-0.012066667
6.83,0.029933333,0.062133333,0.017833333,0.035233333,0.048033333,0.024833333,0.018866667,0.052566667,0.007166667,0.0294,0.0439,0.0125,0.024033333,0.057133333,0.013633333,0.031466667,0.050066667,0.028166667,0.026166667,0.033666667,6.66667E-05,0.037866667,0.049966667,-0.011833333
6.92,0.028333333,0.062133333,0.018033333,0.034466667,0.047966667,0.025166667,0.018966667,0.052466667,0.007166667,0.0293,0.0448,0.0142,0.024733333,0.057033333,0.015233333,0.030333333,0.048833333,0.028133333,0.027566667,0.034966667,0.001866667,0.037066667,0.050366667,-0.011033333
7,0.029933333,0.061433333,0.017933333,0.0339,0.0476,0.0266,0.016366667,0.050366667,0.008766667,0.029333333,0.045433333,0.015433333,0.024733333,0.056433333,0.011533333,0.030033333,0.047933333,0.025733333,0.0271,0.0343,0.0008,0.037066667,0.049266667,-0.012333333
7.08,0.028366667,0.061366667,0.018066667,0.034833333,0.046333333,0.024633333,0.015833333,0.050533333,0.006933333,0.030433333,0.043633333,0.015433333,0.0267,0.0555,0.0123,0.032766667,0.048566667,0.025266667,0.026333333,0.031933333,0.000833333,0.0369,0.0501,-0.0143
7.17,0.0309,0.0615,0.0192,0.0368,0.0466,0.0248,0.016033333,0.050033333,0.007433333,0.030433333,0.041533333,0.015033333,0.025733333,0.055133333,0.012233333,0.0325,0.0502,0.0257,0.024633333,0.031433333,-0.000566667,0.038,0.0496,-0.0143
7.25,0.026066667,0.060166667,0.017366667,0.0342,0.044,0.0209,0.016933333,0.051233333,0.007433333,0.029933333,0.040533333,0.013833333,0.025633333,0.053433333,0.009033333,0.031766667,0.049066667,0.023866667,0.025666667,0.032266667,-0.000433333,0.0369,0.0485,-0.0154
7.33,0.028266667,0.060966667,0.016066667,0.035466667,0.046166667,0.021666667,0.014733333,0.052433333,0.009733333,0.030266667,0.041366667,0.015766667,0.026533333,0.054333333,0.009633333,0.031366667,0.048466667,0.022166667,0.0248,0.0327,-0.0007,0.037666667,0.047966667,-0.014933333
7.42,0.029333333,0.058333333,0.014633333,0.037066667,0.047466667,0.024366667,0.014966667,0.054866667,0.010366667,0.029766667,0.039766667,0.014166667,0.025333333,0.052733333,0.009133333,0.030666667,0.047466667,0.022666667,0.0262,0.0326,0.0001,0.037533333,0.048233333,-0.016266667
7.5,0.026433333,0.058733333,0.014333333,0.0361,0.0476,0.0256,0.011966667,0.051566667,0.009366667,0.030833333,0.040733333,0.013833333,0.026333333,0.051633333,0.006933333,0.0309,0.0482,0.0229,0.0261,0.0331,-0.0006,0.035833333,0.047433333,-0.017566667
7.58,0.0293,0.0605,0.0144,0.0358,0.0467,0.0245,0.016833333,0.051633333,0.011733333,0.029766667,0.040566667,0.011366667,0.025833333,0.050833333,0.005433333,0.0301,0.0496,0.0238,0.026233333,0.032533333,0.000533333,0.036733333,0.047833333,-0.015666667
7.67,0.030666667,0.061466667,0.015266667,0.0356,0.0461,0.0232,0.014566667,0.053766667,0.012166667,0.028933333,0.040333333,0.011833333,0.028333333,0.053133333,0.006333333,0.032933333,0.050233333,0.026133333,0.0264,0.0327,0.0008,0.036733333,0.047033333,-0.014766667
7.75,0.0294,0.0607,0.0154,0.0314,0.0457,0.0225,0.0185,0.0508,0.0115,0.026833333,0.041733333,0.011233333,0.0273,0.054,0.0087,0.031066667,0.048766667,0.026866667,0.025933333,0.033333333,0.002133333,0.0365,0.0476,-0.0134
7.83,0.028966667,0.060766667,0.015166667,0.032933333,0.045433333,0.020333333,0.017566667,0.049966667,0.012066667,0.03,0.0426,0.0125,0.026366667,0.053166667,0.007866667,0.032233333,0.048533333,0.026433333,0.0265,0.0339,0.0011,0.038033333,0.048833333,-0.012766667
7.92,0.029966667,0.061966667,0.014966667,0.035466667,0.046466667,0.022066667,0.018466667,0.047866667,0.012766667,0.0323,0.0439,0.0142,0.0275,0.0527,0.008,0.033833333,0.048133333,0.027033333,0.0269,0.0352,0.0031,0.0381,0.0496,-0.0119
8,0.0301,0.0588,0.0157,0.034433333,0.046133333,0.021933333,0.018133333,0.048833333,0.009133333,0.033033333,0.044733333,0.013733333,0.027833333,0.054033333,0.009733333,0.033866667,0.048666667,0.028166667,0.028033333,0.035633333,0.003833333,0.037566667,0.050266667,-0.011833333
8.09,0.029466667,0.058866667,0.014966667,0.032366667,0.045766667,0.016766667,0.0149,0.0505,0.0094,0.031333333,0.043533333,0.013633333,0.030466667,0.056366667,0.013466667,0.033533333,0.048233333,0.027433333,0.028,0.0341,0.0013,0.0384,0.0487,-0.0122
8.17,0.029,0.0577,0.0154,0.032,0.0461,0.0173,0.012933333,0.051733333,0.010433333,0.032233333,0.043633333,0.015233333,0.0282,0.0544,0.0112,0.035266667,0.047066667,0.026166667,0.0274,0.0339,0.0014,0.039366667,0.050266667,-0.011933333
8.25,0.029933333,0.057133333,0.015333333,0.0349,0.0456,0.0161,0.013733333,0.050133333,0.009233333,0.031633333,0.043333333,0.015233333,0.0286,0.0546,0.0091,0.035566667,0.047666667,0.024166667,0.026933333,0.033633333,0.001733333,0.037433333,0.049733333,-0.013366667
8.34,0.0286,0.0564,0.0121,0.0358,0.0467,0.0183,0.013266667,0.052066667,0.010066667,0.031433333,0.043533333,0.014233333,0.028933333,0.054533333,0.010633333,0.036666667,0.050466667,0.026266667,0.026833333,0.033533333,0.002433333,0.037466667,0.048966667,-0.013533333
8.42,0.0311,0.0586,0.0152,0.035233333,0.046833333,0.020233333,0.014166667,0.052466667,0.007866667,0.030233333,0.042733333,0.011933333,0.026,0.0521,0.0082,0.034566667,0.049566667,0.025866667,0.0261,0.0315,-1E-04,0.036433333,0.050033333,-0.012566667
8.5,0.0267,0.0575,0.0135,0.0342,0.045,0.0218,0.0149,0.0522,0.0045,0.031633333,0.044633333,0.012833333,0.0268,0.0545,0.0085,0.033366667,0.049066667,0.024366667,0.0266,0.033,0.002,0.0383,0.0507,-0.0128
8.59,0.028833333,0.059333333,0.015633333,0.035266667,0.045566667,0.023166667,0.013,0.0536,0.0046,0.030033333,0.044233333,0.011633333,0.027233333,0.052433333,0.011333333,0.032933333,0.050733333,0.023933333,0.0277,0.033,0.0036,0.039533333,0.051333333,-0.011866667
8.67,0.027766667,0.060466667,0.015566667,0.035166667,0.044366667,0.022866667,0.013866667,0.053666667,0.005866667,0.029366667,0.041966667,0.012066667,0.0287,0.0545,0.0098,0.0341,0.0485,0.0242,0.027233333,0.035533333,0.005333333,0.039533333,0.050933333,-0.011266667
8.75,0.028633333,0.060433333,0.015133333,0.034733333,0.046633333,0.024333333,0.0163,0.0542,0.0074,0.0275,0.0412,0.0128,0.0266,0.0536,0.0096,0.032766667,0.044866667,0.020466667,0.028233333,0.032433333,0.004833333,0.0388,0.0516,-0.0123
8.84,0.031,0.0611,0.0155,0.034533333,0.047333333,0.023933333,0.017,0.0522,0.0084,0.0252,0.0419,0.0132,0.027033333,0.056233333,0.010333333,0.031366667,0.042266667,0.019866667,0.028933333,0.033433333,0.005433333,0.0404,0.0516,-0.0121
8.92,0.032333333,0.061533333,0.017433333,0.0364,0.0486,0.0235,0.016666667,0.053866667,0.006866667,0.0284,0.0429,0.0148,0.0275,0.0553,0.0097,0.0304,0.0431,0.0197,0.029966667,0.033866667,0.005466667,0.040433333,0.051533333,-0.013466667
9,0.0337,0.0603,0.0188,0.037866667,0.047966667,0.024566667,0.0183,0.0544,0.0075,0.027466667,0.039366667,0.013866667,0.0294,0.0559,0.0108,0.031933333,0.046733333,0.019633333,0.031066667,0.036366667,0.007666667,0.0418,0.0541,-0.012
9.09,0.035,0.0626,0.0204,0.037666667,0.048066667,0.025566667,0.017233333,0.054733333,0.007033333,0.0282,0.0395,0.0129,0.0286,0.0556,0.0113,0.031433333,0.047033333,0.021333333,0.032133333,0.036933333,0.007033333,0.0413,0.0545,-0.0119
9.17,0.0358,0.0631,0.0209,0.037366667,0.048766667,0.024066667,0.0162,0.0524,0.0076,0.0282,0.0401,0.0082,0.0259,0.0554,0.0108,0.0329,0.0472,0.0212,0.032533333,0.036733333,0.006333333,0.041733333,0.054633333,-0.012366667
9.25,0.032766667,0.062766667,0.018766667,0.035166667,0.047466667,0.022766667,0.014233333,0.053033333,0.010333333,0.0303,0.0412,0.0109,0.024166667,0.052366667,0.009666667,0.0314,0.0482,0.0227,0.031733333,0.035233333,0.007233333,0.041333333,0.054833333,-0.012966667
9.34,0.033033333,0.061833333,0.017733333,0.0355,0.0471,0.021,0.015933333,0.051233333,0.009633333,0.031266667,0.042166667,0.012566667,0.025466667,0.054366667,0.008866667,0.0348,0.0495,0.0226,0.032433333,0.034433333,0.008933333,0.0426,0.0581,-0.012
9.42,0.031133333,0.061833333,0.018133333,0.034633333,0.048433333,0.023433333,0.015833333,0.052933333,0.011233333,0.029966667,0.041266667,0.011066667,0.025333333,0.054433333,0.008733333,0.033666667,0.048166667,0.020966667,0.033366667,0.035566667,0.010766667,0.041466667,0.058966667,-0.011533333
9.5,0.031166667,0.062466667,0.019066667,0.036366667,0.049766667,0.025066667,0.0165,0.0525,0.0109,0.028266667,0.041866667,0.009866667,0.0255,0.0551,0.0085,0.032333333,0.049933333,0.022133333,0.030866667,0.035566667,0.010666667,0.040333333,0.059433333,-0.012966667
9.59,0.031433333,0.061133333,0.017333333,0.037,0.0486,0.0236,0.017033333,0.052633333,0.009933333,0.028966667,0.042566667,0.009366667,0.027733333,0.056333333,0.011633333,0.032433333,0.047733333,0.023733333,0.0321,0.0375,0.0113,0.042766667,0.060866667,-0.013633333
9.67,0.031966667,0.061066667,0.015866667,0.0371,0.0465,0.024,0.018966667,0.054666667,0.009766667,0.0311,0.0443,0.0117,0.0303,0.0577,0.0119,0.033233333,0.047233333,0.023633333,0.032866667,0.039066667,0.013166667,0.044733333,0.063033333,-0.011866667
9.75,0.033166667,0.061066667,0.015166667,0.038266667,0.048166667,0.025466667,0.017866667,0.051366667,0.006866667,0.0315,0.0435,0.0123,0.028966667,0.056466667,0.011466667,0.032166667,0.045766667,0.021166667,0.033733333,0.040633333,0.013133333,0.045333333,0.063933333,-0.011166667
9.84,0.032166667,0.061366667,0.015266667,0.039533333,0.049433333,0.026633333,0.0183,0.0505,0.0055,0.028866667,0.040366667,0.009766667,0.028,0.0552,0.011,0.032133333,0.045633333,0.021933333,0.036333333,0.038933333,0.013733333,0.045433333,0.063833333,-0.012766667
9.92,0.030966667,0.062666667,0.017066667,0.039666667,0.049866667,0.025766667,0.019166667,0.048766667,0.003466667,0.026766667,0.039266667,0.006566667,0.027833333,0.051433333,0.009633333,0.0352,0.0495,0.0247,0.036866667,0.040666667,0.015966667,0.047133333,0.064733333,-0.012866667
10,0.031633333,0.062433333,0.017033333,0.0383,0.05,0.026,0.0178,0.0492,0.004,0.028233333,0.040333333,0.008133333,0.0281,0.051,0.01,0.035166667,0.049966667,0.024866667,0.035533333,0.038933333,0.013033333,0.048833333,0.065933333,-0.012066667
10.09,0.029633333,0.062433333,0.017233333,0.0382,0.0486,0.023,0.016833333,0.049233333,0.004633333,0.0299,0.0418,0.0114,0.027066667,0.051866667,0.011166667,0.033533333,0.048633333,0.025133333,0.0365,0.0388,0.0151,0.0505,0.068,-0.0119
10.17,0.033466667,0.063466667,0.018266667,0.039533333,0.049333333,0.025333333,0.015933333,0.050733333,0.004233333,0.0311,0.0399,0.0118,0.028766667,0.054666667,0.011866667,0.033633333,0.046233333,0.023933333,0.036633333,0.038733333,0.016833333,0.0515,0.0691,-0.0112
10.25,0.0335,0.0627,0.0162,0.040233333,0.047033333,0.023833333,0.0173,0.0493,0.0051,0.032166667,0.041266667,0.012966667,0.032,0.0561,0.0142,0.032066667,0.047766667,0.023866667,0.0371,0.0401,0.0181,0.050933333,0.070133333,-0.012066667
10.34,0.031366667,0.062466667,0.016266667,0.042133333,0.048633333,0.023433333,0.016433333,0.048433333,0.002333333,0.033566667,0.038666667,0.010366667,0.031633333,0.055033333,0.010333333,0.0299,0.0477,0.0231,0.0382,0.0419,0.0187,0.055266667,0.073766667,-0.009233333
10.42,0.0303,0.0618,0.0185,0.039766667,0.046866667,0.021566667,0.015,0.0498,0.0049,0.0286,0.0422,0.012,0.032666667,0.055366667,0.011966667,0.0318,0.0471,0.0225,0.0393,0.044,0.0199,0.055066667,0.075466667,-0.008333333
10.5,0.0309,0.0619,0.0184,0.040066667,0.046066667,0.022266667,0.012566667,0.050566667,0.003366667,0.030433333,0.042433333,0.009933333,0.030533333,0.055133333,0.013833333,0.031166667,0.047266667,0.021766667,0.0379,0.043,0.0199,0.0573,0.0759,-0.0069
10.59,0.0325,0.0615,0.0185,0.0394,0.046,0.023,0.013566667,0.049166667,0.003166667,0.031433333,0.041933333,0.011833333,0.029766667,0.052666667,0.013766667,0.032566667,0.048466667,0.022766667,0.0371,0.044,0.0212,0.057366667,0.077866667,-0.006433333
10.67,0.034066667,0.061566667,0.019066667,0.039633333,0.047133333,0.023133333,0.014066667,0.048766667,0.003366667,0.029033333,0.039833333,0.010433333,0.0308,0.0549,0.0134,0.030933333,0.047833333,0.022033333,0.038166667,0.044166667,0.021366667,0.0591,0.0806,-0.0065
10.75,0.032033333,0.061833333,0.017433333,0.038566667,0.047566667,0.021666667,0.013933333,0.048833333,0.004333333,0.0283,0.0392,0.0097,0.030633333,0.055933333,0.012233333,0.032533333,0.047033333,0.023533333,0.0378,0.0453,0.0232,0.059666667,0.082166667,-0.006933333
10.84,0.030033333,0.062633333,0.018533333,0.038066667,0.048566667,0.022766667,0.015433333,0.048633333,0.004733333,0.0289,0.0371,0.0109,0.030666667,0.057466667,0.011866667,0.030133333,0.047733333,0.024133333,0.0366,0.0454,0.023,0.061033333,0.084033333,-0.005766667
10.92,0.032766667,0.062766667,0.017666667,0.037533333,0.049233333,0.024733333,0.011733333,0.049333333,0.005333333,0.029,0.0389,0.0109,0.028266667,0.055766667,0.012766667,0.030833333,0.048133333,0.022133333,0.038166667,0.046366667,0.024066667,0.063233333,0.086533333,-0.004466667
11,0.0333,0.0619,0.0139,0.0361,0.0487,0.0232,0.014866667,0.050466667,0.006766667,0.0286,0.04,0.0112,0.0282,0.0566,0.013,0.030033333,0.047833333,0.023133333,0.038966667,0.047866667,0.024666667,0.0635,0.0884,-0.0049
11.09,0.0317,0.0618,0.0155,0.0344,0.0463,0.0208,0.0152,0.051,0.0063,0.027933333,0.038533333,0.006933333,0.025866667,0.054366667,0.012866667,0.032566667,0.049566667,0.025366667,0.041566667,0.049066667,0.026866667,0.065666667,0.091266667,-0.003733333
11.17,0.033333333,0.062033333,0.015333333,0.036533333,0.047033333,0.020433333,0.016133333,0.049133333,0.008033333,0.030266667,0.040266667,0.010166667,0.0249,0.0554,0.012,0.030966667,0.048566667,0.023466667,0.041933333,0.048233333,0.027233333,0.067166667,0.092466667,-0.004333333
11.25,0.034033333,0.061233333,0.015033333,0.035166667,0.045766667,0.018166667,0.014533333,0.048533333,0.008333333,0.030966667,0.041066667,0.009366667,0.025466667,0.056266667,0.013466667,0.031166667,0.049766667,0.024466667,0.0432,0.0497,0.0293,0.0672,0.0947,-0.0035
11.34,0.034533333,0.061733333,0.015633333,0.036533333,0.048533333,0.021333333,0.015566667,0.049866667,0.007566667,0.03,0.0427,0.011,0.028033333,0.057933333,0.013833333,0.033,0.0512,0.0248,0.045,0.0514,0.0297,0.068633333,0.096333333,-0.002566667
11.42,0.0298,0.0614,0.014,0.037166667,0.048366667,0.021466667,0.016733333,0.051033333,0.008433333,0.0301,0.0428,0.01,0.026566667,0.060666667,0.016666667,0.033533333,0.051433333,0.024933333,0.045233333,0.052633333,0.029533333,0.070266667,0.097766667,-0.002433333
11.5,0.030433333,0.061733333,0.013833333,0.036166667,0.047266667,0.019366667,0.015733333,0.053133333,0.009333333,0.029333333,0.043033333,0.011333333,0.025433333,0.060733333,0.017133333,0.0343,0.052,0.0234,0.0445,0.0528,0.0308,0.070266667,0.099366667,-0.001133333
11.59,0.031733333,0.062433333,0.015733333,0.036733333,0.046633333,0.021633333,0.0147,0.0507,0.0062,0.0289,0.0419,0.0097,0.024033333,0.057733333,0.015533333,0.030766667,0.050666667,0.020666667,0.045266667,0.054166667,0.031966667,0.072,0.1012,-0.0003
11.67,0.030533333,0.062233333,0.013633333,0.0359,0.0477,0.0231,0.017533333,0.047633333,0.008533333,0.0303,0.0415,0.0118,0.028733333,0.058633333,0.017133333,0.0317,0.0515,0.0221,0.046266667,0.055166667,0.032966667,0.071133333,0.103033333,0.000833333
11.75,0.031666667,0.063166667,0.015566667,0.036533333,0.048133333,0.023333333,0.017366667,0.047466667,0.007066667,0.0287,0.0425,0.011,0.0285,0.0588,0.0175,0.032833333,0.048333333,0.022633333,0.045933333,0.054733333,0.032733333,0.072866667,0.103566667,0.000966667
11.84,0.028333333,0.062233333,0.012133333,0.0369,0.0458,0.0217,0.013966667,0.048866667,0.005166667,0.027066667,0.041366667,0.007766667,0.030366667,0.058966667,0.016866667,0.033233333,0.048533333,0.024033333,0.046166667,0.055766667,0.033266667,0.073933333,0.107033333,0.000833333
11.92,0.0269,0.0619,0.0116,0.0378,0.046,0.0205,0.014766667,0.048366667,0.006966667,0.026066667,0.039766667,0.006866667,0.030066667,0.059966667,0.014266667,0.034233333,0.047833333,0.023233333,0.047733333,0.056733333,0.033133333,0.074433333,0.109333333,0.001233333
12,0.0269,0.0621,0.0138,0.0383,0.0486,0.0231,0.014266667,0.048766667,0.007266667,0.0258,0.0391,0.0067,0.032,0.0599,0.0171,0.0341,0.0465,0.023,0.0474,0.0563,0.0344,0.0763,0.1114,0.0016
12.09,0.025433333,0.060933333,0.013733333,0.0368,0.0469,0.0207,0.0156,0.0503,0.0095,0.0266,0.0377,0.0082,0.035133333,0.061533333,0.020733333,0.034766667,0.045166667,0.025166667,0.0475,0.0577,0.0351,0.078233333,0.112433333,0.003433333
12.17,0.022166667,0.059266667,0.011766667,0.035433333,0.045033333,0.018833333,0.013866667,0.049766667,0.009666667,0.027166667,0.039866667,0.009866667,0.0388,0.0637,0.0213,0.037533333,0.046233333,0.023833333,0.047133333,0.057833333,0.036433333,0.079966667,0.115366667,0.005566667
12.25,0.024933333,0.056833333,0.009733333,0.0343,0.0435,0.0191,0.015233333,0.051033333,0.009733333,0.027433333,0.041533333,0.010933333,0.0376,0.0627,0.021,0.0348,0.0463,0.0239,0.045733333,0.055833333,0.035133333,0.0807,0.1155,0.0049
12.34,0.027133333,0.057333333,0.012433333,0.0342,0.0439,0.0214,0.015366667,0.048866667,0.006966667,0.028233333,0.040233333,0.009533333,0.037433333,0.063433333,0.019733333,0.034133333,0.046833333,0.024533333,0.0481,0.0568,0.0367,0.081933333,0.116933333,0.005733333
12.42,0.028466667,0.057466667,0.013766667,0.035133333,0.041933333,0.018533333,0.015233333,0.048333333,0.006433333,0.0287,0.0416,0.0088,0.036266667,0.062566667,0.018466667,0.033866667,0.047866667,0.023266667,0.050033333,0.057933333,0.038433333,0.0827,0.1188,0.0069
12.5,0.026233333,0.058033333,0.013833333,0.036466667,0.044566667,0.019466667,0.015266667,0.048766667,0.005866667,0.026533333,0.042133333,0.008933333,0.0358,0.063,0.0194,0.032566667,0.047566667,0.022866667,0.050766667,0.060866667,0.039566667,0.084466667,0.120066667,0.008966667
12.59,0.024166667,0.058266667,0.012766667,0.0356,0.0435,0.0184,0.0168,0.0489,0.0044,0.028033333,0.040833333,0.007733333,0.035,0.0641,0.0198,0.031933333,0.048533333,0.024233333,0.051133333,0.060133333,0.039733333,0.0858,0.1221,0.011
12.67,0.027766667,0.058466667,0.013066667,0.035133333,0.043033333,0.019933333,0.015333333,0.048833333,0.004133333,0.029733333,0.042133333,0.008533333,0.037266667,0.064566667,0.019566667,0.034366667,0.048066667,0.025366667,0.052033333,0.062833333,0.041233333,0.0849,0.1228,0.012
12.75,0.029966667,0.058966667,0.015166667,0.033533333,0.043133333,0.020333333,0.015533333,0.048233333,0.002833333,0.0277,0.0412,0.009,0.040133333,0.065133333,0.019433333,0.035066667,0.046966667,0.026166667,0.0527,0.0645,0.0419,0.085,0.1247,0.012
12.84,0.027633333,0.060333333,0.015833333,0.034433333,0.042833333,0.021433333,0.017,0.0462,0.0037,0.028433333,0.040933333,0.008233333,0.041266667,0.066666667,0.021866667,0.033566667,0.047866667,0.026766667,0.053233333,0.065633333,0.043533333,0.0877,0.1276,0.0144
12.92,0.026266667,0.060366667,0.015266667,0.0364,0.0438,0.0208,0.017533333,0.046033333,0.003333333,0.0279,0.0405,0.01,0.042033333,0.067033333,0.019733333,0.0332,0.0482,0.0251,0.053066667,0.067066667,0.044766667,0.0882,0.1288,0.0157
13,0.029766667,0.062066667,0.017466667,0.035533333,0.045033333,0.022133333,0.014266667,0.044366667,0.003466667,0.027666667,0.040966667,0.010766667,0.042133333,0.068933333,0.022833333,0.0332,0.0493,0.0248,0.053966667,0.067266667,0.045466667,0.088666667,0.129466667,0.015866667
13.09,0.029933333,0.059333333,0.014933333,0.034366667,0.045666667,0.018966667,0.0165,0.0445,0.0042,0.028633333,0.039233333,0.010033333,0.042233333,0.069833333,0.024433333,0.0321,0.0499,0.0233,0.054166667,0.067766667,0.046666667,0.0898,0.1306,0.0168
13.17,0.0296,0.0616,0.0153,0.033433333,0.043633333,0.019633333,0.015833333,0.043733333,0.004633333,0.029933333,0.039433333,0.010933333,0.0428,0.0717,0.0225,0.033333333,0.048633333,0.024633333,0.055766667,0.069466667,0.046866667,0.087766667,0.130366667,0.018166667
13.25,0.028933333,0.061333333,0.013933333,0.033566667,0.045766667,0.020966667,0.016166667,0.045066667,0.002166667,0.028033333,0.038333333,0.009833333,0.043366667,0.070766667,0.021166667,0.030766667,0.046766667,0.022366667,0.0579,0.07,0.0463,0.088466667,0.132466667,0.020466667
13.34,0.027933333,0.062233333,0.013433333,0.0351,0.0473,0.0217,0.016833333,0.044033333,0.001533333,0.029433333,0.037633333,0.009733333,0.0414,0.0724,0.0218,0.0309,0.0462,0.021,0.057133333,0.070233333,0.045733333,0.0892,0.1342,0.0209
13.42,0.0288,0.063,0.0144,0.034166667,0.047266667,0.021866667,0.019066667,0.045666667,0.002066667,0.03,0.0371,0.0084,0.0403,0.0715,0.0233,0.0317,0.0448,0.0218,0.057433333,0.070533333,0.046533333,0.090266667,0.136166667,0.022966667
13.5,0.031033333,0.063333333,0.015033333,0.033433333,0.047233333,0.018633333,0.0157,0.0457,0.0012,0.029,0.0372,0.0084,0.0427,0.0734,0.023,0.033766667,0.047066667,0.022166667,0.0584,0.0721,0.0468,0.090533333,0.137333333,0.024033333
13.59,0.032633333,0.063933333,0.016533333,0.035366667,0.047666667,0.018766667,0.016566667,0.044666667,0.004166667,0.0283,0.0363,0.0072,0.042433333,0.072833333,0.025233333,0.032866667,0.047666667,0.022666667,0.060966667,0.075066667,0.050066667,0.0912,0.138,0.0235
13.67,0.029766667,0.063066667,0.016266667,0.038033333,0.049033333,0.023033333,0.016733333,0.046933333,0.003733333,0.0302,0.0392,0.0096,0.043966667,0.073766667,0.027666667,0.0341,0.0481,0.0209,0.062266667,0.074166667,0.049766667,0.091533333,0.139033333,0.024733333
13.75,0.0275,0.061,0.014,0.034833333,0.046833333,0.022333333,0.017066667,0.044366667,0.002766667,0.029466667,0.038566667,0.009866667,0.0477,0.0759,0.0284,0.031666667,0.047166667,0.021366667,0.062733333,0.074433333,0.050033333,0.0916,0.1393,0.0263
13.84,0.031433333,0.062733333,0.015633333,0.035133333,0.045433333,0.022733333,0.0165,0.0448,0.0022,0.028333333,0.039333333,0.008933333,0.048966667,0.076966667,0.028766667,0.033066667,0.048966667,0.022666667,0.0635,0.0748,0.0502,0.091366667,0.140166667,0.026466667
13.92,0.031966667,0.062866667,0.015966667,0.035433333,0.045033333,0.024033333,0.017833333,0.046733333,0.001633333,0.027833333,0.039233333,0.008933333,0.051966667,0.075566667,0.029966667,0.0314,0.0477,0.0217,0.0636,0.076,0.0511,0.091433333,0.140933333,0.027233333
14,0.0308,0.0607,0.0158,0.0348,0.0422,0.0222,0.018866667,0.045866667,0.002266667,0.028233333,0.039833333,0.009333333,0.051966667,0.076366667,0.032866667,0.030266667,0.047266667,0.021266667,0.065066667,0.076166667,0.050966667,0.092066667,0.142666667,0.028866667
14.09,0.028633333,0.060833333,0.013633333,0.0354,0.0427,0.023,0.0152,0.0456,0.0045,0.027133333,0.038533333,0.010033333,0.050666667,0.077366667,0.033366667,0.0311,0.0495,0.0232,0.0651,0.0768,0.0526,0.0898,0.142,0.029
14.17,0.031266667,0.061966667,0.016066667,0.033333333,0.043333333,0.022133333,0.015966667,0.045866667,0.005966667,0.0282,0.0378,0.0084,0.0555,0.0787,0.0348,0.029766667,0.048366667,0.022266667,0.063566667,0.076166667,0.053266667,0.091633333,0.143633333,0.029833333
14.25,0.032133333,0.062133333,0.013633333,0.033633333,0.044433333,0.022433333,0.0162,0.0465,0.0037,0.026233333,0.036833333,0.006733333,0.0578,0.0813,0.0349,0.029266667,0.047266667,0.021666667,0.0639,0.0763,0.0528,0.0925,0.1434,0.0307
14.34,0.034366667,0.062766667,0.015666667,0.0345,0.0459,0.0239,0.0169,0.0469,0.0027,0.027,0.0381,0.0057,0.056966667,0.083566667,0.033566667,0.030366667,0.048766667,0.023066667,0.063966667,0.075966667,0.053266667,0.091033333,0.143533333,0.031733333
14.42,0.0353,0.0626,0.017,0.0344,0.0454,0.0244,0.016033333,0.048333333,0.003033333,0.026933333,0.038533333,0.007233333,0.0547,0.0838,0.0336,0.0305,0.049,0.0239,0.064566667,0.078266667,0.055466667,0.0931,0.1457,0.0332
14.5,0.032533333,0.062833333,0.014833333,0.035366667,0.044766667,0.023466667,0.0154,0.0479,0.0029,0.026766667,0.038666667,0.008366667,0.056833333,0.085333333,0.037433333,0.031366667,0.046466667,0.025566667,0.0662,0.0812,0.0578,0.093466667,0.147566667,0.034266667
14.59,0.033533333,0.062933333,0.014733333,0.037033333,0.045833333,0.024833333,0.014666667,0.049266667,0.004466667,0.026933333,0.036933333,0.008933333,0.056533333,0.087833333,0.040033333,0.026966667,0.045066667,0.023666667,0.066133333,0.081333333,0.057933333,0.092166667,0.147766667,0.033866667
14.67,0.031733333,0.062833333,0.014733333,0.037033333,0.045233333,0.026833333,0.016733333,0.049933333,0.005433333,0.027766667,0.036466667,0.010266667,0.058866667,0.089066667,0.041966667,0.028233333,0.046833333,0.024733333,0.066466667,0.081266667,0.058266667,0.0917,0.1492,0.0341
14.75,0.031766667,0.061666667,0.013466667,0.036833333,0.045433333,0.027033333,0.016466667,0.050266667,0.003966667,0.029566667,0.039366667,0.011666667,0.0604,0.0891,0.0442,0.029266667,0.047666667,0.026066667,0.067066667,0.081066667,0.058766667,0.090633333,0.149133333,0.034033333
14.84,0.0299,0.0619,0.0142,0.037666667,0.044966667,0.024866667,0.015733333,0.048533333,0.002433333,0.030533333,0.038333333,0.012233333,0.064133333,0.091633333,0.045833333,0.031533333,0.049533333,0.027233333,0.066133333,0.081733333,0.057933333,0.091866667,0.150966667,0.035766667
14.92,0.029733333,0.060133333,0.014033333,0.0375,0.0437,0.0209,0.012133333,0.047433333,0.003233333,0.030466667,0.039866667,0.012366667,0.0649,0.0942,0.0473,0.0322,0.0501,0.0285,0.0658,0.0814,0.0582,0.0933,0.1528,0.0374
15,0.031333333,0.060633333,0.015733333,0.0367,0.044,0.0182,0.0142,0.0461,0.0028,0.029933333,0.038733333,0.010633333,0.065733333,0.095533333,0.047833333,0.031766667,0.049366667,0.029866667,0.066633333,0.080633333,0.058033333,0.093533333,0.151833333,0.037533333
15.09,0.028666667,0.060866667,0.014366667,0.036566667,0.045766667,0.017366667,0.015133333,0.046733333,0.002433333,0.029766667,0.038366667,0.009766667,0.0662,0.0955,0.049,0.0351,0.0494,0.0319,0.067633333,0.081333333,0.057633333,0.093033333,0.152533333,0.037933333
15.17,0.024466667,0.059166667,0.014666667,0.037266667,0.047266667,0.018666667,0.0112,0.0449,0.0033,0.029333333,0.040233333,0.007333333,0.069266667,0.098266667,0.049266667,0.0345,0.0492,0.0309,0.068233333,0.082633333,0.059633333,0.094433333,0.154433333,0.040233333
15.25,0.0241,0.0591,0.0148,0.038133333,0.048133333,0.020533333,0.012733333,0.047233333,0.004133333,0.029,0.0396,0.0061,0.0704,0.1005,0.0519,0.034833333,0.049333333,0.031433333,0.069633333,0.084533333,0.061033333,0.093,0.1557,0.0393
15.34,0.024066667,0.059766667,0.013766667,0.036533333,0.046533333,0.021433333,0.014166667,0.046566667,0.000666667,0.027266667,0.038466667,0.006866667,0.075133333,0.102933333,0.054533333,0.0369,0.0503,0.0324,0.071166667,0.085966667,0.061466667,0.093366667,0.155166667,0.040066667
15.42,0.024166667,0.058966667,0.015666667,0.036266667,0.045566667,0.020266667,0.014433333,0.047133333,0.003233333,0.026066667,0.039366667,0.006066667,0.075833333,0.103733333,0.053433333,0.0358,0.0487,0.0304,0.070066667,0.084466667,0.062466667,0.0929,0.1553,0.0402
15.5,0.024133333,0.058133333,0.014533333,0.0368,0.046,0.0222,0.0143,0.0476,0.0018,0.027966667,0.037766667,0.005466667,0.077733333,0.105733333,0.055433333,0.0343,0.0502,0.0306,0.070566667,0.085366667,0.062766667,0.092333333,0.156133333,0.041633333
15.59,0.027933333,0.060333333,0.012833333,0.035766667,0.046166667,0.021566667,0.011466667,0.046466667,0.000666667,0.027166667,0.039666667,0.007966667,0.077233333,0.107133333,0.057033333,0.032866667,0.049666667,0.029066667,0.071533333,0.085033333,0.062433333,0.091766667,0.155166667,0.040766667
15.67,0.028466667,0.060266667,0.015366667,0.036533333,0.047333333,0.023133333,0.0135,0.0479,0.0032,0.027,0.0405,0.009,0.081166667,0.112066667,0.060066667,0.0334,0.05,0.0283,0.070733333,0.084733333,0.061533333,0.091633333,0.156233333,0.041233333
15.75,0.026466667,0.060766667,0.013966667,0.0357,0.0453,0.0225,0.013633333,0.045933333,0.002233333,0.026833333,0.040833333,0.008933333,0.078433333,0.115033333,0.061533333,0.035166667,0.050366667,0.028766667,0.071333333,0.085633333,0.063433333,0.0919,0.1559,0.0418
15.84,0.028833333,0.062333333,0.014233333,0.0369,0.0465,0.024,0.013866667,0.047366667,0.001966667,0.0275,0.0419,0.0091,0.080366667,0.116966667,0.063466667,0.035066667,0.049266667,0.027866667,0.073833333,0.087333333,0.063933333,0.092066667,0.156366667,0.041366667
15.92,0.030566667,0.059966667,0.015366667,0.035666667,0.046466667,0.024966667,0.012633333,0.047533333,0.002033333,0.029166667,0.042466667,0.010266667,0.085833333,0.118233333,0.065533333,0.034333333,0.048933333,0.028433333,0.072466667,0.087366667,0.064966667,0.090566667,0.156366667,0.042566667
16,0.0323,0.0604,0.0128,0.035033333,0.046333333,0.022433333,0.0142,0.0484,0.0033,0.028966667,0.040866667,0.011466667,0.0858,0.1197,0.0667,0.034833333,0.049233333,0.027633333,0.073333333,0.086033333,0.064833333,0.089966667,0.156066667,0.042866667
16.09,0.0336,0.0603,0.0126,0.0354,0.0456,0.023,0.014033333,0.047233333,0.003133333,0.028633333,0.038933333,0.008833333,0.0892,0.1195,0.0692,0.033366667,0.047166667,0.028566667,0.072966667,0.086666667,0.064966667,0.090433333,0.156533333,0.043633333
16.17,0.032033333,0.057733333,0.011233333,0.0354,0.0457,0.0244,0.012566667,0.047166667,0.001366667,0.029266667,0.039466667,0.008066667,0.094033333,0.120233333,0.072033333,0.033333333,0.046533333,0.028933333,0.073466667,0.088666667,0.066866667,0.089866667,0.157966667,0.045666667
16.25,0.0306,0.0586,0.0132,0.036233333,0.047033333,0.024633333,0.017033333,0.050033333,0.004433333,0.028166667,0.038566667,0.008266667,0.097966667,0.121366667,0.074366667,0.033533333,0.047733333,0.029633333,0.0743,0.0891,0.068,0.0903,0.1582,0.0474
16.34,0.030866667,0.059566667,0.014066667,0.0376,0.0481,0.0246,0.017466667,0.049466667,0.005866667,0.027133333,0.038433333,0.008833333,0.101,0.1239,0.0768,0.0327,0.0468,0.0291,0.075233333,0.091333333,0.067233333,0.090433333,0.159033333,0.046633333
16.42,0.0316,0.0605,0.0144,0.0366,0.0464,0.0224,0.0173,0.0512,0.0072,0.027733333,0.036633333,0.007533333,0.102466667,0.125266667,0.075466667,0.032566667,0.044866667,0.027066667,0.0749,0.0921,0.0678,0.089566667,0.159666667,0.047666667
16.5,0.030733333,0.060133333,0.014333333,0.0356,0.0479,0.0247,0.017866667,0.051266667,0.005966667,0.029133333,0.039133333,0.010133333,0.103366667,0.126966667,0.078566667,0.0309,0.0458,0.029,0.076666667,0.093766667,0.068666667,0.090233333,0.160033333,0.047333333
16.59,0.029033333,0.058333333,0.012933333,0.035766667,0.047566667,0.024666667,0.017566667,0.049166667,0.005066667,0.030466667,0.041566667,0.012066667,0.1096,0.1305,0.0821,0.0324,0.0458,0.029,0.076266667,0.093566667,0.070166667,0.090533333,0.161233333,0.047633333
16.67,0.0299,0.0585,0.013,0.0353,0.0478,0.0216,0.017266667,0.049566667,0.003866667,0.030633333,0.041033333,0.012933333,0.1097,0.1321,0.0831,0.0317,0.0458,0.0307,0.074233333,0.092433333,0.068933333,0.088533333,0.161633333,0.046633333
16.75,0.029866667,0.058766667,0.013266667,0.0359,0.0466,0.023,0.017633333,0.050333333,0.004933333,0.03,0.0409,0.0133,0.111566667,0.134666667,0.084866667,0.033033333,0.047933333,0.031733333,0.075433333,0.094033333,0.070933333,0.086966667,0.161466667,0.047666667
16.84,0.03,0.0588,0.012,0.035733333,0.046833333,0.023533333,0.017733333,0.049833333,0.003433333,0.030166667,0.042266667,0.014266667,0.113966667,0.138266667,0.088166667,0.033433333,0.047933333,0.031133333,0.076866667,0.093466667,0.070366667,0.088133333,0.162333333,0.048433333
16.92,0.030066667,0.057866667,0.011266667,0.035833333,0.046633333,0.022933333,0.0174,0.0511,0.0057,0.029533333,0.041733333,0.014133333,0.114333333,0.138133333,0.088033333,0.0354,0.0492,0.0314,0.0774,0.0952,0.0709,0.089033333,0.161133333,0.049233333
17,0.031433333,0.058533333,0.012933333,0.0358,0.047,0.0208,0.017533333,0.047433333,0.004333333,0.026633333,0.039533333,0.011633333,0.118766667,0.141666667,0.091266667,0.036166667,0.050966667,0.033866667,0.078233333,0.095233333,0.069633333,0.088433333,0.161633333,0.047733333
17.09,0.0329,0.0584,0.0129,0.036433333,0.047733333,0.020733333,0.016133333,0.048533333,0.003333333,0.026633333,0.039433333,0.010933333,0.121366667,0.143066667,0.094166667,0.0359,0.0498,0.034,0.0781,0.094,0.0686,0.0862,0.16,0.0465
17.17,0.035133333,0.059033333,0.013133333,0.0364,0.0466,0.0209,0.012533333,0.049133333,0.002533333,0.025733333,0.037333333,0.009033333,0.122533333,0.144833333,0.095033333,0.036866667,0.049166667,0.033366667,0.0774,0.0946,0.0693,0.086366667,0.159866667,0.047866667
17.25,0.030666667,0.057166667,0.011166667,0.038133333,0.048533333,0.024233333,0.0104,0.046,0.004,0.028266667,0.039766667,0.005166667,0.123533333,0.146533333,0.096333333,0.033866667,0.045466667,0.031666667,0.077466667,0.095866667,0.070966667,0.0846,0.1598,0.047
17.34,0.030233333,0.057133333,0.011933333,0.0383,0.049,0.024,0.009166667,0.045266667,0.004966667,0.028966667,0.040766667,0.006566667,0.1257,0.15,0.0992,0.034233333,0.047033333,0.032133333,0.079566667,0.097666667,0.073166667,0.084233333,0.160933333,0.047733333
17.42,0.030533333,0.058233333,0.011333333,0.038933333,0.049733333,0.025733333,0.011266667,0.046366667,0.004966667,0.027933333,0.040133333,0.005033333,0.126633333,0.152733333,0.100733333,0.033933333,0.047933333,0.034333333,0.079333333,0.098633333,0.073033333,0.083566667,0.160566667,0.047666667
17.5,0.031733333,0.057833333,0.012433333,0.037966667,0.049566667,0.025666667,0.013166667,0.047566667,0.003466667,0.028433333,0.039833333,0.007233333,0.129733333,0.155933333,0.103733333,0.0361,0.0493,0.0363,0.079533333,0.098333333,0.073933333,0.084033333,0.160433333,0.047133333
17.59,0.0311,0.0566,0.013,0.037066667,0.049666667,0.024666667,0.012533333,0.047133333,0.003833333,0.029233333,0.041233333,0.010033333,0.130733333,0.157533333,0.106633333,0.034566667,0.050266667,0.036166667,0.0808,0.0986,0.0749,0.085466667,0.161866667,0.048666667
17.67,0.033333333,0.056833333,0.012833333,0.0358,0.0462,0.0227,0.0141,0.0476,0.0046,0.028433333,0.041233333,0.011133333,0.132766667,0.159266667,0.107466667,0.031966667,0.048766667,0.034666667,0.0811,0.099,0.0765,0.085166667,0.162066667,0.050966667
17.75,0.030733333,0.055933333,0.011433333,0.034766667,0.042666667,0.021666667,0.015566667,0.048066667,0.002066667,0.029766667,0.042566667,0.011966667,0.134433333,0.162033333,0.110533333,0.031666667,0.048466667,0.034766667,0.0813,0.0997,0.0761,0.084166667,0.160466667,0.048966667
17.84,0.0313,0.0577,0.0126,0.0377,0.0446,0.0243,0.016433333,0.050633333,0.004633333,0.030733333,0.043533333,0.011733333,0.136033333,0.164933333,0.111733333,0.0308,0.0494,0.0328,0.082133333,0.100833333,0.077633333,0.084966667,0.161266667,0.050466667
17.92,0.034166667,0.060166667,0.015366667,0.037066667,0.044266667,0.021766667,0.017566667,0.051466667,0.003966667,0.0317,0.0438,0.0111,0.138266667,0.167366667,0.114866667,0.032766667,0.051166667,0.035066667,0.080966667,0.099066667,0.074566667,0.085666667,0.161266667,0.049566667
18,0.030366667,0.057866667,0.014566667,0.033866667,0.042866667,0.018166667,0.0191,0.0469,0.002,0.029133333,0.041433333,0.006833333,0.1406,0.1689,0.1169,0.032266667,0.051866667,0.034866667,0.080866667,0.099266667,0.074866667,0.084933333,0.161333333,0.050633333
18.09,0.027866667,0.053766667,0.014266667,0.033333333,0.044933333,0.018133333,0.017633333,0.044833333,0.002633333,0.027266667,0.038766667,0.006966667,0.1435,0.17,0.1186,0.0321,0.0525,0.0359,0.0819,0.1,0.0759,0.084966667,0.162166667,0.051366667
18.17,0.026466667,0.053166667,0.012766667,0.0333,0.0466,0.0195,0.0159,0.0458,0.0037,0.028233333,0.039833333,0.008633333,0.147733333,0.171933333,0.119533333,0.033966667,0.053066667,0.037166667,0.081833333,0.098333333,0.075833333,0.084766667,0.162366667,0.051366667
18.25,0.026366667,0.055466667,0.013166667,0.0303,0.0453,0.0175,0.017166667,0.047666667,0.004966667,0.029333333,0.041433333,0.010633333,0.1496,0.1714,0.1205,0.0348,0.0512,0.0362,0.082066667,0.099666667,0.076666667,0.084166667,0.162666667,0.051966667
18.34,0.027133333,0.057833333,0.014633333,0.031833333,0.043233333,0.018533333,0.016366667,0.046466667,0.005166667,0.029766667,0.042166667,0.011466667,0.148133333,0.171133333,0.121533333,0.035,0.0507,0.0327,0.0833,0.1007,0.0781,0.081733333,0.162333333,0.051533333
18.42,0.0247,0.0568,0.013,0.032766667,0.040666667,0.016366667,0.0166,0.0441,0.0027,0.029833333,0.042433333,0.012433333,0.151166667,0.173766667,0.123466667,0.035633333,0.051133333,0.034133333,0.083466667,0.102366667,0.078866667,0.0818,0.1627,0.052
18.5,0.027033333,0.057833333,0.013033333,0.032933333,0.042733333,0.019633333,0.017033333,0.042533333,0.001633333,0.0311,0.042,0.0134,0.151533333,0.177133333,0.126233333,0.035566667,0.051666667,0.034866667,0.084233333,0.101233333,0.078433333,0.081633333,0.162433333,0.050733333
18.59,0.029066667,0.059466667,0.012966667,0.035266667,0.043066667,0.020266667,0.019066667,0.046866667,0.005866667,0.032666667,0.043166667,0.012566667,0.1538,0.1779,0.1273,0.0343,0.053,0.0349,0.0842,0.1022,0.0775,0.081166667,0.162666667,0.049166667
18.67,0.029333333,0.061833333,0.014333333,0.0365,0.0446,0.022,0.015333333,0.046333333,0.003333333,0.0323,0.0434,0.0097,0.1551,0.1797,0.1285,0.034366667,0.051666667,0.033966667,0.083333333,0.102433333,0.077533333,0.0818,0.163,0.0493
18.75,0.0329,0.0633,0.0145,0.036566667,0.045366667,0.020366667,0.015233333,0.044433333,0.002433333,0.033433333,0.041633333,0.011733333,0.156066667,0.180166667,0.129866667,0.0349,0.0515,0.0337,0.083633333,0.103433333,0.076733333,0.0815,0.162,0.0501
18.84,0.0343,0.063,0.0149,0.0361,0.0427,0.0202,0.014066667,0.042366667,0.002266667,0.034133333,0.042933333,0.013633333,0.154366667,0.181166667,0.132066667,0.035533333,0.051033333,0.035333333,0.084233333,0.104733333,0.076533333,0.081066667,0.162166667,0.049466667
18.92,0.033633333,0.061833333,0.014333333,0.0344,0.0434,0.0214,0.014633333,0.044333333,0.005333333,0.0351,0.0451,0.0156,0.1575,0.1821,0.1331,0.034866667,0.050266667,0.034366667,0.0852,0.1061,0.0787,0.082466667,0.162666667,0.051466667
19,0.0341,0.062,0.0131,0.034366667,0.044066667,0.022166667,0.0145,0.0461,0.0067,0.035133333,0.045333333,0.017633333,0.158866667,0.185866667,0.135866667,0.0349,0.0507,0.0359,0.0837,0.1057,0.0786,0.081366667,0.161466667,0.050666667
19.09,0.032666667,0.059466667,0.011666667,0.033566667,0.043766667,0.021266667,0.0131,0.0461,0.0044,0.032766667,0.045066667,0.015766667,0.1591,0.1884,0.1367,0.035833333,0.050333333,0.036233333,0.084133333,0.105433333,0.079333333,0.0812,0.1615,0.0509
19.17,0.031966667,0.059666667,0.010066667,0.035,0.0444,0.0202,0.0119,0.0457,0.0028,0.0335,0.0459,0.0154,0.1617,0.1905,0.1387,0.0385,0.0515,0.0361,0.085233333,0.106133333,0.079733333,0.080433333,0.162233333,0.051033333
19.25,0.031966667,0.062166667,0.013266667,0.036533333,0.045733333,0.022133333,0.013266667,0.047366667,0.002766667,0.032,0.0463,0.0137,0.1635,0.193,0.14,0.039033333,0.051533333,0.036633333,0.0856,0.1068,0.0815,0.080933333,0.162033333,0.051633333
19.34,0.0298,0.0623,0.0115,0.036433333,0.045833333,0.019133333,0.013033333,0.047933333,0.004833333,0.034533333,0.047333333,0.015333333,0.166533333,0.194333333,0.141133333,0.039733333,0.053033333,0.039433333,0.085966667,0.106666667,0.081866667,0.080666667,0.161066667,0.051366667
19.42,0.028966667,0.062566667,0.013666667,0.0365,0.0473,0.0185,0.012333333,0.044033333,0.002233333,0.0324,0.0465,0.0152,0.168266667,0.195466667,0.141666667,0.0386,0.0536,0.0417,0.0877,0.1091,0.0846,0.080166667,0.160366667,0.051366667
19.5,0.030266667,0.062566667,0.013466667,0.037033333,0.047233333,0.020833333,0.013433333,0.044333333,0.002433333,0.034833333,0.047233333,0.017533333,0.1673,0.1968,0.1426,0.039233333,0.052133333,0.042833333,0.088433333,0.109633333,0.082433333,0.080366667,0.157966667,0.051566667
19.59,0.027766667,0.061066667,0.011966667,0.0354,0.0464,0.021,0.014133333,0.044433333,0.002033333,0.033633333,0.047833333,0.017433333,0.171866667,0.198466667,0.145266667,0.035433333,0.052333333,0.044233333,0.087766667,0.109066667,0.083666667,0.078866667,0.158766667,0.051266667
19.67,0.028766667,0.061466667,0.011966667,0.035766667,0.047066667,0.021466667,0.013133333,0.043833333,0.002333333,0.0342,0.0476,0.0179,0.173533333,0.200233333,0.146433333,0.035566667,0.051766667,0.042166667,0.089433333,0.109233333,0.083133333,0.080933333,0.161233333,0.050733333
19.75,0.028233333,0.062333333,0.012333333,0.0349,0.0454,0.0224,0.014966667,0.046266667,0.003466667,0.035233333,0.047733333,0.017533333,0.176466667,0.201766667,0.147966667,0.036733333,0.052033333,0.043733333,0.089566667,0.109566667,0.084866667,0.0807,0.1625,0.0522
19.84,0.029266667,0.060466667,0.011566667,0.034433333,0.046533333,0.024433333,0.0143,0.0457,0.0035,0.036366667,0.047566667,0.017966667,0.175433333,0.203333333,0.148033333,0.036033333,0.051833333,0.042533333,0.089966667,0.110166667,0.083566667,0.0783,0.1607,0.0518
19.92,0.027766667,0.059466667,0.012966667,0.0339,0.0463,0.0249,0.0128,0.0462,0.0024,0.036533333,0.046433333,0.019433333,0.177,0.2055,0.151,0.035233333,0.053433333,0.044433333,0.089933333,0.110233333,0.082233333,0.077633333,0.161033333,0.051233333
20,0.0295,0.0591,0.0118,0.033533333,0.045733333,0.021233333,0.011566667,0.048466667,0.002366667,0.0356,0.0465,0.0183,0.179866667,0.207066667,0.152166667,0.036333333,0.054933333,0.047233333,0.088966667,0.110366667,0.082466667,0.0782,0.1614,0.0511
20.09,0.029133333,0.057133333,0.012833333,0.0337,0.0469,0.0201,0.0127,0.0493,0.0029,0.035533333,0.046733333,0.018433333,0.1801,0.207,0.1519,0.035566667,0.054366667,0.045866667,0.089433333,0.111933333,0.084333333,0.0788,0.1616,0.051
20.17,0.0316,0.0583,0.0165,0.033366667,0.045066667,0.017366667,0.013933333,0.047833333,0.001533333,0.0347,0.0462,0.0178,0.181033333,0.207933333,0.153933333,0.034466667,0.053566667,0.046066667,0.089333333,0.113333333,0.086133333,0.079,0.1615,0.0516
20.25,0.029433333,0.058433333,0.014433333,0.0327,0.0466,0.017,0.015466667,0.047866667,0.003366667,0.0371,0.046,0.0192,0.1837,0.2112,0.1569,0.035066667,0.053566667,0.045966667,0.087833333,0.111633333,0.085333333,0.0784,0.1609,0.0499
20.34,0.029533333,0.060833333,0.013833333,0.032866667,0.045266667,0.018866667,0.014066667,0.045366667,0.003366667,0.0399,0.048,0.0183,0.187433333,0.211933333,0.158633333,0.035266667,0.053266667,0.046466667,0.090833333,0.112133333,0.085033333,0.0749,0.1604,0.0487
20.42,0.028266667,0.059066667,0.011166667,0.034033333,0.046033333,0.018033333,0.0139,0.0462,0.0014,0.040533333,0.050233333,0.019433333,0.1881,0.2133,0.1595,0.037233333,0.055033333,0.047533333,0.090333333,0.112833333,0.085733333,0.074466667,0.159266667,0.048566667
20.5,0.028833333,0.060433333,0.014233333,0.035266667,0.046466667,0.016566667,0.016333333,0.045933333,0.002633333,0.0406,0.0506,0.0212,0.1903,0.2127,0.1607,0.0382,0.0542,0.0476,0.089766667,0.112466667,0.084866667,0.072733333,0.158233333,0.048233333
20.59,0.028466667,0.059366667,0.012866667,0.033866667,0.045766667,0.013966667,0.0173,0.0481,0.0045,0.041333333,0.051333333,0.021133333,0.190533333,0.214733333,0.161733333,0.035833333,0.052833333,0.047033333,0.089866667,0.112166667,0.084766667,0.072466667,0.158466667,0.047566667
20.67,0.026066667,0.058666667,0.012466667,0.031666667,0.045666667,0.012866667,0.013733333,0.043533333,0.000433333,0.041633333,0.050833333,0.019333333,0.193166667,0.215366667,0.163166667,0.0376,0.0517,0.0432,0.0931,0.1131,0.0862,0.072066667,0.157166667,0.046366667
20.75,0.0255,0.0596,0.0101,0.032633333,0.044433333,0.017033333,0.0148,0.0436,-0.0007,0.041466667,0.051266667,0.020466667,0.195133333,0.217333333,0.166233333,0.037133333,0.053533333,0.047433333,0.093933333,0.113833333,0.084333333,0.0728,0.1568,0.0452
20.84,0.0281,0.0564,0.0093,0.031433333,0.045833333,0.015533333,0.014933333,0.045833333,0.001633333,0.039933333,0.052233333,0.020133333,0.195766667,0.219466667,0.168166667,0.037033333,0.053133333,0.047433333,0.093133333,0.112533333,0.083233333,0.0736,0.1567,0.044
20.92,0.029033333,0.056333333,0.011233333,0.0318,0.0463,0.0186,0.0159,0.0472,0.0011,0.039233333,0.053633333,0.022133333,0.1969,0.221,0.1693,0.038333333,0.055533333,0.047633333,0.0944,0.114,0.086,0.073733333,0.156833333,0.045233333
21,0.0306,0.056,0.0095,0.0318,0.0488,0.0204,0.0168,0.049,0.0043,0.040633333,0.055933333,0.024933333,0.197566667,0.222266667,0.170766667,0.0368,0.0545,0.0485,0.095033333,0.114033333,0.086233333,0.074,0.1565,0.046
21.09,0.031533333,0.055533333,0.012133333,0.0299,0.0459,0.0194,0.016566667,0.049266667,0.006266667,0.040033333,0.056133333,0.025933333,0.198366667,0.224466667,0.171266667,0.035033333,0.052433333,0.048633333,0.094933333,0.115233333,0.087033333,0.073533333,0.157533333,0.046333333
21.17,0.032366667,0.057166667,0.010066667,0.031966667,0.046766667,0.016666667,0.0166,0.0486,0.0037,0.041633333,0.056633333,0.025833333,0.201466667,0.226666667,0.173566667,0.0357,0.0524,0.0499,0.094933333,0.115533333,0.087433333,0.0749,0.158,0.0479
21.25,0.035166667,0.058666667,0.013066667,0.0324,0.0459,0.0196,0.018133333,0.049133333,0.003533333,0.043766667,0.057466667,0.025466667,0.202766667,0.227866667,0.174466667,0.036566667,0.050866667,0.049166667,0.0955,0.1166,0.089,0.075566667,0.158766667,0.049266667
21.34,0.035066667,0.058966667,0.014266667,0.032733333,0.044733333,0.019833333,0.018266667,0.049666667,0.005466667,0.044966667,0.059266667,0.026166667,0.204866667,0.229866667,0.176666667,0.0379,0.0486,0.051,0.095166667,0.116666667,0.089066667,0.0744,0.1578,0.0479
21.42,0.0359,0.0603,0.0151,0.033333333,0.044433333,0.015933333,0.018233333,0.050833333,0.006133333,0.045133333,0.058733333,0.026133333,0.208466667,0.231066667,0.177366667,0.040266667,0.050966667,0.053066667,0.097733333,0.118233333,0.090333333,0.0736,0.1583,0.0473
21.5,0.035233333,0.059233333,0.014233333,0.0323,0.0434,0.0177,0.0181,0.0485,0.0035,0.0461,0.0591,0.0239,0.211366667,0.234466667,0.180566667,0.0407,0.0539,0.052,0.098433333,0.118733333,0.090933333,0.0735,0.1588,0.0482
21.59,0.033233333,0.060433333,0.013533333,0.033066667,0.045066667,0.020166667,0.018966667,0.051666667,0.004466667,0.047366667,0.060266667,0.024966667,0.2128,0.2357,0.1817,0.039166667,0.053666667,0.050266667,0.0994,0.12,0.0924,0.074866667,0.158866667,0.047666667
21.67,0.032533333,0.059933333,0.012933333,0.032,0.046,0.0213,0.020766667,0.052066667,0.005966667,0.0481,0.0612,0.028,0.212266667,0.236366667,0.180466667,0.039433333,0.056133333,0.052133333,0.099766667,0.120566667,0.092066667,0.074833333,0.157533333,0.046933333
21.75,0.033433333,0.060133333,0.011633333,0.0312,0.0453,0.0208,0.0196,0.0481,0.0051,0.050133333,0.061733333,0.029633333,0.214,0.2381,0.1834,0.039766667,0.056266667,0.053066667,0.096566667,0.120066667,0.092066667,0.075133333,0.158933333,0.047933333
21.84,0.034333333,0.057233333,0.011733333,0.0313,0.0444,0.0182,0.019766667,0.047966667,0.003466667,0.052033333,0.064233333,0.031933333,0.2134,0.2375,0.1843,0.0397,0.0575,0.0528,0.097666667,0.120266667,0.091166667,0.0731,0.1589,0.0489
21.92,0.037233333,0.058733333,0.013433333,0.0324,0.0462,0.0196,0.021166667,0.047966667,0.005966667,0.054066667,0.064666667,0.031466667,0.212066667,0.237866667,0.184166667,0.039933333,0.057233333,0.054233333,0.098566667,0.120066667,0.091766667,0.073,0.1575,0.0472
22,0.0324,0.061,0.0138,0.032633333,0.044333333,0.019233333,0.019133333,0.046933333,0.003333333,0.055666667,0.067566667,0.031666667,0.214933333,0.237933333,0.183433333,0.041766667,0.055266667,0.053366667,0.0971,0.1193,0.09,0.0726,0.1569,0.0478
22.09,0.030966667,0.059566667,0.012566667,0.034133333,0.046333333,0.018833333,0.017733333,0.048133333,0.005333333,0.055433333,0.067933333,0.032633333,0.214366667,0.237766667,0.184766667,0.0406,0.0574,0.0537,0.0985,0.1212,0.0917,0.0735,0.1579,0.0488
22.17,0.031066667,0.058966667,0.011066667,0.034133333,0.044633333,0.016233333,0.019633333,0.050733333,0.006233333,0.057533333,0.069033333,0.032733333,0.217233333,0.240533333,0.186833333,0.039433333,0.057233333,0.052133333,0.098866667,0.121366667,0.091866667,0.0728,0.1569,0.0482
22.25,0.033633333,0.059133333,0.013533333,0.034033333,0.044633333,0.018033333,0.020533333,0.051233333,0.004933333,0.059133333,0.069733333,0.033533333,0.219933333,0.242733333,0.189133333,0.039866667,0.055966667,0.051666667,0.098133333,0.120433333,0.092333333,0.0722,0.1565,0.0474
22.34,0.034533333,0.059633333,0.016233333,0.034833333,0.043633333,0.020033333,0.0203,0.0515,0.0057,0.0608,0.0718,0.0368,0.220466667,0.243866667,0.190866667,0.0393,0.0545,0.0518,0.100433333,0.121133333,0.093533333,0.073666667,0.157666667,0.047866667
22.42,0.0337,0.0601,0.015,0.035866667,0.045566667,0.021366667,0.017833333,0.052333333,0.006633333,0.062866667,0.072566667,0.040566667,0.2212,0.2431,0.1935,0.041033333,0.056933333,0.054733333,0.1007,0.1216,0.0931,0.0716,0.1561,0.046
22.5,0.032966667,0.058866667,0.014066667,0.0357,0.0465,0.0208,0.017033333,0.051233333,0.005833333,0.063933333,0.074333333,0.042833333,0.221366667,0.242466667,0.193266667,0.041933333,0.056433333,0.053533333,0.101533333,0.122633333,0.094733333,0.071833333,0.156333333,0.044733333
22.59,0.031866667,0.061066667,0.013766667,0.0357,0.0482,0.0189,0.017933333,0.051533333,0.003933333,0.0644,0.0762,0.0444,0.222866667,0.242866667,0.195366667,0.041933333,0.054433333,0.054733333,0.100433333,0.121433333,0.094233333,0.072733333,0.155733333,0.045033333
22.67,0.0317,0.0613,0.0149,0.0362,0.0482,0.0218,0.017933333,0.051533333,0.004933333,0.066433333,0.077433333,0.046933333,0.224,0.244,0.1968,0.040033333,0.053233333,0.055333333,0.0982,0.1213,0.0926,0.072033333,0.154833333,0.044633333
22.75,0.031366667,0.062166667,0.013166667,0.036333333,0.048433333,0.023333333,0.0195,0.0525,0.0025,0.066233333,0.078933333,0.044933333,0.222533333,0.245733333,0.196233333,0.038833333,0.052333333,0.054233333,0.097633333,0.121933333,0.091433333,0.071633333,0.154433333,0.043833333
22.84,0.0341,0.063,0.0169,0.0368,0.0486,0.0234,0.0178,0.055,0.0051,0.068466667,0.080866667,0.046566667,0.224,0.245,0.1966,0.039533333,0.051233333,0.053333333,0.098466667,0.121766667,0.093366667,0.071933333,0.154733333,0.044333333
22.92,0.0364,0.0643,0.0176,0.034466667,0.046966667,0.020566667,0.018333333,0.054333333,0.004233333,0.069866667,0.082366667,0.047466667,0.223333333,0.244433333,0.196733333,0.038566667,0.055266667,0.055266667,0.097966667,0.122966667,0.093466667,0.071833333,0.154333333,0.044933333
23,0.035066667,0.061966667,0.017766667,0.0311,0.0459,0.0182,0.020233333,0.052333333,0.002933333,0.073166667,0.084366667,0.048866667,0.224733333,0.243133333,0.199133333,0.039833333,0.055233333,0.057133333,0.100366667,0.124366667,0.095166667,0.072366667,0.154466667,0.044366667
23.09,0.0367,0.0639,0.0173,0.0332,0.0471,0.0213,0.0191,0.0504,0.004,0.073366667,0.086266667,0.052066667,0.225233333,0.244633333,0.199833333,0.040633333,0.052833333,0.056033333,0.1015,0.1256,0.0949,0.072333333,0.154233333,0.044133333
23.17,0.037566667,0.063766667,0.016266667,0.034133333,0.047733333,0.020333333,0.019,0.0505,0.0036,0.0761,0.0887,0.05,0.2233,0.2437,0.1986,0.0405,0.0542,0.0559,0.100633333,0.125233333,0.094633333,0.069733333,0.153233333,0.044833333
23.25,0.036866667,0.063266667,0.016866667,0.033066667,0.045366667,0.019966667,0.019366667,0.051166667,0.003866667,0.077866667,0.089766667,0.052466667,0.2223,0.2433,0.1985,0.040566667,0.054466667,0.055966667,0.101833333,0.126133333,0.093833333,0.069733333,0.152833333,0.043933333
23.34,0.038133333,0.063333333,0.016833333,0.032266667,0.045566667,0.019966667,0.019033333,0.049333333,0.004633333,0.079866667,0.092666667,0.054966667,0.224333333,0.243433333,0.199133333,0.041533333,0.056433333,0.056533333,0.1008,0.1249,0.0932,0.066766667,0.151366667,0.042666667
23.42,0.037166667,0.062866667,0.014966667,0.034366667,0.047266667,0.022066667,0.019933333,0.048033333,0.003233333,0.082533333,0.094533333,0.056733333,0.2243,0.2448,0.2,0.040166667,0.054866667,0.055866667,0.1031,0.1262,0.0937,0.068566667,0.152166667,0.044066667
23.5,0.036366667,0.062866667,0.015466667,0.0341,0.0481,0.0208,0.020366667,0.050666667,0.006266667,0.0865,0.0971,0.0593,0.224733333,0.245733333,0.200033333,0.041366667,0.055966667,0.055366667,0.1047,0.1269,0.0936,0.067033333,0.152433333,0.043333333
23.59,0.039266667,0.065166667,0.015666667,0.035533333,0.048633333,0.021533333,0.021766667,0.049966667,0.006566667,0.088366667,0.099866667,0.062366667,0.224033333,0.244633333,0.201333333,0.042466667,0.058266667,0.055766667,0.104033333,0.127133333,0.094133333,0.066433333,0.151233333,0.042233333
23.67,0.038833333,0.061733333,0.015833333,0.034133333,0.047633333,0.021033333,0.019,0.0489,0.0059,0.0918,0.1033,0.0665,0.226366667,0.246166667,0.203366667,0.041966667,0.058266667,0.055766667,0.103633333,0.126733333,0.094233333,0.0644,0.15,0.0401
23.75,0.038066667,0.062866667,0.015966667,0.035266667,0.048866667,0.022866667,0.016533333,0.049533333,0.002433333,0.0925,0.1043,0.0674,0.2256,0.2464,0.2034,0.039366667,0.059066667,0.055866667,0.106066667,0.128266667,0.095066667,0.064466667,0.149266667,0.040266667
23.84,0.039266667,0.062766667,0.019266667,0.0363,0.0471,0.0222,0.0158,0.0498,0.0039,0.095866667,0.106166667,0.069466667,0.2256,0.2444,0.2023,0.042366667,0.058166667,0.054166667,0.1086,0.1285,0.0973,0.064933333,0.150433333,0.042033333
23.92,0.039666667,0.061566667,0.017266667,0.036266667,0.046166667,0.020466667,0.018733333,0.053133333,0.005433333,0.0981,0.1091,0.0715,0.223666667,0.244866667,0.202466667,0.043433333,0.060433333,0.054833333,0.1084,0.1281,0.0977,0.065366667,0.149566667,0.042366667
24,0.0385,0.0612,0.0156,0.036566667,0.044966667,0.019166667,0.0188,0.0568,0.0074,0.0998,0.112,0.0756,0.224033333,0.243333333,0.202533333,0.044366667,0.061866667,0.055766667,0.110533333,0.131333333,0.099733333,0.065766667,0.150866667,0.043366667
24.09,0.037366667,0.061166667,0.014766667,0.0354,0.044,0.0173,0.019566667,0.056866667,0.004066667,0.1021,0.113,0.0781,0.222466667,0.244866667,0.202566667,0.0429,0.0622,0.0573,0.110833333,0.130933333,0.098933333,0.065166667,0.151666667,0.044066667
24.17,0.036433333,0.063533333,0.015533333,0.034966667,0.043166667,0.017066667,0.021266667,0.058266667,0.006566667,0.105833333,0.116633333,0.082033333,0.221566667,0.243066667,0.199666667,0.043833333,0.062933333,0.055533333,0.111433333,0.131133333,0.099833333,0.0626,0.1512,0.0439
24.25,0.035033333,0.064133333,0.016533333,0.033466667,0.042766667,0.018766667,0.022166667,0.056166667,0.007366667,0.108066667,0.121366667,0.084866667,0.222566667,0.243566667,0.201366667,0.043366667,0.063266667,0.054966667,0.110666667,0.131966667,0.101166667,0.061633333,0.151133333,0.041833333
24.34,0.0347,0.0638,0.0162,0.032566667,0.041666667,0.017466667,0.019066667,0.053966667,0.008366667,0.109466667,0.122966667,0.087666667,0.222066667,0.243066667,0.201366667,0.045033333,0.065033333,0.057433333,0.109033333,0.130933333,0.102133333,0.061333333,0.150933333,0.041033333
24.42,0.037533333,0.066233333,0.017533333,0.033566667,0.041766667,0.019066667,0.020133333,0.057733333,0.010733333,0.1144,0.1275,0.091,0.2229,0.2442,0.2034,0.0468,0.0663,0.0593,0.1096,0.1316,0.1012,0.063233333,0.151133333,0.041633333
24.5,0.036933333,0.064633333,0.017033333,0.032533333,0.042233333,0.017833333,0.018666667,0.055466667,0.010666667,0.116933333,0.129033333,0.093833333,0.223133333,0.243933333,0.201233333,0.047966667,0.066566667,0.059366667,0.108366667,0.134266667,0.101466667,0.062366667,0.150466667,0.041466667
24.59,0.037966667,0.064866667,0.014066667,0.031433333,0.043033333,0.015033333,0.014633333,0.053833333,0.009133333,0.1192,0.1299,0.0931,0.2234,0.2456,0.2015,0.049033333,0.067533333,0.058533333,0.110133333,0.136133333,0.101433333,0.0647,0.1501,0.0427
24.67,0.0386,0.0646,0.0152,0.033133333,0.045533333,0.013633333,0.0162,0.0539,0.0082,0.1222,0.1317,0.0966,0.2226,0.2465,0.2028,0.046966667,0.065566667,0.056666667,0.109566667,0.136966667,0.101766667,0.064233333,0.150633333,0.043633333
24.75,0.037133333,0.063733333,0.014533333,0.035866667,0.044966667,0.013466667,0.016933333,0.053433333,0.009033333,0.1244,0.1352,0.0995,0.221533333,0.245433333,0.201633333,0.046333333,0.063633333,0.055333333,0.110933333,0.139233333,0.104933333,0.064833333,0.150833333,0.043033333
24.84,0.0365,0.0654,0.0154,0.032566667,0.045066667,0.016666667,0.017166667,0.051966667,0.009866667,0.1267,0.1381,0.1032,0.221266667,0.243566667,0.199466667,0.0485,0.0624,0.0558,0.113133333,0.140733333,0.107633333,0.067033333,0.151433333,0.043933333
24.92,0.037366667,0.066466667,0.016666667,0.031833333,0.046433333,0.019133333,0.020466667,0.053466667,0.007566667,0.128466667,0.141166667,0.105566667,0.218866667,0.243566667,0.198466667,0.0476,0.0637,0.055,0.115,0.143,0.1094,0.066666667,0.151666667,0.042166667
25,0.037833333,0.065233333,0.015433333,0.031166667,0.045466667,0.018166667,0.018666667,0.053766667,0.008266667,0.132166667,0.145466667,0.107566667,0.221333333,0.245433333,0.199433333,0.048233333,0.061733333,0.055133333,0.117433333,0.144533333,0.112033333,0.0673,0.1525,0.0427
25.09,0.0379,0.0674,0.0162,0.0315,0.0455,0.0191,0.0204,0.0542,0.01,0.134933333,0.148133333,0.109033333,0.221466667,0.245166667,0.199166667,0.048633333,0.064233333,0.055433333,0.1189,0.1465,0.1142,0.0679,0.1522,0.0443
25.17,0.0375,0.0674,0.0174,0.031133333,0.044433333,0.019833333,0.022166667,0.055866667,0.009866667,0.1376,0.1507,0.1121,0.220666667,0.244366667,0.198166667,0.050233333,0.067033333,0.056633333,0.1197,0.147,0.1151,0.067666667,0.151866667,0.044866667
25.25,0.04,0.0679,0.0171,0.029066667,0.044266667,0.020966667,0.021633333,0.055033333,0.009033333,0.140166667,0.156866667,0.116366667,0.2214,0.2447,0.1993,0.050533333,0.068633333,0.057833333,0.119133333,0.146433333,0.114033333,0.0676,0.1514,0.043
25.34,0.0382,0.0694,0.0192,0.032066667,0.045666667,0.022766667,0.0222,0.0554,0.0103,0.1452,0.1617,0.12,0.222166667,0.245066667,0.201566667,0.0502,0.0686,0.057,0.1205,0.1478,0.1149,0.067766667,0.151366667,0.043466667
25.42,0.039633333,0.069633333,0.017433333,0.032333333,0.046033333,0.018633333,0.021433333,0.056033333,0.010433333,0.147666667,0.164966667,0.120966667,0.221033333,0.244133333,0.198533333,0.050566667,0.069166667,0.058066667,0.121733333,0.149333333,0.116133333,0.0668,0.1516,0.0428
25.5,0.038633333,0.067133333,0.018533333,0.029666667,0.047266667,0.020966667,0.019033333,0.053333333,0.010933333,0.147566667,0.165466667,0.122666667,0.2217,0.2429,0.198,0.0513,0.0706,0.0577,0.1217,0.1496,0.1162,0.068033333,0.151433333,0.042833333
25.59,0.0394,0.069,0.018,0.030066667,0.047666667,0.021066667,0.020966667,0.054766667,0.008966667,0.151466667,0.169166667,0.125266667,0.222733333,0.243933333,0.199133333,0.0517,0.0712,0.058,0.1198,0.1504,0.1163,0.0676,0.1505,0.0427
25.67,0.039933333,0.069033333,0.019633333,0.031433333,0.047133333,0.020733333,0.020866667,0.054966667,0.010266667,0.1569,0.1729,0.1285,0.223033333,0.244333333,0.199933333,0.052033333,0.070533333,0.059133333,0.121133333,0.150733333,0.117133333,0.065533333,0.150833333,0.042733333
25.75,0.0388,0.0688,0.018,0.0332,0.0454,0.0198,0.022066667,0.055866667,0.009866667,0.1592,0.1764,0.1302,0.222133333,0.243733333,0.198633333,0.0532,0.0723,0.0588,0.122333333,0.152633333,0.119133333,0.065,0.1499,0.0412
25.84,0.038433333,0.063933333,0.016333333,0.034066667,0.045066667,0.019066667,0.021633333,0.058033333,0.011033333,0.1645,0.1809,0.1345,0.224066667,0.242666667,0.198566667,0.053233333,0.072333333,0.057933333,0.123633333,0.153333333,0.121233333,0.064366667,0.149666667,0.040366667
25.92,0.0388,0.0637,0.0174,0.031633333,0.045233333,0.018833333,0.0232,0.0577,0.0106,0.167233333,0.184333333,0.136533333,0.220733333,0.243033333,0.198033333,0.051366667,0.071666667,0.058266667,0.1249,0.1549,0.1223,0.0646,0.1477,0.0389
26,0.038166667,0.064566667,0.017166667,0.0337,0.0451,0.0209,0.024966667,0.058166667,0.010766667,0.169966667,0.186566667,0.137266667,0.219566667,0.240466667,0.196366667,0.052666667,0.070766667,0.054166667,0.1262,0.1577,0.124,0.064633333,0.148933333,0.040033333
26.09,0.0384,0.0652,0.0163,0.033533333,0.044333333,0.021333333,0.023633333,0.056833333,0.009433333,0.1727,0.1901,0.1392,0.220233333,0.240433333,0.196333333,0.052866667,0.071166667,0.054066667,0.127033333,0.158833333,0.124633333,0.064466667,0.149966667,0.041366667
26.17,0.042966667,0.064266667,0.019166667,0.035466667,0.043766667,0.021366667,0.025466667,0.058566667,0.011066667,0.176966667,0.193166667,0.142866667,0.2201,0.241,0.1972,0.053366667,0.070166667,0.055066667,0.1274,0.1612,0.1277,0.0636,0.1504,0.0423
26.25,0.0415,0.0612,0.0187,0.034933333,0.042533333,0.018833333,0.0259,0.0591,0.0134,0.1804,0.1978,0.1474,0.219066667,0.241566667,0.197466667,0.0522,0.0709,0.0561,0.128533333,0.161833333,0.127333333,0.064566667,0.148566667,0.039466667
26.34,0.0428,0.0647,0.0203,0.0345,0.0456,0.0199,0.0271,0.0606,0.015,0.1854,0.2016,0.1516,0.2214,0.2409,0.1979,0.0524,0.0694,0.0547,0.129233333,0.163533333,0.128433333,0.063166667,0.148666667,0.039166667
26.42,0.043733333,0.065033333,0.018233333,0.034866667,0.045366667,0.019666667,0.029866667,0.061666667,0.015066667,0.1888,0.2056,0.1542,0.221,0.242,0.198,0.055033333,0.072033333,0.056833333,0.1301,0.165,0.1293,0.0646,0.148,0.0389
26.51,0.040266667,0.066766667,0.019066667,0.034133333,0.044133333,0.018033333,0.032066667,0.064366667,0.017666667,0.1907,0.2093,0.1587,0.221233333,0.243733333,0.198333333,0.056733333,0.072633333,0.056333333,0.131433333,0.165933333,0.130733333,0.064766667,0.146166667,0.037666667
26.59,0.040033333,0.067633333,0.017833333,0.0324,0.0427,0.0173,0.031633333,0.064033333,0.016533333,0.195,0.2131,0.1616,0.2232,0.2455,0.1991,0.055333333,0.073833333,0.053033333,0.1324,0.1682,0.1325,0.064033333,0.147533333,0.037433333
26.67,0.0423,0.0706,0.0205,0.032266667,0.042966667,0.020466667,0.0309,0.0631,0.0156,0.1982,0.2168,0.1656,0.223666667,0.245366667,0.199166667,0.057033333,0.075833333,0.054133333,0.136533333,0.170733333,0.135633333,0.063966667,0.147966667,0.038166667
26.76,0.041966667,0.070666667,0.020466667,0.0331,0.0445,0.0216,0.033,0.0644,0.0146,0.2008,0.22,0.1679,0.220966667,0.244666667,0.199366667,0.0568,0.0734,0.0525,0.139566667,0.174766667,0.139166667,0.063066667,0.147266667,0.036966667
26.84,0.0389,0.0699,0.0207,0.034566667,0.042966667,0.021366667,0.029366667,0.059766667,0.015666667,0.204833333,0.224933333,0.171133333,0.2223,0.2452,0.1986,0.058533333,0.072333333,0.052733333,0.140566667,0.175466667,0.140166667,0.063233333,0.146433333,0.035833333
26.92,0.0408,0.0705,0.022,0.0343,0.0445,0.0226,0.032033333,0.062433333,0.016033333,0.209033333,0.226933333,0.172933333,0.222966667,0.246266667,0.200266667,0.0609,0.0755,0.0553,0.143366667,0.177266667,0.142766667,0.061366667,0.145866667,0.034766667
27.01,0.041066667,0.068566667,0.021166667,0.0352,0.0456,0.0237,0.0333,0.0664,0.0194,0.213166667,0.230666667,0.177366667,0.2214,0.2447,0.1987,0.060633333,0.076133333,0.055533333,0.142766667,0.179466667,0.143066667,0.060933333,0.143633333,0.034433333
27.09,0.043766667,0.069866667,0.020066667,0.0329,0.0442,0.02,0.0315,0.0665,0.0172,0.216966667,0.232766667,0.180066667,0.220233333,0.245533333,0.198433333,0.057633333,0.077833333,0.055333333,0.145433333,0.182433333,0.146133333,0.0627,0.1441,0.0357
27.17,0.0438,0.0711,0.0191,0.032066667,0.045366667,0.020766667,0.033333333,0.068333333,0.017333333,0.219833333,0.235333333,0.181233333,0.221433333,0.245533333,0.197833333,0.058933333,0.079033333,0.054533333,0.147933333,0.184933333,0.148733333,0.063966667,0.145266667,0.038366667
27.26,0.042466667,0.071966667,0.019366667,0.033333333,0.044733333,0.022233333,0.0327,0.0686,0.0181,0.221966667,0.238066667,0.184366667,0.2223,0.2455,0.1976,0.058466667,0.078466667,0.053966667,0.149366667,0.186666667,0.150366667,0.063733333,0.146333333,0.039633333
27.34,0.0448,0.0735,0.0209,0.0327,0.0438,0.0227,0.033466667,0.071766667,0.020866667,0.224466667,0.241066667,0.185666667,0.2211,0.2447,0.1971,0.058633333,0.077933333,0.055333333,0.1506,0.1876,0.1498,0.064466667,0.146166667,0.040766667
27.42,0.046566667,0.072866667,0.023266667,0.032633333,0.045033333,0.022433333,0.0363,0.0742,0.0242,0.226766667,0.244266667,0.190066667,0.2214,0.242,0.1959,0.059,0.0772,0.0528,0.152866667,0.189866667,0.153066667,0.065466667,0.148066667,0.042166667
27.51,0.047833333,0.076233333,0.026133333,0.033233333,0.045733333,0.022833333,0.039666667,0.075466667,0.025366667,0.230433333,0.248933333,0.194233333,0.220666667,0.242766667,0.196966667,0.0598,0.077,0.0535,0.1545,0.1905,0.1548,0.062866667,0.147766667,0.041366667
27.59,0.0498,0.0767,0.029,0.032866667,0.044466667,0.022366667,0.036933333,0.074533333,0.023433333,0.234066667,0.251566667,0.196066667,0.220533333,0.244533333,0.197333333,0.060266667,0.077966667,0.053466667,0.1561,0.1936,0.158,0.063366667,0.149066667,0.041566667
27.67,0.048366667,0.076466667,0.028166667,0.032733333,0.045433333,0.020433333,0.0384,0.0754,0.0233,0.236166667,0.252766667,0.196666667,0.2214,0.2446,0.1966,0.060533333,0.078833333,0.052933333,0.158133333,0.195833333,0.158033333,0.064266667,0.149566667,0.039466667
27.76,0.049466667,0.076666667,0.028466667,0.032766667,0.044266667,0.021966667,0.038733333,0.075533333,0.022833333,0.2391,0.2567,0.2002,0.223066667,0.245566667,0.196966667,0.059866667,0.078966667,0.054966667,0.159033333,0.199433333,0.161333333,0.0643,0.1495,0.0389
27.84,0.048266667,0.076166667,0.027666667,0.034033333,0.044833333,0.020233333,0.040366667,0.076366667,0.025866667,0.241433333,0.260733333,0.204033333,0.221766667,0.245666667,0.196366667,0.059266667,0.077866667,0.054866667,0.1605,0.1994,0.1629,0.063866667,0.148966667,0.037866667
27.92,0.048333333,0.077333333,0.029133333,0.034466667,0.045866667,0.019666667,0.041466667,0.075666667,0.025966667,0.243533333,0.264033333,0.206833333,0.221533333,0.246033333,0.196533333,0.059666667,0.081066667,0.056166667,0.162066667,0.201466667,0.164466667,0.062866667,0.148566667,0.038966667
28.01,0.047866667,0.078066667,0.028566667,0.035466667,0.047466667,0.018966667,0.044266667,0.077266667,0.025466667,0.245266667,0.264166667,0.206466667,0.223133333,0.245433333,0.197333333,0.058966667,0.080266667,0.054666667,0.1651,0.2038,0.1671,0.0643,0.1489,0.0384
28.09,0.049266667,0.075766667,0.026566667,0.0343,0.0477,0.0194,0.046633333,0.077733333,0.027233333,0.2483,0.2668,0.2096,0.222433333,0.244533333,0.196933333,0.059633333,0.080733333,0.054233333,0.167433333,0.207333333,0.170333333,0.064666667,0.148366667,0.038566667
28.17,0.047866667,0.075266667,0.026066667,0.034033333,0.048033333,0.019233333,0.049266667,0.078266667,0.026866667,0.250733333,0.270333333,0.213333333,0.223366667,0.245866667,0.197866667,0.0609,0.0816,0.0551,0.171266667,0.208166667,0.172866667,0.0662,0.1491,0.0384
28.26,0.050166667,0.075066667,0.025466667,0.033333333,0.045433333,0.019733333,0.0507,0.0795,0.0259,0.252366667,0.271266667,0.215066667,0.222266667,0.245866667,0.198266667,0.061733333,0.082933333,0.057133333,0.1711,0.2087,0.1723,0.0638,0.1466,0.0372
28.34,0.050633333,0.077033333,0.026933333,0.0321,0.0471,0.0184,0.051233333,0.081633333,0.027333333,0.254333333,0.274133333,0.216033333,0.222833333,0.244733333,0.198633333,0.061,0.0848,0.0583,0.170433333,0.211133333,0.172433333,0.0602,0.1451,0.0368
28.42,0.053166667,0.078666667,0.028266667,0.033033333,0.047133333,0.016933333,0.050566667,0.083366667,0.028166667,0.255466667,0.274766667,0.217166667,0.222033333,0.246033333,0.199133333,0.060166667,0.084066667,0.057166667,0.173133333,0.213333333,0.172733333,0.062133333,0.144633333,0.036633333
28.51,0.054533333,0.078933333,0.025933333,0.032533333,0.046333333,0.018433333,0.052933333,0.083133333,0.029033333,0.257733333,0.276933333,0.219733333,0.221666667,0.244666667,0.197666667,0.062733333,0.084033333,0.055133333,0.177733333,0.217433333,0.176233333,0.0608,0.1444,0.035
28.59,0.052533333,0.078033333,0.024833333,0.0324,0.046,0.0178,0.052466667,0.084766667,0.029666667,0.2585,0.2779,0.2203,0.2183,0.2443,0.1969,0.063766667,0.084366667,0.053866667,0.179466667,0.218866667,0.177266667,0.061333333,0.144233333,0.034733333
28.67,0.0476,0.0763,0.0234,0.030066667,0.043766667,0.015166667,0.055233333,0.087033333,0.032833333,0.259566667,0.280466667,0.222166667,0.221733333,0.246833333,0.198933333,0.064466667,0.081966667,0.056466667,0.182233333,0.221333333,0.179333333,0.061733333,0.144933333,0.036433333
28.76,0.048366667,0.077366667,0.025066667,0.030633333,0.043133333,0.014133333,0.0558,0.0877,0.031,0.261466667,0.281566667,0.224966667,0.220766667,0.246766667,0.197666667,0.0632,0.0827,0.0566,0.183966667,0.223166667,0.179466667,0.062366667,0.144266667,0.035666667
28.84,0.048666667,0.079466667,0.026766667,0.029166667,0.042766667,0.015966667,0.0566,0.0914,0.0335,0.263566667,0.283166667,0.225766667,0.2206,0.2455,0.1965,0.063566667,0.083266667,0.058466667,0.1847,0.2269,0.1823,0.0614,0.1461,0.0366
28.92,0.050033333,0.080233333,0.027233333,0.030533333,0.044233333,0.017733333,0.058133333,0.091333333,0.034533333,0.2637,0.2836,0.2258,0.219133333,0.243433333,0.194633333,0.0632,0.0834,0.0561,0.186033333,0.229033333,0.184033333,0.0623,0.1458,0.0371
29.01,0.050066667,0.079766667,0.027166667,0.0294,0.0453,0.0173,0.0627,0.0918,0.0338,0.2635,0.2839,0.2257,0.217633333,0.243033333,0.195133333,0.064433333,0.085433333,0.056533333,0.1905,0.2334,0.1876,0.062,0.146,0.037
29.09,0.049066667,0.078166667,0.027066667,0.030033333,0.046833333,0.020333333,0.066033333,0.094533333,0.036333333,0.2636,0.2849,0.2278,0.2181,0.2421,0.194,0.062633333,0.083133333,0.053733333,0.1934,0.2368,0.19,0.0642,0.1472,0.0383
29.17,0.049933333,0.078733333,0.027233333,0.028866667,0.046066667,0.019466667,0.067533333,0.095133333,0.038333333,0.262433333,0.284833333,0.229533333,0.2189,0.2443,0.1976,0.0628,0.0808,0.0539,0.195266667,0.239466667,0.191266667,0.065233333,0.147233333,0.038533333
29.26,0.051066667,0.079266667,0.028166667,0.0274,0.0447,0.0192,0.070366667,0.096766667,0.039266667,0.263866667,0.285966667,0.231866667,0.219666667,0.245266667,0.197366667,0.0623,0.083,0.0543,0.197,0.2414,0.1937,0.063666667,0.146266667,0.038166667
29.34,0.049766667,0.077766667,0.027366667,0.030766667,0.045166667,0.020466667,0.070533333,0.098033333,0.043033333,0.265133333,0.286633333,0.232133333,0.218333333,0.242833333,0.194833333,0.062633333,0.086233333,0.056433333,0.198433333,0.243633333,0.194233333,0.0633,0.1449,0.0374
29.42,0.0537,0.0795,0.0303,0.031933333,0.046533333,0.021533333,0.075133333,0.100133333,0.046133333,0.2656,0.2878,0.2333,0.217033333,0.242333333,0.194633333,0.066366667,0.086266667,0.056966667,0.199166667,0.245766667,0.195866667,0.060666667,0.145466667,0.035166667
29.51,0.0545,0.0809,0.0306,0.0322,0.0473,0.0224,0.075866667,0.102466667,0.047866667,0.2672,0.2902,0.2358,0.219166667,0.242466667,0.194766667,0.066166667,0.085466667,0.057766667,0.201066667,0.247766667,0.197166667,0.059,0.144,0.0356
29.59,0.056666667,0.081466667,0.030366667,0.0333,0.047,0.0237,0.079533333,0.104633333,0.049433333,0.2647,0.2887,0.2337,0.217333333,0.242733333,0.193133333,0.0683,0.0858,0.0581,0.2018,0.2498,0.1977,0.058833333,0.144133333,0.034233333
29.67,0.054666667,0.080566667,0.028666667,0.0331,0.0464,0.0244,0.082233333,0.107233333,0.052233333,0.2642,0.2887,0.2349,0.219,0.2426,0.1937,0.066733333,0.087833333,0.057233333,0.2047,0.252,0.2017,0.061766667,0.143166667,0.033566667
29.76,0.0579,0.081,0.031,0.033466667,0.044966667,0.024066667,0.085633333,0.108533333,0.053333333,0.2662,0.2905,0.2361,0.218433333,0.242933333,0.193833333,0.066033333,0.086633333,0.057233333,0.2053,0.253,0.2039,0.063133333,0.143133333,0.033733333
29.84,0.052433333,0.081733333,0.028933333,0.033866667,0.044866667,0.020566667,0.0894,0.1116,0.0575,0.266,0.2895,0.2344,0.218433333,0.244033333,0.193633333,0.064566667,0.085066667,0.056566667,0.2079,0.2556,0.2048,0.063066667,0.142966667,0.034566667
29.92,0.054666667,0.081866667,0.029566667,0.032533333,0.045833333,0.018933333,0.0905,0.1118,0.0561,0.265633333,0.288033333,0.233233333,0.218933333,0.243033333,0.191933333,0.065733333,0.086233333,0.058133333,0.212733333,0.260233333,0.210233333,0.0616,0.1435,0.0336
30.01,0.0535,0.0812,0.0278,0.0329,0.0449,0.017,0.0934,0.115,0.0589,0.2664,0.2893,0.2347,0.219933333,0.242533333,0.192033333,0.0659,0.0841,0.0566,0.2153,0.2645,0.2143,0.0608,0.1437,0.0338
30.09,0.056433333,0.080133333,0.026833333,0.032533333,0.043033333,0.016433333,0.094766667,0.116966667,0.059566667,0.266566667,0.289766667,0.235066667,0.221266667,0.244366667,0.193466667,0.0665,0.0831,0.0564,0.218633333,0.268533333,0.217433333,0.063233333,0.144733333,0.034733333
30.17,0.056966667,0.079566667,0.028066667,0.0327,0.0444,0.0186,0.098566667,0.119466667,0.062866667,0.265733333,0.289133333,0.235933333,0.222,0.2453,0.1934,0.064733333,0.081733333,0.055733333,0.222633333,0.273033333,0.221633333,0.064266667,0.145766667,0.036766667
30.26,0.057966667,0.080166667,0.030366667,0.0337,0.0449,0.0195,0.102533333,0.123633333,0.067033333,0.265933333,0.289233333,0.236133333,0.2237,0.2456,0.195,0.0646,0.0816,0.0569,0.225,0.2755,0.2235,0.064266667,0.144966667,0.035966667
30.34,0.0591,0.0793,0.0288,0.031566667,0.046066667,0.019866667,0.105433333,0.126333333,0.068833333,0.2667,0.2894,0.2341,0.225533333,0.246533333,0.196733333,0.065666667,0.082066667,0.057166667,0.226833333,0.277133333,0.225533333,0.065333333,0.145133333,0.034433333
30.42,0.0584,0.0807,0.0276,0.0309,0.0476,0.0171,0.107366667,0.127166667,0.070466667,0.2663,0.2902,0.2331,0.2239,0.248,0.1965,0.0669,0.0828,0.0574,0.2286,0.2783,0.2265,0.066933333,0.145733333,0.035533333
30.51,0.0576,0.0825,0.0283,0.031533333,0.048033333,0.017833333,0.1113,0.1279,0.074,0.266733333,0.291033333,0.233833333,0.224933333,0.248333333,0.196533333,0.0661,0.0815,0.0575,0.232466667,0.281566667,0.229166667,0.066833333,0.145533333,0.036533333
30.59,0.059533333,0.082333333,0.028433333,0.0329,0.0475,0.0204,0.115133333,0.131333333,0.076933333,0.267466667,0.291066667,0.234766667,0.223866667,0.249066667,0.196966667,0.0648,0.0809,0.0568,0.2338,0.2822,0.2277,0.066966667,0.145866667,0.036866667
30.67,0.0595,0.0829,0.0297,0.0297,0.0466,0.021,0.118866667,0.132066667,0.077166667,0.269066667,0.293266667,0.237066667,0.225633333,0.249633333,0.198933333,0.0653,0.0817,0.0573,0.235466667,0.285066667,0.230266667,0.068366667,0.147166667,0.037366667
30.76,0.0593,0.0821,0.0283,0.028866667,0.045366667,0.019866667,0.123166667,0.136466667,0.079266667,0.266366667,0.291066667,0.235166667,0.2233,0.2491,0.1971,0.064333333,0.080533333,0.055133333,0.238633333,0.285733333,0.233033333,0.067866667,0.147666667,0.037866667
30.84,0.061266667,0.082266667,0.028666667,0.031066667,0.046066667,0.021166667,0.1287,0.1413,0.0832,0.2663,0.2923,0.2368,0.2242,0.2506,0.198,0.065633333,0.081533333,0.054733333,0.241666667,0.287866667,0.235066667,0.068466667,0.147766667,0.035966667
30.92,0.0633,0.0837,0.0324,0.0326,0.047,0.0244,0.131366667,0.143566667,0.085866667,0.266633333,0.291133333,0.234533333,0.2234,0.2482,0.1974,0.065833333,0.081133333,0.055733333,0.245466667,0.292266667,0.239266667,0.069966667,0.147466667,0.036366667
31.01,0.062433333,0.083833333,0.030633333,0.033666667,0.044966667,0.021966667,0.133266667,0.147566667,0.090166667,0.2679,0.2931,0.2363,0.2239,0.2473,0.1975,0.065433333,0.083133333,0.056133333,0.2483,0.2938,0.2412,0.070866667,0.147266667,0.036766667
31.09,0.063,0.0839,0.0307,0.032,0.0446,0.0193,0.136766667,0.152966667,0.095066667,0.268733333,0.293833333,0.237433333,0.224233333,0.248233333,0.197533333,0.0661,0.0838,0.056,0.2507,0.296,0.245,0.0692,0.1489,0.0388
31.17,0.0625,0.0828,0.031,0.0329,0.0435,0.0189,0.1406,0.1564,0.099,0.268333333,0.292933333,0.238033333,0.224433333,0.248033333,0.196533333,0.066766667,0.082866667,0.053666667,0.2532,0.2987,0.248,0.0694,0.1494,0.0388
31.26,0.061933333,0.083133333,0.031933333,0.033733333,0.044133333,0.019033333,0.1427,0.1588,0.1008,0.268133333,0.292633333,0.235833333,0.224366667,0.249066667,0.196266667,0.065866667,0.082966667,0.054266667,0.2563,0.2998,0.2506,0.0716,0.1509,0.0401
31.34,0.0628,0.0836,0.0345,0.033366667,0.044966667,0.020366667,0.1426,0.1622,0.1034,0.268066667,0.292266667,0.237566667,0.224333333,0.248933333,0.196333333,0.065066667,0.081966667,0.054166667,0.259,0.3018,0.2536,0.073533333,0.152633333,0.042633333
31.42,0.0627,0.0841,0.0331,0.0327,0.0437,0.0213,0.148266667,0.165566667,0.106266667,0.268633333,0.291433333,0.237033333,0.224266667,0.248066667,0.196766667,0.065,0.081,0.0543,0.260833333,0.303133333,0.254933333,0.0749,0.1542,0.0433
31.51,0.058166667,0.082666667,0.031766667,0.0317,0.0421,0.0194,0.148766667,0.168466667,0.108366667,0.269533333,0.292733333,0.237233333,0.224033333,0.247233333,0.195533333,0.064633333,0.081033333,0.054833333,0.263533333,0.305433333,0.257533333,0.076233333,0.153933333,0.043533333
31.59,0.060933333,0.084933333,0.034933333,0.030733333,0.042833333,0.018933333,0.150666667,0.172266667,0.110066667,0.269333333,0.292733333,0.236433333,0.224966667,0.249966667,0.197666667,0.066166667,0.083666667,0.056466667,0.266533333,0.306833333,0.258433333,0.0758,0.1546,0.0448
31.67,0.062566667,0.085366667,0.036166667,0.0307,0.043,0.0167,0.152966667,0.173966667,0.113066667,0.2679,0.2927,0.236,0.2245,0.2487,0.1965,0.066,0.0842,0.0557,0.268333333,0.308533333,0.260033333,0.077333333,0.155233333,0.046233333
31.76,0.0657,0.0876,0.0395,0.031766667,0.043166667,0.017366667,0.157866667,0.178266667,0.118566667,0.267833333,0.292433333,0.236433333,0.225566667,0.249066667,0.196866667,0.066533333,0.085433333,0.057833333,0.2684,0.308,0.2603,0.076166667,0.155266667,0.045066667
31.84,0.064433333,0.087333333,0.039433333,0.032633333,0.042333333,0.018933333,0.158566667,0.180166667,0.121266667,0.267766667,0.291566667,0.235466667,0.224133333,0.248833333,0.195333333,0.0672,0.0864,0.0552,0.271266667,0.309266667,0.262566667,0.0765,0.1547,0.0448
31.92,0.066033333,0.082433333,0.035233333,0.033933333,0.040233333,0.018133333,0.1586,0.1831,0.1237,0.269,0.2917,0.2359,0.223,0.2477,0.1938,0.066366667,0.086066667,0.053066667,0.271666667,0.308466667,0.262066667,0.0757,0.1553,0.0448
32.01,0.066966667,0.082766667,0.037366667,0.034533333,0.040333333,0.018133333,0.158666667,0.185666667,0.126966667,0.268933333,0.291533333,0.235233333,0.223666667,0.247566667,0.194166667,0.0662,0.084,0.0522,0.274,0.3086,0.2639,0.077866667,0.157466667,0.047466667
32.09,0.064266667,0.083466667,0.036466667,0.034533333,0.041333333,0.015833333,0.1623,0.188,0.1291,0.270033333,0.292733333,0.236533333,0.225233333,0.248633333,0.196133333,0.066833333,0.084333333,0.052733333,0.2748,0.309,0.2639,0.0783,0.1574,0.0469
32.17,0.0634,0.0857,0.0377,0.035,0.0434,0.0177,0.166066667,0.189366667,0.130966667,0.269266667,0.292366667,0.235066667,0.226466667,0.250766667,0.196866667,0.0676,0.0835,0.0531,0.275933333,0.310033333,0.264933333,0.078533333,0.157933333,0.047033333
32.26,0.0634,0.085,0.0372,0.0353,0.0437,0.0187,0.171833333,0.192833333,0.135433333,0.2702,0.2933,0.2352,0.226033333,0.251933333,0.197933333,0.067166667,0.083166667,0.054066667,0.276733333,0.309133333,0.265133333,0.079,0.1585,0.048
32.34,0.060866667,0.085166667,0.038066667,0.0348,0.0448,0.0194,0.175966667,0.198066667,0.141166667,0.273066667,0.295866667,0.236666667,0.227766667,0.253666667,0.198966667,0.066466667,0.082466667,0.053566667,0.278433333,0.308333333,0.264233333,0.081833333,0.159233333,0.048433333
32.42,0.059,0.0865,0.0379,0.033433333,0.045433333,0.020833333,0.177866667,0.199566667,0.141466667,0.272833333,0.296533333,0.236033333,0.2275,0.2539,0.1993,0.066566667,0.082366667,0.054366667,0.2781,0.3072,0.2632,0.0827,0.1591,0.0461
32.51,0.060433333,0.087433333,0.037233333,0.033566667,0.044166667,0.019466667,0.1814,0.2032,0.1464,0.275433333,0.298133333,0.239033333,0.228666667,0.253166667,0.197566667,0.065166667,0.083166667,0.055466667,0.2773,0.3073,0.2625,0.0846,0.1596,0.0477
32.59,0.061533333,0.087733333,0.036833333,0.033333333,0.044233333,0.016933333,0.183333333,0.203633333,0.145133333,0.274433333,0.297233333,0.237033333,0.2289,0.2528,0.1993,0.064133333,0.083533333,0.056533333,0.276933333,0.306133333,0.262733333,0.086733333,0.161033333,0.049533333
32.67,0.0637,0.0889,0.0397,0.031733333,0.042533333,0.016233333,0.1872,0.2083,0.149,0.276733333,0.298533333,0.239833333,0.230866667,0.253366667,0.200266667,0.065366667,0.083666667,0.056966667,0.2768,0.3058,0.2628,0.085433333,0.161533333,0.050033333
32.76,0.061933333,0.090633333,0.038433333,0.0312,0.043,0.0176,0.1897,0.2107,0.1518,0.2777,0.2989,0.2401,0.226,0.251,0.1988,0.067533333,0.081233333,0.054033333,0.277033333,0.305333333,0.262933333,0.085666667,0.161366667,0.050166667
32.84,0.060633333,0.090533333,0.041933333,0.028733333,0.044633333,0.020033333,0.192866667,0.214266667,0.156766667,0.279933333,0.301333333,0.241533333,0.226033333,0.250533333,0.198933333,0.067366667,0.082466667,0.051666667,0.277766667,0.304566667,0.262866667,0.086966667,0.161566667,0.051466667
32.92,0.064733333,0.093233333,0.043533333,0.030333333,0.044533333,0.021033333,0.195166667,0.214966667,0.157066667,0.279233333,0.301533333,0.240633333,0.2262,0.25,0.1971,0.066933333,0.082933333,0.049733333,0.276033333,0.305133333,0.261033333,0.087866667,0.161766667,0.051966667
33.01,0.062566667,0.092766667,0.043666667,0.0311,0.0436,0.0213,0.195133333,0.215133333,0.158233333,0.280066667,0.303566667,0.242466667,0.226533333,0.250333333,0.197733333,0.064566667,0.080166667,0.050166667,0.276933333,0.307433333,0.264633333,0.089466667,0.161766667,0.051566667
33.09,0.0624,0.092,0.0427,0.031433333,0.044533333,0.021833333,0.1979,0.2188,0.1611,0.280133333,0.303933333,0.242433333,0.227633333,0.251133333,0.198233333,0.0637,0.0813,0.0513,0.2784,0.3098,0.2664,0.091066667,0.163866667,0.053966667
33.17,0.064133333,0.092633333,0.041633333,0.031466667,0.044566667,0.021566667,0.200166667,0.220666667,0.162166667,0.281333333,0.304633333,0.243033333,0.227833333,0.250833333,0.196633333,0.063366667,0.080666667,0.051566667,0.280433333,0.312333333,0.267833333,0.0908,0.1661,0.0551
33.26,0.064266667,0.091866667,0.041266667,0.0315,0.0445,0.0195,0.204,0.2242,0.1656,0.2813,0.3055,0.2441,0.225833333,0.251233333,0.196133333,0.065566667,0.082766667,0.052266667,0.280333333,0.312233333,0.267433333,0.091633333,0.167433333,0.057333333
33.34,0.0658,0.0937,0.0445,0.032266667,0.045866667,0.021266667,0.207,0.227,0.1701,0.282866667,0.307166667,0.246566667,0.2286,0.2521,0.1964,0.0649,0.0816,0.0527,0.280566667,0.310666667,0.267166667,0.093266667,0.167966667,0.057266667
33.42,0.0668,0.0947,0.0432,0.031866667,0.045166667,0.019266667,0.206866667,0.228066667,0.170766667,0.2828,0.3069,0.2445,0.229133333,0.254133333,0.199133333,0.064933333,0.082633333,0.054633333,0.2792,0.31,0.2647,0.0953,0.1686,0.0574
33.51,0.066933333,0.094333333,0.044533333,0.031933333,0.045533333,0.021033333,0.207866667,0.230666667,0.173266667,0.283966667,0.307566667,0.245066667,0.227866667,0.254466667,0.199966667,0.063733333,0.081733333,0.055233333,0.277466667,0.308866667,0.264366667,0.096433333,0.168833333,0.057033333
33.59,0.068966667,0.096466667,0.046266667,0.033,0.0466,0.0224,0.209533333,0.231333333,0.174233333,0.285133333,0.308233333,0.246533333,0.227633333,0.254233333,0.199533333,0.062466667,0.080866667,0.054266667,0.2769,0.3099,0.2656,0.097633333,0.168733333,0.058533333
33.67,0.0677,0.0952,0.0445,0.0318,0.0462,0.0209,0.210733333,0.233833333,0.177733333,0.285566667,0.310566667,0.249866667,0.227233333,0.252333333,0.199133333,0.062733333,0.082333333,0.055733333,0.277766667,0.311266667,0.262966667,0.1007,0.1712,0.0619
33.76,0.064233333,0.091933333,0.042533333,0.031166667,0.044166667,0.020666667,0.213666667,0.236266667,0.179366667,0.2853,0.309,0.2484,0.224666667,0.252066667,0.198766667,0.0648,0.0844,0.0551,0.276133333,0.311033333,0.262733333,0.101733333,0.171533333,0.061233333
33.84,0.063,0.0898,0.0432,0.029166667,0.045766667,0.016466667,0.214066667,0.237666667,0.181366667,0.2863,0.3105,0.2484,0.226733333,0.255033333,0.201533333,0.0663,0.0847,0.056,0.2764,0.3119,0.264,0.1069,0.1753,0.0653
33.92,0.063433333,0.088333333,0.043933333,0.029466667,0.044766667,0.017366667,0.2141,0.241,0.1827,0.286633333,0.309033333,0.246733333,0.225966667,0.252666667,0.198766667,0.066333333,0.085533333,0.055333333,0.277433333,0.311933333,0.265033333,0.1079,0.1759,0.0659
34.01,0.061266667,0.086566667,0.042966667,0.029966667,0.046566667,0.016766667,0.2181,0.2463,0.1861,0.286766667,0.310966667,0.249866667,0.226733333,0.251733333,0.198833333,0.0692,0.0844,0.0581,0.2801,0.3136,0.2667,0.110166667,0.177366667,0.067266667
34.09,0.059,0.0859,0.0418,0.031866667,0.046266667,0.018266667,0.218466667,0.248166667,0.187566667,0.2856,0.3106,0.2497,0.225433333,0.250933333,0.197933333,0.066266667,0.083066667,0.058066667,0.280633333,0.314833333,0.268033333,0.110966667,0.178966667,0.068666667
34.17,0.0621,0.0866,0.041,0.0316,0.0445,0.019,0.2176,0.2499,0.19,0.287933333,0.311433333,0.250733333,0.2237,0.2511,0.1982,0.065133333,0.082133333,0.056533333,0.281766667,0.315766667,0.270766667,0.114166667,0.180166667,0.071166667
34.26,0.0602,0.0866,0.0412,0.031966667,0.045066667,0.020166667,0.216033333,0.250733333,0.188733333,0.288433333,0.311233333,0.248833333,0.224233333,0.250333333,0.197633333,0.0669,0.0831,0.0577,0.280433333,0.316233333,0.268733333,0.115233333,0.181133333,0.072133333
34.34,0.0617,0.0862,0.0413,0.031333333,0.044433333,0.019033333,0.216566667,0.252066667,0.192466667,0.2892,0.3119,0.2505,0.225466667,0.250866667,0.198366667,0.067233333,0.082033333,0.057233333,0.2811,0.3165,0.2667,0.117066667,0.181566667,0.074966667
34.42,0.061066667,0.088866667,0.043066667,0.0325,0.0455,0.0208,0.216766667,0.251766667,0.192866667,0.288233333,0.310133333,0.248833333,0.222433333,0.249533333,0.197833333,0.067333333,0.083533333,0.058633333,0.2813,0.3167,0.2665,0.117366667,0.182566667,0.077066667
34.51,0.060633333,0.087033333,0.042733333,0.029533333,0.043833333,0.021733333,0.2172,0.254,0.1964,0.289366667,0.310966667,0.250966667,0.2241,0.2514,0.2013,0.067466667,0.084766667,0.059766667,0.280466667,0.316766667,0.267966667,0.119133333,0.184033333,0.078133333
34.59,0.063133333,0.086933333,0.041633333,0.031633333,0.043233333,0.021733333,0.217066667,0.254366667,0.196366667,0.2894,0.3111,0.2522,0.224266667,0.251466667,0.202266667,0.066433333,0.085533333,0.059033333,0.281566667,0.317766667,0.269566667,0.120933333,0.186233333,0.081333333
34.67,0.0608,0.0878,0.0409,0.032566667,0.043866667,0.020366667,0.2166,0.2543,0.1976,0.289666667,0.312566667,0.254266667,0.224833333,0.252433333,0.202033333,0.0658,0.0854,0.059,0.282833333,0.318833333,0.269633333,0.120866667,0.185866667,0.081666667
34.76,0.0612,0.0872,0.0404,0.032466667,0.042066667,0.017866667,0.216866667,0.253466667,0.197666667,0.288766667,0.310566667,0.252566667,0.223933333,0.251633333,0.202933333,0.064466667,0.085766667,0.060566667,0.282,0.318,0.2694,0.124,0.1877,0.0829
34.84,0.0611,0.0876,0.041,0.032066667,0.042966667,0.015566667,0.218466667,0.257466667,0.202166667,0.288833333,0.311233333,0.254133333,0.224266667,0.251266667,0.203666667,0.0671,0.0877,0.0621,0.281933333,0.317933333,0.268233333,0.124933333,0.187933333,0.086033333
34.92,0.059866667,0.086566667,0.037266667,0.032766667,0.042866667,0.015066667,0.219833333,0.257833333,0.202633333,0.2873,0.3097,0.253,0.221666667,0.249466667,0.201166667,0.064366667,0.087266667,0.059966667,0.281966667,0.317166667,0.267966667,0.124233333,0.189133333,0.087633333
35.01,0.062,0.0866,0.0385,0.0324,0.0438,0.0161,0.219866667,0.256866667,0.202066667,0.285866667,0.310766667,0.254366667,0.2199,0.2478,0.1986,0.062333333,0.086233333,0.059833333,0.284666667,0.319566667,0.268566667,0.1275,0.1908,0.0905
35.09,0.064533333,0.088233333,0.041333333,0.033266667,0.045466667,0.018166667,0.2189,0.2559,0.2016,0.285366667,0.309566667,0.251666667,0.2216,0.2488,0.1987,0.063533333,0.087333333,0.060333333,0.2849,0.3197,0.2698,0.129333333,0.192333333,0.092433333
35.17,0.069166667,0.087866667,0.042166667,0.0331,0.0458,0.0178,0.218133333,0.255633333,0.199733333,0.284466667,0.310266667,0.250066667,0.2227,0.249,0.198,0.064566667,0.086866667,0.058666667,0.2879,0.3229,0.2731,0.1306,0.194,0.0936
35.26,0.070833333,0.090033333,0.044533333,0.032533333,0.046633333,0.017933333,0.2165,0.255,0.2005,0.286233333,0.312333333,0.252833333,0.222766667,0.249766667,0.197166667,0.064466667,0.087066667,0.055566667,0.2871,0.3214,0.2719,0.132466667,0.194966667,0.092566667
35.34,0.067833333,0.089433333,0.043233333,0.0299,0.0466,0.0201,0.216866667,0.256466667,0.200166667,0.2853,0.3122,0.2542,0.223033333,0.250533333,0.198433333,0.063766667,0.086566667,0.055466667,0.286866667,0.320666667,0.271266667,0.134266667,0.194866667,0.093566667
35.42,0.067766667,0.088066667,0.042666667,0.0316,0.0462,0.019,0.216533333,0.255033333,0.199633333,0.285066667,0.309666667,0.251466667,0.222866667,0.250666667,0.196766667,0.062,0.0856,0.0567,0.286166667,0.319266667,0.269966667,0.136133333,0.195433333,0.094233333
35.51,0.0669,0.0874,0.0442,0.031,0.0468,0.0199,0.2167,0.2571,0.2018,0.286166667,0.310866667,0.251266667,0.221833333,0.250733333,0.198533333,0.0632,0.0868,0.0586,0.286866667,0.319166667,0.270166667,0.1377,0.1982,0.0959
35.59,0.064,0.087,0.0424,0.0298,0.045,0.0179,0.216333333,0.256233333,0.202033333,0.285966667,0.310366667,0.250166667,0.223866667,0.249266667,0.198066667,0.064533333,0.086033333,0.060833333,0.284466667,0.319066667,0.269466667,0.139066667,0.199066667,0.097866667
35.67,0.063733333,0.087533333,0.041933333,0.029233333,0.043633333,0.015633333,0.217266667,0.258966667,0.204566667,0.2879,0.3127,0.2533,0.224766667,0.250066667,0.199666667,0.0663,0.0874,0.0611,0.284,0.3182,0.2701,0.1407,0.2002,0.0989
35.76,0.0643,0.087,0.0409,0.030933333,0.043533333,0.015033333,0.215766667,0.257166667,0.204066667,0.287,0.3113,0.2523,0.224866667,0.248566667,0.198166667,0.064933333,0.085033333,0.059633333,0.283666667,0.317366667,0.270366667,0.143766667,0.201266667,0.097866667
35.84,0.063833333,0.089533333,0.040033333,0.031433333,0.043333333,0.016033333,0.216833333,0.258733333,0.205033333,0.289466667,0.312266667,0.254866667,0.224066667,0.248466667,0.197066667,0.0616,0.0836,0.058,0.284466667,0.319166667,0.271866667,0.1454,0.2035,0.1011
35.92,0.0632,0.0877,0.0363,0.031766667,0.043566667,0.015266667,0.2167,0.2588,0.2032,0.288866667,0.311466667,0.254066667,0.223166667,0.248566667,0.196966667,0.061866667,0.085166667,0.055866667,0.2866,0.3214,0.2728,0.147933333,0.204933333,0.104133333
36.01,0.063433333,0.088333333,0.037733333,0.031966667,0.040266667,0.015566667,0.215766667,0.256766667,0.200266667,0.287966667,0.309766667,0.252566667,0.2239,0.2477,0.1947,0.062166667,0.084766667,0.056966667,0.2867,0.3218,0.2747,0.1483,0.2062,0.1058
36.09,0.062066667,0.087666667,0.035366667,0.032766667,0.041166667,0.016366667,0.214,0.2561,0.1994,0.285666667,0.310666667,0.252666667,0.2251,0.248,0.1948,0.063333333,0.083533333,0.056733333,0.289966667,0.323766667,0.277266667,0.150633333,0.208733333,0.109033333
36.17,0.062366667,0.089966667,0.038266667,0.032933333,0.040433333,0.018233333,0.214,0.2565,0.2008,0.2866,0.3105,0.2533,0.225033333,0.247633333,0.194733333,0.064666667,0.084666667,0.055966667,0.291066667,0.325266667,0.277566667,0.152733333,0.210233333,0.112233333
36.26,0.058366667,0.089366667,0.036666667,0.0317,0.0436,0.0199,0.2129,0.2554,0.199,0.2859,0.3105,0.2527,0.2265,0.2474,0.194,0.064433333,0.081733333,0.056033333,0.290666667,0.323466667,0.275066667,0.154233333,0.210633333,0.113733333
36.34,0.059533333,0.088933333,0.036533333,0.034066667,0.042666667,0.018366667,0.213533333,0.256833333,0.201733333,0.2859,0.312,0.2535,0.2249,0.2481,0.1958,0.0627,0.083,0.0546,0.292166667,0.324066667,0.275966667,0.156866667,0.212566667,0.116566667
36.42,0.0579,0.0887,0.0348,0.0335,0.0437,0.0185,0.212633333,0.255433333,0.199033333,0.285233333,0.311933333,0.251033333,0.2236,0.2461,0.1943,0.0633,0.0828,0.0555,0.292433333,0.323833333,0.275533333,0.156266667,0.212766667,0.118166667
36.51,0.057166667,0.089466667,0.034766667,0.031433333,0.043933333,0.015433333,0.213166667,0.256166667,0.199466667,0.2841,0.3111,0.2499,0.2246,0.2473,0.1975,0.0619,0.0821,0.0555,0.293,0.3244,0.2768,0.155133333,0.212133333,0.117933333
36.59,0.057066667,0.088866667,0.032566667,0.0287,0.0439,0.013,0.2125,0.2553,0.1985,0.285933333,0.311433333,0.251033333,0.222566667,0.246966667,0.194766667,0.063,0.0836,0.0569,0.292533333,0.324133333,0.276333333,0.1558,0.2138,0.1179
36.67,0.0584,0.0886,0.0336,0.029433333,0.044633333,0.014833333,0.2137,0.2555,0.1981,0.2864,0.3126,0.2528,0.225166667,0.248966667,0.197966667,0.063733333,0.085333333,0.057933333,0.2929,0.3247,0.2771,0.1599,0.2168,0.1204
36.76,0.058133333,0.088033333,0.035433333,0.030866667,0.044366667,0.016866667,0.2142,0.256,0.1985,0.2862,0.3123,0.2529,0.225,0.2493,0.1977,0.064133333,0.081533333,0.055433333,0.293266667,0.325666667,0.277066667,0.163433333,0.218733333,0.123133333
36.84,0.0583,0.0851,0.0355,0.029866667,0.045466667,0.012966667,0.211633333,0.254433333,0.197533333,0.2874,0.3132,0.2534,0.223633333,0.248533333,0.197033333,0.065033333,0.083433333,0.056833333,0.2929,0.3253,0.2772,0.166566667,0.220766667,0.124166667
36.92,0.0605,0.0871,0.0359,0.030766667,0.043866667,0.015266667,0.211766667,0.254066667,0.197466667,0.2874,0.3137,0.2536,0.223466667,0.250266667,0.198766667,0.063933333,0.082133333,0.057033333,0.2935,0.3248,0.2758,0.1662,0.2212,0.1247
37.01,0.059433333,0.087233333,0.037733333,0.032433333,0.044533333,0.014933333,0.213633333,0.255533333,0.199733333,0.288766667,0.314466667,0.255466667,0.226,0.2527,0.2016,0.0636,0.0828,0.0577,0.2944,0.3256,0.2763,0.1666,0.2227,0.1259
37.09,0.060066667,0.086166667,0.034966667,0.032433333,0.044333333,0.013333333,0.214266667,0.255766667,0.197666667,0.286933333,0.313033333,0.252233333,0.224766667,0.252866667,0.200466667,0.063133333,0.084933333,0.056833333,0.2943,0.3257,0.2766,0.1687,0.2224,0.1276
37.17,0.058766667,0.085866667,0.032566667,0.0318,0.0432,0.0131,0.213366667,0.255266667,0.194966667,0.287566667,0.313466667,0.253066667,0.224933333,0.250333333,0.199433333,0.064633333,0.085833333,0.058133333,0.295566667,0.326366667,0.278166667,0.171133333,0.224633333,0.130233333
37.26,0.059,0.0842,0.0334,0.030433333,0.042833333,0.010133333,0.213133333,0.254733333,0.194133333,0.2857,0.3126,0.2527,0.225833333,0.249933333,0.199933333,0.063833333,0.084033333,0.057133333,0.2975,0.3288,0.2808,0.173233333,0.227733333,0.131333333
37.34,0.057833333,0.084933333,0.033733333,0.0321,0.0445,0.0141,0.214466667,0.255466667,0.194166667,0.285933333,0.313233333,0.253133333,0.225466667,0.249466667,0.200366667,0.064633333,0.081833333,0.057133333,0.296733333,0.327133333,0.279333333,0.172866667,0.228066667,0.130366667
37.42,0.060166667,0.086666667,0.036066667,0.0304,0.0416,0.0125,0.215,0.2572,0.1971,0.287533333,0.313433333,0.253933333,0.2209,0.2497,0.2,0.0669,0.0828,0.0572,0.298733333,0.328533333,0.281533333,0.1758,0.231,0.1326
37.51,0.0598,0.0873,0.0378,0.029366667,0.040166667,0.015266667,0.2139,0.2573,0.1978,0.2887,0.3149,0.2549,0.22,0.249,0.1993,0.065633333,0.083333333,0.057033333,0.298766667,0.327666667,0.280066667,0.179033333,0.231033333,0.134033333
37.59,0.059533333,0.086033333,0.038433333,0.031433333,0.042933333,0.016133333,0.215633333,0.258433333,0.200033333,0.2887,0.3143,0.2558,0.221933333,0.250333333,0.200333333,0.063633333,0.085033333,0.058833333,0.2971,0.3271,0.2797,0.1807,0.2325,0.1361
37.67,0.059,0.0851,0.0346,0.030533333,0.042233333,0.014833333,0.214333333,0.257433333,0.198033333,0.2867,0.3134,0.2531,0.223033333,0.251333333,0.201233333,0.063166667,0.085766667,0.059266667,0.2968,0.327,0.2803,0.182233333,0.234133333,0.137333333
37.76,0.057833333,0.086933333,0.035633333,0.0312,0.0438,0.0153,0.215366667,0.258066667,0.199266667,0.290133333,0.316433333,0.256033333,0.2242,0.2499,0.2004,0.064933333,0.086533333,0.060133333,0.2981,0.3282,0.2816,0.184766667,0.236466667,0.140566667
37.84,0.058466667,0.087766667,0.035466667,0.0313,0.0438,0.0155,0.2171,0.2596,0.2001,0.2893,0.3154,0.2558,0.225,0.2498,0.1989,0.066066667,0.085666667,0.059866667,0.2962,0.3275,0.2811,0.185966667,0.236666667,0.138866667
37.92,0.060133333,0.088133333,0.038133333,0.0298,0.0435,0.0172,0.216666667,0.259966667,0.199866667,0.290766667,0.316366667,0.256966667,0.223833333,0.249333333,0.197433333,0.0648,0.0865,0.0604,0.2956,0.3268,0.281,0.1866,0.2377,0.1377
38.01,0.0623,0.0882,0.0366,0.029666667,0.043166667,0.016366667,0.2159,0.2582,0.1989,0.288333333,0.313533333,0.253333333,0.223866667,0.248766667,0.195566667,0.064766667,0.083766667,0.057366667,0.294566667,0.327266667,0.280866667,0.190133333,0.239733333,0.141433333
38.09,0.061,0.0879,0.0369,0.0315,0.0446,0.0189,0.215233333,0.258133333,0.198233333,0.2894,0.3151,0.254,0.223166667,0.248766667,0.197066667,0.065033333,0.083133333,0.058033333,0.295933333,0.327633333,0.281233333,0.192866667,0.242566667,0.143866667
38.17,0.059633333,0.088333333,0.037333333,0.0308,0.0434,0.0198,0.214833333,0.258233333,0.197233333,0.288966667,0.314466667,0.253066667,0.2247,0.2496,0.1979,0.0648,0.0836,0.058,0.296866667,0.328266667,0.278666667,0.194866667,0.240966667,0.145666667
38.26,0.060233333,0.087433333,0.036133333,0.030466667,0.043166667,0.017166667,0.214533333,0.258533333,0.198133333,0.2896,0.3147,0.2532,0.2228,0.2492,0.1967,0.0656,0.0843,0.0574,0.2936,0.327,0.2777,0.1951,0.2402,0.1458
38.34,0.057466667,0.089366667,0.038166667,0.031066667,0.042466667,0.018166667,0.214933333,0.257433333,0.196333333,0.290766667,0.316466667,0.254266667,0.223233333,0.249433333,0.196633333,0.065266667,0.083666667,0.058166667,0.293433333,0.326933333,0.276633333,0.197,0.2412,0.1459
38.42,0.059366667,0.090666667,0.039466667,0.0314,0.043,0.0159,0.2153,0.2568,0.1951,0.289933333,0.314933333,0.252233333,0.2228,0.2495,0.1963,0.064933333,0.083433333,0.056433333,0.293766667,0.325566667,0.277066667,0.199333333,0.242633333,0.145833333
38.51,0.0584,0.0875,0.0363,0.0321,0.0429,0.0152,0.215633333,0.254933333,0.194133333,0.289666667,0.314566667,0.251766667,0.224166667,0.250966667,0.197566667,0.063333333,0.083633333,0.055733333,0.295733333,0.326633333,0.276433333,0.199766667,0.244066667,0.147166667
38.59,0.0592,0.0876,0.0361,0.0322,0.044,0.0149,0.2153,0.255,0.1955,0.2889,0.3142,0.2506,0.2233,0.2495,0.1958,0.0612,0.0828,0.0545,0.295766667,0.325766667,0.276566667,0.2006,0.2449,0.1477
38.67,0.0599,0.086,0.0336,0.032433333,0.044733333,0.016433333,0.2178,0.2571,0.1974,0.289066667,0.314666667,0.252166667,0.221633333,0.250433333,0.196433333,0.0616,0.0857,0.0572,0.295166667,0.326166667,0.277166667,0.201833333,0.247433333,0.148833333
38.76,0.0571,0.0836,0.0305,0.0316,0.0418,0.0146,0.2159,0.2556,0.1945,0.288133333,0.313333333,0.251133333,0.221,0.2497,0.1955,0.063533333,0.087633333,0.056733333,0.2943,0.3262,0.2786,0.201933333,0.248233333,0.149033333
38.84,0.058466667,0.085166667,0.030966667,0.028866667,0.043066667,0.015366667,0.215033333,0.255833333,0.192633333,0.2863,0.3133,0.2498,0.2176,0.2474,0.1928,0.063,0.0857,0.0556,0.295833333,0.327233333,0.279033333,0.2033,0.2495,0.1513
38.92,0.059666667,0.085966667,0.031766667,0.028733333,0.041733333,0.014433333,0.214533333,0.255633333,0.191433333,0.286333333,0.313833333,0.250033333,0.2148,0.2466,0.1921,0.062866667,0.083866667,0.055066667,0.296433333,0.327433333,0.277533333,0.204466667,0.249166667,0.150766667
39.01,0.0578,0.0857,0.0307,0.029966667,0.040666667,0.014366667,0.2126,0.2549,0.1903,0.2874,0.314,0.2515,0.216866667,0.249066667,0.194566667,0.063566667,0.084366667,0.056166667,0.296633333,0.327633333,0.278233333,0.2054,0.2499,0.152
39.09,0.058433333,0.084233333,0.030333333,0.029866667,0.040566667,0.012566667,0.213,0.2565,0.1922,0.2883,0.3147,0.2528,0.218566667,0.249466667,0.196266667,0.063233333,0.085133333,0.057733333,0.298,0.3277,0.2798,0.204933333,0.250733333,0.153433333
39.17,0.058433333,0.085333333,0.030133333,0.030166667,0.042066667,0.012466667,0.212066667,0.255866667,0.190566667,0.288533333,0.313933333,0.252233333,0.220566667,0.250466667,0.196966667,0.064433333,0.086033333,0.057933333,0.299933333,0.329733333,0.282033333,0.2063,0.2514,0.1541
39.26,0.0562,0.0822,0.0309,0.0298,0.0433,0.0146,0.213333333,0.256133333,0.191133333,0.2857,0.3123,0.2521,0.219566667,0.249966667,0.195966667,0.065733333,0.085733333,0.056733333,0.297733333,0.327733333,0.278633333,0.2066,0.2496,0.152
39.34,0.058433333,0.085133333,0.032933333,0.029233333,0.044333333,0.016533333,0.211566667,0.255866667,0.192166667,0.287866667,0.313866667,0.253366667,0.220933333,0.249533333,0.197533333,0.0667,0.0862,0.058,0.2977,0.3278,0.2805,0.2068,0.2505,0.1532
39.42,0.058266667,0.086166667,0.033666667,0.031166667,0.045766667,0.016666667,0.212933333,0.255833333,0.192333333,0.287733333,0.313933333,0.252733333,0.2197,0.2481,0.1951,0.066266667,0.085866667,0.056266667,0.297466667,0.327666667,0.278766667,0.204266667,0.249566667,0.153866667
39.51,0.0588,0.0884,0.0345,0.029933333,0.045433333,0.017033333,0.2141,0.2574,0.1932,0.287866667,0.314066667,0.253766667,0.220633333,0.248633333,0.196033333,0.066,0.0829,0.0533,0.298166667,0.327666667,0.278866667,0.203733333,0.249633333,0.153833333
39.59,0.0582,0.0874,0.0329,0.027133333,0.043633333,0.014533333,0.213633333,0.255933333,0.193333333,0.287933333,0.314333333,0.253233333,0.2187,0.2471,0.1936,0.0638,0.0826,0.0495,0.298466667,0.327366667,0.278266667,0.2043,0.2499,0.1547
39.67,0.0592,0.0875,0.0321,0.025066667,0.044366667,0.013566667,0.213066667,0.257166667,0.192666667,0.2874,0.3139,0.2534,0.219666667,0.247566667,0.195866667,0.063166667,0.084966667,0.053466667,0.297166667,0.326766667,0.278166667,0.205333333,0.249333333,0.154333333
39.76,0.0572,0.0864,0.0317,0.0266,0.0457,0.0133,0.213366667,0.256866667,0.191366667,0.2876,0.314,0.2538,0.220166667,0.247466667,0.193866667,0.063233333,0.084733333,0.053933333,0.294033333,0.325833333,0.275933333,0.202466667,0.249066667,0.153166667
39.84,0.057433333,0.085533333,0.032233333,0.0267,0.044,0.0123,0.213266667,0.259066667,0.193566667,0.2877,0.314,0.2531,0.2215,0.2507,0.1962,0.064666667,0.085266667,0.056166667,0.294733333,0.326333333,0.275733333,0.201833333,0.248633333,0.153833333
39.92,0.057933333,0.086933333,0.031633333,0.027266667,0.044466667,0.015466667,0.215166667,0.258066667,0.194266667,0.287566667,0.314066667,0.251366667,0.221266667,0.249366667,0.193766667,0.064566667,0.086566667,0.056866667,0.2947,0.3274,0.276,0.202066667,0.247666667,0.153966667
40.01,0.058433333,0.085033333,0.033733333,0.026733333,0.044133333,0.016733333,0.2143,0.2586,0.1941,0.286,0.3132,0.2508,0.219633333,0.246633333,0.192033333,0.065833333,0.086933333,0.055033333,0.296666667,0.328266667,0.276466667,0.202433333,0.249733333,0.154833333
40.09,0.059566667,0.086866667,0.032566667,0.0287,0.0433,0.0155,0.215666667,0.259566667,0.195766667,0.286333333,0.313833333,0.252133333,0.221633333,0.246733333,0.193033333,0.0663,0.0867,0.0572,0.297066667,0.328066667,0.276366667,0.2025,0.2497,0.1542
40.17,0.059666667,0.087066667,0.033566667,0.0278,0.043,0.016,0.215366667,0.258566667,0.193566667,0.287466667,0.314666667,0.252966667,0.223133333,0.248933333,0.194133333,0.065533333,0.086233333,0.056933333,0.298333333,0.329533333,0.278833333,0.204233333,0.250533333,0.154933333
40.26,0.0586,0.0854,0.0354,0.0275,0.0456,0.0182,0.216233333,0.260133333,0.194933333,0.2864,0.3151,0.2525,0.222233333,0.249233333,0.193333333,0.0637,0.0871,0.059,0.297166667,0.327466667,0.277866667,0.202866667,0.250266667,0.151866667
40.34,0.059566667,0.085766667,0.036566667,0.027066667,0.044366667,0.017666667,0.2208,0.2618,0.1976,0.2877,0.3149,0.2534,0.2241,0.2502,0.1953,0.063533333,0.084333333,0.058233333,0.2957,0.3278,0.2784,0.203566667,0.249066667,0.152466667
40.42,0.061366667,0.085566667,0.034566667,0.029533333,0.046733333,0.018833333,0.221233333,0.262933333,0.196833333,0.287066667,0.314566667,0.251566667,0.221466667,0.249966667,0.195766667,0.064033333,0.086033333,0.055833333,0.296733333,0.327133333,0.278533333,0.201033333,0.248533333,0.152033333
40.51,0.0603,0.087,0.0336,0.0292,0.0438,0.0178,0.223666667,0.267966667,0.201766667,0.288333333,0.316733333,0.254133333,0.222833333,0.250733333,0.197233333,0.063933333,0.084033333,0.056033333,0.297033333,0.328133333,0.278833333,0.2038,0.2501,0.154
40.59,0.063033333,0.088533333,0.032433333,0.030533333,0.045033333,0.013433333,0.222233333,0.266533333,0.199533333,0.287433333,0.315933333,0.252833333,0.2218,0.2509,0.198,0.0638,0.0811,0.0568,0.2958,0.3259,0.2776,0.2029,0.2503,0.1525
40.67,0.061866667,0.088266667,0.032166667,0.032466667,0.045766667,0.017166667,0.223466667,0.268466667,0.201766667,0.2878,0.3153,0.2535,0.222833333,0.251633333,0.198133333,0.065233333,0.081133333,0.055333333,0.295333333,0.326833333,0.277133333,0.204633333,0.248433333,0.153333333
40.76,0.0592,0.0864,0.0293,0.031966667,0.043966667,0.016766667,0.222866667,0.266866667,0.200266667,0.2867,0.3152,0.2527,0.2209,0.2499,0.1965,0.069233333,0.085933333,0.058733333,0.294733333,0.325633333,0.276133333,0.202766667,0.248066667,0.153366667
40.84,0.058166667,0.084266667,0.028566667,0.031233333,0.042033333,0.013833333,0.2204,0.2653,0.1985,0.2867,0.3161,0.2531,0.220933333,0.247633333,0.194933333,0.068333333,0.085133333,0.059533333,0.294333333,0.325333333,0.276933333,0.202166667,0.248666667,0.152966667
40.92,0.059733333,0.083833333,0.029733333,0.031766667,0.040966667,0.012066667,0.221666667,0.263866667,0.198366667,0.285933333,0.314733333,0.252333333,0.2233,0.2498,0.1961,0.069233333,0.086533333,0.058033333,0.294633333,0.326833333,0.277633333,0.203733333,0.250333333,0.153733333
41.01,0.060066667,0.085266667,0.032366667,0.0317,0.0438,0.0137,0.2199,0.2639,0.1979,0.286733333,0.315933333,0.253633333,0.222566667,0.247866667,0.196066667,0.068233333,0.083733333,0.058133333,0.2962,0.328,0.2789,0.205366667,0.251766667,0.152766667
41.09,0.0611,0.0866,0.0334,0.030766667,0.044266667,0.012966667,0.220066667,0.264366667,0.199266667,0.287,0.315,0.2531,0.220133333,0.246833333,0.194533333,0.069,0.0847,0.058,0.295833333,0.327333333,0.278233333,0.204766667,0.251466667,0.152566667
41.17,0.0581,0.0849,0.0316,0.029066667,0.044466667,0.013966667,0.218266667,0.262666667,0.196866667,0.286333333,0.311833333,0.251833333,0.220033333,0.245833333,0.191633333,0.0695,0.087,0.0597,0.2959,0.3284,0.2781,0.205033333,0.251333333,0.152933333
41.26,0.0585,0.0858,0.0312,0.027766667,0.042866667,0.012366667,0.219066667,0.262866667,0.197866667,0.286066667,0.310366667,0.251666667,0.2218,0.2484,0.1932,0.0685,0.0879,0.0577,0.296866667,0.329366667,0.279766667,0.2056,0.2521,0.1524
41.34,0.061666667,0.086966667,0.035066667,0.028833333,0.043433333,0.012733333,0.220466667,0.264766667,0.198366667,0.286666667,0.312566667,0.251966667,0.2223,0.2483,0.1938,0.068666667,0.088066667,0.058566667,0.297933333,0.330833333,0.281133333,0.206133333,0.253933333,0.154533333
41.42,0.060966667,0.086866667,0.035666667,0.0293,0.0434,0.0116,0.221333333,0.265733333,0.199533333,0.2882,0.3145,0.2531,0.223333333,0.248333333,0.195133333,0.067066667,0.086266667,0.058266667,0.2981,0.3315,0.2827,0.2072,0.2549,0.1554
41.51,0.062533333,0.086633333,0.036533333,0.030933333,0.044933333,0.013033333,0.219533333,0.265033333,0.198333333,0.288533333,0.314133333,0.252033333,0.2219,0.2459,0.1941,0.066166667,0.085666667,0.055366667,0.2984,0.3319,0.2818,0.207466667,0.255866667,0.154566667
41.59,0.0609,0.086,0.0341,0.030866667,0.044866667,0.014266667,0.221766667,0.267166667,0.200966667,0.288233333,0.314433333,0.252233333,0.221533333,0.247733333,0.194733333,0.067333333,0.087233333,0.054633333,0.3001,0.3326,0.2835,0.2092,0.2567,0.1559
41.67,0.060266667,0.087266667,0.035766667,0.0319,0.0443,0.0157,0.220466667,0.266666667,0.200366667,0.2886,0.3134,0.2515,0.221366667,0.247466667,0.192066667,0.0638,0.0863,0.0517,0.299966667,0.332266667,0.283366667,0.209233333,0.257033333,0.155033333
41.76,0.0624,0.0889,0.0363,0.031,0.0435,0.0181,0.221866667,0.266566667,0.200566667,0.287533333,0.313533333,0.251733333,0.2201,0.247,0.191,0.064933333,0.087333333,0.052033333,0.300566667,0.332766667,0.284666667,0.208966667,0.257166667,0.156966667
41.84,0.061933333,0.088733333,0.034233333,0.032533333,0.045833333,0.020833333,0.221366667,0.266466667,0.199866667,0.2875,0.3161,0.2525,0.218866667,0.246466667,0.191066667,0.065566667,0.087066667,0.053966667,0.3018,0.3344,0.2871,0.2096,0.2567,0.1564
41.92,0.060066667,0.086466667,0.033066667,0.032566667,0.045866667,0.019566667,0.2225,0.2674,0.2025,0.2895,0.3174,0.253,0.220133333,0.248233333,0.194133333,0.064733333,0.086733333,0.056333333,0.298633333,0.331833333,0.284333333,0.208533333,0.254633333,0.154033333
42.01,0.061633333,0.086333333,0.033033333,0.031666667,0.044966667,0.018466667,0.2241,0.2681,0.2026,0.288033333,0.317033333,0.253233333,0.220766667,0.247966667,0.194966667,0.0651,0.0861,0.0555,0.2978,0.3302,0.2818,0.208,0.2543,0.154
42.09,0.0616,0.0862,0.031,0.0289,0.0437,0.0172,0.222766667,0.267366667,0.201266667,0.2868,0.3158,0.2519,0.220866667,0.247766667,0.194466667,0.0665,0.0875,0.0576,0.297633333,0.329933333,0.281533333,0.207166667,0.254766667,0.152466667
42.17,0.060366667,0.084766667,0.030366667,0.030166667,0.043366667,0.015466667,0.222766667,0.266666667,0.198866667,0.286133333,0.314933333,0.250933333,0.2185,0.2469,0.1915,0.066533333,0.087933333,0.057133333,0.298933333,0.330833333,0.282033333,0.207233333,0.254333333,0.153333333
42.26,0.061766667,0.085966667,0.032566667,0.0297,0.043,0.0182,0.223633333,0.267433333,0.199133333,0.284233333,0.313633333,0.250033333,0.218666667,0.247266667,0.193766667,0.0644,0.0875,0.0581,0.299933333,0.330433333,0.279333333,0.207066667,0.254466667,0.153566667
42.34,0.063166667,0.087066667,0.035766667,0.0296,0.0438,0.0183,0.224366667,0.269166667,0.201266667,0.283833333,0.313033333,0.250633333,0.2178,0.246,0.1916,0.0644,0.0867,0.0585,0.2992,0.3293,0.2768,0.205333333,0.254333333,0.152533333
42.42,0.063033333,0.085633333,0.034233333,0.029933333,0.042633333,0.014533333,0.223533333,0.268933333,0.200233333,0.283466667,0.311366667,0.248966667,0.216633333,0.245233333,0.190833333,0.065,0.0886,0.057,0.2976,0.3285,0.2767,0.2053,0.2531,0.1517
42.51,0.060333333,0.085733333,0.035233333,0.032066667,0.043566667,0.018266667,0.225266667,0.271466667,0.204066667,0.286133333,0.314433333,0.252333333,0.220466667,0.246866667,0.193466667,0.065433333,0.088433333,0.055533333,0.295666667,0.327066667,0.274566667,0.2053,0.2514,0.1511
42.59,0.0614,0.0835,0.0356,0.0331,0.0439,0.0192,0.223933333,0.269933333,0.200533333,0.285933333,0.313533333,0.251033333,0.220433333,0.246733333,0.190733333,0.064433333,0.089233333,0.056333333,0.2965,0.33,0.2779,0.205033333,0.252933333,0.152233333
42.67,0.061633333,0.083333333,0.034833333,0.033533333,0.044433333,0.019833333,0.223533333,0.270833333,0.202233333,0.285666667,0.313466667,0.251966667,0.2205,0.2459,0.1902,0.0643,0.0887,0.0545,0.297,0.3305,0.2771,0.204466667,0.252366667,0.152666667
42.76,0.060533333,0.085033333,0.035433333,0.0346,0.0446,0.0214,0.223666667,0.270166667,0.201266667,0.2855,0.3143,0.2526,0.220666667,0.245666667,0.189666667,0.063,0.0869,0.0523,0.296366667,0.329066667,0.275166667,0.2046,0.252,0.1528
42.84,0.063566667,0.087666667,0.037066667,0.034766667,0.045666667,0.020566667,0.224266667,0.272366667,0.204166667,0.287033333,0.315633333,0.253333333,0.220766667,0.244866667,0.188766667,0.063366667,0.086366667,0.054166667,0.295133333,0.327933333,0.275233333,0.203533333,0.251233333,0.152733333
42.92,0.061466667,0.085866667,0.035566667,0.0355,0.0465,0.0213,0.224433333,0.270033333,0.201433333,0.2855,0.3143,0.2512,0.219766667,0.243766667,0.187966667,0.065366667,0.087666667,0.055366667,0.293933333,0.326333333,0.273433333,0.203166667,0.250366667,0.151766667
43.01,0.062666667,0.088666667,0.037066667,0.0333,0.0454,0.0225,0.224766667,0.269966667,0.203666667,0.285966667,0.314466667,0.250066667,0.2185,0.2438,0.188,0.064566667,0.085466667,0.054266667,0.294766667,0.327866667,0.275066667,0.204933333,0.251333333,0.151033333
43.09,0.064866667,0.089666667,0.037666667,0.0332,0.0465,0.0224,0.225033333,0.269133333,0.202133333,0.285933333,0.313533333,0.249133333,0.217466667,0.243366667,0.187566667,0.064566667,0.085966667,0.052566667,0.2924,0.3257,0.2756,0.203666667,0.251366667,0.149966667
43.17,0.0629,0.0895,0.037,0.034133333,0.046433333,0.023033333,0.224566667,0.269466667,0.201666667,0.285366667,0.315366667,0.249666667,0.2187,0.2446,0.1895,0.065733333,0.086733333,0.054133333,0.294366667,0.327566667,0.276966667,0.203633333,0.251333333,0.148933333
43.26,0.060033333,0.088733333,0.035833333,0.034566667,0.044366667,0.021166667,0.222733333,0.268133333,0.201033333,0.285666667,0.314466667,0.249766667,0.217466667,0.243666667,0.188566667,0.065766667,0.086266667,0.054666667,0.295133333,0.326133333,0.275433333,0.204633333,0.252133333,0.149033333
43.34,0.061833333,0.090133333,0.037033333,0.0346,0.0451,0.0215,0.223133333,0.267933333,0.201133333,0.283833333,0.312933333,0.249733333,0.217733333,0.243333333,0.189433333,0.065466667,0.087166667,0.055966667,0.2944,0.3246,0.2755,0.203233333,0.250533333,0.149233333
43.42,0.062166667,0.090466667,0.037166667,0.035133333,0.047933333,0.021833333,0.223866667,0.269566667,0.202366667,0.283633333,0.313533333,0.250733333,0.219766667,0.245666667,0.191466667,0.0646,0.0882,0.056,0.294233333,0.324733333,0.276033333,0.2031,0.2503,0.1481
43.51,0.0617,0.0865,0.0357,0.0309,0.0463,0.0197,0.2227,0.2675,0.1989,0.284066667,0.313666667,0.249066667,0.2201,0.2463,0.1917,0.063766667,0.086866667,0.055466667,0.293066667,0.324066667,0.275466667,0.202433333,0.249233333,0.146033333
43.59,0.061066667,0.086666667,0.033566667,0.031933333,0.045133333,0.016733333,0.223666667,0.267866667,0.199266667,0.283933333,0.314233333,0.249833333,0.2208,0.2479,0.1926,0.065466667,0.085466667,0.056366667,0.295,0.3259,0.2782,0.2042,0.2518,0.149
43.67,0.059,0.0827,0.0332,0.0304,0.045,0.0164,0.224033333,0.268533333,0.200333333,0.284766667,0.313366667,0.249566667,0.221366667,0.248366667,0.193566667,0.064866667,0.087066667,0.058166667,0.293533333,0.324633333,0.277233333,0.202966667,0.251866667,0.145766667
43.76,0.0602,0.084,0.0359,0.0302,0.0457,0.0188,0.2239,0.2701,0.2004,0.2849,0.3132,0.2494,0.220633333,0.247833333,0.192633333,0.065566667,0.086766667,0.056266667,0.2935,0.3248,0.2761,0.204666667,0.249866667,0.144766667
43.84,0.061233333,0.083033333,0.037233333,0.029866667,0.046966667,0.021666667,0.2246,0.2704,0.2004,0.284466667,0.312866667,0.248666667,0.2193,0.247,0.1907,0.065166667,0.086266667,0.054166667,0.2926,0.3244,0.2746,0.204133333,0.250133333,0.146133333
43.92,0.0614,0.0822,0.0341,0.031166667,0.044566667,0.021266667,0.2248,0.2718,0.201,0.284266667,0.312566667,0.248366667,0.2194,0.2454,0.188,0.065,0.0873,0.057,0.292866667,0.325066667,0.273666667,0.2041,0.2501,0.1468
44.01,0.058433333,0.082533333,0.032233333,0.032066667,0.045466667,0.022066667,0.225966667,0.270566667,0.202366667,0.2843,0.3126,0.2491,0.220033333,0.246733333,0.189733333,0.0644,0.0856,0.0566,0.292366667,0.325666667,0.272866667,0.2048,0.2517,0.1473
44.09,0.0612,0.0849,0.0333,0.0344,0.0464,0.0235,0.224566667,0.269166667,0.200966667,0.282166667,0.311766667,0.249066667,0.2209,0.2478,0.1913,0.064433333,0.086633333,0.057333333,0.294066667,0.327166667,0.274566667,0.206133333,0.252933333,0.147733333
44.17,0.062,0.0862,0.0333,0.0339,0.0462,0.0217,0.223433333,0.270233333,0.201733333,0.283966667,0.311466667,0.249366667,0.2209,0.2456,0.1905,0.066266667,0.088366667,0.056966667,0.2953,0.3292,0.2775,0.207633333,0.254833333,0.149733333
44.26,0.061166667,0.084466667,0.033266667,0.0319,0.045,0.0221,0.2246,0.2713,0.2033,0.286333333,0.313933333,0.251533333,0.2193,0.2452,0.189,0.0654,0.0879,0.0551,0.2963,0.3292,0.2793,0.209366667,0.256566667,0.151966667
44.34,0.063233333,0.085733333,0.034533333,0.031,0.0453,0.0225,0.223866667,0.270366667,0.201366667,0.285766667,0.312566667,0.250066667,0.220866667,0.245866667,0.189466667,0.0656,0.086,0.056,0.294266667,0.327866667,0.278266667,0.210166667,0.256666667,0.149966667
44.43,0.0614,0.0818,0.0334,0.0324,0.0455,0.0192,0.223466667,0.270166667,0.201966667,0.284433333,0.312033333,0.248633333,0.222266667,0.245866667,0.191066667,0.065733333,0.086333333,0.056233333,0.2946,0.3278,0.2782,0.2111,0.2568,0.1501
44.51,0.061433333,0.083033333,0.032633333,0.032633333,0.045133333,0.016933333,0.2245,0.2718,0.2028,0.284933333,0.312833333,0.248833333,0.2216,0.2474,0.1919,0.067233333,0.087633333,0.058433333,0.293666667,0.326966667,0.277166667,0.211,0.2564,0.1492
44.59,0.0618,0.0842,0.0332,0.030366667,0.045166667,0.018666667,0.2245,0.2714,0.202,0.2831,0.3133,0.2492,0.220466667,0.246866667,0.191766667,0.068033333,0.088033333,0.060133333,0.2949,0.3279,0.2787,0.211466667,0.256966667,0.151866667
44.68,0.061133333,0.084833333,0.033433333,0.031066667,0.044566667,0.015866667,0.225766667,0.269766667,0.202566667,0.2838,0.3136,0.2491,0.2197,0.2456,0.1894,0.067766667,0.087966667,0.060566667,0.293433333,0.326333333,0.275733333,0.210566667,0.255766667,0.151366667
44.76,0.061666667,0.086666667,0.034066667,0.0311,0.0455,0.017,0.2255,0.2711,0.2033,0.2841,0.3146,0.2498,0.220833333,0.246733333,0.191433333,0.0655,0.0871,0.0601,0.294166667,0.326066667,0.277166667,0.211233333,0.255233333,0.151733333
44.84,0.062433333,0.085833333,0.033633333,0.030833333,0.044033333,0.018533333,0.223166667,0.269566667,0.202066667,0.284933333,0.313633333,0.249933333,0.220166667,0.245866667,0.190566667,0.064666667,0.086166667,0.057366667,0.294833333,0.327133333,0.277733333,0.211066667,0.254766667,0.151066667
44.93,0.062766667,0.086466667,0.032466667,0.029466667,0.041666667,0.017966667,0.223633333,0.270833333,0.203033333,0.284333333,0.314233333,0.250233333,0.219033333,0.245033333,0.189133333,0.067033333,0.087233333,0.058133333,0.293666667,0.326866667,0.277466667,0.208933333,0.252933333,0.151033333
45.01,0.064966667,0.085266667,0.034266667,0.031233333,0.042533333,0.017133333,0.223533333,0.270133333,0.202833333,0.2837,0.313,0.2487,0.218666667,0.246166667,0.190366667,0.067566667,0.087466667,0.057966667,0.293666667,0.326466667,0.277566667,0.2078,0.2527,0.1493
45.09,0.064066667,0.086066667,0.032566667,0.032033333,0.041533333,0.016333333,0.2231,0.2703,0.203,0.2845,0.3135,0.2494,0.217733333,0.245333333,0.189133333,0.070366667,0.090066667,0.060666667,0.2955,0.3273,0.2773,0.207366667,0.251266667,0.147166667
45.18,0.061133333,0.084333333,0.031033333,0.030433333,0.042833333,0.017333333,0.2234,0.2705,0.2019,0.283533333,0.313733333,0.249733333,0.216633333,0.244233333,0.187433333,0.070866667,0.091666667,0.062066667,0.295266667,0.326866667,0.275666667,0.208033333,0.251833333,0.149133333
45.26,0.0636,0.0865,0.033,0.032433333,0.040133333,0.019633333,0.224233333,0.271233333,0.201933333,0.283366667,0.312966667,0.248866667,0.215766667,0.244966667,0.186966667,0.069833333,0.089933333,0.061233333,0.296333333,0.326633333,0.274833333,0.208566667,0.250666667,0.147766667
45.34,0.0637,0.0864,0.0337,0.0323,0.0397,0.0168,0.2246,0.2717,0.2014,0.283666667,0.312666667,0.248666667,0.219466667,0.246566667,0.188966667,0.0699,0.0912,0.0598,0.294866667,0.326266667,0.271666667,0.208433333,0.252033333,0.148633333
45.43,0.062433333,0.083133333,0.032133333,0.0298,0.0426,0.0182,0.223166667,0.270266667,0.201666667,0.284366667,0.313366667,0.249366667,0.220066667,0.245666667,0.188766667,0.0674,0.0913,0.0582,0.294933333,0.326733333,0.273133333,0.205566667,0.249766667,0.148266667
45.51,0.0615,0.0847,0.0349,0.0311,0.0444,0.0208,0.2244,0.2708,0.202,0.2828,0.3138,0.2493,0.218766667,0.245166667,0.190166667,0.0669,0.0913,0.0567,0.2943,0.3263,0.2735,0.202533333,0.250433333,0.147333333
45.59,0.0631,0.0835,0.0341,0.029833333,0.043933333,0.017333333,0.225,0.2719,0.2026,0.281933333,0.313333333,0.248633333,0.2191,0.246,0.1885,0.068,0.092,0.0575,0.294933333,0.327133333,0.274133333,0.2053,0.252,0.1486