Component 1,Component 2,Label,Species,Classification
-2494.836167,-1522.662951,1596.253.sbml.csv,Lactobacillus gasseri,Lactobacillaceae
-3023.971422,-505.7373855,1596.253.sbml.csv,Lactobacillus gasseri,Lactobacillaceae
-2539.801164,-221.3739467,1596.253.sbml.csv,Lactobacillus gasseri,Lactobacillaceae
-2029.955076,-1127.333,1596.253.sbml.csv,Lactobacillus gasseri,Lactobacillaceae
-3507.824731,-1862.542108,1596.253.sbml.csv,Lactobacillus gasseri,Lactobacillaceae
-3274.372933,-2315.194098,1596.253.sbml.csv,Lactobacillus gasseri,Lactobacillaceae
-2910.804401,-631.0002995,1596.253.sbml.csv,Lactobacillus gasseri,Lactobacillaceae
-2961.423569,-56.28367701,1596.253.sbml.csv,Lactobacillus gasseri,Lactobacillaceae
-1692.67541,-1223.494449,1596.253.sbml.csv,Lactobacillus gasseri,Lactobacillaceae
-2029.443762,-983.4337041,1596.253.sbml.csv,Lactobacillus gasseri,Lactobacillaceae
-3034.504055,-1005.123499,1596.253.sbml.csv,Lactobacillus gasseri,Lactobacillaceae
-2040.553452,-577.3310129,1596.253.sbml.csv,Lactobacillus gasseri,Lactobacillaceae
-2402.092599,-399.3941508,1596.253.sbml.csv,Lactobacillus gasseri,Lactobacillaceae
-3505.362826,-551.0329511,1596.253.sbml.csv,Lactobacillus gasseri,Lactobacillaceae
-3534.220715,-2028.452893,1596.253.sbml.csv,Lactobacillus gasseri,Lactobacillaceae
-3244.774429,-1499.707728,1596.253.sbml.csv,Lactobacillus gasseri,Lactobacillaceae
-1756.243528,-1130.963311,1596.253.sbml.csv,Lactobacillus gasseri,Lactobacillaceae
-2284.973584,-1722.677907,1596.253.sbml.csv,Lactobacillus gasseri,Lactobacillaceae
-1375.344359,-1546.644393,1596.253.sbml.csv,Lactobacillus gasseri,Lactobacillaceae
-1987.264318,-1384.608039,1596.253.sbml.csv,Lactobacillus gasseri,Lactobacillaceae
-2313.433462,-246.2626134,1596.253.sbml.csv,Lactobacillus gasseri,Lactobacillaceae
-2883.245925,-1052.994793,1596.253.sbml.csv,Lactobacillus gasseri,Lactobacillaceae
-1895.496687,197.1630687,1596.253.sbml.csv,Lactobacillus gasseri,Lactobacillaceae
-2113.508334,-1331.860307,1596.253.sbml.csv,Lactobacillus gasseri,Lactobacillaceae
-2617.949783,-322.0073773,1596.253.sbml.csv,Lactobacillus gasseri,Lactobacillaceae
-2220.30552,-1661.783699,1596.253.sbml.csv,Lactobacillus gasseri,Lactobacillaceae
-3206.53234,-1328.767834,1596.253.sbml.csv,Lactobacillus gasseri,Lactobacillaceae
-1981.904749,-342.7083976,1596.253.sbml.csv,Lactobacillus gasseri,Lactobacillaceae
-2303.08049,1271.627785,1596.253.sbml.csv,Lactobacillus gasseri,Lactobacillaceae
-3006.416668,-1516.977241,1596.253.sbml.csv,Lactobacillus gasseri,Lactobacillaceae
-2488.514393,-1223.087894,1596.253.sbml.csv,Lactobacillus gasseri,Lactobacillaceae
-2981.830887,-2092.930345,1596.253.sbml.csv,Lactobacillus gasseri,Lactobacillaceae
-2884.887895,-769.4799627,1596.253.sbml.csv,Lactobacillus gasseri,Lactobacillaceae
-2321.880523,-950.4731125,1596.253.sbml.csv,Lactobacillus gasseri,Lactobacillaceae
-1353.243316,-2612.388474,1596.253.sbml.csv,Lactobacillus gasseri,Lactobacillaceae
-1100.428003,-1108.851133,1596.253.sbml.csv,Lactobacillus gasseri,Lactobacillaceae
-3303.344137,-981.2366766,1596.253.sbml.csv,Lactobacillus gasseri,Lactobacillaceae
-2489.494888,-1074.129208,1596.253.sbml.csv,Lactobacillus gasseri,Lactobacillaceae
-2643.749768,-2835.301818,1596.253.sbml.csv,Lactobacillus gasseri,Lactobacillaceae
-2156.671684,-1383.515009,1596.253.sbml.csv,Lactobacillus gasseri,Lactobacillaceae
-437.1469463,-1630.657591,1596.253.sbml.csv,Lactobacillus gasseri,Lactobacillaceae
-3058.781641,-1098.942977,1596.253.sbml.csv,Lactobacillus gasseri,Lactobacillaceae
-2857.325146,120.3976765,1596.253.sbml.csv,Lactobacillus gasseri,Lactobacillaceae
-2562.323141,-1241.238253,1596.253.sbml.csv,Lactobacillus gasseri,Lactobacillaceae
-2712.354606,-1675.461933,1596.253.sbml.csv,Lactobacillus gasseri,Lactobacillaceae
-2717.045699,-950.500198,1596.253.sbml.csv,Lactobacillus gasseri,Lactobacillaceae
-2786.019542,-1656.39362,1596.253.sbml.csv,Lactobacillus gasseri,Lactobacillaceae
-2419.56804,-934.4522765,1596.253.sbml.csv,Lactobacillus gasseri,Lactobacillaceae
-2033.54795,-994.3024836,1596.253.sbml.csv,Lactobacillus gasseri,Lactobacillaceae
-1775.003525,-1255.000035,1596.253.sbml.csv,Lactobacillus gasseri,Lactobacillaceae
-1199.978412,1029.060503,1348632.3.sbml.csv,Lactococcus plantarum,Streptococcaceae
43.30329868,823.2818679,1348632.3.sbml.csv,Lactococcus plantarum,Streptococcaceae
-385.9297406,2416.890013,1348632.3.sbml.csv,Lactococcus plantarum,Streptococcaceae
-1053.795306,1007.263644,1348632.3.sbml.csv,Lactococcus plantarum,Streptococcaceae
-377.533705,1481.537045,1348632.3.sbml.csv,Lactococcus plantarum,Streptococcaceae
-1233.358863,-187.1181458,1348632.3.sbml.csv,Lactococcus plantarum,Streptococcaceae
-1047.712356,894.5664838,1348632.3.sbml.csv,Lactococcus plantarum,Streptococcaceae
-966.7261082,462.6239515,1348632.3.sbml.csv,Lactococcus plantarum,Streptococcaceae
-309.2463043,-339.6386078,1348632.3.sbml.csv,Lactococcus plantarum,Streptococcaceae
-1064.238903,2173.743269,1348632.3.sbml.csv,Lactococcus plantarum,Streptococcaceae
-1087.825407,-324.799713,1348632.3.sbml.csv,Lactococcus plantarum,Streptococcaceae
-986.0590036,-241.3351282,1348632.3.sbml.csv,Lactococcus plantarum,Streptococcaceae
-911.3269715,952.8170302,1348632.3.sbml.csv,Lactococcus plantarum,Streptococcaceae
-763.8220579,1815.062451,1348632.3.sbml.csv,Lactococcus plantarum,Streptococcaceae
-38.84593553,1064.888655,1348632.3.sbml.csv,Lactococcus plantarum,Streptococcaceae
-611.9247155,1384.703974,1348632.3.sbml.csv,Lactococcus plantarum,Streptococcaceae
-906.7887966,909.4831738,1348632.3.sbml.csv,Lactococcus plantarum,Streptococcaceae
-695.4309103,1938.911589,1348632.3.sbml.csv,Lactococcus plantarum,Streptococcaceae
-561.6813189,2335.793709,1348632.3.sbml.csv,Lactococcus plantarum,Streptococcaceae
-1219.859699,1271.549601,1348632.3.sbml.csv,Lactococcus plantarum,Streptococcaceae
-154.193635,1640.235159,1348632.3.sbml.csv,Lactococcus plantarum,Streptococcaceae
-530.3014001,229.4899968,1348632.3.sbml.csv,Lactococcus plantarum,Streptococcaceae
-1113.160078,1477.64234,1348632.3.sbml.csv,Lactococcus plantarum,Streptococcaceae
-2223.122418,929.7473428,1348632.3.sbml.csv,Lactococcus plantarum,Streptococcaceae
-1181.237315,635.429691,1348632.3.sbml.csv,Lactococcus plantarum,Streptococcaceae
-909.4541268,-265.8737023,1348632.3.sbml.csv,Lactococcus plantarum,Streptococcaceae
-1993.587532,-315.321932,1348632.3.sbml.csv,Lactococcus plantarum,Streptococcaceae
-914.0268918,392.7674585,1348632.3.sbml.csv,Lactococcus plantarum,Streptococcaceae
-255.7616265,341.3791688,1348632.3.sbml.csv,Lactococcus plantarum,Streptococcaceae
-1660.998702,1463.612917,1348632.3.sbml.csv,Lactococcus plantarum,Streptococcaceae
552.6109878,563.4167092,1348632.3.sbml.csv,Lactococcus plantarum,Streptococcaceae
-243.5072001,590.8958027,1348632.3.sbml.csv,Lactococcus plantarum,Streptococcaceae
-2539.586035,460.3178768,1348632.3.sbml.csv,Lactococcus plantarum,Streptococcaceae
445.5969398,1149.706595,1348632.3.sbml.csv,Lactococcus plantarum,Streptococcaceae
-863.9401643,679.5199063,1348632.3.sbml.csv,Lactococcus plantarum,Streptococcaceae
13.75956447,872.8055409,1348632.3.sbml.csv,Lactococcus plantarum,Streptococcaceae
134.0348755,-429.2243526,1348632.3.sbml.csv,Lactococcus plantarum,Streptococcaceae
779.9368777,339.619029,1348632.3.sbml.csv,Lactococcus plantarum,Streptococcaceae
-932.9420532,186.080754,1348632.3.sbml.csv,Lactococcus plantarum,Streptococcaceae
-652.4781309,-1331.071935,1348632.3.sbml.csv,Lactococcus plantarum,Streptococcaceae
-191.1082514,-809.8379842,1348632.3.sbml.csv,Lactococcus plantarum,Streptococcaceae
-727.6161133,763.2498985,1348632.3.sbml.csv,Lactococcus plantarum,Streptococcaceae
-160.4540889,994.569892,1348632.3.sbml.csv,Lactococcus plantarum,Streptococcaceae
-1829.825813,7.388496794,1348632.3.sbml.csv,Lactococcus plantarum,Streptococcaceae
-774.7422477,1503.072336,1348632.3.sbml.csv,Lactococcus plantarum,Streptococcaceae
-1293.453425,569.6193649,1348632.3.sbml.csv,Lactococcus plantarum,Streptococcaceae
-1050.820051,869.1150381,1348632.3.sbml.csv,Lactococcus plantarum,Streptococcaceae
-2681.512857,904.393774,1348632.3.sbml.csv,Lactococcus plantarum,Streptococcaceae
-86.39885785,368.5290851,1348632.3.sbml.csv,Lactococcus plantarum,Streptococcaceae
-327.3258017,992.188792,1348632.3.sbml.csv,Lactococcus plantarum,Streptococcaceae
3295.802426,987.6204102,224308.43.sbml.csv,Bacillus subtilis,Bacillaceae
1372.442804,1767.016789,224308.43.sbml.csv,Bacillus subtilis,Bacillaceae
3380.642074,631.4688213,224308.43.sbml.csv,Bacillus subtilis,Bacillaceae
2652.698894,1091.65368,224308.43.sbml.csv,Bacillus subtilis,Bacillaceae
3195.039402,2465.20845,224308.43.sbml.csv,Bacillus subtilis,Bacillaceae
3535.397156,567.3985458,224308.43.sbml.csv,Bacillus subtilis,Bacillaceae
2704.081499,2394.817572,224308.43.sbml.csv,Bacillus subtilis,Bacillaceae
3181.184931,1120.050377,224308.43.sbml.csv,Bacillus subtilis,Bacillaceae
3734.090467,1990.072491,224308.43.sbml.csv,Bacillus subtilis,Bacillaceae
4006.006992,119.8462843,224308.43.sbml.csv,Bacillus subtilis,Bacillaceae
3423.029241,1062.170624,224308.43.sbml.csv,Bacillus subtilis,Bacillaceae
3818.443384,330.6491072,224308.43.sbml.csv,Bacillus subtilis,Bacillaceae
3360.188002,2256.232466,224308.43.sbml.csv,Bacillus subtilis,Bacillaceae
2926.27629,939.6705763,224308.43.sbml.csv,Bacillus subtilis,Bacillaceae
2892.106172,888.797005,224308.43.sbml.csv,Bacillus subtilis,Bacillaceae
1552.612202,1490.328406,224308.43.sbml.csv,Bacillus subtilis,Bacillaceae
2648.993236,2002.366564,224308.43.sbml.csv,Bacillus subtilis,Bacillaceae
3840.873417,648.8417026,224308.43.sbml.csv,Bacillus subtilis,Bacillaceae
2896.283842,763.1942283,224308.43.sbml.csv,Bacillus subtilis,Bacillaceae
1534.006554,191.9441387,224308.43.sbml.csv,Bacillus subtilis,Bacillaceae
3983.093208,1041.135586,224308.43.sbml.csv,Bacillus subtilis,Bacillaceae
3893.99965,1043.986133,224308.43.sbml.csv,Bacillus subtilis,Bacillaceae
3802.358548,-4.44468831,224308.43.sbml.csv,Bacillus subtilis,Bacillaceae
3594.482838,751.7218597,224308.43.sbml.csv,Bacillus subtilis,Bacillaceae
3757.290287,2054.530257,224308.43.sbml.csv,Bacillus subtilis,Bacillaceae
2961.993218,2364.449386,224308.43.sbml.csv,Bacillus subtilis,Bacillaceae
3693.7336,1896.72903,224308.43.sbml.csv,Bacillus subtilis,Bacillaceae
3515.279806,318.0407248,224308.43.sbml.csv,Bacillus subtilis,Bacillaceae
3315.345349,1883.775861,224308.43.sbml.csv,Bacillus subtilis,Bacillaceae
1721.006494,441.289008,224308.43.sbml.csv,Bacillus subtilis,Bacillaceae
3089.334843,2321.831678,224308.43.sbml.csv,Bacillus subtilis,Bacillaceae
2903.602244,227.1153932,224308.43.sbml.csv,Bacillus subtilis,Bacillaceae
3980.963343,1213.720118,224308.43.sbml.csv,Bacillus subtilis,Bacillaceae
3864.74069,1044.766067,224308.43.sbml.csv,Bacillus subtilis,Bacillaceae
3052.233001,296.530921,224308.43.sbml.csv,Bacillus subtilis,Bacillaceae
3074.221706,-261.9020855,224308.43.sbml.csv,Bacillus subtilis,Bacillaceae
3976.135866,1027.641114,224308.43.sbml.csv,Bacillus subtilis,Bacillaceae
3201.960537,907.385189,224308.43.sbml.csv,Bacillus subtilis,Bacillaceae
3598.086305,1895.894863,224308.43.sbml.csv,Bacillus subtilis,Bacillaceae
3070.761274,309.0928068,224308.43.sbml.csv,Bacillus subtilis,Bacillaceae
3943.709081,187.8947154,224308.43.sbml.csv,Bacillus subtilis,Bacillaceae
2782.669323,1105.088188,224308.43.sbml.csv,Bacillus subtilis,Bacillaceae
2463.715444,1051.251228,224308.43.sbml.csv,Bacillus subtilis,Bacillaceae
4237.937776,575.8997892,224308.43.sbml.csv,Bacillus subtilis,Bacillaceae
4042.018126,913.9648816,224308.43.sbml.csv,Bacillus subtilis,Bacillaceae
3951.548163,-568.1089959,224308.43.sbml.csv,Bacillus subtilis,Bacillaceae
1639.837954,2589.632217,224308.43.sbml.csv,Bacillus subtilis,Bacillaceae
2408.126193,2502.409549,224308.43.sbml.csv,Bacillus subtilis,Bacillaceae
3475.589474,1827.826094,224308.43.sbml.csv,Bacillus subtilis,Bacillaceae
2594.599026,-111.7715958,224308.43.sbml.csv,Bacillus subtilis,Bacillaceae
3016.865703,-2646.915755,568703.30.sbml.csv,Lacticaseibacillus rhamnosus GG,Lactobacillaceae
3170.517825,-1519.276878,568703.30.sbml.csv,Lacticaseibacillus rhamnosus GG,Lactobacillaceae
2984.791884,-858.0440539,568703.30.sbml.csv,Lacticaseibacillus rhamnosus GG,Lactobacillaceae
2573.63041,-2591.420594,568703.30.sbml.csv,Lacticaseibacillus rhamnosus GG,Lactobacillaceae
3329.114048,-1166.271481,568703.30.sbml.csv,Lacticaseibacillus rhamnosus GG,Lactobacillaceae
2145.425334,703.8160434,568703.30.sbml.csv,Lacticaseibacillus rhamnosus GG,Lactobacillaceae
1056.29655,-1071.480027,568703.30.sbml.csv,Lacticaseibacillus rhamnosus GG,Lactobacillaceae
4050.698494,-1591.672399,568703.30.sbml.csv,Lacticaseibacillus rhamnosus GG,Lactobacillaceae
3581.680021,-1772.288231,568703.30.sbml.csv,Lacticaseibacillus rhamnosus GG,Lactobacillaceae
3910.43802,-1769.774866,568703.30.sbml.csv,Lacticaseibacillus rhamnosus GG,Lactobacillaceae
2748.223784,-1526.34875,568703.30.sbml.csv,Lacticaseibacillus rhamnosus GG,Lactobacillaceae
2783.811084,-138.2018538,568703.30.sbml.csv,Lacticaseibacillus rhamnosus GG,Lactobacillaceae
3915.645204,-1557.963426,568703.30.sbml.csv,Lacticaseibacillus rhamnosus GG,Lactobacillaceae
831.7745878,-658.5543381,568703.30.sbml.csv,Lacticaseibacillus rhamnosus GG,Lactobacillaceae
2876.341708,-1020.037647,568703.30.sbml.csv,Lacticaseibacillus rhamnosus GG,Lactobacillaceae
3303.73825,-1217.52613,568703.30.sbml.csv,Lacticaseibacillus rhamnosus GG,Lactobacillaceae
1853.840488,-1767.790764,568703.30.sbml.csv,Lacticaseibacillus rhamnosus GG,Lactobacillaceae
2762.582421,-1984.813301,568703.30.sbml.csv,Lacticaseibacillus rhamnosus GG,Lactobacillaceae
998.093195,-648.2585237,568703.30.sbml.csv,Lacticaseibacillus rhamnosus GG,Lactobacillaceae
3768.676521,-1553.870048,568703.30.sbml.csv,Lacticaseibacillus rhamnosus GG,Lactobacillaceae
2574.406068,-1998.147574,568703.30.sbml.csv,Lacticaseibacillus rhamnosus GG,Lactobacillaceae
3462.802689,667.472923,568703.30.sbml.csv,Lacticaseibacillus rhamnosus GG,Lactobacillaceae
223.4735586,-568.7942602,568703.30.sbml.csv,Lacticaseibacillus rhamnosus GG,Lactobacillaceae
3690.267666,-1704.483305,568703.30.sbml.csv,Lacticaseibacillus rhamnosus GG,Lactobacillaceae
1287.141458,-732.9353127,568703.30.sbml.csv,Lacticaseibacillus rhamnosus GG,Lactobacillaceae
1294.367431,-289.7466431,568703.30.sbml.csv,Lacticaseibacillus rhamnosus GG,Lactobacillaceae
2500.087015,-915.7553129,568703.30.sbml.csv,Lacticaseibacillus rhamnosus GG,Lactobacillaceae
2311.171323,-1255.924282,568703.30.sbml.csv,Lacticaseibacillus rhamnosus GG,Lactobacillaceae
1994.735189,-464.7692321,568703.30.sbml.csv,Lacticaseibacillus rhamnosus GG,Lactobacillaceae
2065.286604,-1160.24611,568703.30.sbml.csv,Lacticaseibacillus rhamnosus GG,Lactobacillaceae
2855.024588,-612.8901152,568703.30.sbml.csv,Lacticaseibacillus rhamnosus GG,Lactobacillaceae
607.3287735,-340.4998664,568703.30.sbml.csv,Lacticaseibacillus rhamnosus GG,Lactobacillaceae
2109.483854,-1456.329247,568703.30.sbml.csv,Lacticaseibacillus rhamnosus GG,Lactobacillaceae
3274.746962,-1789.4672,568703.30.sbml.csv,Lacticaseibacillus rhamnosus GG,Lactobacillaceae
3347.039571,-40.41452065,568703.30.sbml.csv,Lacticaseibacillus rhamnosus GG,Lactobacillaceae
3403.550157,-1208.580472,568703.30.sbml.csv,Lacticaseibacillus rhamnosus GG,Lactobacillaceae
2723.011503,-504.130395,568703.30.sbml.csv,Lacticaseibacillus rhamnosus GG,Lactobacillaceae
2292.299979,-1540.225074,568703.30.sbml.csv,Lacticaseibacillus rhamnosus GG,Lactobacillaceae
-164.9111708,-74.40267419,568703.30.sbml.csv,Lacticaseibacillus rhamnosus GG,Lactobacillaceae
1824.986348,-975.6195084,568703.30.sbml.csv,Lacticaseibacillus rhamnosus GG,Lactobacillaceae
2630.05838,-415.1784349,568703.30.sbml.csv,Lacticaseibacillus rhamnosus GG,Lactobacillaceae
3560.615779,-845.1609259,568703.30.sbml.csv,Lacticaseibacillus rhamnosus GG,Lactobacillaceae
1685.701348,-771.2088819,568703.30.sbml.csv,Lacticaseibacillus rhamnosus GG,Lactobacillaceae
2557.743227,-1381.758895,568703.30.sbml.csv,Lacticaseibacillus rhamnosus GG,Lactobacillaceae
3016.30451,-2034.979114,568703.30.sbml.csv,Lacticaseibacillus rhamnosus GG,Lactobacillaceae
3050.017684,-733.3142463,568703.30.sbml.csv,Lacticaseibacillus rhamnosus GG,Lactobacillaceae
2382.94902,-1306.420765,568703.30.sbml.csv,Lacticaseibacillus rhamnosus GG,Lactobacillaceae
3311.088218,-160.4795003,568703.30.sbml.csv,Lacticaseibacillus rhamnosus GG,Lactobacillaceae
3653.312623,-1439.415749,568703.30.sbml.csv,Lacticaseibacillus rhamnosus GG,Lactobacillaceae
2546.826012,-2226.486495,568703.30.sbml.csv,Lacticaseibacillus rhamnosus GG,Lactobacillaceae
1141.738241,3066.311607,1075106.4.sbml.csv,Bifidobacterium animalis I,Bifidobacteriaceae
1229.781151,2695.116274,1075106.4.sbml.csv,Bifidobacterium animalis I,Bifidobacteriaceae
496.4733103,3038.170269,1075106.4.sbml.csv,Bifidobacterium animalis I,Bifidobacteriaceae
721.9946132,3294.583247,1075106.4.sbml.csv,Bifidobacterium animalis I,Bifidobacteriaceae
-735.6127977,2056.190623,1075106.4.sbml.csv,Bifidobacterium animalis I,Bifidobacteriaceae
787.7924285,2901.279662,1075106.4.sbml.csv,Bifidobacterium animalis I,Bifidobacteriaceae
-132.2965122,2122.290919,1075106.4.sbml.csv,Bifidobacterium animalis I,Bifidobacteriaceae
770.734875,2807.816214,1075106.4.sbml.csv,Bifidobacterium animalis I,Bifidobacteriaceae
1080.870445,1631.154118,1075106.4.sbml.csv,Bifidobacterium animalis I,Bifidobacteriaceae
1301.781099,3392.203738,1075106.4.sbml.csv,Bifidobacterium animalis I,Bifidobacteriaceae
482.6311755,2998.591994,1075106.4.sbml.csv,Bifidobacterium animalis I,Bifidobacteriaceae
551.6924989,2731.029889,1075106.4.sbml.csv,Bifidobacterium animalis I,Bifidobacteriaceae
-104.9160895,2313.821757,1075106.4.sbml.csv,Bifidobacterium animalis I,Bifidobacteriaceae
533.4464411,2984.049633,1075106.4.sbml.csv,Bifidobacterium animalis I,Bifidobacteriaceae
665.8662866,2861.512352,1075106.4.sbml.csv,Bifidobacterium animalis I,Bifidobacteriaceae
390.7019276,3196.279059,1075106.4.sbml.csv,Bifidobacterium animalis I,Bifidobacteriaceae
492.7773433,2821.016678,1075106.4.sbml.csv,Bifidobacterium animalis I,Bifidobacteriaceae
779.1116278,3526.906908,1075106.4.sbml.csv,Bifidobacterium animalis I,Bifidobacteriaceae
290.1616749,1284.569652,1075106.4.sbml.csv,Bifidobacterium animalis I,Bifidobacteriaceae
-150.8266554,2917.157828,1075106.4.sbml.csv,Bifidobacterium animalis I,Bifidobacteriaceae
398.1912929,2611.212841,1075106.4.sbml.csv,Bifidobacterium animalis I,Bifidobacteriaceae
1058.837673,3705.151127,1075106.4.sbml.csv,Bifidobacterium animalis I,Bifidobacteriaceae
378.8817433,2839.320378,1075106.4.sbml.csv,Bifidobacterium animalis I,Bifidobacteriaceae
935.0805484,2437.306681,1075106.4.sbml.csv,Bifidobacterium animalis I,Bifidobacteriaceae
-469.243481,2057.588244,1075106.4.sbml.csv,Bifidobacterium animalis I,Bifidobacteriaceae
487.5038723,2333.005481,1075106.4.sbml.csv,Bifidobacterium animalis I,Bifidobacteriaceae
-1399.563748,2163.690422,1075106.4.sbml.csv,Bifidobacterium animalis I,Bifidobacteriaceae
830.4687644,3166.916432,1075106.4.sbml.csv,Bifidobacterium animalis I,Bifidobacteriaceae
65.76732982,2860.044583,1075106.4.sbml.csv,Bifidobacterium animalis I,Bifidobacteriaceae
442.1271947,3110.277075,1075106.4.sbml.csv,Bifidobacterium animalis I,Bifidobacteriaceae
-864.1189478,2525.066924,1075106.4.sbml.csv,Bifidobacterium animalis I,Bifidobacteriaceae
-503.4318781,2045.576968,1075106.4.sbml.csv,Bifidobacterium animalis I,Bifidobacteriaceae
630.3183963,2929.352015,1075106.4.sbml.csv,Bifidobacterium animalis I,Bifidobacteriaceae
-1110.374149,1812.280154,1075106.4.sbml.csv,Bifidobacterium animalis I,Bifidobacteriaceae
1286.185584,3346.073823,1075106.4.sbml.csv,Bifidobacterium animalis I,Bifidobacteriaceae
515.3845651,3060.034486,1075106.4.sbml.csv,Bifidobacterium animalis I,Bifidobacteriaceae
242.9064284,2297.057635,1075106.4.sbml.csv,Bifidobacterium animalis I,Bifidobacteriaceae
-233.8513279,2401.366973,1075106.4.sbml.csv,Bifidobacterium animalis I,Bifidobacteriaceae
58.00032643,2306.845189,1075106.4.sbml.csv,Bifidobacterium animalis I,Bifidobacteriaceae
1075.211442,3136.231965,1075106.4.sbml.csv,Bifidobacterium animalis I,Bifidobacteriaceae
387.2734408,3369.986203,1075106.4.sbml.csv,Bifidobacterium animalis I,Bifidobacteriaceae
-31.78284797,2678.488307,1075106.4.sbml.csv,Bifidobacterium animalis I,Bifidobacteriaceae
338.2057044,1999.972717,1075106.4.sbml.csv,Bifidobacterium animalis I,Bifidobacteriaceae
660.9323492,2873.92312,1075106.4.sbml.csv,Bifidobacterium animalis I,Bifidobacteriaceae
408.1036845,3191.029588,1075106.4.sbml.csv,Bifidobacterium animalis I,Bifidobacteriaceae
506.6249355,2574.756185,1075106.4.sbml.csv,Bifidobacterium animalis I,Bifidobacteriaceae
872.309836,3140.916214,1075106.4.sbml.csv,Bifidobacterium animalis I,Bifidobacteriaceae
894.9250408,2349.858102,1075106.4.sbml.csv,Bifidobacterium animalis I,Bifidobacteriaceae
-744.4877591,2184.813462,1075106.4.sbml.csv,Bifidobacterium animalis I,Bifidobacteriaceae
-186.6400445,3304.274652,1075106.4.sbml.csv,Bifidobacterium animalis I,Bifidobacteriaceae
-397.2376132,1503.512762,1358.1413.sbml.csv,Lactococcus lactis,Streptococcaceae
-896.2645753,1875.621163,1358.1413.sbml.csv,Lactococcus lactis,Streptococcaceae
1558.781283,516.334459,1358.1413.sbml.csv,Lactococcus lactis,Streptococcaceae
-199.3210097,123.1161802,1358.1413.sbml.csv,Lactococcus lactis,Streptococcaceae
272.9917864,1614.031999,1358.1413.sbml.csv,Lactococcus lactis,Streptococcaceae
-702.9533731,-146.474012,1358.1413.sbml.csv,Lactococcus lactis,Streptococcaceae
325.2975156,320.9395103,1358.1413.sbml.csv,Lactococcus lactis,Streptococcaceae
836.252892,-17.39272498,1358.1413.sbml.csv,Lactococcus lactis,Streptococcaceae
109.0781553,1953.698082,1358.1413.sbml.csv,Lactococcus lactis,Streptococcaceae
-254.3093466,1660.323529,1358.1413.sbml.csv,Lactococcus lactis,Streptococcaceae
-282.2652452,1802.044009,1358.1413.sbml.csv,Lactococcus lactis,Streptococcaceae
-1208.701473,691.6010837,1358.1413.sbml.csv,Lactococcus lactis,Streptococcaceae
505.6879052,659.89354,1358.1413.sbml.csv,Lactococcus lactis,Streptococcaceae
-836.4184421,148.8331302,1358.1413.sbml.csv,Lactococcus lactis,Streptococcaceae
-508.7091431,1314.233377,1358.1413.sbml.csv,Lactococcus lactis,Streptococcaceae
1497.316032,-689.2081625,1358.1413.sbml.csv,Lactococcus lactis,Streptococcaceae
1331.373738,366.5579835,1358.1413.sbml.csv,Lactococcus lactis,Streptococcaceae
-1525.694127,839.3329535,1358.1413.sbml.csv,Lactococcus lactis,Streptococcaceae
-385.4309749,753.552168,1358.1413.sbml.csv,Lactococcus lactis,Streptococcaceae
403.2846365,710.0219672,1358.1413.sbml.csv,Lactococcus lactis,Streptococcaceae
1964.258824,-308.0295359,1358.1413.sbml.csv,Lactococcus lactis,Streptococcaceae
-535.2353105,-525.5535123,1358.1413.sbml.csv,Lactococcus lactis,Streptococcaceae
1220.9884,150.4429369,1358.1413.sbml.csv,Lactococcus lactis,Streptococcaceae
547.5910194,-284.7878862,1358.1413.sbml.csv,Lactococcus lactis,Streptococcaceae
356.3278511,1282.556466,1358.1413.sbml.csv,Lactococcus lactis,Streptococcaceae
-768.9419427,-176.3535902,1358.1413.sbml.csv,Lactococcus lactis,Streptococcaceae
-2121.211946,404.6190478,1358.1413.sbml.csv,Lactococcus lactis,Streptococcaceae
515.4817427,340.555319,1358.1413.sbml.csv,Lactococcus lactis,Streptococcaceae
-1286.787384,1289.260476,1358.1413.sbml.csv,Lactococcus lactis,Streptococcaceae
-910.8620497,-1139.953479,1358.1413.sbml.csv,Lactococcus lactis,Streptococcaceae
-648.754426,1081.163349,1358.1413.sbml.csv,Lactococcus lactis,Streptococcaceae
-371.3137986,1250.870112,1358.1413.sbml.csv,Lactococcus lactis,Streptococcaceae
-939.8727912,-781.465411,1358.1413.sbml.csv,Lactococcus lactis,Streptococcaceae
223.3781031,-327.7188863,1358.1413.sbml.csv,Lactococcus lactis,Streptococcaceae
419.2226101,1071.374896,1358.1413.sbml.csv,Lactococcus lactis,Streptococcaceae
2181.187385,-319.3826024,1358.1413.sbml.csv,Lactococcus lactis,Streptococcaceae
408.4243926,205.6518092,1358.1413.sbml.csv,Lactococcus lactis,Streptococcaceae
477.0564495,389.3910755,1358.1413.sbml.csv,Lactococcus lactis,Streptococcaceae
-148.2518481,-840.6749625,1358.1413.sbml.csv,Lactococcus lactis,Streptococcaceae
-886.5026778,134.4689704,1358.1413.sbml.csv,Lactococcus lactis,Streptococcaceae
-304.3032155,1497.549729,1358.1413.sbml.csv,Lactococcus lactis,Streptococcaceae
1714.048048,386.0959048,1358.1413.sbml.csv,Lactococcus lactis,Streptococcaceae
-490.6328877,-385.4446122,1358.1413.sbml.csv,Lactococcus lactis,Streptococcaceae
653.2293104,34.13349116,1358.1413.sbml.csv,Lactococcus lactis,Streptococcaceae
674.9548299,395.7344513,1358.1413.sbml.csv,Lactococcus lactis,Streptococcaceae
-590.9305739,559.5558774,1358.1413.sbml.csv,Lactococcus lactis,Streptococcaceae
-166.7323311,727.0647941,1358.1413.sbml.csv,Lactococcus lactis,Streptococcaceae
820.3454273,671.8336144,1358.1413.sbml.csv,Lactococcus lactis,Streptococcaceae
-860.3519624,830.4906647,1358.1413.sbml.csv,Lactococcus lactis,Streptococcaceae
-389.175425,1311.535614,1358.1413.sbml.csv,Lactococcus lactis,Streptococcaceae
-954.0815152,-1228.150036,1587.750.sbml.csv,Lactobacillus helveticus,Lactobacillaceae
-2540.486169,-2813.854472,1587.750.sbml.csv,Lactobacillus helveticus,Lactobacillaceae
-2734.076059,-787.1597475,1587.750.sbml.csv,Lactobacillus helveticus,Lactobacillaceae
-1997.922784,-3267.415581,1587.750.sbml.csv,Lactobacillus helveticus,Lactobacillaceae
-2509.827323,-767.4256922,1587.750.sbml.csv,Lactobacillus helveticus,Lactobacillaceae
-2749.7942,-1060.5484,1587.750.sbml.csv,Lactobacillus helveticus,Lactobacillaceae
-2285.776732,-1255.563117,1587.750.sbml.csv,Lactobacillus helveticus,Lactobacillaceae
-1661.562899,-452.8341328,1587.750.sbml.csv,Lactobacillus helveticus,Lactobacillaceae
-1220.666527,-1594.942696,1587.750.sbml.csv,Lactobacillus helveticus,Lactobacillaceae
-2806.635376,-1805.366884,1587.750.sbml.csv,Lactobacillus helveticus,Lactobacillaceae
-2252.294019,-2267.089081,1587.750.sbml.csv,Lactobacillus helveticus,Lactobacillaceae
-2008.347708,-1740.839827,1587.750.sbml.csv,Lactobacillus helveticus,Lactobacillaceae
-3474.26058,-1716.382702,1587.750.sbml.csv,Lactobacillus helveticus,Lactobacillaceae
-3413.135696,-1817.708502,1587.750.sbml.csv,Lactobacillus helveticus,Lactobacillaceae
-807.8638519,-745.2840991,1587.750.sbml.csv,Lactobacillus helveticus,Lactobacillaceae
-1914.157332,-2440.473408,1587.750.sbml.csv,Lactobacillus helveticus,Lactobacillaceae
-2485.149149,-1758.783679,1587.750.sbml.csv,Lactobacillus helveticus,Lactobacillaceae
-1945.739655,-1516.21136,1587.750.sbml.csv,Lactobacillus helveticus,Lactobacillaceae
-2044.209988,-1048.255534,1587.750.sbml.csv,Lactobacillus helveticus,Lactobacillaceae
-2687.903194,-1833.128051,1587.750.sbml.csv,Lactobacillus helveticus,Lactobacillaceae
-2537.804951,-2297.345113,1587.750.sbml.csv,Lactobacillus helveticus,Lactobacillaceae
-2054.087048,-438.446243,1587.750.sbml.csv,Lactobacillus helveticus,Lactobacillaceae
-2035.48161,-2413.548705,1587.750.sbml.csv,Lactobacillus helveticus,Lactobacillaceae
-1202.22981,-1050.547667,1587.750.sbml.csv,Lactobacillus helveticus,Lactobacillaceae
-1866.221169,-1586.820275,1587.750.sbml.csv,Lactobacillus helveticus,Lactobacillaceae
-2516.548773,-2350.744164,1587.750.sbml.csv,Lactobacillus helveticus,Lactobacillaceae
-2639.822548,-828.096385,1587.750.sbml.csv,Lactobacillus helveticus,Lactobacillaceae
-1608.601655,-69.44135222,1587.750.sbml.csv,Lactobacillus helveticus,Lactobacillaceae
-1542.726206,-1022.957899,1587.750.sbml.csv,Lactobacillus helveticus,Lactobacillaceae
-2534.417171,-117.6902349,1587.750.sbml.csv,Lactobacillus helveticus,Lactobacillaceae
-2354.63178,-2262.957607,1587.750.sbml.csv,Lactobacillus helveticus,Lactobacillaceae
-1941.058618,-743.5909437,1587.750.sbml.csv,Lactobacillus helveticus,Lactobacillaceae
-1491.161606,-1430.926304,1587.750.sbml.csv,Lactobacillus helveticus,Lactobacillaceae
-3228.732162,-2338.459148,1587.750.sbml.csv,Lactobacillus helveticus,Lactobacillaceae
-2608.71229,-1489.531226,1587.750.sbml.csv,Lactobacillus helveticus,Lactobacillaceae
-2357.357898,-2273.288313,1587.750.sbml.csv,Lactobacillus helveticus,Lactobacillaceae
-3160.606224,-2090.69604,1587.750.sbml.csv,Lactobacillus helveticus,Lactobacillaceae
-2645.263538,-2528.307487,1587.750.sbml.csv,Lactobacillus helveticus,Lactobacillaceae
-2542.325153,-2311.975944,1587.750.sbml.csv,Lactobacillus helveticus,Lactobacillaceae
-2393.488249,-2827.504494,1587.750.sbml.csv,Lactobacillus helveticus,Lactobacillaceae
-3015.677569,-1795.435365,1587.750.sbml.csv,Lactobacillus helveticus,Lactobacillaceae
-1175.780579,-2167.991614,1587.750.sbml.csv,Lactobacillus helveticus,Lactobacillaceae
-2272.951612,-144.8632742,1587.750.sbml.csv,Lactobacillus helveticus,Lactobacillaceae
-2710.318539,-3021.282354,1587.750.sbml.csv,Lactobacillus helveticus,Lactobacillaceae
-2386.809886,-1818.672166,1587.750.sbml.csv,Lactobacillus helveticus,Lactobacillaceae
-2522.011683,-1756.193611,1587.750.sbml.csv,Lactobacillus helveticus,Lactobacillaceae
-1249.36106,929.0594631,1587.750.sbml.csv,Lactobacillus helveticus,Lactobacillaceae
-2785.401641,-3321.950684,1587.750.sbml.csv,Lactobacillus helveticus,Lactobacillaceae
-2551.588191,-2503.700753,1587.750.sbml.csv,Lactobacillus helveticus,Lactobacillaceae
-1341.407715,-1374.060937,1587.750.sbml.csv,Lactobacillus helveticus,Lactobacillaceae
-697.4973897,2257.552049,28025.291.sbml.csv,Bifidobacterium animalis II,Bifidobacteriaceae
-2180.086828,2204.834021,28025.291.sbml.csv,Bifidobacterium animalis II,Bifidobacteriaceae
-649.2271071,1993.022403,28025.291.sbml.csv,Bifidobacterium animalis II,Bifidobacteriaceae
-1460.442602,1614.115696,28025.291.sbml.csv,Bifidobacterium animalis II,Bifidobacteriaceae
-1185.40151,2475.860084,28025.291.sbml.csv,Bifidobacterium animalis II,Bifidobacteriaceae
-1079.299324,1678.345877,28025.291.sbml.csv,Bifidobacterium animalis II,Bifidobacteriaceae
-469.5686641,2720.360345,28025.291.sbml.csv,Bifidobacterium animalis II,Bifidobacteriaceae
-822.0142889,2220.01583,28025.291.sbml.csv,Bifidobacterium animalis II,Bifidobacteriaceae
-1084.444911,2695.666008,28025.291.sbml.csv,Bifidobacterium animalis II,Bifidobacteriaceae
-1401.381366,2378.480407,28025.291.sbml.csv,Bifidobacterium animalis II,Bifidobacteriaceae
-1043.121682,3141.114454,28025.291.sbml.csv,Bifidobacterium animalis II,Bifidobacteriaceae
-702.8598151,1104.672484,28025.291.sbml.csv,Bifidobacterium animalis II,Bifidobacteriaceae
-2391.541892,2875.728006,28025.291.sbml.csv,Bifidobacterium animalis II,Bifidobacteriaceae
-256.3456951,3794.841889,28025.291.sbml.csv,Bifidobacterium animalis II,Bifidobacteriaceae
-829.2621018,2748.466843,28025.291.sbml.csv,Bifidobacterium animalis II,Bifidobacteriaceae
-1107.546782,1640.871466,28025.291.sbml.csv,Bifidobacterium animalis II,Bifidobacteriaceae
-1486.055292,2452.058617,28025.291.sbml.csv,Bifidobacterium animalis II,Bifidobacteriaceae
-1733.318696,3128.123113,28025.291.sbml.csv,Bifidobacterium animalis II,Bifidobacteriaceae
-1457.542881,1858.982205,28025.291.sbml.csv,Bifidobacterium animalis II,Bifidobacteriaceae
-306.9909275,2204.582092,28025.291.sbml.csv,Bifidobacterium animalis II,Bifidobacteriaceae
-2471.540675,2828.870751,28025.291.sbml.csv,Bifidobacterium animalis II,Bifidobacteriaceae
-1359.053493,2625.89865,28025.291.sbml.csv,Bifidobacterium animalis II,Bifidobacteriaceae
-1729.739308,3295.526834,28025.291.sbml.csv,Bifidobacterium animalis II,Bifidobacteriaceae
-773.932254,2783.093712,28025.291.sbml.csv,Bifidobacterium animalis II,Bifidobacteriaceae
-1049.691188,2745.810879,28025.291.sbml.csv,Bifidobacterium animalis II,Bifidobacteriaceae
-1114.372718,1931.767415,28025.291.sbml.csv,Bifidobacterium animalis II,Bifidobacteriaceae
-757.7280391,3158.112237,28025.291.sbml.csv,Bifidobacterium animalis II,Bifidobacteriaceae
-1198.48498,2046.412649,28025.291.sbml.csv,Bifidobacterium animalis II,Bifidobacteriaceae
-947.0305584,1685.961164,28025.291.sbml.csv,Bifidobacterium animalis II,Bifidobacteriaceae
-1468.10894,3161.450248,28025.291.sbml.csv,Bifidobacterium animalis II,Bifidobacteriaceae
-570.5132564,3081.19145,28025.291.sbml.csv,Bifidobacterium animalis II,Bifidobacteriaceae
-549.0978512,2416.135932,28025.291.sbml.csv,Bifidobacterium animalis II,Bifidobacteriaceae
-1775.348507,2089.472417,28025.291.sbml.csv,Bifidobacterium animalis II,Bifidobacteriaceae
-1971.240821,1989.944541,28025.291.sbml.csv,Bifidobacterium animalis II,Bifidobacteriaceae
-450.5349904,2971.713401,28025.291.sbml.csv,Bifidobacterium animalis II,Bifidobacteriaceae
-642.1995522,2363.163551,28025.291.sbml.csv,Bifidobacterium animalis II,Bifidobacteriaceae
-1257.878415,2618.676488,28025.291.sbml.csv,Bifidobacterium animalis II,Bifidobacteriaceae
-928.2903387,2798.209817,28025.291.sbml.csv,Bifidobacterium animalis II,Bifidobacteriaceae
-939.7724521,2241.855549,28025.291.sbml.csv,Bifidobacterium animalis II,Bifidobacteriaceae
-1035.240525,1599.170501,28025.291.sbml.csv,Bifidobacterium animalis II,Bifidobacteriaceae
-1076.874282,1934.575113,28025.291.sbml.csv,Bifidobacterium animalis II,Bifidobacteriaceae
-37.4043775,2812.090189,28025.291.sbml.csv,Bifidobacterium animalis II,Bifidobacteriaceae
-650.1093624,1955.006146,28025.291.sbml.csv,Bifidobacterium animalis II,Bifidobacteriaceae
-926.2832666,2351.409635,28025.291.sbml.csv,Bifidobacterium animalis II,Bifidobacteriaceae
-474.9736652,2915.770414,28025.291.sbml.csv,Bifidobacterium animalis II,Bifidobacteriaceae
-1144.629528,1970.108266,28025.291.sbml.csv,Bifidobacterium animalis II,Bifidobacteriaceae
-523.5051098,2639.477805,28025.291.sbml.csv,Bifidobacterium animalis II,Bifidobacteriaceae
-1011.316893,2845.638664,28025.291.sbml.csv,Bifidobacterium animalis II,Bifidobacteriaceae
-1318.616058,685.5890246,28025.291.sbml.csv,Bifidobacterium animalis II,Bifidobacteriaceae
-1243.086563,2458.167173,28025.291.sbml.csv,Bifidobacterium animalis II,Bifidobacteriaceae
-563.1535487,1209.534655,239935.2189.sbml.csv,Akkermansia muciniphila,Akkermansiaceae
-141.7956804,1019.392782,239935.2189.sbml.csv,Akkermansia muciniphila,Akkermansiaceae
-264.2368872,1391.116196,239935.2189.sbml.csv,Akkermansia muciniphila,Akkermansiaceae
329.8769641,2422.698135,239935.2189.sbml.csv,Akkermansia muciniphila,Akkermansiaceae
-327.729695,854.2334069,239935.2189.sbml.csv,Akkermansia muciniphila,Akkermansiaceae
-578.2168735,1962.052997,239935.2189.sbml.csv,Akkermansia muciniphila,Akkermansiaceae
-282.9564431,1901.930487,239935.2189.sbml.csv,Akkermansia muciniphila,Akkermansiaceae
-203.6294635,621.8301729,239935.2189.sbml.csv,Akkermansia muciniphila,Akkermansiaceae
-56.03223518,1522.842805,239935.2189.sbml.csv,Akkermansia muciniphila,Akkermansiaceae
-104.3200222,2503.940993,239935.2189.sbml.csv,Akkermansia muciniphila,Akkermansiaceae
-48.52878681,1805.711963,239935.2189.sbml.csv,Akkermansia muciniphila,Akkermansiaceae
-456.1246186,2005.092618,239935.2189.sbml.csv,Akkermansia muciniphila,Akkermansiaceae
-301.4866779,1824.649117,239935.2189.sbml.csv,Akkermansia muciniphila,Akkermansiaceae
64.1713199,2568.398535,239935.2189.sbml.csv,Akkermansia muciniphila,Akkermansiaceae
-162.984784,1033.893699,239935.2189.sbml.csv,Akkermansia muciniphila,Akkermansiaceae
-240.3421048,1791.444183,239935.2189.sbml.csv,Akkermansia muciniphila,Akkermansiaceae
118.7482621,1238.354108,239935.2189.sbml.csv,Akkermansia muciniphila,Akkermansiaceae
87.64918338,2042.121675,239935.2189.sbml.csv,Akkermansia muciniphila,Akkermansiaceae
-485.2566109,1248.809275,239935.2189.sbml.csv,Akkermansia muciniphila,Akkermansiaceae
88.9736548,1575.346547,239935.2189.sbml.csv,Akkermansia muciniphila,Akkermansiaceae
228.3876859,2050.40126,239935.2189.sbml.csv,Akkermansia muciniphila,Akkermansiaceae
63.20569743,731.195523,239935.2189.sbml.csv,Akkermansia muciniphila,Akkermansiaceae
-496.7059234,1745.333896,239935.2189.sbml.csv,Akkermansia muciniphila,Akkermansiaceae
-527.7915993,1044.854613,239935.2189.sbml.csv,Akkermansia muciniphila,Akkermansiaceae
169.2870342,706.4417849,239935.2189.sbml.csv,Akkermansia muciniphila,Akkermansiaceae
-264.3966795,1157.171208,239935.2189.sbml.csv,Akkermansia muciniphila,Akkermansiaceae
-186.0505262,1194.399074,239935.2189.sbml.csv,Akkermansia muciniphila,Akkermansiaceae
-388.4918537,862.4320685,239935.2189.sbml.csv,Akkermansia muciniphila,Akkermansiaceae
-611.1746271,1401.987776,239935.2189.sbml.csv,Akkermansia muciniphila,Akkermansiaceae
-596.8305467,1171.029038,239935.2189.sbml.csv,Akkermansia muciniphila,Akkermansiaceae
-92.10498417,2264.814363,239935.2189.sbml.csv,Akkermansia muciniphila,Akkermansiaceae
-23.9604228,466.8965261,239935.2189.sbml.csv,Akkermansia muciniphila,Akkermansiaceae
-20.15152057,1856.383135,239935.2189.sbml.csv,Akkermansia muciniphila,Akkermansiaceae
-135.8538788,1904.640513,239935.2189.sbml.csv,Akkermansia muciniphila,Akkermansiaceae
-21.57344208,824.253742,239935.2189.sbml.csv,Akkermansia muciniphila,Akkermansiaceae
-232.2781239,1514.075995,239935.2189.sbml.csv,Akkermansia muciniphila,Akkermansiaceae
-43.15509159,1894.573364,239935.2189.sbml.csv,Akkermansia muciniphila,Akkermansiaceae
-394.4973473,1454.761194,239935.2189.sbml.csv,Akkermansia muciniphila,Akkermansiaceae
178.0700791,1331.790086,239935.2189.sbml.csv,Akkermansia muciniphila,Akkermansiaceae
-255.7690794,1772.516319,239935.2189.sbml.csv,Akkermansia muciniphila,Akkermansiaceae
-366.0871824,870.6409555,239935.2189.sbml.csv,Akkermansia muciniphila,Akkermansiaceae
-68.77325888,2128.870111,239935.2189.sbml.csv,Akkermansia muciniphila,Akkermansiaceae
-145.500241,1109.648444,239935.2189.sbml.csv,Akkermansia muciniphila,Akkermansiaceae
-469.9297162,869.9821352,239935.2189.sbml.csv,Akkermansia muciniphila,Akkermansiaceae
-91.44014346,2174.953355,239935.2189.sbml.csv,Akkermansia muciniphila,Akkermansiaceae
-184.5547335,1244.997029,239935.2189.sbml.csv,Akkermansia muciniphila,Akkermansiaceae
-504.1800113,1326.474599,239935.2189.sbml.csv,Akkermansia muciniphila,Akkermansiaceae
-386.0014851,1455.537219,239935.2189.sbml.csv,Akkermansia muciniphila,Akkermansiaceae
156.3028184,1744.155707,239935.2189.sbml.csv,Akkermansia muciniphila,Akkermansiaceae
-292.0984745,931.2532354,239935.2189.sbml.csv,Akkermansia muciniphila,Akkermansiaceae
24.04433182,1609.490035,398513.13.sbml.csv,Bifidobacterium bifidum,Bifidobacteriaceae
486.9356328,1861.858464,398513.13.sbml.csv,Bifidobacterium bifidum,Bifidobacteriaceae
24.32788438,1353.07625,398513.13.sbml.csv,Bifidobacterium bifidum,Bifidobacteriaceae
813.3994531,1674.094376,398513.13.sbml.csv,Bifidobacterium bifidum,Bifidobacteriaceae
388.1061872,2054.28235,398513.13.sbml.csv,Bifidobacterium bifidum,Bifidobacteriaceae
867.344519,2336.567277,398513.13.sbml.csv,Bifidobacterium bifidum,Bifidobacteriaceae
1065.125835,1185.950338,398513.13.sbml.csv,Bifidobacterium bifidum,Bifidobacteriaceae
1119.780392,1866.3167,398513.13.sbml.csv,Bifidobacterium bifidum,Bifidobacteriaceae
1037.723047,1611.771644,398513.13.sbml.csv,Bifidobacterium bifidum,Bifidobacteriaceae
1319.617732,1741.771281,398513.13.sbml.csv,Bifidobacterium bifidum,Bifidobacteriaceae
829.0637595,943.9096086,398513.13.sbml.csv,Bifidobacterium bifidum,Bifidobacteriaceae
765.5312681,656.6551395,398513.13.sbml.csv,Bifidobacterium bifidum,Bifidobacteriaceae
568.3935677,974.1902652,398513.13.sbml.csv,Bifidobacterium bifidum,Bifidobacteriaceae
775.4592149,1886.164109,398513.13.sbml.csv,Bifidobacterium bifidum,Bifidobacteriaceae
708.6453477,2035.013849,398513.13.sbml.csv,Bifidobacterium bifidum,Bifidobacteriaceae
683.4769135,1149.716173,398513.13.sbml.csv,Bifidobacterium bifidum,Bifidobacteriaceae
537.843191,1632.631726,398513.13.sbml.csv,Bifidobacterium bifidum,Bifidobacteriaceae
104.563651,919.5816305,398513.13.sbml.csv,Bifidobacterium bifidum,Bifidobacteriaceae
858.789689,1057.234386,398513.13.sbml.csv,Bifidobacterium bifidum,Bifidobacteriaceae
456.5681456,618.83764,398513.13.sbml.csv,Bifidobacterium bifidum,Bifidobacteriaceae
589.9569516,1610.288087,398513.13.sbml.csv,Bifidobacterium bifidum,Bifidobacteriaceae
713.0192644,1846.534947,398513.13.sbml.csv,Bifidobacterium bifidum,Bifidobacteriaceae
507.242081,2477.563644,398513.13.sbml.csv,Bifidobacterium bifidum,Bifidobacteriaceae
1194.812157,2531.782812,398513.13.sbml.csv,Bifidobacterium bifidum,Bifidobacteriaceae
363.2525044,2799.420642,398513.13.sbml.csv,Bifidobacterium bifidum,Bifidobacteriaceae
929.5088291,1389.30007,398513.13.sbml.csv,Bifidobacterium bifidum,Bifidobacteriaceae
723.1138988,1162.188476,398513.13.sbml.csv,Bifidobacterium bifidum,Bifidobacteriaceae
1197.025947,2174.60462,398513.13.sbml.csv,Bifidobacterium bifidum,Bifidobacteriaceae
109.5780358,440.2281914,398513.13.sbml.csv,Bifidobacterium bifidum,Bifidobacteriaceae
1349.854782,1548.790793,398513.13.sbml.csv,Bifidobacterium bifidum,Bifidobacteriaceae
-462.6926618,1490.184017,398513.13.sbml.csv,Bifidobacterium bifidum,Bifidobacteriaceae
650.8396762,1615.894484,398513.13.sbml.csv,Bifidobacterium bifidum,Bifidobacteriaceae
928.3037163,1876.089248,398513.13.sbml.csv,Bifidobacterium bifidum,Bifidobacteriaceae
459.2757341,1387.278009,398513.13.sbml.csv,Bifidobacterium bifidum,Bifidobacteriaceae
1057.178899,2097.395394,398513.13.sbml.csv,Bifidobacterium bifidum,Bifidobacteriaceae
130.1704987,1545.378207,398513.13.sbml.csv,Bifidobacterium bifidum,Bifidobacteriaceae
1196.674387,2310.635286,398513.13.sbml.csv,Bifidobacterium bifidum,Bifidobacteriaceae
625.8457197,2127.014122,398513.13.sbml.csv,Bifidobacterium bifidum,Bifidobacteriaceae
1109.742969,2380.602849,398513.13.sbml.csv,Bifidobacterium bifidum,Bifidobacteriaceae
1228.479057,1835.647243,398513.13.sbml.csv,Bifidobacterium bifidum,Bifidobacteriaceae
831.7279604,2540.974755,398513.13.sbml.csv,Bifidobacterium bifidum,Bifidobacteriaceae
556.643669,1653.203915,398513.13.sbml.csv,Bifidobacterium bifidum,Bifidobacteriaceae
854.8169286,1081.104713,398513.13.sbml.csv,Bifidobacterium bifidum,Bifidobacteriaceae
374.6471337,1816.180371,398513.13.sbml.csv,Bifidobacterium bifidum,Bifidobacteriaceae
1235.443798,2788.307772,398513.13.sbml.csv,Bifidobacterium bifidum,Bifidobacteriaceae
461.7806628,2723.107849,398513.13.sbml.csv,Bifidobacterium bifidum,Bifidobacteriaceae
1012.582177,1992.837491,398513.13.sbml.csv,Bifidobacterium bifidum,Bifidobacteriaceae
1035.253373,1822.961725,398513.13.sbml.csv,Bifidobacterium bifidum,Bifidobacteriaceae
1401.092812,2206.825488,398513.13.sbml.csv,Bifidobacterium bifidum,Bifidobacteriaceae
-194.2231082,1905.13133,398513.13.sbml.csv,Bifidobacterium bifidum,Bifidobacteriaceae
1457.080961,1271.883339,1613.511.sbml.csv,Limosilactobacillus fermentum I,Lactobacillaceae
768.2867924,580.9893453,1613.511.sbml.csv,Limosilactobacillus fermentum I,Lactobacillaceae
319.0914345,-331.5808201,1613.511.sbml.csv,Limosilactobacillus fermentum I,Lactobacillaceae
1332.132348,100.1713168,1613.511.sbml.csv,Limosilactobacillus fermentum I,Lactobacillaceae
405.0663746,-1089.110409,1613.511.sbml.csv,Limosilactobacillus fermentum I,Lactobacillaceae
-2785.970548,27.72367894,1613.511.sbml.csv,Limosilactobacillus fermentum I,Lactobacillaceae
-305.7984405,55.84891234,1613.511.sbml.csv,Limosilactobacillus fermentum I,Lactobacillaceae
106.444567,-1594.887151,1613.511.sbml.csv,Limosilactobacillus fermentum I,Lactobacillaceae
976.9119327,388.4692515,1613.511.sbml.csv,Limosilactobacillus fermentum I,Lactobacillaceae
820.9511183,-53.53891871,1613.511.sbml.csv,Limosilactobacillus fermentum I,Lactobacillaceae
217.5946204,969.3390777,1613.511.sbml.csv,Limosilactobacillus fermentum I,Lactobacillaceae
866.854885,-741.4309227,1613.511.sbml.csv,Limosilactobacillus fermentum I,Lactobacillaceae
652.5772024,-1262.004172,1613.511.sbml.csv,Limosilactobacillus fermentum I,Lactobacillaceae
-323.1934866,-385.4884338,1613.511.sbml.csv,Limosilactobacillus fermentum I,Lactobacillaceae
-228.7389221,-1761.631157,1613.511.sbml.csv,Limosilactobacillus fermentum I,Lactobacillaceae
1538.905694,-1129.042319,1613.511.sbml.csv,Limosilactobacillus fermentum I,Lactobacillaceae
-868.8561945,-784.8371622,1613.511.sbml.csv,Limosilactobacillus fermentum I,Lactobacillaceae
421.559653,-697.68373,1613.511.sbml.csv,Limosilactobacillus fermentum I,Lactobacillaceae
797.7032701,-990.2610536,1613.511.sbml.csv,Limosilactobacillus fermentum I,Lactobacillaceae
-209.2042704,-178.568245,1613.511.sbml.csv,Limosilactobacillus fermentum I,Lactobacillaceae
-470.6555154,886.8222843,1613.511.sbml.csv,Limosilactobacillus fermentum I,Lactobacillaceae
-90.13695983,564.3727422,1613.511.sbml.csv,Limosilactobacillus fermentum I,Lactobacillaceae
458.6897475,-363.0599486,1613.511.sbml.csv,Limosilactobacillus fermentum I,Lactobacillaceae
154.7352435,-369.1236615,1613.511.sbml.csv,Limosilactobacillus fermentum I,Lactobacillaceae
-1006.695019,-45.44166729,1613.511.sbml.csv,Limosilactobacillus fermentum I,Lactobacillaceae
905.244702,91.60420156,1613.511.sbml.csv,Limosilactobacillus fermentum I,Lactobacillaceae
812.4246514,369.1821838,1613.511.sbml.csv,Limosilactobacillus fermentum I,Lactobacillaceae
418.0610171,-661.392193,1613.511.sbml.csv,Limosilactobacillus fermentum I,Lactobacillaceae
-903.4285046,-346.5608439,1613.511.sbml.csv,Limosilactobacillus fermentum I,Lactobacillaceae
508.2326918,128.4414117,1613.511.sbml.csv,Limosilactobacillus fermentum I,Lactobacillaceae
1748.34538,-897.7538902,1613.511.sbml.csv,Limosilactobacillus fermentum I,Lactobacillaceae
215.5986848,301.6897384,1613.511.sbml.csv,Limosilactobacillus fermentum I,Lactobacillaceae
652.1549082,-567.3188222,1613.511.sbml.csv,Limosilactobacillus fermentum I,Lactobacillaceae
-727.5498247,831.4406763,1613.511.sbml.csv,Limosilactobacillus fermentum I,Lactobacillaceae
-127.4271794,769.4716441,1613.511.sbml.csv,Limosilactobacillus fermentum I,Lactobacillaceae
181.3523517,-222.5683646,1613.511.sbml.csv,Limosilactobacillus fermentum I,Lactobacillaceae
689.0892184,1239.150501,1613.511.sbml.csv,Limosilactobacillus fermentum I,Lactobacillaceae
-99.81918097,-1257.089137,1613.511.sbml.csv,Limosilactobacillus fermentum I,Lactobacillaceae
-581.0143446,-820.9648736,1613.511.sbml.csv,Limosilactobacillus fermentum I,Lactobacillaceae
676.2190968,1561.76265,1613.511.sbml.csv,Limosilactobacillus fermentum I,Lactobacillaceae
4.537550807,379.914003,1613.511.sbml.csv,Limosilactobacillus fermentum I,Lactobacillaceae
2.075833954,-970.798589,1613.511.sbml.csv,Limosilactobacillus fermentum I,Lactobacillaceae
-1525.981532,357.354786,1613.511.sbml.csv,Limosilactobacillus fermentum I,Lactobacillaceae
53.06312838,-1460.610409,1613.511.sbml.csv,Limosilactobacillus fermentum I,Lactobacillaceae
-244.8102031,-587.5790807,1613.511.sbml.csv,Limosilactobacillus fermentum I,Lactobacillaceae
-269.9862699,171.6368965,1613.511.sbml.csv,Limosilactobacillus fermentum I,Lactobacillaceae
-387.5022128,-155.5437713,1613.511.sbml.csv,Limosilactobacillus fermentum I,Lactobacillaceae
885.6952947,104.8828744,1613.511.sbml.csv,Limosilactobacillus fermentum I,Lactobacillaceae
-460.7040463,339.5921064,1613.511.sbml.csv,Limosilactobacillus fermentum I,Lactobacillaceae
663.7017911,191.0696451,1613.511.sbml.csv,Limosilactobacillus fermentum I,Lactobacillaceae
267.9616898,-1813.752649,1580.66.sbml.csv,Lactobacillus brevis,Lactobacillaceae
876.5170251,-999.9569791,1580.66.sbml.csv,Lactobacillus brevis,Lactobacillaceae
674.1532627,-2109.19595,1580.66.sbml.csv,Lactobacillus brevis,Lactobacillaceae
1654.361749,-1725.924261,1580.66.sbml.csv,Lactobacillus brevis,Lactobacillaceae
763.7446178,-851.7131441,1580.66.sbml.csv,Lactobacillus brevis,Lactobacillaceae
1314.738425,-1747.272877,1580.66.sbml.csv,Lactobacillus brevis,Lactobacillaceae
1454.682793,-612.9001536,1580.66.sbml.csv,Lactobacillus brevis,Lactobacillaceae
345.4652869,-636.7992516,1580.66.sbml.csv,Lactobacillus brevis,Lactobacillaceae
-18.1315486,-792.8173161,1580.66.sbml.csv,Lactobacillus brevis,Lactobacillaceae
1162.214256,-426.5616545,1580.66.sbml.csv,Lactobacillus brevis,Lactobacillaceae
588.9240171,-1232.651354,1580.66.sbml.csv,Lactobacillus brevis,Lactobacillaceae
13.29357062,-1104.094126,1580.66.sbml.csv,Lactobacillus brevis,Lactobacillaceae
912.5003765,-296.2507211,1580.66.sbml.csv,Lactobacillus brevis,Lactobacillaceae
164.1719525,-1357.863408,1580.66.sbml.csv,Lactobacillus brevis,Lactobacillaceae
1566.830949,-761.8426465,1580.66.sbml.csv,Lactobacillus brevis,Lactobacillaceae
1062.716837,-257.9700346,1580.66.sbml.csv,Lactobacillus brevis,Lactobacillaceae
1604.502394,42.12854042,1580.66.sbml.csv,Lactobacillus brevis,Lactobacillaceae
1093.085973,-701.5297757,1580.66.sbml.csv,Lactobacillus brevis,Lactobacillaceae
1622.955115,-1768.059202,1580.66.sbml.csv,Lactobacillus brevis,Lactobacillaceae
2255.637849,-1911.757002,1580.66.sbml.csv,Lactobacillus brevis,Lactobacillaceae
1915.49363,-1745.950473,1580.66.sbml.csv,Lactobacillus brevis,Lactobacillaceae
1587.439061,-2059.65243,1580.66.sbml.csv,Lactobacillus brevis,Lactobacillaceae
1827.3017,-1189.979557,1580.66.sbml.csv,Lactobacillus brevis,Lactobacillaceae
1620.909143,-1704.915689,1580.66.sbml.csv,Lactobacillus brevis,Lactobacillaceae
1487.48637,-2213.602666,1580.66.sbml.csv,Lactobacillus brevis,Lactobacillaceae
414.2856224,149.6406444,1580.66.sbml.csv,Lactobacillus brevis,Lactobacillaceae
-106.5262169,-703.0416997,1580.66.sbml.csv,Lactobacillus brevis,Lactobacillaceae
1980.494181,-359.7716165,1580.66.sbml.csv,Lactobacillus brevis,Lactobacillaceae
1068.041427,-124.178191,1580.66.sbml.csv,Lactobacillus brevis,Lactobacillaceae
693.6284776,-710.0254776,1580.66.sbml.csv,Lactobacillus brevis,Lactobacillaceae
2348.425561,-2658.313704,1580.66.sbml.csv,Lactobacillus brevis,Lactobacillaceae
-365.8118852,-581.289165,1580.66.sbml.csv,Lactobacillus brevis,Lactobacillaceae
80.77884484,-1929.323231,1580.66.sbml.csv,Lactobacillus brevis,Lactobacillaceae
1491.444896,-2499.257969,1580.66.sbml.csv,Lactobacillus brevis,Lactobacillaceae
816.0782429,-2325.132721,1580.66.sbml.csv,Lactobacillus brevis,Lactobacillaceae
304.9835556,-548.3598121,1580.66.sbml.csv,Lactobacillus brevis,Lactobacillaceae
883.5861616,-892.1437307,1580.66.sbml.csv,Lactobacillus brevis,Lactobacillaceae
1113.58515,-2342.437968,1580.66.sbml.csv,Lactobacillus brevis,Lactobacillaceae
1624.152742,-2673.320423,1580.66.sbml.csv,Lactobacillus brevis,Lactobacillaceae
1938.133026,-742.3232651,1580.66.sbml.csv,Lactobacillus brevis,Lactobacillaceae
1014.161025,-850.3338802,1580.66.sbml.csv,Lactobacillus brevis,Lactobacillaceae
225.6811824,-943.2151936,1580.66.sbml.csv,Lactobacillus brevis,Lactobacillaceae
2255.327121,-1371.698916,1580.66.sbml.csv,Lactobacillus brevis,Lactobacillaceae
1065.12117,-1984.723372,1580.66.sbml.csv,Lactobacillus brevis,Lactobacillaceae
2704.523908,-674.7607565,1580.66.sbml.csv,Lactobacillus brevis,Lactobacillaceae
1371.125673,-1986.828756,1580.66.sbml.csv,Lactobacillus brevis,Lactobacillaceae
1805.459859,579.7412845,1580.66.sbml.csv,Lactobacillus brevis,Lactobacillaceae
1536.700753,-1595.388233,1580.66.sbml.csv,Lactobacillus brevis,Lactobacillaceae
2538.087267,-1887.539682,1580.66.sbml.csv,Lactobacillus brevis,Lactobacillaceae
1424.262136,-1460.066047,1580.66.sbml.csv,Lactobacillus brevis,Lactobacillaceae
74.34956258,380.7512309,784613.4.sbml.csv,Lactobacillus delbrueckii,Lactobacillaceae
273.7666641,-561.2128544,784613.4.sbml.csv,Lactobacillus delbrueckii,Lactobacillaceae
-2405.077373,-1582.254731,784613.4.sbml.csv,Lactobacillus delbrueckii,Lactobacillaceae
-2113.543915,-727.375686,784613.4.sbml.csv,Lactobacillus delbrueckii,Lactobacillaceae
-1105.666394,-1094.62403,784613.4.sbml.csv,Lactobacillus delbrueckii,Lactobacillaceae
-249.6510155,-1240.80333,784613.4.sbml.csv,Lactobacillus delbrueckii,Lactobacillaceae
442.1707745,-750.7059588,784613.4.sbml.csv,Lactobacillus delbrueckii,Lactobacillaceae
-1197.586836,-1162.640778,784613.4.sbml.csv,Lactobacillus delbrueckii,Lactobacillaceae
-824.0515113,-526.5379265,784613.4.sbml.csv,Lactobacillus delbrueckii,Lactobacillaceae
375.4921963,-75.83608004,784613.4.sbml.csv,Lactobacillus delbrueckii,Lactobacillaceae
-388.5339431,-1760.156083,784613.4.sbml.csv,Lactobacillus delbrueckii,Lactobacillaceae
719.8979193,600.2954772,784613.4.sbml.csv,Lactobacillus delbrueckii,Lactobacillaceae
44.23938216,-771.0424674,784613.4.sbml.csv,Lactobacillus delbrueckii,Lactobacillaceae
948.5632049,-75.12734842,784613.4.sbml.csv,Lactobacillus delbrueckii,Lactobacillaceae
191.3925959,190.940231,784613.4.sbml.csv,Lactobacillus delbrueckii,Lactobacillaceae
193.0483037,177.1264515,784613.4.sbml.csv,Lactobacillus delbrueckii,Lactobacillaceae
309.3725467,-570.8846318,784613.4.sbml.csv,Lactobacillus delbrueckii,Lactobacillaceae
-656.0980179,-439.3132826,784613.4.sbml.csv,Lactobacillus delbrueckii,Lactobacillaceae
-1739.360207,-750.3685251,784613.4.sbml.csv,Lactobacillus delbrueckii,Lactobacillaceae
-1758.689568,-267.5069307,784613.4.sbml.csv,Lactobacillus delbrueckii,Lactobacillaceae
-1817.349564,-904.1046515,784613.4.sbml.csv,Lactobacillus delbrueckii,Lactobacillaceae
-651.5196974,-1127.250205,784613.4.sbml.csv,Lactobacillus delbrueckii,Lactobacillaceae
-621.4521008,-52.20930951,784613.4.sbml.csv,Lactobacillus delbrueckii,Lactobacillaceae
965.5750561,523.820324,784613.4.sbml.csv,Lactobacillus delbrueckii,Lactobacillaceae
-700.3520357,-867.7308265,784613.4.sbml.csv,Lactobacillus delbrueckii,Lactobacillaceae
-1781.682127,-1363.546324,784613.4.sbml.csv,Lactobacillus delbrueckii,Lactobacillaceae
-1412.319896,-1361.763374,784613.4.sbml.csv,Lactobacillus delbrueckii,Lactobacillaceae
-361.6017657,-836.6282429,784613.4.sbml.csv,Lactobacillus delbrueckii,Lactobacillaceae
-320.0824949,-731.8553468,784613.4.sbml.csv,Lactobacillus delbrueckii,Lactobacillaceae
60.80461561,-632.4312967,784613.4.sbml.csv,Lactobacillus delbrueckii,Lactobacillaceae
-1498.287497,-1825.956827,784613.4.sbml.csv,Lactobacillus delbrueckii,Lactobacillaceae
480.9020592,-309.4592011,784613.4.sbml.csv,Lactobacillus delbrueckii,Lactobacillaceae
-83.9558701,-1317.182704,784613.4.sbml.csv,Lactobacillus delbrueckii,Lactobacillaceae
-2396.449616,-544.996492,784613.4.sbml.csv,Lactobacillus delbrueckii,Lactobacillaceae
-1856.064435,-1180.413487,784613.4.sbml.csv,Lactobacillus delbrueckii,Lactobacillaceae
-1319.298839,-755.4237223,784613.4.sbml.csv,Lactobacillus delbrueckii,Lactobacillaceae
-901.2607132,-659.8281993,784613.4.sbml.csv,Lactobacillus delbrueckii,Lactobacillaceae
-2127.689843,-1563.847087,784613.4.sbml.csv,Lactobacillus delbrueckii,Lactobacillaceae
-1511.874769,-1521.688065,784613.4.sbml.csv,Lactobacillus delbrueckii,Lactobacillaceae
-1859.186623,-822.2062598,784613.4.sbml.csv,Lactobacillus delbrueckii,Lactobacillaceae
-81.09227433,-241.3005034,784613.4.sbml.csv,Lactobacillus delbrueckii,Lactobacillaceae
-806.2034767,-709.9461928,784613.4.sbml.csv,Lactobacillus delbrueckii,Lactobacillaceae
1070.212665,-27.88709798,784613.4.sbml.csv,Lactobacillus delbrueckii,Lactobacillaceae
-746.9954389,-684.0006779,784613.4.sbml.csv,Lactobacillus delbrueckii,Lactobacillaceae
-2093.303597,-609.0147566,784613.4.sbml.csv,Lactobacillus delbrueckii,Lactobacillaceae
-1069.439643,-837.5333338,784613.4.sbml.csv,Lactobacillus delbrueckii,Lactobacillaceae
390.6011514,-1228.944417,784613.4.sbml.csv,Lactobacillus delbrueckii,Lactobacillaceae
-1641.446958,-1301.486215,784613.4.sbml.csv,Lactobacillus delbrueckii,Lactobacillaceae
-478.473564,-645.5555462,784613.4.sbml.csv,Lactobacillus delbrueckii,Lactobacillaceae
-773.5752059,-394.2415051,784613.4.sbml.csv,Lactobacillus delbrueckii,Lactobacillaceae
-1759.215827,2512.117483,1685.10.sbml.csv,Bifidobacterium breve,Bifidobacteriaceae
-2169.063185,2099.84804,1685.10.sbml.csv,Bifidobacterium breve,Bifidobacteriaceae
223.1824107,2671.398693,1685.10.sbml.csv,Bifidobacterium breve,Bifidobacteriaceae
-1996.631108,1997.803564,1685.10.sbml.csv,Bifidobacterium breve,Bifidobacteriaceae
-1062.82125,1719.347893,1685.10.sbml.csv,Bifidobacterium breve,Bifidobacteriaceae
-1873.139257,1701.518442,1685.10.sbml.csv,Bifidobacterium breve,Bifidobacteriaceae
64.83775202,2777.984122,1685.10.sbml.csv,Bifidobacterium breve,Bifidobacteriaceae
-1272.528149,2814.716096,1685.10.sbml.csv,Bifidobacterium breve,Bifidobacteriaceae
148.2856058,1465.207036,1685.10.sbml.csv,Bifidobacterium breve,Bifidobacteriaceae
88.99369657,3063.17986,1685.10.sbml.csv,Bifidobacterium breve,Bifidobacteriaceae
-1009.099347,2725.713499,1685.10.sbml.csv,Bifidobacterium breve,Bifidobacteriaceae
158.4937691,2529.376794,1685.10.sbml.csv,Bifidobacterium breve,Bifidobacteriaceae
-1537.539482,1400.277243,1685.10.sbml.csv,Bifidobacterium breve,Bifidobacteriaceae
582.4437434,3310.844846,1685.10.sbml.csv,Bifidobacterium breve,Bifidobacteriaceae
-854.8187156,2048.092539,1685.10.sbml.csv,Bifidobacterium breve,Bifidobacteriaceae
-1399.734214,2803.940893,1685.10.sbml.csv,Bifidobacterium breve,Bifidobacteriaceae
-1464.669047,2828.266908,1685.10.sbml.csv,Bifidobacterium breve,Bifidobacteriaceae
-2025.973173,1061.071213,1685.10.sbml.csv,Bifidobacterium breve,Bifidobacteriaceae
-1873.761438,2192.978688,1685.10.sbml.csv,Bifidobacterium breve,Bifidobacteriaceae
-1075.688798,1861.000362,1685.10.sbml.csv,Bifidobacterium breve,Bifidobacteriaceae
-687.3005122,1864.275718,1685.10.sbml.csv,Bifidobacterium breve,Bifidobacteriaceae
-328.70578,2581.328383,1685.10.sbml.csv,Bifidobacterium breve,Bifidobacteriaceae
466.7521178,2773.708718,1685.10.sbml.csv,Bifidobacterium breve,Bifidobacteriaceae
-1502.166922,693.23725,1685.10.sbml.csv,Bifidobacterium breve,Bifidobacteriaceae
-1538.651178,634.5116895,1685.10.sbml.csv,Bifidobacterium breve,Bifidobacteriaceae
-582.7155362,2206.333435,1685.10.sbml.csv,Bifidobacterium breve,Bifidobacteriaceae
-408.3459548,2051.733683,1685.10.sbml.csv,Bifidobacterium breve,Bifidobacteriaceae
-686.3197594,3056.883966,1685.10.sbml.csv,Bifidobacterium breve,Bifidobacteriaceae
-1288.474875,1585.950771,1685.10.sbml.csv,Bifidobacterium breve,Bifidobacteriaceae
-1054.408596,2729.790939,1685.10.sbml.csv,Bifidobacterium breve,Bifidobacteriaceae
-621.6594185,1942.312304,1685.10.sbml.csv,Bifidobacterium breve,Bifidobacteriaceae
-741.0392438,3105.159002,1685.10.sbml.csv,Bifidobacterium breve,Bifidobacteriaceae
-1544.62232,2497.124371,1685.10.sbml.csv,Bifidobacterium breve,Bifidobacteriaceae
370.2944694,2672.064702,1685.10.sbml.csv,Bifidobacterium breve,Bifidobacteriaceae
-39.19141227,2629.48787,1685.10.sbml.csv,Bifidobacterium breve,Bifidobacteriaceae
-1376.938317,2039.337751,1685.10.sbml.csv,Bifidobacterium breve,Bifidobacteriaceae
-565.4903318,2278.474274,1685.10.sbml.csv,Bifidobacterium breve,Bifidobacteriaceae
-701.1961443,2425.309902,1685.10.sbml.csv,Bifidobacterium breve,Bifidobacteriaceae
-255.2724879,2324.841511,1685.10.sbml.csv,Bifidobacterium breve,Bifidobacteriaceae
-581.4227584,2461.822597,1685.10.sbml.csv,Bifidobacterium breve,Bifidobacteriaceae
-637.6141744,2414.889586,1685.10.sbml.csv,Bifidobacterium breve,Bifidobacteriaceae
-687.3679227,2543.269005,1685.10.sbml.csv,Bifidobacterium breve,Bifidobacteriaceae
-1025.395603,1981.914554,1685.10.sbml.csv,Bifidobacterium breve,Bifidobacteriaceae
-348.8934562,2251.925338,1685.10.sbml.csv,Bifidobacterium breve,Bifidobacteriaceae
-505.7459175,2893.540828,1685.10.sbml.csv,Bifidobacterium breve,Bifidobacteriaceae
-738.4533713,2330.437656,1685.10.sbml.csv,Bifidobacterium breve,Bifidobacteriaceae
-275.435695,1771.528271,1685.10.sbml.csv,Bifidobacterium breve,Bifidobacteriaceae
-1185.386527,3314.413095,1685.10.sbml.csv,Bifidobacterium breve,Bifidobacteriaceae
-1288.061705,1812.766089,1685.10.sbml.csv,Bifidobacterium breve,Bifidobacteriaceae
-84.03577366,2617.118976,1685.10.sbml.csv,Bifidobacterium breve,Bifidobacteriaceae
-511.8070093,-1305.846832,1598.864.sbml.csv,Lactobacillus reuteri,Lactobacillaceae
217.2399691,-2179.145986,1598.864.sbml.csv,Lactobacillus reuteri,Lactobacillaceae
1392.340735,-2066.025525,1598.864.sbml.csv,Lactobacillus reuteri,Lactobacillaceae
-427.8760342,-2093.819823,1598.864.sbml.csv,Lactobacillus reuteri,Lactobacillaceae
-1557.936373,-1838.314468,1598.864.sbml.csv,Lactobacillus reuteri,Lactobacillaceae
-375.9984521,-1937.811714,1598.864.sbml.csv,Lactobacillus reuteri,Lactobacillaceae
-983.8262074,-1583.268245,1598.864.sbml.csv,Lactobacillus reuteri,Lactobacillaceae
-511.0884438,-1797.078341,1598.864.sbml.csv,Lactobacillus reuteri,Lactobacillaceae
-1076.983841,-1685.216939,1598.864.sbml.csv,Lactobacillus reuteri,Lactobacillaceae
-647.370542,-1749.360674,1598.864.sbml.csv,Lactobacillus reuteri,Lactobacillaceae
-1520.544632,-1294.703983,1598.864.sbml.csv,Lactobacillus reuteri,Lactobacillaceae
10.09278375,-2351.702714,1598.864.sbml.csv,Lactobacillus reuteri,Lactobacillaceae
178.3165512,-2397.819904,1598.864.sbml.csv,Lactobacillus reuteri,Lactobacillaceae
-1462.739281,-1412.649354,1598.864.sbml.csv,Lactobacillus reuteri,Lactobacillaceae
546.3318267,-2087.296645,1598.864.sbml.csv,Lactobacillus reuteri,Lactobacillaceae
-439.2036816,-2148.09711,1598.864.sbml.csv,Lactobacillus reuteri,Lactobacillaceae
-949.2113942,-250.184408,1598.864.sbml.csv,Lactobacillus reuteri,Lactobacillaceae
196.890728,-2900.654758,1598.864.sbml.csv,Lactobacillus reuteri,Lactobacillaceae
-481.599137,-1666.582494,1598.864.sbml.csv,Lactobacillus reuteri,Lactobacillaceae
-1479.751699,-759.5937071,1598.864.sbml.csv,Lactobacillus reuteri,Lactobacillaceae
-1721.295105,-755.1051849,1598.864.sbml.csv,Lactobacillus reuteri,Lactobacillaceae
-1776.126621,-909.0943658,1598.864.sbml.csv,Lactobacillus reuteri,Lactobacillaceae
-2612.615744,-2150.988344,1598.864.sbml.csv,Lactobacillus reuteri,Lactobacillaceae
-2432.761373,-1295.545693,1598.864.sbml.csv,Lactobacillus reuteri,Lactobacillaceae
-308.3059789,-2258.267728,1598.864.sbml.csv,Lactobacillus reuteri,Lactobacillaceae
-788.1813766,-2101.385475,1598.864.sbml.csv,Lactobacillus reuteri,Lactobacillaceae
528.7236273,-2658.274096,1598.864.sbml.csv,Lactobacillus reuteri,Lactobacillaceae
-118.7889469,-2334.920225,1598.864.sbml.csv,Lactobacillus reuteri,Lactobacillaceae
-794.3171976,-1786.930818,1598.864.sbml.csv,Lactobacillus reuteri,Lactobacillaceae
-227.624708,-2323.298842,1598.864.sbml.csv,Lactobacillus reuteri,Lactobacillaceae
-511.9835175,-1806.406856,1598.864.sbml.csv,Lactobacillus reuteri,Lactobacillaceae
14.9638399,-1704.737147,1598.864.sbml.csv,Lactobacillus reuteri,Lactobacillaceae
-834.4751871,-2704.58864,1598.864.sbml.csv,Lactobacillus reuteri,Lactobacillaceae
-417.0110513,-2379.21925,1598.864.sbml.csv,Lactobacillus reuteri,Lactobacillaceae
-1311.188178,-2410.086753,1598.864.sbml.csv,Lactobacillus reuteri,Lactobacillaceae
-209.7587456,-439.5234316,1598.864.sbml.csv,Lactobacillus reuteri,Lactobacillaceae
180.5832174,-711.1546665,1598.864.sbml.csv,Lactobacillus reuteri,Lactobacillaceae
1193.502289,-500.4254556,1598.864.sbml.csv,Lactobacillus reuteri,Lactobacillaceae
-2100.751115,-1629.999723,1598.864.sbml.csv,Lactobacillus reuteri,Lactobacillaceae
845.1491132,-1457.50497,1598.864.sbml.csv,Lactobacillus reuteri,Lactobacillaceae
-348.5006239,-1412.671462,1598.864.sbml.csv,Lactobacillus reuteri,Lactobacillaceae
-300.3721159,-1673.138358,1598.864.sbml.csv,Lactobacillus reuteri,Lactobacillaceae
-974.7443165,-1468.777739,1598.864.sbml.csv,Lactobacillus reuteri,Lactobacillaceae
-440.4016855,-1129.884513,1598.864.sbml.csv,Lactobacillus reuteri,Lactobacillaceae
-1026.95033,-2268.12452,1598.864.sbml.csv,Lactobacillus reuteri,Lactobacillaceae
-1622.244849,-2425.087303,1598.864.sbml.csv,Lactobacillus reuteri,Lactobacillaceae
412.0110888,-2546.205152,1598.864.sbml.csv,Lactobacillus reuteri,Lactobacillaceae
-539.8200549,-1430.005254,1598.864.sbml.csv,Lactobacillus reuteri,Lactobacillaceae
537.5485165,-3019.538826,1598.864.sbml.csv,Lactobacillus reuteri,Lactobacillaceae
-1518.686376,-232.6680808,1598.864.sbml.csv,Lactobacillus reuteri,Lactobacillaceae
-1409.129228,-640.5313537,1314884.3.sbml.csv,Lactobacilllus acidophilus,Lactobacillaceae
-2116.790584,-1431.061826,1314884.3.sbml.csv,Lactobacilllus acidophilus,Lactobacillaceae
-1240.085957,-1088.84098,1314884.3.sbml.csv,Lactobacilllus acidophilus,Lactobacillaceae
-2598.897529,-428.0339248,1314884.3.sbml.csv,Lactobacilllus acidophilus,Lactobacillaceae
-3234.447983,-2491.486644,1314884.3.sbml.csv,Lactobacilllus acidophilus,Lactobacillaceae
-2944.771715,-2321.316,1314884.3.sbml.csv,Lactobacilllus acidophilus,Lactobacillaceae
-2823.592669,-777.8729431,1314884.3.sbml.csv,Lactobacilllus acidophilus,Lactobacillaceae
-2964.144621,-714.2393958,1314884.3.sbml.csv,Lactobacilllus acidophilus,Lactobacillaceae
-3235.701996,-1556.078752,1314884.3.sbml.csv,Lactobacilllus acidophilus,Lactobacillaceae
-2464.086164,-2398.229502,1314884.3.sbml.csv,Lactobacilllus acidophilus,Lactobacillaceae
-2849.541468,-795.4615786,1314884.3.sbml.csv,Lactobacilllus acidophilus,Lactobacillaceae
-1574.824378,-135.7565492,1314884.3.sbml.csv,Lactobacilllus acidophilus,Lactobacillaceae
-3611.615597,-1455.729824,1314884.3.sbml.csv,Lactobacilllus acidophilus,Lactobacillaceae
-2352.257465,-1747.249336,1314884.3.sbml.csv,Lactobacilllus acidophilus,Lactobacillaceae
-3472.2143,-1258.613821,1314884.3.sbml.csv,Lactobacilllus acidophilus,Lactobacillaceae
-1813.522202,-936.0306136,1314884.3.sbml.csv,Lactobacilllus acidophilus,Lactobacillaceae
-3531.740984,-1396.104232,1314884.3.sbml.csv,Lactobacilllus acidophilus,Lactobacillaceae
-3042.294829,-148.2613565,1314884.3.sbml.csv,Lactobacilllus acidophilus,Lactobacillaceae
-2765.248634,-1765.9516,1314884.3.sbml.csv,Lactobacilllus acidophilus,Lactobacillaceae
-3109.932168,-973.8918271,1314884.3.sbml.csv,Lactobacilllus acidophilus,Lactobacillaceae
-3221.154666,-1909.037451,1314884.3.sbml.csv,Lactobacilllus acidophilus,Lactobacillaceae
-3187.511973,-2489.515784,1314884.3.sbml.csv,Lactobacilllus acidophilus,Lactobacillaceae
-2896.311804,-1684.045978,1314884.3.sbml.csv,Lactobacilllus acidophilus,Lactobacillaceae
-3579.096769,-1588.795332,1314884.3.sbml.csv,Lactobacilllus acidophilus,Lactobacillaceae
-2108.66289,529.672812,1314884.3.sbml.csv,Lactobacilllus acidophilus,Lactobacillaceae
-1962.33379,-1567.863724,1314884.3.sbml.csv,Lactobacilllus acidophilus,Lactobacillaceae
-1296.119826,-1824.363867,1314884.3.sbml.csv,Lactobacilllus acidophilus,Lactobacillaceae
-2338.890271,-1479.39122,1314884.3.sbml.csv,Lactobacilllus acidophilus,Lactobacillaceae
-2928.511006,-809.0284928,1314884.3.sbml.csv,Lactobacilllus acidophilus,Lactobacillaceae
-2696.847726,-250.4538727,1314884.3.sbml.csv,Lactobacilllus acidophilus,Lactobacillaceae
-2244.982711,-1682.108443,1314884.3.sbml.csv,Lactobacilllus acidophilus,Lactobacillaceae
-3408.44387,-1673.505083,1314884.3.sbml.csv,Lactobacilllus acidophilus,Lactobacillaceae
-1432.450995,-1147.657598,1314884.3.sbml.csv,Lactobacilllus acidophilus,Lactobacillaceae
-2875.828489,-2173.462248,1314884.3.sbml.csv,Lactobacilllus acidophilus,Lactobacillaceae
-2341.661026,-1998.958715,1314884.3.sbml.csv,Lactobacilllus acidophilus,Lactobacillaceae
-1564.405031,-2053.351485,1314884.3.sbml.csv,Lactobacilllus acidophilus,Lactobacillaceae
-3333.383647,-529.3517902,1314884.3.sbml.csv,Lactobacilllus acidophilus,Lactobacillaceae
-2669.868179,-2007.005186,1314884.3.sbml.csv,Lactobacilllus acidophilus,Lactobacillaceae
-2305.464111,-1184.959242,1314884.3.sbml.csv,Lactobacilllus acidophilus,Lactobacillaceae
-3306.755671,-2320.556343,1314884.3.sbml.csv,Lactobacilllus acidophilus,Lactobacillaceae
-3125.286515,-2210.754069,1314884.3.sbml.csv,Lactobacilllus acidophilus,Lactobacillaceae
-3652.558959,-1732.201145,1314884.3.sbml.csv,Lactobacilllus acidophilus,Lactobacillaceae
-3475.347728,-1788.723365,1314884.3.sbml.csv,Lactobacilllus acidophilus,Lactobacillaceae
-2878.514023,-413.6813536,1314884.3.sbml.csv,Lactobacilllus acidophilus,Lactobacillaceae
-2747.613501,-1207.569111,1314884.3.sbml.csv,Lactobacilllus acidophilus,Lactobacillaceae
-1181.45918,-1152.140589,1314884.3.sbml.csv,Lactobacilllus acidophilus,Lactobacillaceae
-3737.667097,-1668.72873,1314884.3.sbml.csv,Lactobacilllus acidophilus,Lactobacillaceae
-2806.579393,-611.1976085,1314884.3.sbml.csv,Lactobacilllus acidophilus,Lactobacillaceae
-3054.619125,-1467.597462,1314884.3.sbml.csv,Lactobacilllus acidophilus,Lactobacillaceae
-3523.4514,-2028.365672,1314884.3.sbml.csv,Lactobacilllus acidophilus,Lactobacillaceae
1386.703359,734.8075549,79880.20.sbml.csv,Bacillus clausii,Bacillaceae
1786.300912,481.4323545,79880.20.sbml.csv,Bacillus clausii,Bacillaceae
1946.675942,-400.1035502,79880.20.sbml.csv,Bacillus clausii,Bacillaceae
1760.339209,544.5715811,79880.20.sbml.csv,Bacillus clausii,Bacillaceae
2047.486183,-647.1016659,79880.20.sbml.csv,Bacillus clausii,Bacillaceae
1876.173501,-718.6186219,79880.20.sbml.csv,Bacillus clausii,Bacillaceae
1606.163859,-288.0468796,79880.20.sbml.csv,Bacillus clausii,Bacillaceae
2612.231392,-52.41848542,79880.20.sbml.csv,Bacillus clausii,Bacillaceae
2327.907916,-665.71027,79880.20.sbml.csv,Bacillus clausii,Bacillaceae
2363.874743,-499.0382333,79880.20.sbml.csv,Bacillus clausii,Bacillaceae
1847.000262,-747.0954335,79880.20.sbml.csv,Bacillus clausii,Bacillaceae
2071.551654,565.2516809,79880.20.sbml.csv,Bacillus clausii,Bacillaceae
1559.220636,61.72525032,79880.20.sbml.csv,Bacillus clausii,Bacillaceae
1687.582553,159.0522768,79880.20.sbml.csv,Bacillus clausii,Bacillaceae
1599.865874,-325.3519692,79880.20.sbml.csv,Bacillus clausii,Bacillaceae
2089.498964,-480.3867886,79880.20.sbml.csv,Bacillus clausii,Bacillaceae
1758.878456,-84.18543658,79880.20.sbml.csv,Bacillus clausii,Bacillaceae
891.043628,-874.4987331,79880.20.sbml.csv,Bacillus clausii,Bacillaceae
1634.661494,-417.257867,79880.20.sbml.csv,Bacillus clausii,Bacillaceae
2401.399815,-307.0529806,79880.20.sbml.csv,Bacillus clausii,Bacillaceae
1548.086441,-489.0765986,79880.20.sbml.csv,Bacillus clausii,Bacillaceae
2004.46313,-933.0296543,79880.20.sbml.csv,Bacillus clausii,Bacillaceae
1940.030484,-694.1205424,79880.20.sbml.csv,Bacillus clausii,Bacillaceae
1693.985369,-603.9910459,79880.20.sbml.csv,Bacillus clausii,Bacillaceae
1211.524053,-470.1655297,79880.20.sbml.csv,Bacillus clausii,Bacillaceae
1936.793222,207.1754533,79880.20.sbml.csv,Bacillus clausii,Bacillaceae
2078.746058,660.290662,79880.20.sbml.csv,Bacillus clausii,Bacillaceae
2350.609989,-1151.892157,79880.20.sbml.csv,Bacillus clausii,Bacillaceae
2464.57913,143.2398947,79880.20.sbml.csv,Bacillus clausii,Bacillaceae
1594.024933,-43.26922392,79880.20.sbml.csv,Bacillus clausii,Bacillaceae
1656.781082,-954.6113161,79880.20.sbml.csv,Bacillus clausii,Bacillaceae
1108.349894,-607.6547594,79880.20.sbml.csv,Bacillus clausii,Bacillaceae
1812.234422,450.8228428,79880.20.sbml.csv,Bacillus clausii,Bacillaceae
1961.777974,-545.8938186,79880.20.sbml.csv,Bacillus clausii,Bacillaceae
1865.966486,-1366.550368,79880.20.sbml.csv,Bacillus clausii,Bacillaceae
2406.059582,-202.8896497,79880.20.sbml.csv,Bacillus clausii,Bacillaceae
824.0203145,-256.8388968,79880.20.sbml.csv,Bacillus clausii,Bacillaceae
2064.962952,-1138.357256,79880.20.sbml.csv,Bacillus clausii,Bacillaceae
1804.626035,-100.1850077,79880.20.sbml.csv,Bacillus clausii,Bacillaceae
2139.343916,1502.615724,79880.20.sbml.csv,Bacillus clausii,Bacillaceae
1836.085436,-744.9092323,79880.20.sbml.csv,Bacillus clausii,Bacillaceae
1742.373291,-176.5946601,79880.20.sbml.csv,Bacillus clausii,Bacillaceae
2085.645958,-851.370196,79880.20.sbml.csv,Bacillus clausii,Bacillaceae
1778.318697,-26.13560111,79880.20.sbml.csv,Bacillus clausii,Bacillaceae
1752.36887,-360.0385105,79880.20.sbml.csv,Bacillus clausii,Bacillaceae
1852.714881,-537.0905825,79880.20.sbml.csv,Bacillus clausii,Bacillaceae
1980.154682,-1085.302333,79880.20.sbml.csv,Bacillus clausii,Bacillaceae
2299.041435,15.16868769,79880.20.sbml.csv,Bacillus clausii,Bacillaceae
1361.718852,-1121.744265,79880.20.sbml.csv,Bacillus clausii,Bacillaceae
1823.92405,-1369.801399,79880.20.sbml.csv,Bacillus clausii,Bacillaceae
-1046.649934,3247.969976,1682.258.sbml.csv,Bifidobacterium longum,Bifidobacteriaceae
-665.4858354,3523.661438,1682.258.sbml.csv,Bifidobacterium longum,Bifidobacteriaceae
-648.4674801,2678.142835,1682.258.sbml.csv,Bifidobacterium longum,Bifidobacteriaceae
-487.7100919,3424.724436,1682.258.sbml.csv,Bifidobacterium longum,Bifidobacteriaceae
421.1113582,2589.384211,1682.258.sbml.csv,Bifidobacterium longum,Bifidobacteriaceae
-1378.933251,2257.47911,1682.258.sbml.csv,Bifidobacterium longum,Bifidobacteriaceae
-1349.140905,1425.548825,1682.258.sbml.csv,Bifidobacterium longum,Bifidobacteriaceae
755.9172856,3950.846168,1682.258.sbml.csv,Bifidobacterium longum,Bifidobacteriaceae
-816.3226993,2850.877116,1682.258.sbml.csv,Bifidobacterium longum,Bifidobacteriaceae
-27.91660578,2122.002654,1682.258.sbml.csv,Bifidobacterium longum,Bifidobacteriaceae
-637.1981396,3104.679864,1682.258.sbml.csv,Bifidobacterium longum,Bifidobacteriaceae
541.9138156,3786.785601,1682.258.sbml.csv,Bifidobacterium longum,Bifidobacteriaceae
54.77573179,3820.706152,1682.258.sbml.csv,Bifidobacterium longum,Bifidobacteriaceae
311.6905314,3961.121789,1682.258.sbml.csv,Bifidobacterium longum,Bifidobacteriaceae
-94.21911435,2984.910673,1682.258.sbml.csv,Bifidobacterium longum,Bifidobacteriaceae
-222.6979826,2674.482485,1682.258.sbml.csv,Bifidobacterium longum,Bifidobacteriaceae
-327.9233273,3271.300185,1682.258.sbml.csv,Bifidobacterium longum,Bifidobacteriaceae
-770.2735168,3217.406836,1682.258.sbml.csv,Bifidobacterium longum,Bifidobacteriaceae
-562.526798,3337.353651,1682.258.sbml.csv,Bifidobacterium longum,Bifidobacteriaceae
-72.89439837,3384.091784,1682.258.sbml.csv,Bifidobacterium longum,Bifidobacteriaceae
-1049.580583,2472.845562,1682.258.sbml.csv,Bifidobacterium longum,Bifidobacteriaceae
-43.71566367,3503.336428,1682.258.sbml.csv,Bifidobacterium longum,Bifidobacteriaceae
-1070.235848,3169.388816,1682.258.sbml.csv,Bifidobacterium longum,Bifidobacteriaceae
-1695.377834,3809.342863,1682.258.sbml.csv,Bifidobacterium longum,Bifidobacteriaceae
-100.0432162,4013.392723,1682.258.sbml.csv,Bifidobacterium longum,Bifidobacteriaceae
-449.2870029,3536.985774,1682.258.sbml.csv,Bifidobacterium longum,Bifidobacteriaceae
-435.1993247,2616.666737,1682.258.sbml.csv,Bifidobacterium longum,Bifidobacteriaceae
41.15828745,3237.788744,1682.258.sbml.csv,Bifidobacterium longum,Bifidobacteriaceae
336.5422088,2691.42622,1682.258.sbml.csv,Bifidobacterium longum,Bifidobacteriaceae
-146.4815424,3356.85392,1682.258.sbml.csv,Bifidobacterium longum,Bifidobacteriaceae
-711.356357,2750.708854,1682.258.sbml.csv,Bifidobacterium longum,Bifidobacteriaceae
547.6646787,3948.154379,1682.258.sbml.csv,Bifidobacterium longum,Bifidobacteriaceae
-1070.734587,3620.255918,1682.258.sbml.csv,Bifidobacterium longum,Bifidobacteriaceae
-241.3901876,3402.706344,1682.258.sbml.csv,Bifidobacterium longum,Bifidobacteriaceae
-247.6900486,3750.396864,1682.258.sbml.csv,Bifidobacterium longum,Bifidobacteriaceae
-401.4207813,2380.606225,1682.258.sbml.csv,Bifidobacterium longum,Bifidobacteriaceae
-99.4357772,3003.269396,1682.258.sbml.csv,Bifidobacterium longum,Bifidobacteriaceae
-618.2181498,3268.994806,1682.258.sbml.csv,Bifidobacterium longum,Bifidobacteriaceae
-1187.706735,3397.239242,1682.258.sbml.csv,Bifidobacterium longum,Bifidobacteriaceae
-81.17330498,3346.433388,1682.258.sbml.csv,Bifidobacterium longum,Bifidobacteriaceae
-890.7675876,3253.056671,1682.258.sbml.csv,Bifidobacterium longum,Bifidobacteriaceae
-1668.275219,3371.488644,1682.258.sbml.csv,Bifidobacterium longum,Bifidobacteriaceae
124.5670007,3495.680598,1682.258.sbml.csv,Bifidobacterium longum,Bifidobacteriaceae
-1780.678509,1256.919337,1682.258.sbml.csv,Bifidobacterium longum,Bifidobacteriaceae
-838.3506181,3073.134293,1682.258.sbml.csv,Bifidobacterium longum,Bifidobacteriaceae
-418.6358367,3259.471125,1682.258.sbml.csv,Bifidobacterium longum,Bifidobacteriaceae
-244.4325612,3364.19861,1682.258.sbml.csv,Bifidobacterium longum,Bifidobacteriaceae
696.6037417,3250.659567,1682.258.sbml.csv,Bifidobacterium longum,Bifidobacteriaceae
-1250.769432,3033.861348,1682.258.sbml.csv,Bifidobacterium longum,Bifidobacteriaceae
1002.163038,3960.709937,1682.258.sbml.csv,Bifidobacterium longum,Bifidobacteriaceae
2617.780308,1063.128941,1121088.10.sbml.csv,Bacillus coagulans,Bacillaceae
2438.032218,2049.158868,1121088.10.sbml.csv,Bacillus coagulans,Bacillaceae
3032.212157,393.8126061,1121088.10.sbml.csv,Bacillus coagulans,Bacillaceae
2104.296684,-1037.265358,1121088.10.sbml.csv,Bacillus coagulans,Bacillaceae
2066.943401,1510.207058,1121088.10.sbml.csv,Bacillus coagulans,Bacillaceae
1624.2933,1111.137044,1121088.10.sbml.csv,Bacillus coagulans,Bacillaceae
2457.550879,436.0254375,1121088.10.sbml.csv,Bacillus coagulans,Bacillaceae
3156.7222,345.672676,1121088.10.sbml.csv,Bacillus coagulans,Bacillaceae
2433.006501,1914.79897,1121088.10.sbml.csv,Bacillus coagulans,Bacillaceae
1997.639192,1424.832572,1121088.10.sbml.csv,Bacillus coagulans,Bacillaceae
1951.833299,713.7479184,1121088.10.sbml.csv,Bacillus coagulans,Bacillaceae
2249.14986,1011.650749,1121088.10.sbml.csv,Bacillus coagulans,Bacillaceae
3175.263488,132.0962359,1121088.10.sbml.csv,Bacillus coagulans,Bacillaceae
577.1870676,783.3670651,1121088.10.sbml.csv,Bacillus coagulans,Bacillaceae
2680.833078,-221.0862042,1121088.10.sbml.csv,Bacillus coagulans,Bacillaceae
2797.977548,1362.227917,1121088.10.sbml.csv,Bacillus coagulans,Bacillaceae
615.8943771,677.9026019,1121088.10.sbml.csv,Bacillus coagulans,Bacillaceae
2292.602417,1512.001845,1121088.10.sbml.csv,Bacillus coagulans,Bacillaceae
483.6003309,1913.740189,1121088.10.sbml.csv,Bacillus coagulans,Bacillaceae
2643.970921,-182.5250571,1121088.10.sbml.csv,Bacillus coagulans,Bacillaceae
3067.328602,31.15231756,1121088.10.sbml.csv,Bacillus coagulans,Bacillaceae
3059.188859,455.6246978,1121088.10.sbml.csv,Bacillus coagulans,Bacillaceae
2876.94471,408.3571885,1121088.10.sbml.csv,Bacillus coagulans,Bacillaceae
2654.008546,55.67852334,1121088.10.sbml.csv,Bacillus coagulans,Bacillaceae
1991.44509,-963.0654977,1121088.10.sbml.csv,Bacillus coagulans,Bacillaceae
2099.362306,-472.9163272,1121088.10.sbml.csv,Bacillus coagulans,Bacillaceae
2938.786018,-763.5329811,1121088.10.sbml.csv,Bacillus coagulans,Bacillaceae
3051.99702,967.6718088,1121088.10.sbml.csv,Bacillus coagulans,Bacillaceae
2389.70985,987.6797317,1121088.10.sbml.csv,Bacillus coagulans,Bacillaceae
1414.612324,573.6776205,1121088.10.sbml.csv,Bacillus coagulans,Bacillaceae
1608.093521,1256.297871,1121088.10.sbml.csv,Bacillus coagulans,Bacillaceae
2582.334286,878.8833663,1121088.10.sbml.csv,Bacillus coagulans,Bacillaceae
2677.381992,257.4078867,1121088.10.sbml.csv,Bacillus coagulans,Bacillaceae
2836.099437,689.4218819,1121088.10.sbml.csv,Bacillus coagulans,Bacillaceae
2306.842763,1119.208983,1121088.10.sbml.csv,Bacillus coagulans,Bacillaceae
2614.081009,-1257.552294,1121088.10.sbml.csv,Bacillus coagulans,Bacillaceae
2865.088614,-99.5773164,1121088.10.sbml.csv,Bacillus coagulans,Bacillaceae
-477.6530681,515.5050698,1121088.10.sbml.csv,Bacillus coagulans,Bacillaceae
2510.386882,884.1009846,1121088.10.sbml.csv,Bacillus coagulans,Bacillaceae
2677.029979,557.293423,1121088.10.sbml.csv,Bacillus coagulans,Bacillaceae
954.4878795,24.93242079,1121088.10.sbml.csv,Bacillus coagulans,Bacillaceae
2167.348719,-170.0958983,1121088.10.sbml.csv,Bacillus coagulans,Bacillaceae
2366.477702,865.1550095,1121088.10.sbml.csv,Bacillus coagulans,Bacillaceae
2107.351447,992.9353862,1121088.10.sbml.csv,Bacillus coagulans,Bacillaceae
2670.246278,872.660294,1121088.10.sbml.csv,Bacillus coagulans,Bacillaceae
2553.630611,0.885926874,1121088.10.sbml.csv,Bacillus coagulans,Bacillaceae
2034.504776,1294.124267,1121088.10.sbml.csv,Bacillus coagulans,Bacillaceae
2595.21325,388.2570586,1121088.10.sbml.csv,Bacillus coagulans,Bacillaceae
1883.098415,494.542422,1121088.10.sbml.csv,Bacillus coagulans,Bacillaceae
728.7175632,626.5165962,1121088.10.sbml.csv,Bacillus coagulans,Bacillaceae
3863.220846,-1686.239164,47715.1833.sbml.csv,Lacticaseibacillus rhamnosus,Lactobacillaceae
2903.191151,-365.2039302,47715.1833.sbml.csv,Lacticaseibacillus rhamnosus,Lactobacillaceae
2708.598128,-625.408088,47715.1833.sbml.csv,Lacticaseibacillus rhamnosus,Lactobacillaceae
2677.86414,-900.5847393,47715.1833.sbml.csv,Lacticaseibacillus rhamnosus,Lactobacillaceae
2871.155369,-1426.234158,47715.1833.sbml.csv,Lacticaseibacillus rhamnosus,Lactobacillaceae
1582.536242,-1961.130056,47715.1833.sbml.csv,Lacticaseibacillus rhamnosus,Lactobacillaceae
2640.96956,822.5055425,47715.1833.sbml.csv,Lacticaseibacillus rhamnosus,Lactobacillaceae
2074.903797,-758.4256977,47715.1833.sbml.csv,Lacticaseibacillus rhamnosus,Lactobacillaceae
258.1670652,-754.1460618,47715.1833.sbml.csv,Lacticaseibacillus rhamnosus,Lactobacillaceae
3479.693786,-1110.884118,47715.1833.sbml.csv,Lacticaseibacillus rhamnosus,Lactobacillaceae
794.274557,-27.15112902,47715.1833.sbml.csv,Lacticaseibacillus rhamnosus,Lactobacillaceae
1407.203331,-248.7176818,47715.1833.sbml.csv,Lacticaseibacillus rhamnosus,Lactobacillaceae
3257.53137,-1848.421437,47715.1833.sbml.csv,Lacticaseibacillus rhamnosus,Lactobacillaceae
3353.62659,-1843.325306,47715.1833.sbml.csv,Lacticaseibacillus rhamnosus,Lactobacillaceae
1419.158132,-1303.508156,47715.1833.sbml.csv,Lacticaseibacillus rhamnosus,Lactobacillaceae
3639.481966,-1831.251273,47715.1833.sbml.csv,Lacticaseibacillus rhamnosus,Lactobacillaceae
2631.357082,-2062.453111,47715.1833.sbml.csv,Lacticaseibacillus rhamnosus,Lactobacillaceae
559.579926,-526.99287,47715.1833.sbml.csv,Lacticaseibacillus rhamnosus,Lactobacillaceae
3212.721887,-1496.398583,47715.1833.sbml.csv,Lacticaseibacillus rhamnosus,Lactobacillaceae
3410.260441,-1379.913262,47715.1833.sbml.csv,Lacticaseibacillus rhamnosus,Lactobacillaceae
2089.782238,-1865.649866,47715.1833.sbml.csv,Lacticaseibacillus rhamnosus,Lactobacillaceae
2678.716443,-1416.421661,47715.1833.sbml.csv,Lacticaseibacillus rhamnosus,Lactobacillaceae
886.8803569,-1111.877005,47715.1833.sbml.csv,Lacticaseibacillus rhamnosus,Lactobacillaceae
2893.066188,-1008.817529,47715.1833.sbml.csv,Lacticaseibacillus rhamnosus,Lactobacillaceae
3623.319655,391.0653259,47715.1833.sbml.csv,Lacticaseibacillus rhamnosus,Lactobacillaceae
3028.789402,-1405.413808,47715.1833.sbml.csv,Lacticaseibacillus rhamnosus,Lactobacillaceae
3465.485296,-2056.949234,47715.1833.sbml.csv,Lacticaseibacillus rhamnosus,Lactobacillaceae
2153.120993,-1796.435559,47715.1833.sbml.csv,Lacticaseibacillus rhamnosus,Lactobacillaceae
1830.908923,-1824.60948,47715.1833.sbml.csv,Lacticaseibacillus rhamnosus,Lactobacillaceae
2849.06745,-1618.287789,47715.1833.sbml.csv,Lacticaseibacillus rhamnosus,Lactobacillaceae
3354.249993,-1930.77663,47715.1833.sbml.csv,Lacticaseibacillus rhamnosus,Lactobacillaceae
2061.450241,-1546.639085,47715.1833.sbml.csv,Lacticaseibacillus rhamnosus,Lactobacillaceae
2620.767776,-856.8419613,47715.1833.sbml.csv,Lacticaseibacillus rhamnosus,Lactobacillaceae
2983.330272,-931.1057068,47715.1833.sbml.csv,Lacticaseibacillus rhamnosus,Lactobacillaceae
3254.617262,-1787.708914,47715.1833.sbml.csv,Lacticaseibacillus rhamnosus,Lactobacillaceae
3433.694479,-1206.145331,47715.1833.sbml.csv,Lacticaseibacillus rhamnosus,Lactobacillaceae
2776.047525,-1567.119032,47715.1833.sbml.csv,Lacticaseibacillus rhamnosus,Lactobacillaceae
3581.066199,-1161.755324,47715.1833.sbml.csv,Lacticaseibacillus rhamnosus,Lactobacillaceae
2379.090714,-1267.974068,47715.1833.sbml.csv,Lacticaseibacillus rhamnosus,Lactobacillaceae
4033.130319,-2126.261233,47715.1833.sbml.csv,Lacticaseibacillus rhamnosus,Lactobacillaceae
3432.467362,-879.7639206,47715.1833.sbml.csv,Lacticaseibacillus rhamnosus,Lactobacillaceae
2576.664221,-1642.921887,47715.1833.sbml.csv,Lacticaseibacillus rhamnosus,Lactobacillaceae
2478.739138,-1243.609566,47715.1833.sbml.csv,Lacticaseibacillus rhamnosus,Lactobacillaceae
1922.308564,661.7605307,47715.1833.sbml.csv,Lacticaseibacillus rhamnosus,Lactobacillaceae
987.9259421,-1397.288978,47715.1833.sbml.csv,Lacticaseibacillus rhamnosus,Lactobacillaceae
2037.497752,-1156.143349,47715.1833.sbml.csv,Lacticaseibacillus rhamnosus,Lactobacillaceae
2380.078433,-595.8122564,47715.1833.sbml.csv,Lacticaseibacillus rhamnosus,Lactobacillaceae
3363.559538,-626.8384164,47715.1833.sbml.csv,Lacticaseibacillus rhamnosus,Lactobacillaceae
3943.084252,-1825.698879,47715.1833.sbml.csv,Lacticaseibacillus rhamnosus,Lactobacillaceae
1895.17022,-503.1826401,47715.1833.sbml.csv,Lacticaseibacillus rhamnosus,Lactobacillaceae
644.8319883,-2321.113801,278197.12.sbml.csv,Pediococcus pentosaceus,Lactobacillaceae
-78.32816591,-1405.108539,278197.12.sbml.csv,Pediococcus pentosaceus,Lactobacillaceae
-1755.399167,-1056.622435,278197.12.sbml.csv,Pediococcus pentosaceus,Lactobacillaceae
1120.554532,-243.1935259,278197.12.sbml.csv,Pediococcus pentosaceus,Lactobacillaceae
-1168.719106,-1018.517185,278197.12.sbml.csv,Pediococcus pentosaceus,Lactobacillaceae
359.1649955,-2152.125055,278197.12.sbml.csv,Pediococcus pentosaceus,Lactobacillaceae
3.281000053,-1680.370276,278197.12.sbml.csv,Pediococcus pentosaceus,Lactobacillaceae
-1213.365064,-1140.465965,278197.12.sbml.csv,Pediococcus pentosaceus,Lactobacillaceae
57.26954909,173.2552317,278197.12.sbml.csv,Pediococcus pentosaceus,Lactobacillaceae
-2668.586913,-1262.372082,278197.12.sbml.csv,Pediococcus pentosaceus,Lactobacillaceae
591.4300385,-2021.322761,278197.12.sbml.csv,Pediococcus pentosaceus,Lactobacillaceae
-361.6438858,-246.6247591,278197.12.sbml.csv,Pediococcus pentosaceus,Lactobacillaceae
-1511.370676,-942.4464022,278197.12.sbml.csv,Pediococcus pentosaceus,Lactobacillaceae
174.8779687,-762.8554323,278197.12.sbml.csv,Pediococcus pentosaceus,Lactobacillaceae
-955.8522824,-3102.37223,278197.12.sbml.csv,Pediococcus pentosaceus,Lactobacillaceae
-1318.844672,-46.96017668,278197.12.sbml.csv,Pediococcus pentosaceus,Lactobacillaceae
-1126.390166,650.1892575,278197.12.sbml.csv,Pediococcus pentosaceus,Lactobacillaceae
-1257.128062,-2459.571648,278197.12.sbml.csv,Pediococcus pentosaceus,Lactobacillaceae
-1239.991045,832.0427528,278197.12.sbml.csv,Pediococcus pentosaceus,Lactobacillaceae
-885.6049278,-394.7678425,278197.12.sbml.csv,Pediococcus pentosaceus,Lactobacillaceae
407.5554811,-291.9427566,278197.12.sbml.csv,Pediococcus pentosaceus,Lactobacillaceae
-541.9364257,-2026.86229,278197.12.sbml.csv,Pediococcus pentosaceus,Lactobacillaceae
-1657.697822,-1327.625938,278197.12.sbml.csv,Pediococcus pentosaceus,Lactobacillaceae
-2112.547162,-1012.134141,278197.12.sbml.csv,Pediococcus pentosaceus,Lactobacillaceae
-62.15095088,-1846.480479,278197.12.sbml.csv,Pediococcus pentosaceus,Lactobacillaceae
643.1403203,-241.5265388,278197.12.sbml.csv,Pediococcus pentosaceus,Lactobacillaceae
238.0114288,-725.3050514,278197.12.sbml.csv,Pediococcus pentosaceus,Lactobacillaceae
9.584112085,-1460.268089,278197.12.sbml.csv,Pediococcus pentosaceus,Lactobacillaceae
362.0076435,-1030.454064,278197.12.sbml.csv,Pediococcus pentosaceus,Lactobacillaceae
-1603.363084,-1873.601487,278197.12.sbml.csv,Pediococcus pentosaceus,Lactobacillaceae
22.44723415,-690.1210288,278197.12.sbml.csv,Pediococcus pentosaceus,Lactobacillaceae
651.4648285,-1327.652203,278197.12.sbml.csv,Pediococcus pentosaceus,Lactobacillaceae
-431.178641,-1079.115179,278197.12.sbml.csv,Pediococcus pentosaceus,Lactobacillaceae
-715.8798256,316.371564,278197.12.sbml.csv,Pediococcus pentosaceus,Lactobacillaceae
-435.7801692,-2934.484107,278197.12.sbml.csv,Pediococcus pentosaceus,Lactobacillaceae
-2085.966955,-2921.530381,278197.12.sbml.csv,Pediococcus pentosaceus,Lactobacillaceae
-1813.471166,-871.8682796,278197.12.sbml.csv,Pediococcus pentosaceus,Lactobacillaceae
-831.9325134,-162.8604805,278197.12.sbml.csv,Pediococcus pentosaceus,Lactobacillaceae
-861.7888915,-2197.821623,278197.12.sbml.csv,Pediococcus pentosaceus,Lactobacillaceae
-602.7868059,-904.1685082,278197.12.sbml.csv,Pediococcus pentosaceus,Lactobacillaceae
-1625.686701,-2803.211702,278197.12.sbml.csv,Pediococcus pentosaceus,Lactobacillaceae
-2194.938905,-1173.80177,278197.12.sbml.csv,Pediococcus pentosaceus,Lactobacillaceae
-1248.141372,-506.9832051,278197.12.sbml.csv,Pediococcus pentosaceus,Lactobacillaceae
-1281.157841,-1452.962473,278197.12.sbml.csv,Pediococcus pentosaceus,Lactobacillaceae
-621.6420574,-1577.376179,278197.12.sbml.csv,Pediococcus pentosaceus,Lactobacillaceae
-1525.066107,-1287.711996,278197.12.sbml.csv,Pediococcus pentosaceus,Lactobacillaceae
-1259.266967,-1595.520699,278197.12.sbml.csv,Pediococcus pentosaceus,Lactobacillaceae
-1584.34253,-576.9487401,278197.12.sbml.csv,Pediococcus pentosaceus,Lactobacillaceae
-281.4916443,-251.0828254,278197.12.sbml.csv,Pediococcus pentosaceus,Lactobacillaceae
554.5777349,-2552.948798,278197.12.sbml.csv,Pediococcus pentosaceus,Lactobacillaceae
4313.693737,-2191.728707,47715.587.sbml.csv,Lactobacillus rhamnosus,Lactobacillaceae
3527.701589,-1440.244059,47715.587.sbml.csv,Lactobacillus rhamnosus,Lactobacillaceae
733.4546365,-938.4552986,47715.587.sbml.csv,Lactobacillus rhamnosus,Lactobacillaceae
3375.736151,-586.7766964,47715.587.sbml.csv,Lactobacillus rhamnosus,Lactobacillaceae
3266.784602,-496.3802459,47715.587.sbml.csv,Lactobacillus rhamnosus,Lactobacillaceae
3776.767945,-2004.47285,47715.587.sbml.csv,Lactobacillus rhamnosus,Lactobacillaceae
3267.029644,-1025.375799,47715.587.sbml.csv,Lactobacillus rhamnosus,Lactobacillaceae
3354.774034,-2104.260536,47715.587.sbml.csv,Lactobacillus rhamnosus,Lactobacillaceae
4079.89116,-1033.656448,47715.587.sbml.csv,Lactobacillus rhamnosus,Lactobacillaceae
3654.373934,-459.3448473,47715.587.sbml.csv,Lactobacillus rhamnosus,Lactobacillaceae
159.712205,-2091.461066,47715.587.sbml.csv,Lactobacillus rhamnosus,Lactobacillaceae
1998.261204,-1344.409719,47715.587.sbml.csv,Lactobacillus rhamnosus,Lactobacillaceae
4039.657122,-921.6215272,47715.587.sbml.csv,Lactobacillus rhamnosus,Lactobacillaceae
3154.431071,-1313.258169,47715.587.sbml.csv,Lactobacillus rhamnosus,Lactobacillaceae
2824.729424,-2223.1653,47715.587.sbml.csv,Lactobacillus rhamnosus,Lactobacillaceae
3739.97057,-1898.107835,47715.587.sbml.csv,Lactobacillus rhamnosus,Lactobacillaceae
4122.200935,-437.1149143,47715.587.sbml.csv,Lactobacillus rhamnosus,Lactobacillaceae
2770.577424,-299.3821454,47715.587.sbml.csv,Lactobacillus rhamnosus,Lactobacillaceae
3549.334518,-2434.552841,47715.587.sbml.csv,Lactobacillus rhamnosus,Lactobacillaceae
2759.830911,-727.9134885,47715.587.sbml.csv,Lactobacillus rhamnosus,Lactobacillaceae
3668.359799,-2303.927417,47715.587.sbml.csv,Lactobacillus rhamnosus,Lactobacillaceae
1771.744637,71.26627677,47715.587.sbml.csv,Lactobacillus rhamnosus,Lactobacillaceae
3821.504617,-1697.121629,47715.587.sbml.csv,Lactobacillus rhamnosus,Lactobacillaceae
3587.827867,-1385.863684,47715.587.sbml.csv,Lactobacillus rhamnosus,Lactobacillaceae
2396.480067,-967.4448311,47715.587.sbml.csv,Lactobacillus rhamnosus,Lactobacillaceae
556.9971995,-645.2086068,47715.587.sbml.csv,Lactobacillus rhamnosus,Lactobacillaceae
1991.5926,-787.4220954,47715.587.sbml.csv,Lactobacillus rhamnosus,Lactobacillaceae
3696.661828,-622.2725945,47715.587.sbml.csv,Lactobacillus rhamnosus,Lactobacillaceae
2739.460461,-1343.947484,47715.587.sbml.csv,Lactobacillus rhamnosus,Lactobacillaceae
3339.824341,-2828.852533,47715.587.sbml.csv,Lactobacillus rhamnosus,Lactobacillaceae
4164.357735,-2012.745071,47715.587.sbml.csv,Lactobacillus rhamnosus,Lactobacillaceae
3803.164248,-1145.590149,47715.587.sbml.csv,Lactobacillus rhamnosus,Lactobacillaceae
1987.638379,439.4444113,47715.587.sbml.csv,Lactobacillus rhamnosus,Lactobacillaceae
3422.200906,-1111.260997,47715.587.sbml.csv,Lactobacillus rhamnosus,Lactobacillaceae
3177.526346,-975.348668,47715.587.sbml.csv,Lactobacillus rhamnosus,Lactobacillaceae
3394.979353,-1689.59957,47715.587.sbml.csv,Lactobacillus rhamnosus,Lactobacillaceae
3147.080613,-2110.684626,47715.587.sbml.csv,Lactobacillus rhamnosus,Lactobacillaceae
2284.650721,-709.4866795,47715.587.sbml.csv,Lactobacillus rhamnosus,Lactobacillaceae
4019.393564,-1457.871,47715.587.sbml.csv,Lactobacillus rhamnosus,Lactobacillaceae
2879.97205,-1411.77163,47715.587.sbml.csv,Lactobacillus rhamnosus,Lactobacillaceae
2991.614546,-809.4208003,47715.587.sbml.csv,Lactobacillus rhamnosus,Lactobacillaceae
3313.384385,-1389.875987,47715.587.sbml.csv,Lactobacillus rhamnosus,Lactobacillaceae
2104.291705,457.1243721,47715.587.sbml.csv,Lactobacillus rhamnosus,Lactobacillaceae
1954.87581,-1800.456436,47715.587.sbml.csv,Lactobacillus rhamnosus,Lactobacillaceae
3934.215728,-1694.865488,47715.587.sbml.csv,Lactobacillus rhamnosus,Lactobacillaceae
3251.14399,-954.1935373,47715.587.sbml.csv,Lactobacillus rhamnosus,Lactobacillaceae
3981.919503,-1365.471785,47715.587.sbml.csv,Lactobacillus rhamnosus,Lactobacillaceae
3947.259482,-1546.802224,47715.587.sbml.csv,Lactobacillus rhamnosus,Lactobacillaceae
3000.365153,-873.4443709,47715.587.sbml.csv,Lactobacillus rhamnosus,Lactobacillaceae
1780.1312,-1902.109119,47715.587.sbml.csv,Lactobacillus rhamnosus,Lactobacillaceae
-244.2388809,-1564.931969,1598.1606.sbml.csv,Limosilactobacillus reuteri,Lactobacillaceae
-1731.805465,-1592.525448,1598.1606.sbml.csv,Limosilactobacillus reuteri,Lactobacillaceae
-1190.916289,-2212.240226,1598.1606.sbml.csv,Limosilactobacillus reuteri,Lactobacillaceae
5.769252379,-1416.250175,1598.1606.sbml.csv,Limosilactobacillus reuteri,Lactobacillaceae
-799.1683698,-1965.376378,1598.1606.sbml.csv,Limosilactobacillus reuteri,Lactobacillaceae
-915.1193719,-2170.274289,1598.1606.sbml.csv,Limosilactobacillus reuteri,Lactobacillaceae
-1050.448241,-138.4969921,1598.1606.sbml.csv,Limosilactobacillus reuteri,Lactobacillaceae
-1150.911824,-356.8242195,1598.1606.sbml.csv,Limosilactobacillus reuteri,Lactobacillaceae
-768.2655563,-3018.298818,1598.1606.sbml.csv,Limosilactobacillus reuteri,Lactobacillaceae
-860.9546257,-2421.534244,1598.1606.sbml.csv,Limosilactobacillus reuteri,Lactobacillaceae
-1275.662226,-2327.812307,1598.1606.sbml.csv,Limosilactobacillus reuteri,Lactobacillaceae
-681.0892135,-2098.307453,1598.1606.sbml.csv,Limosilactobacillus reuteri,Lactobacillaceae
-1152.087014,-1782.300687,1598.1606.sbml.csv,Limosilactobacillus reuteri,Lactobacillaceae
29.26792028,-1411.968034,1598.1606.sbml.csv,Limosilactobacillus reuteri,Lactobacillaceae
-986.4922692,-1477.368601,1598.1606.sbml.csv,Limosilactobacillus reuteri,Lactobacillaceae
317.3978636,-549.6956546,1598.1606.sbml.csv,Limosilactobacillus reuteri,Lactobacillaceae
257.7055644,-1710.098579,1598.1606.sbml.csv,Limosilactobacillus reuteri,Lactobacillaceae
-466.6832616,-2539.062536,1598.1606.sbml.csv,Limosilactobacillus reuteri,Lactobacillaceae
-599.5431415,-1303.063395,1598.1606.sbml.csv,Limosilactobacillus reuteri,Lactobacillaceae
-1900.332409,-1359.727383,1598.1606.sbml.csv,Limosilactobacillus reuteri,Lactobacillaceae
-1054.471182,-2393.200918,1598.1606.sbml.csv,Limosilactobacillus reuteri,Lactobacillaceae
276.7157789,-1063.645307,1598.1606.sbml.csv,Limosilactobacillus reuteri,Lactobacillaceae
-965.0260224,-1466.212929,1598.1606.sbml.csv,Limosilactobacillus reuteri,Lactobacillaceae
-901.9734246,-2162.242509,1598.1606.sbml.csv,Limosilactobacillus reuteri,Lactobacillaceae
-1409.548402,-592.5623717,1598.1606.sbml.csv,Limosilactobacillus reuteri,Lactobacillaceae
-367.219833,-2325.688833,1598.1606.sbml.csv,Limosilactobacillus reuteri,Lactobacillaceae
-1970.940828,-2313.735953,1598.1606.sbml.csv,Limosilactobacillus reuteri,Lactobacillaceae
-629.5131156,-1458.527799,1598.1606.sbml.csv,Limosilactobacillus reuteri,Lactobacillaceae
-699.4919383,-2878.186881,1598.1606.sbml.csv,Limosilactobacillus reuteri,Lactobacillaceae
-1092.591765,-2864.043885,1598.1606.sbml.csv,Limosilactobacillus reuteri,Lactobacillaceae
-490.198799,-1753.586568,1598.1606.sbml.csv,Limosilactobacillus reuteri,Lactobacillaceae
-1559.161686,-963.6072243,1598.1606.sbml.csv,Limosilactobacillus reuteri,Lactobacillaceae
-1080.265783,-1470.350925,1598.1606.sbml.csv,Limosilactobacillus reuteri,Lactobacillaceae
-54.99204231,-1221.980732,1598.1606.sbml.csv,Limosilactobacillus reuteri,Lactobacillaceae
-1740.013654,-2210.002262,1598.1606.sbml.csv,Limosilactobacillus reuteri,Lactobacillaceae
-2791.207797,-473.3877303,1598.1606.sbml.csv,Limosilactobacillus reuteri,Lactobacillaceae
-1227.555653,-1750.569438,1598.1606.sbml.csv,Limosilactobacillus reuteri,Lactobacillaceae
-711.2171916,-1543.528285,1598.1606.sbml.csv,Limosilactobacillus reuteri,Lactobacillaceae
-2397.061336,-2133.820614,1598.1606.sbml.csv,Limosilactobacillus reuteri,Lactobacillaceae
-1757.56009,-1033.418777,1598.1606.sbml.csv,Limosilactobacillus reuteri,Lactobacillaceae
-1851.69441,-618.0535614,1598.1606.sbml.csv,Limosilactobacillus reuteri,Lactobacillaceae
122.8032708,-2113.955064,1598.1606.sbml.csv,Limosilactobacillus reuteri,Lactobacillaceae
-940.0005713,-1093.147885,1598.1606.sbml.csv,Limosilactobacillus reuteri,Lactobacillaceae
-574.0880908,-2134.971437,1598.1606.sbml.csv,Limosilactobacillus reuteri,Lactobacillaceae
-934.5743656,-2133.891217,1598.1606.sbml.csv,Limosilactobacillus reuteri,Lactobacillaceae
623.1297259,-365.9980595,1598.1606.sbml.csv,Limosilactobacillus reuteri,Lactobacillaceae
-962.0310624,-414.3585695,1598.1606.sbml.csv,Limosilactobacillus reuteri,Lactobacillaceae
-1396.246572,-219.1414806,1598.1606.sbml.csv,Limosilactobacillus reuteri,Lactobacillaceae
-1789.195177,-1051.093381,1598.1606.sbml.csv,Limosilactobacillus reuteri,Lactobacillaceae
-654.2951012,-1700.424718,1598.1606.sbml.csv,Limosilactobacillus reuteri,Lactobacillaceae
555.9483548,940.3675939,1613.993.sbml.csv,Limosilactobacillus fermentum II,Lactobacillaceae
1577.441254,-1025.594581,1613.993.sbml.csv,Limosilactobacillus fermentum II,Lactobacillaceae
1544.044418,-993.9397835,1613.993.sbml.csv,Limosilactobacillus fermentum II,Lactobacillaceae
1193.419417,89.20990647,1613.993.sbml.csv,Limosilactobacillus fermentum II,Lactobacillaceae
-281.0824684,-871.6615262,1613.993.sbml.csv,Limosilactobacillus fermentum II,Lactobacillaceae
1276.477331,-1523.556803,1613.993.sbml.csv,Limosilactobacillus fermentum II,Lactobacillaceae
537.363303,-1063.227696,1613.993.sbml.csv,Limosilactobacillus fermentum II,Lactobacillaceae
1397.295431,967.9090455,1613.993.sbml.csv,Limosilactobacillus fermentum II,Lactobacillaceae
929.6300432,-931.9690153,1613.993.sbml.csv,Limosilactobacillus fermentum II,Lactobacillaceae
-1970.522041,-238.524762,1613.993.sbml.csv,Limosilactobacillus fermentum II,Lactobacillaceae
982.8747971,647.6630309,1613.993.sbml.csv,Limosilactobacillus fermentum II,Lactobacillaceae
1379.83003,-234.0472952,1613.993.sbml.csv,Limosilactobacillus fermentum II,Lactobacillaceae
1267.948646,-1288.61944,1613.993.sbml.csv,Limosilactobacillus fermentum II,Lactobacillaceae
697.0104994,-414.8988796,1613.993.sbml.csv,Limosilactobacillus fermentum II,Lactobacillaceae
-13.19146766,-147.1385658,1613.993.sbml.csv,Limosilactobacillus fermentum II,Lactobacillaceae
133.1101052,-545.5122389,1613.993.sbml.csv,Limosilactobacillus fermentum II,Lactobacillaceae
1632.189271,-120.1113918,1613.993.sbml.csv,Limosilactobacillus fermentum II,Lactobacillaceae
-279.6747931,7.606185216,1613.993.sbml.csv,Limosilactobacillus fermentum II,Lactobacillaceae
1061.740667,-771.439202,1613.993.sbml.csv,Limosilactobacillus fermentum II,Lactobacillaceae
-1948.420351,-849.1189124,1613.993.sbml.csv,Limosilactobacillus fermentum II,Lactobacillaceae
1766.445182,-925.8863777,1613.993.sbml.csv,Limosilactobacillus fermentum II,Lactobacillaceae
909.1106007,1092.513972,1613.993.sbml.csv,Limosilactobacillus fermentum II,Lactobacillaceae
880.131107,-1081.515677,1613.993.sbml.csv,Limosilactobacillus fermentum II,Lactobacillaceae
699.7896263,-485.5594274,1613.993.sbml.csv,Limosilactobacillus fermentum II,Lactobacillaceae
536.4512073,-1388.962812,1613.993.sbml.csv,Limosilactobacillus fermentum II,Lactobacillaceae
583.0064886,1289.117574,1613.993.sbml.csv,Limosilactobacillus fermentum II,Lactobacillaceae
49.25594805,695.7567434,1613.993.sbml.csv,Limosilactobacillus fermentum II,Lactobacillaceae
-1092.48594,-1298.688876,1613.993.sbml.csv,Limosilactobacillus fermentum II,Lactobacillaceae
1051.538965,-995.5566201,1613.993.sbml.csv,Limosilactobacillus fermentum II,Lactobacillaceae
1039.214942,110.0780058,1613.993.sbml.csv,Limosilactobacillus fermentum II,Lactobacillaceae
375.4190638,-555.0677679,1613.993.sbml.csv,Limosilactobacillus fermentum II,Lactobacillaceae
982.2219115,-914.2007375,1613.993.sbml.csv,Limosilactobacillus fermentum II,Lactobacillaceae
797.1779683,-1476.241776,1613.993.sbml.csv,Limosilactobacillus fermentum II,Lactobacillaceae
1402.588241,-1052.30922,1613.993.sbml.csv,Limosilactobacillus fermentum II,Lactobacillaceae
1906.454222,66.64830757,1613.993.sbml.csv,Limosilactobacillus fermentum II,Lactobacillaceae
-54.84983039,647.3317046,1613.993.sbml.csv,Limosilactobacillus fermentum II,Lactobacillaceae
1300.19792,131.8004868,1613.993.sbml.csv,Limosilactobacillus fermentum II,Lactobacillaceae
-760.7296861,-164.7696378,1613.993.sbml.csv,Limosilactobacillus fermentum II,Lactobacillaceae
-127.6360144,712.5039225,1613.993.sbml.csv,Limosilactobacillus fermentum II,Lactobacillaceae
228.6273691,-368.8485936,1613.993.sbml.csv,Limosilactobacillus fermentum II,Lactobacillaceae
1009.585117,3.363731143,1613.993.sbml.csv,Limosilactobacillus fermentum II,Lactobacillaceae
-238.5490524,623.0025547,1613.993.sbml.csv,Limosilactobacillus fermentum II,Lactobacillaceae
1129.11617,-337.6497576,1613.993.sbml.csv,Limosilactobacillus fermentum II,Lactobacillaceae
663.0552296,-898.8068845,1613.993.sbml.csv,Limosilactobacillus fermentum II,Lactobacillaceae
-1476.211605,206.2214131,1613.993.sbml.csv,Limosilactobacillus fermentum II,Lactobacillaceae
-982.5122038,1.934139276,1613.993.sbml.csv,Limosilactobacillus fermentum II,Lactobacillaceae
1292.722457,-122.0382512,1613.993.sbml.csv,Limosilactobacillus fermentum II,Lactobacillaceae
301.0529553,-189.9589943,1613.993.sbml.csv,Limosilactobacillus fermentum II,Lactobacillaceae
565.8002551,-85.2862231,1613.993.sbml.csv,Limosilactobacillus fermentum II,Lactobacillaceae
1153.560018,-293.5101819,1613.993.sbml.csv,Limosilactobacillus fermentum II,Lactobacillaceae
1324.822843,541.9505221,1367477.3.sbml.csv,Bacillus infantis,Bacillaceae
1966.578036,1298.205357,1367477.3.sbml.csv,Bacillus infantis,Bacillaceae
847.8834865,406.5746507,1367477.3.sbml.csv,Bacillus infantis,Bacillaceae
891.0780991,140.856466,1367477.3.sbml.csv,Bacillus infantis,Bacillaceae
1850.72564,1433.680111,1367477.3.sbml.csv,Bacillus infantis,Bacillaceae
-28.91778794,1363.382301,1367477.3.sbml.csv,Bacillus infantis,Bacillaceae
237.6439925,-403.446521,1367477.3.sbml.csv,Bacillus infantis,Bacillaceae
999.6793356,1690.538304,1367477.3.sbml.csv,Bacillus infantis,Bacillaceae
99.87529042,257.2980546,1367477.3.sbml.csv,Bacillus infantis,Bacillaceae
-1164.556195,161.3916154,1367477.3.sbml.csv,Bacillus infantis,Bacillaceae
1648.119727,1941.943181,1367477.3.sbml.csv,Bacillus infantis,Bacillaceae
2080.590031,188.4859224,1367477.3.sbml.csv,Bacillus infantis,Bacillaceae
815.7862485,1677.270658,1367477.3.sbml.csv,Bacillus infantis,Bacillaceae
1504.178542,1653.289614,1367477.3.sbml.csv,Bacillus infantis,Bacillaceae
606.4799515,947.5760564,1367477.3.sbml.csv,Bacillus infantis,Bacillaceae
1146.171721,406.9215646,1367477.3.sbml.csv,Bacillus infantis,Bacillaceae
1454.641036,1107.861434,1367477.3.sbml.csv,Bacillus infantis,Bacillaceae
-117.0109769,685.9817171,1367477.3.sbml.csv,Bacillus infantis,Bacillaceae
920.0367648,180.8061448,1367477.3.sbml.csv,Bacillus infantis,Bacillaceae
2263.309357,748.6618407,1367477.3.sbml.csv,Bacillus infantis,Bacillaceae
748.4460574,320.4898308,1367477.3.sbml.csv,Bacillus infantis,Bacillaceae
710.9354587,-21.21906991,1367477.3.sbml.csv,Bacillus infantis,Bacillaceae
-889.1824664,224.7248884,1367477.3.sbml.csv,Bacillus infantis,Bacillaceae
1826.759677,441.251393,1367477.3.sbml.csv,Bacillus infantis,Bacillaceae
1102.402738,1288.961382,1367477.3.sbml.csv,Bacillus infantis,Bacillaceae
973.4553896,418.5581425,1367477.3.sbml.csv,Bacillus infantis,Bacillaceae
1128.203622,545.4711081,1367477.3.sbml.csv,Bacillus infantis,Bacillaceae
1247.198996,314.9943439,1367477.3.sbml.csv,Bacillus infantis,Bacillaceae
-1415.239745,890.7164094,1367477.3.sbml.csv,Bacillus infantis,Bacillaceae
1864.644644,610.8897818,1367477.3.sbml.csv,Bacillus infantis,Bacillaceae
-612.3991539,633.9407856,1367477.3.sbml.csv,Bacillus infantis,Bacillaceae
587.6966352,1805.459553,1367477.3.sbml.csv,Bacillus infantis,Bacillaceae
217.9442242,943.6263107,1367477.3.sbml.csv,Bacillus infantis,Bacillaceae
800.2652449,456.7032259,1367477.3.sbml.csv,Bacillus infantis,Bacillaceae
-1046.269022,968.8634188,1367477.3.sbml.csv,Bacillus infantis,Bacillaceae
1144.047292,475.5648059,1367477.3.sbml.csv,Bacillus infantis,Bacillaceae
306.8538,1376.530277,1367477.3.sbml.csv,Bacillus infantis,Bacillaceae
1982.559925,1005.622319,1367477.3.sbml.csv,Bacillus infantis,Bacillaceae
3205.703031,319.2571029,1367477.3.sbml.csv,Bacillus infantis,Bacillaceae
1223.874382,759.9393064,1367477.3.sbml.csv,Bacillus infantis,Bacillaceae
663.1195254,649.7113561,1367477.3.sbml.csv,Bacillus infantis,Bacillaceae
2319.531,360.8324117,1367477.3.sbml.csv,Bacillus infantis,Bacillaceae
-62.76019053,631.1760935,1367477.3.sbml.csv,Bacillus infantis,Bacillaceae
1986.256435,-75.73222209,1367477.3.sbml.csv,Bacillus infantis,Bacillaceae
-290.0832424,1181.127562,1367477.3.sbml.csv,Bacillus infantis,Bacillaceae
2773.411738,567.4024873,1367477.3.sbml.csv,Bacillus infantis,Bacillaceae
33.54027122,611.6664943,1367477.3.sbml.csv,Bacillus infantis,Bacillaceae
1500.30199,-135.1597357,1367477.3.sbml.csv,Bacillus infantis,Bacillaceae
1498.208765,545.6245501,1367477.3.sbml.csv,Bacillus infantis,Bacillaceae
2400.902962,-468.7530514,1367477.3.sbml.csv,Bacillus infantis,Bacillaceae
-3328.495966,942.6178452,565042.3.sbml.csv,Bifidobacterium longum,Bifidobacteriaceae
-2035.59842,1613.594398,565042.3.sbml.csv,Bifidobacterium longum,Bifidobacteriaceae
-1225.069139,2882.83421,565042.3.sbml.csv,Bifidobacterium longum,Bifidobacteriaceae
-2660.02809,2507.777259,565042.3.sbml.csv,Bifidobacterium longum,Bifidobacteriaceae
-2374.950689,2117.774886,565042.3.sbml.csv,Bifidobacterium longum,Bifidobacteriaceae
-1832.461863,2194.948739,565042.3.sbml.csv,Bifidobacterium longum,Bifidobacteriaceae
-1756.994911,871.2885892,565042.3.sbml.csv,Bifidobacterium longum,Bifidobacteriaceae
-3127.240885,1820.440598,565042.3.sbml.csv,Bifidobacterium longum,Bifidobacteriaceae
-1833.257419,1355.739319,565042.3.sbml.csv,Bifidobacterium longum,Bifidobacteriaceae
-1385.160606,2670.532031,565042.3.sbml.csv,Bifidobacterium longum,Bifidobacteriaceae
-2305.157764,2072.370998,565042.3.sbml.csv,Bifidobacterium longum,Bifidobacteriaceae
-2124.367578,2256.805163,565042.3.sbml.csv,Bifidobacterium longum,Bifidobacteriaceae
-1737.246915,289.7306681,565042.3.sbml.csv,Bifidobacterium longum,Bifidobacteriaceae
-1747.349565,1087.442427,565042.3.sbml.csv,Bifidobacterium longum,Bifidobacteriaceae
-2235.341355,2037.746988,565042.3.sbml.csv,Bifidobacterium longum,Bifidobacteriaceae
-2629.201718,1633.884025,565042.3.sbml.csv,Bifidobacterium longum,Bifidobacteriaceae
-2291.177768,2177.218063,565042.3.sbml.csv,Bifidobacterium longum,Bifidobacteriaceae
-2714.306684,976.2416863,565042.3.sbml.csv,Bifidobacterium longum,Bifidobacteriaceae
-2531.654819,2422.558216,565042.3.sbml.csv,Bifidobacterium longum,Bifidobacteriaceae
-1953.282824,2355.117829,565042.3.sbml.csv,Bifidobacterium longum,Bifidobacteriaceae
-1938.266518,1362.082029,565042.3.sbml.csv,Bifidobacterium longum,Bifidobacteriaceae
-1938.87369,1502.981761,565042.3.sbml.csv,Bifidobacterium longum,Bifidobacteriaceae
-2374.118775,2211.631465,565042.3.sbml.csv,Bifidobacterium longum,Bifidobacteriaceae
-2562.174828,1525.911074,565042.3.sbml.csv,Bifidobacterium longum,Bifidobacteriaceae
-1908.782068,983.185868,565042.3.sbml.csv,Bifidobacterium longum,Bifidobacteriaceae
-2527.166169,948.2259355,565042.3.sbml.csv,Bifidobacterium longum,Bifidobacteriaceae
-2557.835848,338.0527089,565042.3.sbml.csv,Bifidobacterium longum,Bifidobacteriaceae
-2493.490322,786.3152374,565042.3.sbml.csv,Bifidobacterium longum,Bifidobacteriaceae
-950.6120915,2742.053807,565042.3.sbml.csv,Bifidobacterium longum,Bifidobacteriaceae
-2752.78999,506.8064312,565042.3.sbml.csv,Bifidobacterium longum,Bifidobacteriaceae
-1811.916284,2282.91353,565042.3.sbml.csv,Bifidobacterium longum,Bifidobacteriaceae
-2729.643178,2313.179291,565042.3.sbml.csv,Bifidobacterium longum,Bifidobacteriaceae
-1821.717681,1341.01745,565042.3.sbml.csv,Bifidobacterium longum,Bifidobacteriaceae
-3106.824669,654.565185,565042.3.sbml.csv,Bifidobacterium longum,Bifidobacteriaceae
-2543.055358,707.0703932,565042.3.sbml.csv,Bifidobacterium longum,Bifidobacteriaceae
-1951.825591,989.0151792,565042.3.sbml.csv,Bifidobacterium longum,Bifidobacteriaceae
-1836.765378,673.1997128,565042.3.sbml.csv,Bifidobacterium longum,Bifidobacteriaceae
-1779.393923,656.7504411,565042.3.sbml.csv,Bifidobacterium longum,Bifidobacteriaceae
-3031.66213,1777.487793,565042.3.sbml.csv,Bifidobacterium longum,Bifidobacteriaceae
-543.9725104,2884.966115,565042.3.sbml.csv,Bifidobacterium longum,Bifidobacteriaceae
-1494.443313,1074.012834,565042.3.sbml.csv,Bifidobacterium longum,Bifidobacteriaceae
-1936.308377,2515.035868,565042.3.sbml.csv,Bifidobacterium longum,Bifidobacteriaceae
-3241.249776,-3.477032283,565042.3.sbml.csv,Bifidobacterium longum,Bifidobacteriaceae
-1880.706179,994.0718163,565042.3.sbml.csv,Bifidobacterium longum,Bifidobacteriaceae
-1995.29311,1715.81124,565042.3.sbml.csv,Bifidobacterium longum,Bifidobacteriaceae
-2194.272837,1288.194742,565042.3.sbml.csv,Bifidobacterium longum,Bifidobacteriaceae
-2170.416361,285.0319229,565042.3.sbml.csv,Bifidobacterium longum,Bifidobacteriaceae
-1298.974375,2154.111232,565042.3.sbml.csv,Bifidobacterium longum,Bifidobacteriaceae
-2410.084227,1032.170971,565042.3.sbml.csv,Bifidobacterium longum,Bifidobacteriaceae
-2625.560799,1950.509364,565042.3.sbml.csv,Bifidobacterium longum,Bifidobacteriaceae
-806.5880909,242.191053,219334.4.sbml.csv,Lactobacillus casei,Lactobacillaceae
2532.017326,-1486.545285,219334.4.sbml.csv,Lactobacillus casei,Lactobacillaceae
-1049.51887,-1553.49983,219334.4.sbml.csv,Lactobacillus casei,Lactobacillaceae
352.7475159,-295.0818671,219334.4.sbml.csv,Lactobacillus casei,Lactobacillaceae
1241.365495,-315.17714,219334.4.sbml.csv,Lactobacillus casei,Lactobacillaceae
1965.441498,-1566.574539,219334.4.sbml.csv,Lactobacillus casei,Lactobacillaceae
2292.527659,-100.9492706,219334.4.sbml.csv,Lactobacillus casei,Lactobacillaceae
-540.7933696,-410.261618,219334.4.sbml.csv,Lactobacillus casei,Lactobacillaceae
1851.294596,-1427.74038,219334.4.sbml.csv,Lactobacillus casei,Lactobacillaceae
2424.608531,-1171.350707,219334.4.sbml.csv,Lactobacillus casei,Lactobacillaceae
1001.873882,-1068.29796,219334.4.sbml.csv,Lactobacillus casei,Lactobacillaceae
2225.7151,-2024.338009,219334.4.sbml.csv,Lactobacillus casei,Lactobacillaceae
-273.5075494,316.302008,219334.4.sbml.csv,Lactobacillus casei,Lactobacillaceae
2309.188231,-708.2723417,219334.4.sbml.csv,Lactobacillus casei,Lactobacillaceae
622.6685121,-775.3770072,219334.4.sbml.csv,Lactobacillus casei,Lactobacillaceae
734.6072368,-1295.722908,219334.4.sbml.csv,Lactobacillus casei,Lactobacillaceae
950.2297974,149.4623509,219334.4.sbml.csv,Lactobacillus casei,Lactobacillaceae
1314.38705,-984.2671283,219334.4.sbml.csv,Lactobacillus casei,Lactobacillaceae
1614.91998,38.83474566,219334.4.sbml.csv,Lactobacillus casei,Lactobacillaceae
2377.777936,-999.2526171,219334.4.sbml.csv,Lactobacillus casei,Lactobacillaceae
428.3723968,-1626.665571,219334.4.sbml.csv,Lactobacillus casei,Lactobacillaceae
-1215.749982,-336.4809021,219334.4.sbml.csv,Lactobacillus casei,Lactobacillaceae
182.3386165,269.1870938,219334.4.sbml.csv,Lactobacillus casei,Lactobacillaceae
649.8248229,382.7373197,219334.4.sbml.csv,Lactobacillus casei,Lactobacillaceae
2790.718485,-1932.523072,219334.4.sbml.csv,Lactobacillus casei,Lactobacillaceae
2717.890729,-1504.927947,219334.4.sbml.csv,Lactobacillus casei,Lactobacillaceae
-1266.02697,47.00312796,219334.4.sbml.csv,Lactobacillus casei,Lactobacillaceae
1213.18538,-115.9062526,219334.4.sbml.csv,Lactobacillus casei,Lactobacillaceae
-1346.933346,400.923587,219334.4.sbml.csv,Lactobacillus casei,Lactobacillaceae
2442.312355,-1676.436898,219334.4.sbml.csv,Lactobacillus casei,Lactobacillaceae
2336.596403,-1373.108328,219334.4.sbml.csv,Lactobacillus casei,Lactobacillaceae
2462.906902,-543.0787097,219334.4.sbml.csv,Lactobacillus casei,Lactobacillaceae
1625.009467,-751.8006522,219334.4.sbml.csv,Lactobacillus casei,Lactobacillaceae
2773.436886,-2315.238766,219334.4.sbml.csv,Lactobacillus casei,Lactobacillaceae
526.603955,-867.8373857,219334.4.sbml.csv,Lactobacillus casei,Lactobacillaceae
-848.6384886,-847.4081599,219334.4.sbml.csv,Lactobacillus casei,Lactobacillaceae
1566.237162,-1183.745671,219334.4.sbml.csv,Lactobacillus casei,Lactobacillaceae
720.6080801,-921.7981783,219334.4.sbml.csv,Lactobacillus casei,Lactobacillaceae
2282.643075,-1458.717722,219334.4.sbml.csv,Lactobacillus casei,Lactobacillaceae
1760.251545,-1808.952205,219334.4.sbml.csv,Lactobacillus casei,Lactobacillaceae
1605.959756,-1974.215298,219334.4.sbml.csv,Lactobacillus casei,Lactobacillaceae
992.6964927,-823.6940801,219334.4.sbml.csv,Lactobacillus casei,Lactobacillaceae
1490.675001,-800.5423318,219334.4.sbml.csv,Lactobacillus casei,Lactobacillaceae
490.9127771,-712.7698724,219334.4.sbml.csv,Lactobacillus casei,Lactobacillaceae
395.0867941,-1073.031456,219334.4.sbml.csv,Lactobacillus casei,Lactobacillaceae
1081.846789,-145.6543686,219334.4.sbml.csv,Lactobacillus casei,Lactobacillaceae
788.2164742,-1277.040124,219334.4.sbml.csv,Lactobacillus casei,Lactobacillaceae
-329.6686443,-523.3087668,219334.4.sbml.csv,Lactobacillus casei,Lactobacillaceae
1217.969438,-1068.776799,219334.4.sbml.csv,Lactobacillus casei,Lactobacillaceae
228.6229642,-984.1178253,219334.4.sbml.csv,Lactobacillus casei,Lactobacillaceae
-1571.491312,-1558.725393,33959.508.sbml.csv,Lactobacillus johnsonii,Lactobacillaceae
-1974.694822,-1672.835968,33959.508.sbml.csv,Lactobacillus johnsonii,Lactobacillaceae
-3438.481429,-2882.03583,33959.508.sbml.csv,Lactobacillus johnsonii,Lactobacillaceae
-3232.955298,-1569.570887,33959.508.sbml.csv,Lactobacillus johnsonii,Lactobacillaceae
-2938.006168,-1195.698734,33959.508.sbml.csv,Lactobacillus johnsonii,Lactobacillaceae
-2684.982108,-1626.952985,33959.508.sbml.csv,Lactobacillus johnsonii,Lactobacillaceae
-2102.491341,-1130.160103,33959.508.sbml.csv,Lactobacillus johnsonii,Lactobacillaceae
-3219.056764,125.9759298,33959.508.sbml.csv,Lactobacillus johnsonii,Lactobacillaceae
-1665.556333,-1079.834414,33959.508.sbml.csv,Lactobacillus johnsonii,Lactobacillaceae
-2004.445915,-1640.515048,33959.508.sbml.csv,Lactobacillus johnsonii,Lactobacillaceae
-1056.064169,-1184.243762,33959.508.sbml.csv,Lactobacillus johnsonii,Lactobacillaceae
-2409.305695,-829.5947353,33959.508.sbml.csv,Lactobacillus johnsonii,Lactobacillaceae
-2409.39789,-676.9922005,33959.508.sbml.csv,Lactobacillus johnsonii,Lactobacillaceae
-2116.320253,-2409.476972,33959.508.sbml.csv,Lactobacillus johnsonii,Lactobacillaceae
-2888.86807,-1871.142767,33959.508.sbml.csv,Lactobacillus johnsonii,Lactobacillaceae
-2742.896468,-1533.818838,33959.508.sbml.csv,Lactobacillus johnsonii,Lactobacillaceae
-3064.15721,-1403.381972,33959.508.sbml.csv,Lactobacillus johnsonii,Lactobacillaceae
-1742.633133,-954.3854211,33959.508.sbml.csv,Lactobacillus johnsonii,Lactobacillaceae
-2795.189541,-654.2027962,33959.508.sbml.csv,Lactobacillus johnsonii,Lactobacillaceae
-2972.824878,-1538.437305,33959.508.sbml.csv,Lactobacillus johnsonii,Lactobacillaceae
-3167.961509,-689.9019025,33959.508.sbml.csv,Lactobacillus johnsonii,Lactobacillaceae
-639.5124829,-1419.004362,33959.508.sbml.csv,Lactobacillus johnsonii,Lactobacillaceae
-3614.705426,-2036.101858,33959.508.sbml.csv,Lactobacillus johnsonii,Lactobacillaceae
-1084.015418,-429.3325037,33959.508.sbml.csv,Lactobacillus johnsonii,Lactobacillaceae
-1715.03582,-241.1152026,33959.508.sbml.csv,Lactobacillus johnsonii,Lactobacillaceae
-2805.541544,-1517.168971,33959.508.sbml.csv,Lactobacillus johnsonii,Lactobacillaceae
-2358.141302,-1220.921535,33959.508.sbml.csv,Lactobacillus johnsonii,Lactobacillaceae
-2631.167588,-167.0458604,33959.508.sbml.csv,Lactobacillus johnsonii,Lactobacillaceae
-1521.077985,-943.1559415,33959.508.sbml.csv,Lactobacillus johnsonii,Lactobacillaceae
-2088.448296,-1452.789374,33959.508.sbml.csv,Lactobacillus johnsonii,Lactobacillaceae
-2814.639312,-1304.256242,33959.508.sbml.csv,Lactobacillus johnsonii,Lactobacillaceae
-3073.595074,-1651.402484,33959.508.sbml.csv,Lactobacillus johnsonii,Lactobacillaceae
-3078.700667,-2352.97486,33959.508.sbml.csv,Lactobacillus johnsonii,Lactobacillaceae
-3305.492965,-1203.52476,33959.508.sbml.csv,Lactobacillus johnsonii,Lactobacillaceae
-3152.921402,-2370.703222,33959.508.sbml.csv,Lactobacillus johnsonii,Lactobacillaceae
-2922.345388,-983.585157,33959.508.sbml.csv,Lactobacillus johnsonii,Lactobacillaceae
-3057.01321,-2141.921019,33959.508.sbml.csv,Lactobacillus johnsonii,Lactobacillaceae
-3320.961523,-1053.35935,33959.508.sbml.csv,Lactobacillus johnsonii,Lactobacillaceae
-997.2983436,-1088.055327,33959.508.sbml.csv,Lactobacillus johnsonii,Lactobacillaceae
-1504.056489,-392.5850747,33959.508.sbml.csv,Lactobacillus johnsonii,Lactobacillaceae
-1585.948263,-1120.094525,33959.508.sbml.csv,Lactobacillus johnsonii,Lactobacillaceae
-3998.729577,-1604.036865,33959.508.sbml.csv,Lactobacillus johnsonii,Lactobacillaceae
-2410.311938,-1317.013884,33959.508.sbml.csv,Lactobacillus johnsonii,Lactobacillaceae
-3117.958337,-2319.931786,33959.508.sbml.csv,Lactobacillus johnsonii,Lactobacillaceae
-2501.544906,-1616.857335,33959.508.sbml.csv,Lactobacillus johnsonii,Lactobacillaceae
-3257.753767,-2288.520101,33959.508.sbml.csv,Lactobacillus johnsonii,Lactobacillaceae
-2870.386116,-1666.512012,33959.508.sbml.csv,Lactobacillus johnsonii,Lactobacillaceae
-2986.427673,-1792.290715,33959.508.sbml.csv,Lactobacillus johnsonii,Lactobacillaceae
-1598.079074,-2086.881118,33959.508.sbml.csv,Lactobacillus johnsonii,Lactobacillaceae
-2749.140077,-580.2386905,33959.508.sbml.csv,Lactobacillus johnsonii,Lactobacillaceae
-896.6253845,-592.2255239,47770.632.sbml.csv,Lactobacillus crispatus,Lactobacillaceae
-438.0326307,1092.883786,47770.632.sbml.csv,Lactobacillus crispatus,Lactobacillaceae
-3849.824898,34.22422687,47770.632.sbml.csv,Lactobacillus crispatus,Lactobacillaceae
-3540.627211,-345.0892664,47770.632.sbml.csv,Lactobacillus crispatus,Lactobacillaceae
-3674.396049,-1563.007179,47770.632.sbml.csv,Lactobacillus crispatus,Lactobacillaceae
-1452.851974,374.0892101,47770.632.sbml.csv,Lactobacillus crispatus,Lactobacillaceae
-3935.998276,-1644.645252,47770.632.sbml.csv,Lactobacillus crispatus,Lactobacillaceae
-3258.092488,-881.861309,47770.632.sbml.csv,Lactobacillus crispatus,Lactobacillaceae
-2362.935458,-449.1730258,47770.632.sbml.csv,Lactobacillus crispatus,Lactobacillaceae
-1639.893802,248.6277714,47770.632.sbml.csv,Lactobacillus crispatus,Lactobacillaceae
-2395.517425,-1318.93913,47770.632.sbml.csv,Lactobacillus crispatus,Lactobacillaceae
-3600.49041,-1911.525837,47770.632.sbml.csv,Lactobacillus crispatus,Lactobacillaceae
-3928.960082,-1413.861054,47770.632.sbml.csv,Lactobacillus crispatus,Lactobacillaceae
-3037.240034,-118.2035638,47770.632.sbml.csv,Lactobacillus crispatus,Lactobacillaceae
-2760.809536,-1292.933356,47770.632.sbml.csv,Lactobacillus crispatus,Lactobacillaceae
-3306.006962,-739.4877303,47770.632.sbml.csv,Lactobacillus crispatus,Lactobacillaceae
-2680.799051,-40.44638221,47770.632.sbml.csv,Lactobacillus crispatus,Lactobacillaceae
-713.2698084,316.7107633,47770.632.sbml.csv,Lactobacillus crispatus,Lactobacillaceae
-3974.648192,-1451.611334,47770.632.sbml.csv,Lactobacillus crispatus,Lactobacillaceae
-2636.504567,-1347.67393,47770.632.sbml.csv,Lactobacillus crispatus,Lactobacillaceae
-3993.969555,-1621.041381,47770.632.sbml.csv,Lactobacillus crispatus,Lactobacillaceae
-3033.802774,269.396492,47770.632.sbml.csv,Lactobacillus crispatus,Lactobacillaceae
-3613.133443,-985.1128377,47770.632.sbml.csv,Lactobacillus crispatus,Lactobacillaceae
-2678.098271,-267.8233101,47770.632.sbml.csv,Lactobacillus crispatus,Lactobacillaceae
-2361.810744,-1124.70729,47770.632.sbml.csv,Lactobacillus crispatus,Lactobacillaceae
-2683.805999,-615.1471032,47770.632.sbml.csv,Lactobacillus crispatus,Lactobacillaceae
-1906.864887,-226.6397451,47770.632.sbml.csv,Lactobacillus crispatus,Lactobacillaceae
-3533.65213,-1618.751395,47770.632.sbml.csv,Lactobacillus crispatus,Lactobacillaceae
-3616.771098,-1567.187181,47770.632.sbml.csv,Lactobacillus crispatus,Lactobacillaceae
-3584.482566,-1411.608482,47770.632.sbml.csv,Lactobacillus crispatus,Lactobacillaceae
-2906.226276,-1073.139454,47770.632.sbml.csv,Lactobacillus crispatus,Lactobacillaceae
-2483.332864,527.6299186,47770.632.sbml.csv,Lactobacillus crispatus,Lactobacillaceae
-807.5224434,-616.0781798,47770.632.sbml.csv,Lactobacillus crispatus,Lactobacillaceae
-2342.46651,-920.5741419,47770.632.sbml.csv,Lactobacillus crispatus,Lactobacillaceae
-2574.49975,499.8751337,47770.632.sbml.csv,Lactobacillus crispatus,Lactobacillaceae
-3741.384285,-905.776236,47770.632.sbml.csv,Lactobacillus crispatus,Lactobacillaceae
-3193.100879,-536.5024956,47770.632.sbml.csv,Lactobacillus crispatus,Lactobacillaceae
-3587.163696,-1986.285271,47770.632.sbml.csv,Lactobacillus crispatus,Lactobacillaceae
-3456.09576,-1654.562119,47770.632.sbml.csv,Lactobacillus crispatus,Lactobacillaceae
-3865.862871,-854.7183024,47770.632.sbml.csv,Lactobacillus crispatus,Lactobacillaceae
-1453.911319,164.2783339,47770.632.sbml.csv,Lactobacillus crispatus,Lactobacillaceae
-3502.964909,-1124.157936,47770.632.sbml.csv,Lactobacillus crispatus,Lactobacillaceae
-1601.288464,144.198338,47770.632.sbml.csv,Lactobacillus crispatus,Lactobacillaceae
-2292.068103,-719.1840898,47770.632.sbml.csv,Lactobacillus crispatus,Lactobacillaceae
-1640.450405,-540.0674848,47770.632.sbml.csv,Lactobacillus crispatus,Lactobacillaceae
-2109.120446,-838.3938809,47770.632.sbml.csv,Lactobacillus crispatus,Lactobacillaceae
-3477.634401,-1026.537209,47770.632.sbml.csv,Lactobacillus crispatus,Lactobacillaceae
-3434.50094,-1999.227559,47770.632.sbml.csv,Lactobacillus crispatus,Lactobacillaceae
-3597.257232,-1441.566126,47770.632.sbml.csv,Lactobacillus crispatus,Lactobacillaceae
-3374.816898,-151.5527554,47770.632.sbml.csv,Lactobacillus crispatus,Lactobacillaceae
-1046.129506,606.9514703,1308.1128.sbml.csv,Streptococcus thermophilus,Streptococcaceae
112.1120651,51.11773425,1308.1128.sbml.csv,Streptococcus thermophilus,Streptococcaceae
-32.50998332,-1075.436115,1308.1128.sbml.csv,Streptococcus thermophilus,Streptococcaceae
409.3375736,-833.7787769,1308.1128.sbml.csv,Streptococcus thermophilus,Streptococcaceae
-566.8079166,582.4527191,1308.1128.sbml.csv,Streptococcus thermophilus,Streptococcaceae
-1527.818513,2067.521386,1308.1128.sbml.csv,Streptococcus thermophilus,Streptococcaceae
-916.2072096,401.74607,1308.1128.sbml.csv,Streptococcus thermophilus,Streptococcaceae
-709.3350719,-1052.554055,1308.1128.sbml.csv,Streptococcus thermophilus,Streptococcaceae
-19.76557745,-13.41637098,1308.1128.sbml.csv,Streptococcus thermophilus,Streptococcaceae
84.10891341,-370.9980474,1308.1128.sbml.csv,Streptococcus thermophilus,Streptococcaceae
-100.780433,853.3922028,1308.1128.sbml.csv,Streptococcus thermophilus,Streptococcaceae
-662.3872847,881.9637814,1308.1128.sbml.csv,Streptococcus thermophilus,Streptococcaceae
-309.7703993,1757.02981,1308.1128.sbml.csv,Streptococcus thermophilus,Streptococcaceae
-49.22983672,-1314.695054,1308.1128.sbml.csv,Streptococcus thermophilus,Streptococcaceae
-144.8504718,-1349.267208,1308.1128.sbml.csv,Streptococcus thermophilus,Streptococcaceae
-181.831307,412.3359803,1308.1128.sbml.csv,Streptococcus thermophilus,Streptococcaceae
-547.2442082,1319.811183,1308.1128.sbml.csv,Streptococcus thermophilus,Streptococcaceae
-167.5497395,216.6017621,1308.1128.sbml.csv,Streptococcus thermophilus,Streptococcaceae
73.42332884,413.9324519,1308.1128.sbml.csv,Streptococcus thermophilus,Streptococcaceae
-2.406287225,248.5847499,1308.1128.sbml.csv,Streptococcus thermophilus,Streptococcaceae
35.27025412,-633.3617251,1308.1128.sbml.csv,Streptococcus thermophilus,Streptococcaceae
137.1513795,125.9725683,1308.1128.sbml.csv,Streptococcus thermophilus,Streptococcaceae
-739.2909678,110.1993463,1308.1128.sbml.csv,Streptococcus thermophilus,Streptococcaceae
65.88209214,988.0143097,1308.1128.sbml.csv,Streptococcus thermophilus,Streptococcaceae
-1194.372634,-189.7105126,1308.1128.sbml.csv,Streptococcus thermophilus,Streptococcaceae
-195.8348741,1417.934126,1308.1128.sbml.csv,Streptococcus thermophilus,Streptococcaceae
-1105.121872,120.6434611,1308.1128.sbml.csv,Streptococcus thermophilus,Streptococcaceae
-851.7531479,-969.698241,1308.1128.sbml.csv,Streptococcus thermophilus,Streptococcaceae
-925.0845232,650.5574805,1308.1128.sbml.csv,Streptococcus thermophilus,Streptococcaceae
-231.1529596,-2153.130772,1308.1128.sbml.csv,Streptococcus thermophilus,Streptococcaceae
-1676.946382,678.348704,1308.1128.sbml.csv,Streptococcus thermophilus,Streptococcaceae
-362.7337881,618.1879435,1308.1128.sbml.csv,Streptococcus thermophilus,Streptococcaceae
-799.8714518,-560.2146612,1308.1128.sbml.csv,Streptococcus thermophilus,Streptococcaceae
-161.5065031,-173.7316341,1308.1128.sbml.csv,Streptococcus thermophilus,Streptococcaceae
-241.2093945,1427.394119,1308.1128.sbml.csv,Streptococcus thermophilus,Streptococcaceae
123.8581565,-1278.396707,1308.1128.sbml.csv,Streptococcus thermophilus,Streptococcaceae
382.9333137,1043.403922,1308.1128.sbml.csv,Streptococcus thermophilus,Streptococcaceae
-159.988062,306.6308285,1308.1128.sbml.csv,Streptococcus thermophilus,Streptococcaceae
-804.7383198,1505.276452,1308.1128.sbml.csv,Streptococcus thermophilus,Streptococcaceae
-783.1599736,273.4788079,1308.1128.sbml.csv,Streptococcus thermophilus,Streptococcaceae
-24.28105862,-671.896904,1308.1128.sbml.csv,Streptococcus thermophilus,Streptococcaceae
-936.9044066,-386.8980212,1308.1128.sbml.csv,Streptococcus thermophilus,Streptococcaceae
-598.5252388,-798.8295342,1308.1128.sbml.csv,Streptococcus thermophilus,Streptococcaceae
274.3375737,-789.8444824,1308.1128.sbml.csv,Streptococcus thermophilus,Streptococcaceae
-1173.144242,1097.717745,1308.1128.sbml.csv,Streptococcus thermophilus,Streptococcaceae
-239.7826041,-1391.256467,1308.1128.sbml.csv,Streptococcus thermophilus,Streptococcaceae
-577.8609534,1266.914386,1308.1128.sbml.csv,Streptococcus thermophilus,Streptococcaceae
-586.4432768,-1585.748069,1308.1128.sbml.csv,Streptococcus thermophilus,Streptococcaceae
148.4144729,-586.3175388,1308.1128.sbml.csv,Streptococcus thermophilus,Streptococcaceae
124.0689736,-744.2739775,1308.1128.sbml.csv,Streptococcus thermophilus,Streptococcaceae
113.1775593,744.3676751,1590.4735.sbml.csv,Lactiplantibaciulls plantarum,Lactobacillaceae
912.1393319,-905.8427325,1590.4735.sbml.csv,Lactiplantibaciulls plantarum,Lactobacillaceae
726.3183929,333.5750573,1590.4735.sbml.csv,Lactiplantibaciulls plantarum,Lactobacillaceae
-590.4551989,-187.9934783,1590.4735.sbml.csv,Lactiplantibaciulls plantarum,Lactobacillaceae
1678.662574,-1352.916335,1590.4735.sbml.csv,Lactiplantibaciulls plantarum,Lactobacillaceae
-356.6771841,-669.3974269,1590.4735.sbml.csv,Lactiplantibaciulls plantarum,Lactobacillaceae
1588.41021,670.1042637,1590.4735.sbml.csv,Lactiplantibaciulls plantarum,Lactobacillaceae
-821.0136999,-330.1805324,1590.4735.sbml.csv,Lactiplantibaciulls plantarum,Lactobacillaceae
584.8574886,-675.59323,1590.4735.sbml.csv,Lactiplantibaciulls plantarum,Lactobacillaceae
-1071.17491,-166.0445693,1590.4735.sbml.csv,Lactiplantibaciulls plantarum,Lactobacillaceae
1148.140769,36.88678352,1590.4735.sbml.csv,Lactiplantibaciulls plantarum,Lactobacillaceae
800.3246631,-766.7144923,1590.4735.sbml.csv,Lactiplantibaciulls plantarum,Lactobacillaceae
-9.457305432,-1316.3687,1590.4735.sbml.csv,Lactiplantibaciulls plantarum,Lactobacillaceae
1345.151149,2030.230007,1590.4735.sbml.csv,Lactiplantibaciulls plantarum,Lactobacillaceae
1283.600874,-168.5969366,1590.4735.sbml.csv,Lactiplantibaciulls plantarum,Lactobacillaceae
697.8850722,-315.1611113,1590.4735.sbml.csv,Lactiplantibaciulls plantarum,Lactobacillaceae
1766.425667,-591.4138469,1590.4735.sbml.csv,Lactiplantibaciulls plantarum,Lactobacillaceae
557.1162255,-739.4527388,1590.4735.sbml.csv,Lactiplantibaciulls plantarum,Lactobacillaceae
471.6208885,1.394021504,1590.4735.sbml.csv,Lactiplantibaciulls plantarum,Lactobacillaceae
516.390823,908.5283089,1590.4735.sbml.csv,Lactiplantibaciulls plantarum,Lactobacillaceae
-217.6852887,438.890068,1590.4735.sbml.csv,Lactiplantibaciulls plantarum,Lactobacillaceae
86.4203653,-85.32390402,1590.4735.sbml.csv,Lactiplantibaciulls plantarum,Lactobacillaceae
698.8593416,-1084.521591,1590.4735.sbml.csv,Lactiplantibaciulls plantarum,Lactobacillaceae
1290.043334,152.4744285,1590.4735.sbml.csv,Lactiplantibaciulls plantarum,Lactobacillaceae
1122.9217,-982.722041,1590.4735.sbml.csv,Lactiplantibaciulls plantarum,Lactobacillaceae
1378.305045,-1041.053879,1590.4735.sbml.csv,Lactiplantibaciulls plantarum,Lactobacillaceae
1027.833834,-1029.036434,1590.4735.sbml.csv,Lactiplantibaciulls plantarum,Lactobacillaceae
1577.347941,-897.545075,1590.4735.sbml.csv,Lactiplantibaciulls plantarum,Lactobacillaceae
87.63841996,396.7925981,1590.4735.sbml.csv,Lactiplantibaciulls plantarum,Lactobacillaceae
741.6848071,1728.941126,1590.4735.sbml.csv,Lactiplantibaciulls plantarum,Lactobacillaceae
650.6691309,-545.2954263,1590.4735.sbml.csv,Lactiplantibaciulls plantarum,Lactobacillaceae
-40.23489438,-252.707626,1590.4735.sbml.csv,Lactiplantibaciulls plantarum,Lactobacillaceae
821.9526401,-638.1821111,1590.4735.sbml.csv,Lactiplantibaciulls plantarum,Lactobacillaceae
1215.677615,-259.9436573,1590.4735.sbml.csv,Lactiplantibaciulls plantarum,Lactobacillaceae
801.1728232,-885.8215522,1590.4735.sbml.csv,Lactiplantibaciulls plantarum,Lactobacillaceae
1255.57275,-21.79558314,1590.4735.sbml.csv,Lactiplantibaciulls plantarum,Lactobacillaceae
-1023.300734,724.0580591,1590.4735.sbml.csv,Lactiplantibaciulls plantarum,Lactobacillaceae
1377.657899,-1144.687544,1590.4735.sbml.csv,Lactiplantibaciulls plantarum,Lactobacillaceae
-413.2223269,-576.3868896,1590.4735.sbml.csv,Lactiplantibaciulls plantarum,Lactobacillaceae
693.7102741,-397.8208413,1590.4735.sbml.csv,Lactiplantibaciulls plantarum,Lactobacillaceae
1541.37434,110.498246,1590.4735.sbml.csv,Lactiplantibaciulls plantarum,Lactobacillaceae
1118.283151,-410.1315,1590.4735.sbml.csv,Lactiplantibaciulls plantarum,Lactobacillaceae
1106.755785,-163.4746042,1590.4735.sbml.csv,Lactiplantibaciulls plantarum,Lactobacillaceae
1706.215584,-563.4257453,1590.4735.sbml.csv,Lactiplantibaciulls plantarum,Lactobacillaceae
1367.501539,-259.4029744,1590.4735.sbml.csv,Lactiplantibaciulls plantarum,Lactobacillaceae
1054.795273,-288.1728543,1590.4735.sbml.csv,Lactiplantibaciulls plantarum,Lactobacillaceae
1278.451092,394.7416949,1590.4735.sbml.csv,Lactiplantibaciulls plantarum,Lactobacillaceae
-649.6152106,333.8703245,1590.4735.sbml.csv,Lactiplantibaciulls plantarum,Lactobacillaceae
389.0489448,-578.3816433,1590.4735.sbml.csv,Lactiplantibaciulls plantarum,Lactobacillaceae
883.9706076,-1173.213046,1590.4735.sbml.csv,Lactiplantibaciulls plantarum,Lactobacillaceae
-1614.275501,1408.935435,1680.104.sbml.csv,Bifidobacterium adolescentis,Bifidobacteriaceae
-1842.27626,238.682305,1680.104.sbml.csv,Bifidobacterium adolescentis,Bifidobacteriaceae
-853.2779413,1681.166861,1680.104.sbml.csv,Bifidobacterium adolescentis,Bifidobacteriaceae
-961.7242149,1285.179335,1680.104.sbml.csv,Bifidobacterium adolescentis,Bifidobacteriaceae
-1028.639214,1629.542977,1680.104.sbml.csv,Bifidobacterium adolescentis,Bifidobacteriaceae
-1401.222425,1547.749872,1680.104.sbml.csv,Bifidobacterium adolescentis,Bifidobacteriaceae
-386.5747575,2536.432985,1680.104.sbml.csv,Bifidobacterium adolescentis,Bifidobacteriaceae
-811.8331775,2189.742414,1680.104.sbml.csv,Bifidobacterium adolescentis,Bifidobacteriaceae
-1081.844861,1844.961376,1680.104.sbml.csv,Bifidobacterium adolescentis,Bifidobacteriaceae
-1409.645916,1492.050565,1680.104.sbml.csv,Bifidobacterium adolescentis,Bifidobacteriaceae
-761.2940681,1517.037328,1680.104.sbml.csv,Bifidobacterium adolescentis,Bifidobacteriaceae
-2005.847804,1270.572855,1680.104.sbml.csv,Bifidobacterium adolescentis,Bifidobacteriaceae
-1140.609911,1301.371421,1680.104.sbml.csv,Bifidobacterium adolescentis,Bifidobacteriaceae
-941.400175,2218.158327,1680.104.sbml.csv,Bifidobacterium adolescentis,Bifidobacteriaceae
-1244.374673,2029.476266,1680.104.sbml.csv,Bifidobacterium adolescentis,Bifidobacteriaceae
-1407.964017,1548.557765,1680.104.sbml.csv,Bifidobacterium adolescentis,Bifidobacteriaceae
-1321.484174,1376.145321,1680.104.sbml.csv,Bifidobacterium adolescentis,Bifidobacteriaceae
-806.1978491,1694.157086,1680.104.sbml.csv,Bifidobacterium adolescentis,Bifidobacteriaceae
-441.3124183,2190.037633,1680.104.sbml.csv,Bifidobacterium adolescentis,Bifidobacteriaceae
-1291.246359,1711.089471,1680.104.sbml.csv,Bifidobacterium adolescentis,Bifidobacteriaceae
-1097.003391,1704.527151,1680.104.sbml.csv,Bifidobacterium adolescentis,Bifidobacteriaceae
-1181.329137,905.9498486,1680.104.sbml.csv,Bifidobacterium adolescentis,Bifidobacteriaceae
-970.2842949,1548.791949,1680.104.sbml.csv,Bifidobacterium adolescentis,Bifidobacteriaceae
-1071.367683,2001.15703,1680.104.sbml.csv,Bifidobacterium adolescentis,Bifidobacteriaceae
-557.8317325,1780.236771,1680.104.sbml.csv,Bifidobacterium adolescentis,Bifidobacteriaceae
-32.09546069,2132.475118,1680.104.sbml.csv,Bifidobacterium adolescentis,Bifidobacteriaceae
-649.4182296,1747.61924,1680.104.sbml.csv,Bifidobacterium adolescentis,Bifidobacteriaceae
-1468.96337,1618.752677,1680.104.sbml.csv,Bifidobacterium adolescentis,Bifidobacteriaceae
-792.0900428,1472.312028,1680.104.sbml.csv,Bifidobacterium adolescentis,Bifidobacteriaceae
-356.9630753,2269.644207,1680.104.sbml.csv,Bifidobacterium adolescentis,Bifidobacteriaceae
-1860.002169,939.8475433,1680.104.sbml.csv,Bifidobacterium adolescentis,Bifidobacteriaceae
-482.3267677,2104.188574,1680.104.sbml.csv,Bifidobacterium adolescentis,Bifidobacteriaceae
-993.0562203,1763.472334,1680.104.sbml.csv,Bifidobacterium adolescentis,Bifidobacteriaceae
-1295.80973,1637.978909,1680.104.sbml.csv,Bifidobacterium adolescentis,Bifidobacteriaceae
-1708.760344,1504.774882,1680.104.sbml.csv,Bifidobacterium adolescentis,Bifidobacteriaceae
-1806.238889,1310.260455,1680.104.sbml.csv,Bifidobacterium adolescentis,Bifidobacteriaceae
-214.7547559,2367.688108,1680.104.sbml.csv,Bifidobacterium adolescentis,Bifidobacteriaceae
-1399.296636,1324.60691,1680.104.sbml.csv,Bifidobacterium adolescentis,Bifidobacteriaceae
-872.8770325,2176.05065,1680.104.sbml.csv,Bifidobacterium adolescentis,Bifidobacteriaceae
-333.432442,1200.139323,1680.104.sbml.csv,Bifidobacterium adolescentis,Bifidobacteriaceae
31.62798834,2102.936887,1680.104.sbml.csv,Bifidobacterium adolescentis,Bifidobacteriaceae
-892.5600897,1817.199123,1680.104.sbml.csv,Bifidobacterium adolescentis,Bifidobacteriaceae
-1669.446759,1798.595998,1680.104.sbml.csv,Bifidobacterium adolescentis,Bifidobacteriaceae
-1266.726549,852.4799368,1680.104.sbml.csv,Bifidobacterium adolescentis,Bifidobacteriaceae
-1285.401658,1252.238211,1680.104.sbml.csv,Bifidobacterium adolescentis,Bifidobacteriaceae
-1354.92795,1667.310345,1680.104.sbml.csv,Bifidobacterium adolescentis,Bifidobacteriaceae
-1244.180329,2269.689671,1680.104.sbml.csv,Bifidobacterium adolescentis,Bifidobacteriaceae
-2411.443589,1466.112839,1680.104.sbml.csv,Bifidobacterium adolescentis,Bifidobacteriaceae
-1374.208893,1606.095104,1680.104.sbml.csv,Bifidobacterium adolescentis,Bifidobacteriaceae
-937.740749,1352.340762,1680.104.sbml.csv,Bifidobacterium adolescentis,Bifidobacteriaceae
381.6815219,-1343.657112,1352.14893.sbml.csv,Enterococcus faecium,Enterococcaceae
-470.1980923,165.5524479,1352.14893.sbml.csv,Enterococcus faecium,Enterococcaceae
2095.958417,-1793.44474,1352.14893.sbml.csv,Enterococcus faecium,Enterococcaceae
2611.505017,-1687.245472,1352.14893.sbml.csv,Enterococcus faecium,Enterococcaceae
881.4316827,-1399.05086,1352.14893.sbml.csv,Enterococcus faecium,Enterococcaceae
2479.65427,-777.4074329,1352.14893.sbml.csv,Enterococcus faecium,Enterococcaceae
2194.698616,-1449.264394,1352.14893.sbml.csv,Enterococcus faecium,Enterococcaceae
69.33541861,-638.4627015,1352.14893.sbml.csv,Enterococcus faecium,Enterococcaceae
2127.072677,-1437.412991,1352.14893.sbml.csv,Enterococcus faecium,Enterococcaceae
2557.074022,-2084.794112,1352.14893.sbml.csv,Enterococcus faecium,Enterococcaceae
641.9879863,-679.1171035,1352.14893.sbml.csv,Enterococcus faecium,Enterococcaceae
1943.969272,-731.7503189,1352.14893.sbml.csv,Enterococcus faecium,Enterococcaceae
1675.529079,-2002.59876,1352.14893.sbml.csv,Enterococcus faecium,Enterococcaceae
1647.819898,-2120.344666,1352.14893.sbml.csv,Enterococcus faecium,Enterococcaceae
2372.657807,-1274.873031,1352.14893.sbml.csv,Enterococcus faecium,Enterococcaceae
2557.387761,-1182.447369,1352.14893.sbml.csv,Enterococcus faecium,Enterococcaceae
2103.220627,-1179.685106,1352.14893.sbml.csv,Enterococcus faecium,Enterococcaceae
2439.137713,-1145.542427,1352.14893.sbml.csv,Enterococcus faecium,Enterococcaceae
2319.891893,-1146.902797,1352.14893.sbml.csv,Enterococcus faecium,Enterococcaceae
651.3628981,-2267.28143,1352.14893.sbml.csv,Enterococcus faecium,Enterococcaceae
1322.425078,-888.2646419,1352.14893.sbml.csv,Enterococcus faecium,Enterococcaceae
274.0075624,-330.898372,1352.14893.sbml.csv,Enterococcus faecium,Enterococcaceae
78.04027823,-20.22223885,1352.14893.sbml.csv,Enterococcus faecium,Enterococcaceae
1199.159755,-760.4384835,1352.14893.sbml.csv,Enterococcus faecium,Enterococcaceae
2400.068118,-1465.375261,1352.14893.sbml.csv,Enterococcus faecium,Enterococcaceae
1493.971525,-1010.055904,1352.14893.sbml.csv,Enterococcus faecium,Enterococcaceae
2126.879467,-1897.216291,1352.14893.sbml.csv,Enterococcus faecium,Enterococcaceae
2102.123137,-1659.315049,1352.14893.sbml.csv,Enterococcus faecium,Enterococcaceae
2149.809077,-607.5698179,1352.14893.sbml.csv,Enterococcus faecium,Enterococcaceae
2085.250209,-1723.111049,1352.14893.sbml.csv,Enterococcus faecium,Enterococcaceae
2194.671064,-2805.989648,1352.14893.sbml.csv,Enterococcus faecium,Enterococcaceae
1931.076814,-1597.9924,1352.14893.sbml.csv,Enterococcus faecium,Enterococcaceae
1407.703529,-1475.585382,1352.14893.sbml.csv,Enterococcus faecium,Enterococcaceae
1665.613424,-1428.76599,1352.14893.sbml.csv,Enterococcus faecium,Enterococcaceae
1280.869547,-1204.46179,1352.14893.sbml.csv,Enterococcus faecium,Enterococcaceae
2283.33007,-2475.46555,1352.14893.sbml.csv,Enterococcus faecium,Enterococcaceae
1001.580659,-372.3427721,1352.14893.sbml.csv,Enterococcus faecium,Enterococcaceae
978.6022349,-341.8552712,1352.14893.sbml.csv,Enterococcus faecium,Enterococcaceae
635.6356891,-254.2714686,1352.14893.sbml.csv,Enterococcus faecium,Enterococcaceae
2347.86995,-2857.573775,1352.14893.sbml.csv,Enterococcus faecium,Enterococcaceae
1965.435494,-1300.676313,1352.14893.sbml.csv,Enterococcus faecium,Enterococcaceae
1402.019955,-560.2091593,1352.14893.sbml.csv,Enterococcus faecium,Enterococcaceae
1649.623883,-479.028981,1352.14893.sbml.csv,Enterococcus faecium,Enterococcaceae
1941.174903,-1474.238268,1352.14893.sbml.csv,Enterococcus faecium,Enterococcaceae
664.122622,-629.0834288,1352.14893.sbml.csv,Enterococcus faecium,Enterococcaceae
1599.823317,-1424.065843,1352.14893.sbml.csv,Enterococcus faecium,Enterococcaceae
2380.391227,-957.2840251,1352.14893.sbml.csv,Enterococcus faecium,Enterococcaceae
1333.539631,-2193.442885,1352.14893.sbml.csv,Enterococcus faecium,Enterococcaceae
1810.072166,-853.5642397,1352.14893.sbml.csv,Enterococcus faecium,Enterococcaceae
2441.494397,-1216.849752,1352.14893.sbml.csv,Enterococcus faecium,Enterococcaceae
-1950.188079,273.8321672,1624.699.sbml.csv,Ligilactobacillus salivarius,Lactobacillaceae
-642.4118622,-377.0777404,1624.699.sbml.csv,Ligilactobacillus salivarius,Lactobacillaceae
-148.0955813,158.7192615,1624.699.sbml.csv,Ligilactobacillus salivarius,Lactobacillaceae
-702.9034916,936.1729188,1624.699.sbml.csv,Ligilactobacillus salivarius,Lactobacillaceae
-171.3706791,729.3193388,1624.699.sbml.csv,Ligilactobacillus salivarius,Lactobacillaceae
-39.06523299,-1005.072574,1624.699.sbml.csv,Ligilactobacillus salivarius,Lactobacillaceae
-324.278863,-593.276903,1624.699.sbml.csv,Ligilactobacillus salivarius,Lactobacillaceae
-1311.35337,477.5274052,1624.699.sbml.csv,Ligilactobacillus salivarius,Lactobacillaceae
-852.6721455,-2231.635437,1624.699.sbml.csv,Ligilactobacillus salivarius,Lactobacillaceae
-1216.618129,-422.7841876,1624.699.sbml.csv,Ligilactobacillus salivarius,Lactobacillaceae
-2499.197626,-899.9538172,1624.699.sbml.csv,Ligilactobacillus salivarius,Lactobacillaceae
324.2233986,601.4953677,1624.699.sbml.csv,Ligilactobacillus salivarius,Lactobacillaceae
-1237.322371,-423.4201073,1624.699.sbml.csv,Ligilactobacillus salivarius,Lactobacillaceae
-545.858404,1116.824718,1624.699.sbml.csv,Ligilactobacillus salivarius,Lactobacillaceae
-546.6190069,275.7790554,1624.699.sbml.csv,Ligilactobacillus salivarius,Lactobacillaceae
-1167.525063,-337.374355,1624.699.sbml.csv,Ligilactobacillus salivarius,Lactobacillaceae
-495.7250922,-1745.181,1624.699.sbml.csv,Ligilactobacillus salivarius,Lactobacillaceae
131.5442832,1668.654682,1624.699.sbml.csv,Ligilactobacillus salivarius,Lactobacillaceae
87.75601854,-919.9606241,1624.699.sbml.csv,Ligilactobacillus salivarius,Lactobacillaceae
-2758.857074,-655.9041053,1624.699.sbml.csv,Ligilactobacillus salivarius,Lactobacillaceae
-1512.943062,-994.3155211,1624.699.sbml.csv,Ligilactobacillus salivarius,Lactobacillaceae
-1953.5539,-534.9889,1624.699.sbml.csv,Ligilactobacillus salivarius,Lactobacillaceae
-777.6706171,-905.2186918,1624.699.sbml.csv,Ligilactobacillus salivarius,Lactobacillaceae
-497.1747528,275.4692122,1624.699.sbml.csv,Ligilactobacillus salivarius,Lactobacillaceae
-252.1619428,-932.5349696,1624.699.sbml.csv,Ligilactobacillus salivarius,Lactobacillaceae
-1483.368226,-733.801731,1624.699.sbml.csv,Ligilactobacillus salivarius,Lactobacillaceae
-1800.809966,1117.633266,1624.699.sbml.csv,Ligilactobacillus salivarius,Lactobacillaceae
-1466.955655,-198.0511096,1624.699.sbml.csv,Ligilactobacillus salivarius,Lactobacillaceae
-2856.451627,-1046.014128,1624.699.sbml.csv,Ligilactobacillus salivarius,Lactobacillaceae
-142.4276729,-242.7312411,1624.699.sbml.csv,Ligilactobacillus salivarius,Lactobacillaceae
132.308087,274.934457,1624.699.sbml.csv,Ligilactobacillus salivarius,Lactobacillaceae
-281.7784097,401.4393618,1624.699.sbml.csv,Ligilactobacillus salivarius,Lactobacillaceae
70.28139337,-328.8186645,1624.699.sbml.csv,Ligilactobacillus salivarius,Lactobacillaceae
-2179.258643,-188.414338,1624.699.sbml.csv,Ligilactobacillus salivarius,Lactobacillaceae
364.2259575,-258.728002,1624.699.sbml.csv,Ligilactobacillus salivarius,Lactobacillaceae
-596.2010832,-814.6165346,1624.699.sbml.csv,Ligilactobacillus salivarius,Lactobacillaceae
-2988.783398,-1524.078786,1624.699.sbml.csv,Ligilactobacillus salivarius,Lactobacillaceae
-1440.620034,-782.3857527,1624.699.sbml.csv,Ligilactobacillus salivarius,Lactobacillaceae
-1463.006149,-317.5146669,1624.699.sbml.csv,Ligilactobacillus salivarius,Lactobacillaceae
-317.7688938,-1848.877574,1624.699.sbml.csv,Ligilactobacillus salivarius,Lactobacillaceae
-1006.316908,-195.7594991,1624.699.sbml.csv,Ligilactobacillus salivarius,Lactobacillaceae
999.6381955,8.367982881,1624.699.sbml.csv,Ligilactobacillus salivarius,Lactobacillaceae
-1348.998607,-621.2689476,1624.699.sbml.csv,Ligilactobacillus salivarius,Lactobacillaceae
-233.8050959,-3.687502689,1624.699.sbml.csv,Ligilactobacillus salivarius,Lactobacillaceae
-2225.553741,548.2381412,1624.699.sbml.csv,Ligilactobacillus salivarius,Lactobacillaceae
-1185.419656,-1730.672184,1624.699.sbml.csv,Ligilactobacillus salivarius,Lactobacillaceae
-1553.041378,-1340.839422,1624.699.sbml.csv,Ligilactobacillus salivarius,Lactobacillaceae
41.96589586,-880.8373289,1624.699.sbml.csv,Ligilactobacillus salivarius,Lactobacillaceae
-211.2321425,-1119.605248,1624.699.sbml.csv,Ligilactobacillus salivarius,Lactobacillaceae
-340.6374146,409.1939101,1624.699.sbml.csv,Ligilactobacillus salivarius,Lactobacillaceae
640.5046552,-718.4068944,1254.353.sbml.csv,Pediococcus acidilactici,Lactobacillaceae
1735.633528,-932.1438532,1254.353.sbml.csv,Pediococcus acidilactici,Lactobacillaceae
2924.746103,-866.4664045,1254.353.sbml.csv,Pediococcus acidilactici,Lactobacillaceae
959.6458709,-1363.006235,1254.353.sbml.csv,Pediococcus acidilactici,Lactobacillaceae
864.2376142,-355.9781206,1254.353.sbml.csv,Pediococcus acidilactici,Lactobacillaceae
1299.728661,-1384.743147,1254.353.sbml.csv,Pediococcus acidilactici,Lactobacillaceae
428.6216014,-1152.124825,1254.353.sbml.csv,Pediococcus acidilactici,Lactobacillaceae
-19.29907123,-1279.6318,1254.353.sbml.csv,Pediococcus acidilactici,Lactobacillaceae
1601.300161,-660.3822544,1254.353.sbml.csv,Pediococcus acidilactici,Lactobacillaceae
1226.129829,-902.4451278,1254.353.sbml.csv,Pediococcus acidilactici,Lactobacillaceae
246.5711492,-197.1320595,1254.353.sbml.csv,Pediococcus acidilactici,Lactobacillaceae
1575.010188,-1064.302843,1254.353.sbml.csv,Pediococcus acidilactici,Lactobacillaceae
1168.740441,-846.8903237,1254.353.sbml.csv,Pediococcus acidilactici,Lactobacillaceae
750.678111,-1147.968933,1254.353.sbml.csv,Pediococcus acidilactici,Lactobacillaceae
527.058104,-1699.131196,1254.353.sbml.csv,Pediococcus acidilactici,Lactobacillaceae
791.5425426,-823.5804169,1254.353.sbml.csv,Pediococcus acidilactici,Lactobacillaceae
527.8470064,-175.0785421,1254.353.sbml.csv,Pediococcus acidilactici,Lactobacillaceae
73.68579914,-533.5244265,1254.353.sbml.csv,Pediococcus acidilactici,Lactobacillaceae
-586.9720831,-151.4757921,1254.353.sbml.csv,Pediococcus acidilactici,Lactobacillaceae
128.7799115,-98.86063206,1254.353.sbml.csv,Pediococcus acidilactici,Lactobacillaceae
227.023897,-1271.31417,1254.353.sbml.csv,Pediococcus acidilactici,Lactobacillaceae
-463.4589278,-773.559498,1254.353.sbml.csv,Pediococcus acidilactici,Lactobacillaceae
321.5725008,-1385.129627,1254.353.sbml.csv,Pediococcus acidilactici,Lactobacillaceae
2642.40326,-195.725298,1254.353.sbml.csv,Pediococcus acidilactici,Lactobacillaceae
1970.902416,-1556.850381,1254.353.sbml.csv,Pediococcus acidilactici,Lactobacillaceae
-153.6825553,-382.6905949,1254.353.sbml.csv,Pediococcus acidilactici,Lactobacillaceae
546.096429,-903.2688742,1254.353.sbml.csv,Pediococcus acidilactici,Lactobacillaceae
1191.332611,-1254.922506,1254.353.sbml.csv,Pediococcus acidilactici,Lactobacillaceae
625.3140301,-450.2886196,1254.353.sbml.csv,Pediococcus acidilactici,Lactobacillaceae
945.5245368,-785.1071046,1254.353.sbml.csv,Pediococcus acidilactici,Lactobacillaceae
-975.139645,-935.5927831,1254.353.sbml.csv,Pediococcus acidilactici,Lactobacillaceae
-68.4715082,-131.0986842,1254.353.sbml.csv,Pediococcus acidilactici,Lactobacillaceae
513.8600443,-1667.803368,1254.353.sbml.csv,Pediococcus acidilactici,Lactobacillaceae
-676.9289416,-1365.041925,1254.353.sbml.csv,Pediococcus acidilactici,Lactobacillaceae
1932.238145,-153.3584456,1254.353.sbml.csv,Pediococcus acidilactici,Lactobacillaceae
2005.768523,-523.71253,1254.353.sbml.csv,Pediococcus acidilactici,Lactobacillaceae
1702.095153,-780.6384221,1254.353.sbml.csv,Pediococcus acidilactici,Lactobacillaceae
90.64622706,-768.1255687,1254.353.sbml.csv,Pediococcus acidilactici,Lactobacillaceae
-772.7676218,-746.2050391,1254.353.sbml.csv,Pediococcus acidilactici,Lactobacillaceae
475.1295727,-1050.720265,1254.353.sbml.csv,Pediococcus acidilactici,Lactobacillaceae
1461.229215,-1005.381321,1254.353.sbml.csv,Pediococcus acidilactici,Lactobacillaceae
582.527034,-590.8580155,1254.353.sbml.csv,Pediococcus acidilactici,Lactobacillaceae
1087.466592,-706.5785972,1254.353.sbml.csv,Pediococcus acidilactici,Lactobacillaceae
-731.1930374,-853.653711,1254.353.sbml.csv,Pediococcus acidilactici,Lactobacillaceae
575.4533574,-787.1942949,1254.353.sbml.csv,Pediococcus acidilactici,Lactobacillaceae
700.2053803,-1436.477026,1254.353.sbml.csv,Pediococcus acidilactici,Lactobacillaceae
-790.0564218,-1525.85598,1254.353.sbml.csv,Pediococcus acidilactici,Lactobacillaceae
958.2786333,-1246.418382,1254.353.sbml.csv,Pediococcus acidilactici,Lactobacillaceae
1573.161902,-420.9504952,1254.353.sbml.csv,Pediococcus acidilactici,Lactobacillaceae
269.7595873,-1219.186807,1254.353.sbml.csv,Pediococcus acidilactici,Lactobacillaceae